Phường/Xã cũ,Quận/Huyện cũ,Tỉnh/TP cũ (trước sáp nhập),Tỉnh/TP mới,Phường/Xã mới (từ 1/7/2025),Loại đơn vị mới,Mã phường/xã mới
Thị trấn Cờ Đỏ,Huyện Cờ Đỏ,Thành phố Cần Thơ,Thành phố Cần Thơ,Xã Cờ Đỏ,Xã,31261
Xã Thạnh Phú,Huyện Cờ Đỏ,Thành phố Cần Thơ,Thành phố Cần Thơ,Xã Thạnh Phú,Xã,31249
Xã Thới Hưng,Huyện Cờ Đỏ,Thành phố Cần Thơ,Thành phố Cần Thơ,Xã Thới Hưng,Xã,31264
Xã Thới Xuân,Huyện Cờ Đỏ,Thành phố Cần Thơ,Thành phố Cần Thơ,Xã Cờ Đỏ,Xã,31261
Xã Thới Đông,Huyện Cờ Đỏ,Thành phố Cần Thơ,Thành phố Cần Thơ,Xã Cờ Đỏ,Xã,31261
Xã Trung An,Huyện Cờ Đỏ,Thành phố Cần Thơ,Thành phố Cần Thơ,Phường Trung Nhứt,Phường,31217
Xã Trung Hưng,Huyện Cờ Đỏ,Thành phố Cần Thơ,Thành phố Cần Thơ,Xã Trung Hưng,Xã,31255
Xã Trung Thạnh,Huyện Cờ Đỏ,Thành phố Cần Thơ,Thành phố Cần Thơ,Xã Trung Hưng,Xã,31255
Xã Đông Hiệp,Huyện Cờ Đỏ,Thành phố Cần Thơ,Thành phố Cần Thơ,Xã Đông Hiệp,Xã,31273
Xã Đông Thắng,Huyện Cờ Đỏ,Thành phố Cần Thơ,Thành phố Cần Thơ,Xã Đông Hiệp,Xã,31273
Thị trấn Phong Điền,Huyện Phong Điền,Thành phố Cần Thơ,Thành phố Cần Thơ,Xã Phong Điền,Phường,31299
Xã Giai Xuân,Huyện Phong Điền,Thành phố Cần Thơ,Thành phố Cần Thơ,Xã Phong Điền,Phường,31299
Xã Mỹ Khánh,Huyện Phong Điền,Thành phố Cần Thơ,Thành phố Cần Thơ,Phường An Bình,Phường,31150
Xã Nhơn Nghĩa,Huyện Phong Điền,Thành phố Cần Thơ,Thành phố Cần Thơ,Xã Nhơn Ái,Xã,31315
Xã Nhơn Ái,Huyện Phong Điền,Thành phố Cần Thơ,Thành phố Cần Thơ,Xã Nhơn Ái,Xã,31315
Xã Trường Long,Huyện Phong Điền,Thành phố Cần Thơ,Thành phố Cần Thơ,Xã Trường Long,Xã,31309
Xã Tân Thới,Huyện Phong Điền,Thành phố Cần Thơ,Thành phố Cần Thơ,Xã Phong Điền,Phường,31299
Thị trấn Thới Lai,Huyện Thới Lai,Thành phố Cần Thơ,Thành phố Cần Thơ,Xã Thới Lai,Xã,31258
Xã Thới Thạnh,Huyện Thới Lai,Thành phố Cần Thơ,Thành phố Cần Thơ,Phường Ô Môn,Phường,31153
Xã Thới Tân,Huyện Thới Lai,Thành phố Cần Thơ,Thành phố Cần Thơ,Xã Thới Lai,Xã,31258
Xã Trường Thành,Huyện Thới Lai,Thành phố Cần Thơ,Thành phố Cần Thơ,Xã Trường Thành,Xã,31288
Xã Trường Thắng,Huyện Thới Lai,Thành phố Cần Thơ,Thành phố Cần Thơ,Xã Thới Lai,Xã,31258
Xã Trường Xuân,Huyện Thới Lai,Thành phố Cần Thơ,Thành phố Cần Thơ,Xã Trường Xuân,Xã,31294
Xã Trường Xuân A,Huyện Thới Lai,Thành phố Cần Thơ,Thành phố Cần Thơ,Xã Trường Xuân,Xã,31294
Xã Trường Xuân B,Huyện Thới Lai,Thành phố Cần Thơ,Thành phố Cần Thơ,Xã Trường Xuân,Xã,31294
Xã Tân Thạnh,Huyện Thới Lai,Thành phố Cần Thơ,Thành phố Cần Thơ,Xã Tân Thạnh,Xã,31666
Xã Tân Thạnh,Huyện Thới Lai,Thành phố Cần Thơ,Thành phố Cần Thơ,Xã Trường Thành,Xã,31288
Xã Xuân Thắng,Huyện Thới Lai,Thành phố Cần Thơ,Thành phố Cần Thơ,Xã Đông Hiệp,Xã,31273
Xã Đông Bình,Huyện Thới Lai,Thành phố Cần Thơ,Thành phố Cần Thơ,Xã Đông Thuận,Xã,31282
Xã Đông Thuận,Huyện Thới Lai,Thành phố Cần Thơ,Thành phố Cần Thơ,Xã Đông Thuận,Xã,31282
Xã Định Môn,Huyện Thới Lai,Thành phố Cần Thơ,Thành phố Cần Thơ,Xã Trường Thành,Xã,31288
Thị trấn Thạnh An,Huyện Vĩnh Thạnh,Thành phố Cần Thơ,Thành phố Cần Thơ,Xã Thạnh An,Xã,31231
Thị trấn Vĩnh Thạnh,Huyện Vĩnh Thạnh,Thành phố Cần Thơ,Thành phố Cần Thơ,Xã Vĩnh Thạnh,Xã,31232
Xã Thạnh An,Huyện Vĩnh Thạnh,Thành phố Cần Thơ,Thành phố Cần Thơ,Xã Thạnh Quới,Xã,31246
Xã Thạnh Lộc,Huyện Vĩnh Thạnh,Thành phố Cần Thơ,Thành phố Cần Thơ,Xã Vĩnh Thạnh,Xã,31232
Xã Thạnh Lợi,Huyện Vĩnh Thạnh,Thành phố Cần Thơ,Thành phố Cần Thơ,Xã Thạnh An,Xã,31231
Xã Thạnh Mỹ,Huyện Vĩnh Thạnh,Thành phố Cần Thơ,Thành phố Cần Thơ,Xã Vĩnh Thạnh,Xã,31232
Xã Thạnh Quới,Huyện Vĩnh Thạnh,Thành phố Cần Thơ,Thành phố Cần Thơ,Xã Gia Hòa,Xã,31726
Xã Thạnh Quới,Huyện Vĩnh Thạnh,Thành phố Cần Thơ,Thành phố Cần Thơ,Xã Thạnh Quới,Xã,31246
Xã Thạnh Thắng,Huyện Vĩnh Thạnh,Thành phố Cần Thơ,Thành phố Cần Thơ,Xã Thạnh An,Xã,31231
Xã Thạnh Tiến,Huyện Vĩnh Thạnh,Thành phố Cần Thơ,Thành phố Cần Thơ,Xã Thạnh Quới,Xã,31246
Xã Vĩnh Bình,Huyện Vĩnh Thạnh,Thành phố Cần Thơ,Thành phố Cần Thơ,Xã Vĩnh Trinh,Xã,31237
Xã Vĩnh Trinh,Huyện Vĩnh Thạnh,Thành phố Cần Thơ,Thành phố Cần Thơ,Xã Vĩnh Trinh,Xã,31237
Phường An Thới,Quận Bình Thủy,Thành phố Cần Thơ,Thành phố Cần Thơ,Phường Bình Thủy,Phường,31168
Phường Bình Thủy,Quận Bình Thủy,Thành phố Cần Thơ,Thành phố Cần Thơ,Phường Bình Thủy,Phường,31168
Phường Bùi Hữu Nghĩa,Quận Bình Thủy,Thành phố Cần Thơ,Thành phố Cần Thơ,Phường Bình Thủy,Phường,31168
Phường Bùi Hữu Nghĩa,Quận Bình Thủy,Thành phố Cần Thơ,Thành phố Cần Thơ,Phường Cái Khế,Phường,31120
Phường Long Hòa,Quận Bình Thủy,Thành phố Cần Thơ,Thành phố Cần Thơ,Phường Long Tuyền,Phường,31183
Phường Long Tuyền,Quận Bình Thủy,Thành phố Cần Thơ,Thành phố Cần Thơ,Phường An Bình,Phường,31150
Phường Long Tuyền,Quận Bình Thủy,Thành phố Cần Thơ,Thành phố Cần Thơ,Phường Long Tuyền,Phường,31183
Phường Thới An Đông,Quận Bình Thủy,Thành phố Cần Thơ,Thành phố Cần Thơ,Phường Thới An Đông,Phường,31174
Phường Trà An,Quận Bình Thủy,Thành phố Cần Thơ,Thành phố Cần Thơ,Phường Thới An Đông,Phường,31174
Phường Trà Nóc,Quận Bình Thủy,Thành phố Cần Thơ,Thành phố Cần Thơ,Phường Thới An Đông,Phường,31174
Phường Ba Láng,Quận Cái Răng,Thành phố Cần Thơ,Thành phố Cần Thơ,Phường Cái Răng,Phường,31186
Phường Hưng Phú,Quận Cái Răng,Thành phố Cần Thơ,Thành phố Cần Thơ,Phường Hưng Phú,Phường,31201
Phường Hưng Thạnh,Quận Cái Răng,Thành phố Cần Thơ,Thành phố Cần Thơ,Phường Cái Răng,Phường,31186
Phường Lê Bình,Quận Cái Răng,Thành phố Cần Thơ,Thành phố Cần Thơ,Phường Cái Răng,Phường,31186
Phường Phú Thứ,Quận Cái Răng,Thành phố Cần Thơ,Thành phố Cần Thơ,Phường Hưng Phú,Phường,31201
Phường Thường Thạnh,Quận Cái Răng,Thành phố Cần Thơ,Thành phố Cần Thơ,Phường Cái Răng,Phường,31186
Phường Tân Phú,Quận Cái Răng,Thành phố Cần Thơ,Thành phố Cần Thơ,Phường Hưng Phú,Phường,31201
Phường An Bình,Quận Ninh Kiều,Thành phố Cần Thơ,Thành phố Cần Thơ,Phường An Bình,Phường,31150
Phường An Hòa,Quận Ninh Kiều,Thành phố Cần Thơ,Thành phố Cần Thơ,Phường Cái Khế,Phường,31120
Phường An Khánh,Quận Ninh Kiều,Thành phố Cần Thơ,Thành phố Cần Thơ,Phường Tân An,Phường,31147
Phường Cái Khế,Quận Ninh Kiều,Thành phố Cần Thơ,Thành phố Cần Thơ,Phường Cái Khế,Phường,31120
Phường Hưng Lợi,Quận Ninh Kiều,Thành phố Cần Thơ,Thành phố Cần Thơ,Phường Tân An,Phường,31147
Phường Thới Bình,Quận Ninh Kiều,Thành phố Cần Thơ,Thành phố Cần Thơ,Phường Ninh Kiều,Phường,31135
Phường Tân An,Quận Ninh Kiều,Thành phố Cần Thơ,Thành phố Cần Thơ,Phường Ninh Kiều,Phường,31135
Phường Xuân Khánh,Quận Ninh Kiều,Thành phố Cần Thơ,Thành phố Cần Thơ,Phường Ninh Kiều,Phường,31135
Phường Thuận An,Quận Thốt Nốt,Thành phố Cần Thơ,Thành phố Cần Thơ,Phường Thốt Nốt,Phường,31207
Phường Thuận Hưng,Quận Thốt Nốt,Thành phố Cần Thơ,Thành phố Cần Thơ,Phường Thuận Hưng,Phường,31228
Phường Thạnh Hòa,Quận Thốt Nốt,Thành phố Cần Thơ,Thành phố Cần Thơ,Phường Trung Nhứt,Phường,31217
Phường Thốt Nốt,Quận Thốt Nốt,Thành phố Cần Thơ,Thành phố Cần Thơ,Phường Thốt Nốt,Phường,31207
Phường Thốt Nốt,Quận Thốt Nốt,Thành phố Cần Thơ,Thành phố Cần Thơ,Phường Thuận Hưng,Phường,31228
Phường Thới Thuận,Quận Thốt Nốt,Thành phố Cần Thơ,Thành phố Cần Thơ,Phường Thốt Nốt,Phường,31207
Phường Trung Kiên,Quận Thốt Nốt,Thành phố Cần Thơ,Thành phố Cần Thơ,Phường Thuận Hưng,Phường,31228
Phường Trung Nhứt,Quận Thốt Nốt,Thành phố Cần Thơ,Thành phố Cần Thơ,Phường Trung Nhứt,Phường,31217
Phường Tân Hưng,Quận Thốt Nốt,Thành phố Cần Thơ,Thành phố Cần Thơ,Phường Thới Long,Phường,31157
Phường Tân Lộc,Quận Thốt Nốt,Thành phố Cần Thơ,Thành phố Cần Thơ,Phường Tân Lộc,Xã,31213
Phường Châu Văn Liêm,Quận Ô Môn,Thành phố Cần Thơ,Thành phố Cần Thơ,Phường Ô Môn,Phường,31153
Phường Long Hưng,Quận Ô Môn,Thành phố Cần Thơ,Thành phố Cần Thơ,Phường Thới Long,Phường,31157
Phường Phước Thới,Quận Ô Môn,Thành phố Cần Thơ,Thành phố Cần Thơ,Phường Phước Thới,Phường,31162
Phường Thới An,Quận Ô Môn,Thành phố Cần Thơ,Thành phố Cần Thơ,Phường Ô Môn,Phường,31153
Phường Thới Hòa,Quận Ô Môn,Thành phố Cần Thơ,Thành phố Cần Thơ,Phường Ô Môn,Phường,31153
Phường Thới Long,Quận Ô Môn,Thành phố Cần Thơ,Thành phố Cần Thơ,Phường Thới Long,Phường,31157
Phường Trường Lạc,Quận Ô Môn,Thành phố Cần Thơ,Thành phố Cần Thơ,Phường Phước Thới,Phường,31162
Thị trấn Mái Dầm,Huyện Châu Thành,Tỉnh Hậu Giang,Thành phố Cần Thơ,Xã Châu Thành,Xã,31366
Thị trấn Ngã Sáu,Huyện Châu Thành,Tỉnh Hậu Giang,Thành phố Cần Thơ,Xã Châu Thành,Xã,31366
Xã Phú Hữu,Huyện Châu Thành,Tỉnh Hậu Giang,Thành phố Cần Thơ,Xã Phú Hữu,Xã,31378
Xã Phú Hữu,Huyện Châu Thành,Tỉnh Hậu Giang,Thành phố Cần Thơ,Xã Trường Khánh,Xã,31654
Xã Phú Tân,Huyện Châu Thành,Tỉnh Hậu Giang,Thành phố Cần Thơ,Xã Phú Hữu,Xã,31378
Xã Phú Tân,Huyện Châu Thành,Tỉnh Hậu Giang,Thành phố Cần Thơ,Xã Thuận Hòa,Xã,31582
Xã Đông Phú,Huyện Châu Thành,Tỉnh Hậu Giang,Thành phố Cần Thơ,Xã Châu Thành,Xã,31366
Xã Đông Phước,Huyện Châu Thành,Tỉnh Hậu Giang,Thành phố Cần Thơ,Xã Phú Hữu,Xã,31378
Xã Đông Phước A,Huyện Châu Thành,Tỉnh Hậu Giang,Thành phố Cần Thơ,Xã Đông Phước,Xã,31369
Xã Đông Thạnh,Huyện Châu Thành,Tỉnh Hậu Giang,Thành phố Cần Thơ,Xã Đông Phước,Xã,31369
Thị trấn Bảy Ngàn,Huyện Châu Thành A,Tỉnh Hậu Giang,Thành phố Cần Thơ,Xã Tân Hòa,Xã,31342
Thị trấn Cái Tắc,Huyện Châu Thành A,Tỉnh Hậu Giang,Thành phố Cần Thơ,Xã Đông Phước,Xã,31369
Thị trấn Một Ngàn,Huyện Châu Thành A,Tỉnh Hậu Giang,Thành phố Cần Thơ,Xã Tân Hòa,Xã,31342
Thị trấn Rạch Gòi,Huyện Châu Thành A,Tỉnh Hậu Giang,Thành phố Cần Thơ,Xã Thạnh Xuân,Xã,31360
Xã Nhơn Nghĩa A,Huyện Châu Thành A,Tỉnh Hậu Giang,Thành phố Cần Thơ,Xã Tân Hòa,Xã,31342
Xã Thạnh Xuân,Huyện Châu Thành A,Tỉnh Hậu Giang,Thành phố Cần Thơ,Xã Thạnh Xuân,Xã,31360
Xã Trường Long A,Huyện Châu Thành A,Tỉnh Hậu Giang,Thành phố Cần Thơ,Xã Trường Long Tây,Xã,31348
Xã Trường Long Tây,Huyện Châu Thành A,Tỉnh Hậu Giang,Thành phố Cần Thơ,Xã Trường Long Tây,Xã,31348
Xã Tân Hòa,Huyện Châu Thành A,Tỉnh Hậu Giang,Thành phố Cần Thơ,Xã Tân Hòa,Xã,31342
Xã Tân Phú Thạnh,Huyện Châu Thành A,Tỉnh Hậu Giang,Thành phố Cần Thơ,Xã Thạnh Xuân,Xã,31360
Thị trấn Vĩnh Viễn,Huyện Long Mỹ,Tỉnh Hậu Giang,Thành phố Cần Thơ,Xã Vĩnh Viễn,Xã,31489
Xã Lương Nghĩa,Huyện Long Mỹ,Tỉnh Hậu Giang,Thành phố Cần Thơ,Xã Lương Tâm,Xã,31492
Xã Lương Tâm,Huyện Long Mỹ,Tỉnh Hậu Giang,Thành phố Cần Thơ,Xã Lương Tâm,Xã,31492
Xã Thuận Hòa,Huyện Long Mỹ,Tỉnh Hậu Giang,Thành phố Cần Thơ,Xã Xà Phiên,Xã,31495
Xã Thuận Hưng,Huyện Long Mỹ,Tỉnh Hậu Giang,Thành phố Cần Thơ,Xã Mỹ Hương,Xã,31591
Xã Thuận Hưng,Huyện Long Mỹ,Tỉnh Hậu Giang,Thành phố Cần Thơ,Xã Xà Phiên,Xã,31495
Xã Vĩnh Thuận Đông,Huyện Long Mỹ,Tỉnh Hậu Giang,Thành phố Cần Thơ,Xã Vĩnh Thuận Đông,Xã,31453
Xã Vĩnh Viễn A,Huyện Long Mỹ,Tỉnh Hậu Giang,Thành phố Cần Thơ,Xã Vĩnh Viễn,Xã,31489
Xã Xà Phiên,Huyện Long Mỹ,Tỉnh Hậu Giang,Thành phố Cần Thơ,Xã Xà Phiên,Xã,31495
Thị trấn Búng Tàu,Huyện Phụng Hiệp,Tỉnh Hậu Giang,Thành phố Cần Thơ,Xã Tân Phước Hưng,Xã,31432
Thị trấn Cây Dương,Huyện Phụng Hiệp,Tỉnh Hậu Giang,Thành phố Cần Thơ,Xã Hiệp Hưng,Xã,31396
Thị trấn Kinh Cùng,Huyện Phụng Hiệp,Tỉnh Hậu Giang,Thành phố Cần Thơ,Xã Hòa An,Xã,31393
Xã Bình Thành,Huyện Phụng Hiệp,Tỉnh Hậu Giang,Thành phố Cần Thơ,Xã Tân Bình,Xã,31399
Xã Hiệp Hưng,Huyện Phụng Hiệp,Tỉnh Hậu Giang,Thành phố Cần Thơ,Xã Hiệp Hưng,Xã,31396
Xã Hòa An,Huyện Phụng Hiệp,Tỉnh Hậu Giang,Thành phố Cần Thơ,Xã Hòa An,Xã,31393
Xã Hòa Mỹ,Huyện Phụng Hiệp,Tỉnh Hậu Giang,Thành phố Cần Thơ,Xã Phụng Hiệp,Xã,31420
Xã Long Thạnh,Huyện Phụng Hiệp,Tỉnh Hậu Giang,Thành phố Cần Thơ,Xã Thạnh Hòa,Xã,31408
Xã Phương Bình,Huyện Phụng Hiệp,Tỉnh Hậu Giang,Thành phố Cần Thơ,Xã Phương Bình,Xã,31426
Xã Phương Phú,Huyện Phụng Hiệp,Tỉnh Hậu Giang,Thành phố Cần Thơ,Xã Phương Bình,Xã,31426
Xã Phụng Hiệp,Huyện Phụng Hiệp,Tỉnh Hậu Giang,Thành phố Cần Thơ,Xã Phụng Hiệp,Xã,31420
Xã Thạnh Hòa,Huyện Phụng Hiệp,Tỉnh Hậu Giang,Thành phố Cần Thơ,Xã Thạnh Hòa,Xã,31408
Xã Tân Bình,Huyện Phụng Hiệp,Tỉnh Hậu Giang,Thành phố Cần Thơ,Xã Tân Bình,Xã,31399
Xã Tân Long,Huyện Phụng Hiệp,Tỉnh Hậu Giang,Thành phố Cần Thơ,Xã Tân Long,Xã,31741
Xã Tân Long,Huyện Phụng Hiệp,Tỉnh Hậu Giang,Thành phố Cần Thơ,Xã Thạnh Hòa,Xã,31408
Xã Tân Phước Hưng,Huyện Phụng Hiệp,Tỉnh Hậu Giang,Thành phố Cần Thơ,Xã Tân Phước Hưng,Xã,31432
Thị trấn Nàng Mau,Huyện Vị Thủy,Tỉnh Hậu Giang,Thành phố Cần Thơ,Xã Vị Thủy,Xã,31441
Xã Vĩnh Thuận Tây,Huyện Vị Thủy,Tỉnh Hậu Giang,Thành phố Cần Thơ,Xã Vĩnh Thuận Đông,Xã,31453
Xã Vĩnh Trung,Huyện Vị Thủy,Tỉnh Hậu Giang,Thành phố Cần Thơ,Xã Vĩnh Tường,Xã,31459
Xã Vĩnh Tường,Huyện Vị Thủy,Tỉnh Hậu Giang,Thành phố Cần Thơ,Xã Vĩnh Tường,Xã,31459
Xã Vị Bình,Huyện Vị Thủy,Tỉnh Hậu Giang,Thành phố Cần Thơ,Xã Vị Thanh 1,Xã,31465
Xã Vị Thanh,Huyện Vị Thủy,Tỉnh Hậu Giang,Thành phố Cần Thơ,Xã Vị Thanh 1,Xã,31465
Xã Vị Thắng,Huyện Vị Thủy,Tỉnh Hậu Giang,Thành phố Cần Thơ,Xã Vị Thủy,Xã,31441
Xã Vị Thủy,Huyện Vị Thủy,Tỉnh Hậu Giang,Thành phố Cần Thơ,Xã Vĩnh Thuận Đông,Xã,31453
Xã Vị Trung,Huyện Vị Thủy,Tỉnh Hậu Giang,Thành phố Cần Thơ,Xã Vị Thủy,Xã,31441
Xã Vị Đông,Huyện Vị Thủy,Tỉnh Hậu Giang,Thành phố Cần Thơ,Xã Vị Thanh 1,Xã,31465
Phường Hiệp Lợi,Thành phố Ngã Bảy,Tỉnh Hậu Giang,Thành phố Cần Thơ,Phường Đại Thành,Phường,31411
Phường Hiệp Thành,Thành phố Ngã Bảy,Tỉnh Hậu Giang,Thành phố Cần Thơ,Phường Ngã Bảy,Phường,31340
Phường Lái Hiếu,Thành phố Ngã Bảy,Tỉnh Hậu Giang,Thành phố Cần Thơ,Phường Ngã Bảy,Phường,31340
Phường Ngã Bảy,Thành phố Ngã Bảy,Tỉnh Hậu Giang,Thành phố Cần Thơ,Phường Ngã Bảy,Phường,31340
Xã Tân Thành,Thành phố Ngã Bảy,Tỉnh Hậu Giang,Thành phố Cần Thơ,Phường Đại Thành,Phường,31411
Xã Đại Thành,Thành phố Ngã Bảy,Tỉnh Hậu Giang,Thành phố Cần Thơ,Phường Đại Thành,Phường,31411
Phường I,Thành phố Vị Thanh,Tỉnh Hậu Giang,Thành phố Cần Thơ,Phường Vị Thanh,Phường,31321
Phường III,Thành phố Vị Thanh,Tỉnh Hậu Giang,Thành phố Cần Thơ,Phường Vị Thanh,Phường,31321
Phường IV,Thành phố Vị Thanh,Tỉnh Hậu Giang,Thành phố Cần Thơ,Phường Vị Tân,Phường,31333
Phường V,Thành phố Vị Thanh,Tỉnh Hậu Giang,Thành phố Cần Thơ,Phường Vị Tân,Phường,31333
Phường VII,Thành phố Vị Thanh,Tỉnh Hậu Giang,Thành phố Cần Thơ,Phường Vị Thanh,Phường,31321
Xã Hỏa Lựu,Thành phố Vị Thanh,Tỉnh Hậu Giang,Thành phố Cần Thơ,Xã Hỏa Lựu,Xã,31338
Xã Hỏa Tiến,Thành phố Vị Thanh,Tỉnh Hậu Giang,Thành phố Cần Thơ,Xã Hỏa Lựu,Xã,31338
Xã Tân Tiến,Thành phố Vị Thanh,Tỉnh Hậu Giang,Thành phố Cần Thơ,Xã Hỏa Lựu,Xã,31338
Xã Vị Tân,Thành phố Vị Thanh,Tỉnh Hậu Giang,Thành phố Cần Thơ,Phường Vị Tân,Phường,31333
Phường Bình Thạnh,Thị xã Long Mỹ,Tỉnh Hậu Giang,Thành phố Cần Thơ,Phường Long Bình,Phường,31473
Phường Thuận An,Thị xã Long Mỹ,Tỉnh Hậu Giang,Thành phố Cần Thơ,Phường Long Mỹ,Phường,31471
Phường Trà Lồng,Thị xã Long Mỹ,Tỉnh Hậu Giang,Thành phố Cần Thơ,Phường Long Phú 1,Phường,31480
Phường Vĩnh Tường,Thị xã Long Mỹ,Tỉnh Hậu Giang,Thành phố Cần Thơ,Phường Long Bình,Phường,31473
Xã Long Bình,Thị xã Long Mỹ,Tỉnh Hậu Giang,Thành phố Cần Thơ,Phường Long Bình,Phường,31473
Xã Long Bình,Thị xã Long Mỹ,Tỉnh Hậu Giang,Thành phố Cần Thơ,Xã Tân Long,Xã,31741
Xã Long Phú,Thị xã Long Mỹ,Tỉnh Hậu Giang,Thành phố Cần Thơ,Phường Long Phú 1,Phường,31480
Xã Long Phú,Thị xã Long Mỹ,Tỉnh Hậu Giang,Thành phố Cần Thơ,Xã Long Phú,Xã,31639
Xã Long Trị,Thị xã Long Mỹ,Tỉnh Hậu Giang,Thành phố Cần Thơ,Phường Long Mỹ,Phường,31471
Xã Long Trị A,Thị xã Long Mỹ,Tỉnh Hậu Giang,Thành phố Cần Thơ,Phường Long Mỹ,Phường,31471
Xã Tân Phú,Thị xã Long Mỹ,Tỉnh Hậu Giang,Thành phố Cần Thơ,Phường Long Phú 1,Phường,31480
Thị trấn Châu Thành,Huyện Châu Thành,Tỉnh Sóc Trăng,Thành phố Cần Thơ,Xã Phú Tâm,Xã,31569
Xã An Hiệp,Huyện Châu Thành,Tỉnh Sóc Trăng,Thành phố Cần Thơ,Xã An Ninh,Xã,31594
Xã An Ninh,Huyện Châu Thành,Tỉnh Sóc Trăng,Thành phố Cần Thơ,Xã An Ninh,Xã,31594
Xã Hồ Đắc Kiện,Huyện Châu Thành,Tỉnh Sóc Trăng,Thành phố Cần Thơ,Xã Hồ Đắc Kiện,Xã,31570
Xã Phú Tâm,Huyện Châu Thành,Tỉnh Sóc Trăng,Thành phố Cần Thơ,Xã Phú Tâm,Xã,31569
Xã Phú Tân,Huyện Châu Thành,Tỉnh Sóc Trăng,Thành phố Cần Thơ,Xã Phú Hữu,Xã,31378
Xã Phú Tân,Huyện Châu Thành,Tỉnh Sóc Trăng,Thành phố Cần Thơ,Xã Thuận Hòa,Xã,31582
Xã Thiện Mỹ,Huyện Châu Thành,Tỉnh Sóc Trăng,Thành phố Cần Thơ,Xã Hồ Đắc Kiện,Xã,31570
Xã Thuận Hòa,Huyện Châu Thành,Tỉnh Sóc Trăng,Thành phố Cần Thơ,Xã Thuận Hòa,Xã,31582
Thị trấn Cù Lao Dung,Huyện Cù Lao Dung,Tỉnh Sóc Trăng,Thành phố Cần Thơ,Xã An Thạnh,Xã,31615
Xã An Thạnh 1,Huyện Cù Lao Dung,Tỉnh Sóc Trăng,Thành phố Cần Thơ,Xã An Thạnh,Xã,31615
Xã An Thạnh 2,Huyện Cù Lao Dung,Tỉnh Sóc Trăng,Thành phố Cần Thơ,Xã Cù Lao Dung,Xã,31633
Xã An Thạnh 3,Huyện Cù Lao Dung,Tỉnh Sóc Trăng,Thành phố Cần Thơ,Xã Cù Lao Dung,Xã,31633
Xã An Thạnh Nam,Huyện Cù Lao Dung,Tỉnh Sóc Trăng,Thành phố Cần Thơ,Xã Cù Lao Dung,Xã,31633
Xã An Thạnh Tây,Huyện Cù Lao Dung,Tỉnh Sóc Trăng,Thành phố Cần Thơ,Xã An Thạnh,Xã,31615
Xã An Thạnh Đông,Huyện Cù Lao Dung,Tỉnh Sóc Trăng,Thành phố Cần Thơ,Xã An Thạnh,Xã,31615
Xã Đại Ân 1,Huyện Cù Lao Dung,Tỉnh Sóc Trăng,Thành phố Cần Thơ,Xã Cù Lao Dung,Xã,31633
Thị trấn An Lạc Thôn,Huyện Kế Sách,Tỉnh Sóc Trăng,Thành phố Cần Thơ,Xã An Lạc Thôn,Xã,31531
Thị trấn Kế Sách,Huyện Kế Sách,Tỉnh Sóc Trăng,Thành phố Cần Thơ,Xã Kế Sách,Xã,31528
Xã An Lạc Tây,Huyện Kế Sách,Tỉnh Sóc Trăng,Thành phố Cần Thơ,Xã Thới An Hội,Xã,31540
Xã An Mỹ,Huyện Kế Sách,Tỉnh Sóc Trăng,Thành phố Cần Thơ,Xã Nhơn Mỹ,Xã,31552
Xã Ba Trinh,Huyện Kế Sách,Tỉnh Sóc Trăng,Thành phố Cần Thơ,Xã Đại Hải,Xã,31561
Xã Kế An,Huyện Kế Sách,Tỉnh Sóc Trăng,Thành phố Cần Thơ,Xã Kế Sách,Xã,31528
Xã Kế Thành,Huyện Kế Sách,Tỉnh Sóc Trăng,Thành phố Cần Thơ,Xã Kế Sách,Xã,31528
Xã Nhơn Mỹ,Huyện Kế Sách,Tỉnh Sóc Trăng,Thành phố Cần Thơ,Xã Nhơn Mỹ,Xã,31552
Xã Phong Nẫm,Huyện Kế Sách,Tỉnh Sóc Trăng,Thành phố Cần Thơ,Xã Phong Nẫm,Xã,31537
Xã Thới An Hội,Huyện Kế Sách,Tỉnh Sóc Trăng,Thành phố Cần Thơ,Xã Thới An Hội,Xã,31540
Xã Trinh Phú,Huyện Kế Sách,Tỉnh Sóc Trăng,Thành phố Cần Thơ,Xã An Lạc Thôn,Xã,31531
Xã Xuân Hòa,Huyện Kế Sách,Tỉnh Sóc Trăng,Thành phố Cần Thơ,Xã An Lạc Thôn,Xã,31531
Xã Đại Hải,Huyện Kế Sách,Tỉnh Sóc Trăng,Thành phố Cần Thơ,Xã Đại Hải,Xã,31561
Thị trấn Long Phú,Huyện Long Phú,Tỉnh Sóc Trăng,Thành phố Cần Thơ,Xã Long Phú,Xã,31639
Thị trấn Đại Ngãi,Huyện Long Phú,Tỉnh Sóc Trăng,Thành phố Cần Thơ,Xã Đại Ngãi,Xã,31645
Xã Châu Khánh,Huyện Long Phú,Tỉnh Sóc Trăng,Thành phố Cần Thơ,Xã Tân Thạnh,Xã,31666
Xã Hậu Thạnh,Huyện Long Phú,Tỉnh Sóc Trăng,Thành phố Cần Thơ,Xã Trường Khánh,Xã,31654
Xã Long Phú,Huyện Long Phú,Tỉnh Sóc Trăng,Thành phố Cần Thơ,Phường Long Phú 1,Phường,31480
Xã Long Phú,Huyện Long Phú,Tỉnh Sóc Trăng,Thành phố Cần Thơ,Xã Long Phú,Xã,31639
Xã Long Đức,Huyện Long Phú,Tỉnh Sóc Trăng,Thành phố Cần Thơ,Xã Đại Ngãi,Xã,31645
Xã Phú Hữu,Huyện Long Phú,Tỉnh Sóc Trăng,Thành phố Cần Thơ,Xã Phú Hữu,Xã,31378
Xã Phú Hữu,Huyện Long Phú,Tỉnh Sóc Trăng,Thành phố Cần Thơ,Xã Trường Khánh,Xã,31654
Xã Song Phụng,Huyện Long Phú,Tỉnh Sóc Trăng,Thành phố Cần Thơ,Xã Nhơn Mỹ,Xã,31552
Xã Trường Khánh,Huyện Long Phú,Tỉnh Sóc Trăng,Thành phố Cần Thơ,Xã Trường Khánh,Xã,31654
Xã Tân Hưng,Huyện Long Phú,Tỉnh Sóc Trăng,Thành phố Cần Thơ,Xã Tân Thạnh,Xã,31666
Xã Tân Thạnh,Huyện Long Phú,Tỉnh Sóc Trăng,Thành phố Cần Thơ,Xã Tân Thạnh,Xã,31666
Xã Tân Thạnh,Huyện Long Phú,Tỉnh Sóc Trăng,Thành phố Cần Thơ,Xã Trường Thành,Xã,31288
Thị trấn Huỳnh Hữu Nghĩa,Huyện Mỹ Tú,Tỉnh Sóc Trăng,Thành phố Cần Thơ,Xã Mỹ Tú,Xã,31567
Xã Hưng Phú,Huyện Mỹ Tú,Tỉnh Sóc Trăng,Thành phố Cần Thơ,Xã Long Hưng,Xã,31579
Xã Long Hưng,Huyện Mỹ Tú,Tỉnh Sóc Trăng,Thành phố Cần Thơ,Xã Long Hưng,Xã,31579
Xã Mỹ Hương,Huyện Mỹ Tú,Tỉnh Sóc Trăng,Thành phố Cần Thơ,Xã Mỹ Hương,Xã,31591
Xã Mỹ Phước,Huyện Mỹ Tú,Tỉnh Sóc Trăng,Thành phố Cần Thơ,Xã Mỹ Phước,Xã,31603
Xã Mỹ Thuận,Huyện Mỹ Tú,Tỉnh Sóc Trăng,Thành phố Cần Thơ,Xã Mỹ Tú,Xã,31567
Xã Mỹ Tú,Huyện Mỹ Tú,Tỉnh Sóc Trăng,Thành phố Cần Thơ,Xã Mỹ Tú,Xã,31567
Xã Phú Mỹ,Huyện Mỹ Tú,Tỉnh Sóc Trăng,Thành phố Cần Thơ,Xã Mỹ Hương,Xã,31591
Xã Thuận Hưng,Huyện Mỹ Tú,Tỉnh Sóc Trăng,Thành phố Cần Thơ,Xã Mỹ Hương,Xã,31591
Xã Thuận Hưng,Huyện Mỹ Tú,Tỉnh Sóc Trăng,Thành phố Cần Thơ,Xã Xà Phiên,Xã,31495
Thị trấn Mỹ Xuyên,Huyện Mỹ Xuyên,Tỉnh Sóc Trăng,Thành phố Cần Thơ,Phường Mỹ Xuyên,Phường,31684
Xã Gia Hòa 1,Huyện Mỹ Xuyên,Tỉnh Sóc Trăng,Thành phố Cần Thơ,Xã Nhu Gia,Xã,31708
Xã Gia Hòa 2,Huyện Mỹ Xuyên,Tỉnh Sóc Trăng,Thành phố Cần Thơ,Xã Gia Hòa,Xã,31726
Xã Hòa Tú 1,Huyện Mỹ Xuyên,Tỉnh Sóc Trăng,Thành phố Cần Thơ,Xã Hòa Tú,Xã,31717
Xã Hòa Tú 2,Huyện Mỹ Xuyên,Tỉnh Sóc Trăng,Thành phố Cần Thơ,Xã Hòa Tú,Xã,31717
Xã Ngọc Tố,Huyện Mỹ Xuyên,Tỉnh Sóc Trăng,Thành phố Cần Thơ,Xã Ngọc Tố,Xã,31723
Xã Ngọc Đông,Huyện Mỹ Xuyên,Tỉnh Sóc Trăng,Thành phố Cần Thơ,Xã Ngọc Tố,Xã,31723
Xã Tham Đôn,Huyện Mỹ Xuyên,Tỉnh Sóc Trăng,Thành phố Cần Thơ,Xã Ngọc Tố,Xã,31723
Xã Thạnh Phú,Huyện Mỹ Xuyên,Tỉnh Sóc Trăng,Thành phố Cần Thơ,Xã Nhu Gia,Xã,31708
Xã Thạnh Quới,Huyện Mỹ Xuyên,Tỉnh Sóc Trăng,Thành phố Cần Thơ,Xã Gia Hòa,Xã,31726
Xã Thạnh Quới,Huyện Mỹ Xuyên,Tỉnh Sóc Trăng,Thành phố Cần Thơ,Xã Thạnh Quới,Xã,31246
Xã Đại Tâm,Huyện Mỹ Xuyên,Tỉnh Sóc Trăng,Thành phố Cần Thơ,Phường Mỹ Xuyên,Phường,31684
Thị trấn Hưng Lợi,Huyện Thạnh Trị,Tỉnh Sóc Trăng,Thành phố Cần Thơ,Xã Phú Lộc,Xã,31756
Thị trấn Phú Lộc,Huyện Thạnh Trị,Tỉnh Sóc Trăng,Thành phố Cần Thơ,Xã Phú Lộc,Xã,31756
Xã Châu Hưng,Huyện Thạnh Trị,Tỉnh Sóc Trăng,Thành phố Cần Thơ,Xã Vĩnh Lợi,Xã,31777
Xã Lâm Kiết,Huyện Thạnh Trị,Tỉnh Sóc Trăng,Thành phố Cần Thơ,Xã Lâm Tân,Xã,31759
Xã Lâm Tân,Huyện Thạnh Trị,Tỉnh Sóc Trăng,Thành phố Cần Thơ,Xã Lâm Tân,Xã,31759
Xã Thạnh Trị,Huyện Thạnh Trị,Tỉnh Sóc Trăng,Thành phố Cần Thơ,Xã Phú Lộc,Xã,31756
Xã Thạnh Tân,Huyện Thạnh Trị,Tỉnh Sóc Trăng,Thành phố Cần Thơ,Xã Tân Long,Xã,31741
Xã Tuân Tức,Huyện Thạnh Trị,Tỉnh Sóc Trăng,Thành phố Cần Thơ,Xã Lâm Tân,Xã,31759
Xã Vĩnh Lợi,Huyện Thạnh Trị,Tỉnh Sóc Trăng,Thành phố Cần Thơ,Xã Vĩnh Lợi,Xã,31777
Xã Vĩnh Thành,Huyện Thạnh Trị,Tỉnh Sóc Trăng,Thành phố Cần Thơ,Xã Vĩnh Lợi,Xã,31777
Thị trấn Lịch Hội Thượng,Huyện Trần Đề,Tỉnh Sóc Trăng,Thành phố Cần Thơ,Xã Lịch Hội Thượng,Xã,31679
Thị trấn Trần Đề,Huyện Trần Đề,Tỉnh Sóc Trăng,Thành phố Cần Thơ,Xã Trần Đề,Xã,31673
Xã Liêu Tú,Huyện Trần Đề,Tỉnh Sóc Trăng,Thành phố Cần Thơ,Xã Liêu Tú,Xã,31675
Xã Lịch Hội Thượng,Huyện Trần Đề,Tỉnh Sóc Trăng,Thành phố Cần Thơ,Xã Lịch Hội Thượng,Xã,31679
Xã Thạnh Thới An,Huyện Trần Đề,Tỉnh Sóc Trăng,Thành phố Cần Thơ,Xã Thạnh Thới An,Xã,31699
Xã Thạnh Thới Thuận,Huyện Trần Đề,Tỉnh Sóc Trăng,Thành phố Cần Thơ,Xã Thạnh Thới An,Xã,31699
Xã Trung Bình,Huyện Trần Đề,Tỉnh Sóc Trăng,Thành phố Cần Thơ,Xã Trần Đề,Xã,31673
Xã Tài Văn,Huyện Trần Đề,Tỉnh Sóc Trăng,Thành phố Cần Thơ,Xã Tài Văn,Xã,31687
Xã Viên An,Huyện Trần Đề,Tỉnh Sóc Trăng,Thành phố Cần Thơ,Xã Tài Văn,Xã,31687
Xã Viên Bình,Huyện Trần Đề,Tỉnh Sóc Trăng,Thành phố Cần Thơ,Xã Liêu Tú,Xã,31675
Xã Đại Ân 2,Huyện Trần Đề,Tỉnh Sóc Trăng,Thành phố Cần Thơ,Xã Trần Đề,Xã,31673
Phường 1,Thành phố Sóc Trăng,Tỉnh Sóc Trăng,Thành phố Cần Thơ,Phường Phú Lợi,Phường,31510
Phường 10,Thành phố Sóc Trăng,Tỉnh Sóc Trăng,Thành phố Cần Thơ,Phường Mỹ Xuyên,Phường,31684
Phường 2,Thành phố Sóc Trăng,Tỉnh Sóc Trăng,Thành phố Cần Thơ,Phường Phú Lợi,Phường,31510
Phường 3,Thành phố Sóc Trăng,Tỉnh Sóc Trăng,Thành phố Cần Thơ,Phường Phú Lợi,Phường,31510
Phường 4,Thành phố Sóc Trăng,Tỉnh Sóc Trăng,Thành phố Cần Thơ,Phường Phú Lợi,Phường,31510
Phường 5,Thành phố Sóc Trăng,Tỉnh Sóc Trăng,Thành phố Cần Thơ,Phường Sóc Trăng,Phường,31507
Phường 6,Thành phố Sóc Trăng,Tỉnh Sóc Trăng,Thành phố Cần Thơ,Phường Sóc Trăng,Phường,31507
Phường 7,Thành phố Sóc Trăng,Tỉnh Sóc Trăng,Thành phố Cần Thơ,Phường Sóc Trăng,Phường,31507
Phường 8,Thành phố Sóc Trăng,Tỉnh Sóc Trăng,Thành phố Cần Thơ,Phường Sóc Trăng,Phường,31507
Phường 1,Thị xã Ngã Năm,Tỉnh Sóc Trăng,Thành phố Cần Thơ,Phường Ngã Năm,Phường,31732
Phường 2,Thị xã Ngã Năm,Tỉnh Sóc Trăng,Thành phố Cần Thơ,Phường Ngã Năm,Phường,31732
Phường 3,Thị xã Ngã Năm,Tỉnh Sóc Trăng,Thành phố Cần Thơ,Phường Mỹ Quới,Phường,31753
Xã Long Bình,Thị xã Ngã Năm,Tỉnh Sóc Trăng,Thành phố Cần Thơ,Phường Long Bình,Phường,31473
Xã Long Bình,Thị xã Ngã Năm,Tỉnh Sóc Trăng,Thành phố Cần Thơ,Xã Tân Long,Xã,31741
Xã Mỹ Bình,Thị xã Ngã Năm,Tỉnh Sóc Trăng,Thành phố Cần Thơ,Phường Mỹ Quới,Phường,31753
Xã Mỹ Quới,Thị xã Ngã Năm,Tỉnh Sóc Trăng,Thành phố Cần Thơ,Phường Mỹ Quới,Phường,31753
Xã Tân Long,Thị xã Ngã Năm,Tỉnh Sóc Trăng,Thành phố Cần Thơ,Xã Tân Long,Xã,31741
Xã Tân Long,Thị xã Ngã Năm,Tỉnh Sóc Trăng,Thành phố Cần Thơ,Xã Thạnh Hòa,Xã,31408
Xã Vĩnh Quới,Thị xã Ngã Năm,Tỉnh Sóc Trăng,Thành phố Cần Thơ,Phường Ngã Năm,Phường,31732
Phường 1,Thị xã Vĩnh Châu,Tỉnh Sóc Trăng,Thành phố Cần Thơ,Phường Vĩnh Châu,Phường,31783
Phường 2,Thị xã Vĩnh Châu,Tỉnh Sóc Trăng,Thành phố Cần Thơ,Phường Vĩnh Châu,Phường,31783
Phường Khánh Hòa,Thị xã Vĩnh Châu,Tỉnh Sóc Trăng,Thành phố Cần Thơ,Phường Khánh Hòa,Phường,31789
Phường Vĩnh Phước,Thị xã Vĩnh Châu,Tỉnh Sóc Trăng,Thành phố Cần Thơ,Phường Vĩnh Phước,Phường,31804
Xã Hòa Đông,Thị xã Vĩnh Châu,Tỉnh Sóc Trăng,Thành phố Cần Thơ,Phường Khánh Hòa,Phường,31789
Xã Lai Hòa,Thị xã Vĩnh Châu,Tỉnh Sóc Trăng,Thành phố Cần Thơ,Xã Lai Hòa,Xã,31810
Xã Lạc Hòa,Thị xã Vĩnh Châu,Tỉnh Sóc Trăng,Thành phố Cần Thơ,Phường Vĩnh Châu,Phường,31783
Xã Vĩnh Hiệp,Thị xã Vĩnh Châu,Tỉnh Sóc Trăng,Thành phố Cần Thơ,Phường Khánh Hòa,Phường,31789
Xã Vĩnh Hải,Thị xã Vĩnh Châu,Tỉnh Sóc Trăng,Thành phố Cần Thơ,Xã Vĩnh Hải,Xã,31795
Xã Vĩnh Tân,Thị xã Vĩnh Châu,Tỉnh Sóc Trăng,Thành phố Cần Thơ,Phường Vĩnh Phước,Phường,31804
Thị trấn A Lưới,Huyện A Lưới,Thành phố Huế,Thành phố Huế,Xã A Lưới 2,Xã,20044
Xã A Ngo,Huyện A Lưới,Thành phố Huế,Thành phố Huế,Xã A Lưới 2,Xã,20044
Xã A Roàng,Huyện A Lưới,Thành phố Huế,Thành phố Huế,Xã A Lưới 4,Xã,20101
Xã Hương Nguyên,Huyện A Lưới,Thành phố Huế,Thành phố Huế,Xã A Lưới 5,Xã,20050
Xã Hương Phong,Huyện A Lưới,Thành phố Huế,Thành phố Huế,Xã A Lưới 4,Xã,20101
Xã Hồng Bắc,Huyện A Lưới,Thành phố Huế,Thành phố Huế,Xã A Lưới 2,Xã,20044
Xã Hồng Hạ,Huyện A Lưới,Thành phố Huế,Thành phố Huế,Xã A Lưới 5,Xã,20050
Xã Hồng Kim,Huyện A Lưới,Thành phố Huế,Thành phố Huế,Xã A Lưới 1,Xã,20056
Xã Hồng Thái,Huyện A Lưới,Thành phố Huế,Thành phố Huế,Xã A Lưới 3,Xã,20071
Xã Hồng Thượng,Huyện A Lưới,Thành phố Huế,Thành phố Huế,Xã A Lưới 3,Xã,20071
Xã Hồng Thủy,Huyện A Lưới,Thành phố Huế,Thành phố Huế,Xã A Lưới 1,Xã,20056
Xã Hồng Vân,Huyện A Lưới,Thành phố Huế,Thành phố Huế,Xã A Lưới 1,Xã,20056
Xã Lâm Đớt,Huyện A Lưới,Thành phố Huế,Thành phố Huế,Xã A Lưới 4,Xã,20101
Xã Phú Vinh,Huyện A Lưới,Thành phố Huế,Thành phố Huế,Xã A Lưới 3,Xã,20071
Xã Quảng Nhâm,Huyện A Lưới,Thành phố Huế,Thành phố Huế,Xã A Lưới 2,Xã,20044
Xã Sơn Thủy,Huyện A Lưới,Thành phố Huế,Thành phố Huế,Xã A Lưới 3,Xã,20071
Xã Trung Sơn,Huyện A Lưới,Thành phố Huế,Thành phố Huế,Xã A Lưới 1,Xã,20056
Xã Đông Sơn,Huyện A Lưới,Thành phố Huế,Thành phố Huế,Xã A Lưới 4,Xã,20101
Thị trấn Khe Tre,Huyện Phú Lộc,Thành phố Huế,Thành phố Huế,Xã Khe Tre,Xã,20161
Thị trấn Lăng Cô,Huyện Phú Lộc,Thành phố Huế,Thành phố Huế,Xã Chân Mây - Lăng Cô,Xã,20137
Thị trấn Lộc Sơn,Huyện Phú Lộc,Thành phố Huế,Thành phố Huế,Xã Hưng Lộc,Xã,20131
Thị trấn Phú Lộc,Huyện Phú Lộc,Thành phố Huế,Thành phố Huế,Xã Phú Lộc,Xã,20107
Xã Giang Hải,Huyện Phú Lộc,Thành phố Huế,Thành phố Huế,Xã Vinh Lộc,Xã,20122
Xã Hương Hữu,Huyện Phú Lộc,Thành phố Huế,Thành phố Huế,Xã Long Quảng,Xã,20182
Xã Hương Lộc,Huyện Phú Lộc,Thành phố Huế,Thành phố Huế,Xã Khe Tre,Xã,20161
Xã Hương Phú,Huyện Phú Lộc,Thành phố Huế,Thành phố Huế,Xã Khe Tre,Xã,20161
Xã Hương Sơn,Huyện Phú Lộc,Thành phố Huế,Thành phố Huế,Xã Nam Đông,Xã,20179
Xã Hương Xuân,Huyện Phú Lộc,Thành phố Huế,Thành phố Huế,Xã Nam Đông,Xã,20179
Xã Lộc An,Huyện Phú Lộc,Thành phố Huế,Thành phố Huế,Xã Lộc An,Xã,20140
Xã Lộc Bình,Huyện Phú Lộc,Thành phố Huế,Thành phố Huế,Xã Phú Lộc,Xã,20107
Xã Lộc Bổn,Huyện Phú Lộc,Thành phố Huế,Thành phố Huế,Xã Hưng Lộc,Xã,20131
Xã Lộc Hòa,Huyện Phú Lộc,Thành phố Huế,Thành phố Huế,Xã Lộc An,Xã,20140
Xã Lộc Thủy,Huyện Phú Lộc,Thành phố Huế,Thành phố Huế,Xã Chân Mây - Lăng Cô,Xã,20137
Xã Lộc Tiến,Huyện Phú Lộc,Thành phố Huế,Thành phố Huế,Xã Chân Mây - Lăng Cô,Xã,20137
Xã Lộc Trì,Huyện Phú Lộc,Thành phố Huế,Thành phố Huế,Xã Phú Lộc,Xã,20107
Xã Lộc Vĩnh,Huyện Phú Lộc,Thành phố Huế,Thành phố Huế,Xã Chân Mây - Lăng Cô,Xã,20137
Xã Lộc Điền,Huyện Phú Lộc,Thành phố Huế,Thành phố Huế,Xã Lộc An,Xã,20140
Xã Thượng Long,Huyện Phú Lộc,Thành phố Huế,Thành phố Huế,Xã Long Quảng,Xã,20182
Xã Thượng Lộ,Huyện Phú Lộc,Thành phố Huế,Thành phố Huế,Xã Khe Tre,Xã,20161
Xã Thượng Nhật,Huyện Phú Lộc,Thành phố Huế,Thành phố Huế,Xã Nam Đông,Xã,20179
Xã Thượng Quảng,Huyện Phú Lộc,Thành phố Huế,Thành phố Huế,Xã Long Quảng,Xã,20182
Xã Vinh Hiền,Huyện Phú Lộc,Thành phố Huế,Thành phố Huế,Xã Vinh Lộc,Xã,20122
Xã Vinh Hưng,Huyện Phú Lộc,Thành phố Huế,Thành phố Huế,Xã Vinh Lộc,Xã,20122
Xã Vinh Mỹ,Huyện Phú Lộc,Thành phố Huế,Thành phố Huế,Xã Vinh Lộc,Xã,20122
Xã Xuân Lộc,Huyện Phú Lộc,Thành phố Huế,Thành phố Huế,Xã Hưng Lộc,Xã,20131
Thị trấn Phú Đa,Huyện Phú Vang,Thành phố Huế,Thành phố Huế,Xã Phú Vang,Xã,19942
Xã Phú An,Huyện Phú Vang,Thành phố Huế,Thành phố Huế,Phường Mỹ Thượng,Phường,19930
Xã Phú Diên,Huyện Phú Vang,Thành phố Huế,Thành phố Huế,Xã Phú Vinh,Xã,19945
Xã Phú Gia,Huyện Phú Vang,Thành phố Huế,Thành phố Huế,Xã Phú Vang,Xã,19942
Xã Phú Hải,Huyện Phú Vang,Thành phố Huế,Thành phố Huế,Phường Thuận An,Phường,19900
Xã Phú Hồ,Huyện Phú Vang,Thành phố Huế,Thành phố Huế,Xã Phú Hồ,Xã,19918
Xã Phú Lương,Huyện Phú Vang,Thành phố Huế,Thành phố Huế,Xã Phú Hồ,Xã,19918
Xã Phú Mỹ,Huyện Phú Vang,Thành phố Huế,Thành phố Huế,Phường Mỹ Thượng,Phường,19930
Xã Phú Thuận,Huyện Phú Vang,Thành phố Huế,Thành phố Huế,Phường Thuận An,Phường,19900
Xã Phú Xuân,Huyện Phú Vang,Thành phố Huế,Thành phố Huế,Xã Phú Hồ,Xã,19918
Xã Vinh An,Huyện Phú Vang,Thành phố Huế,Thành phố Huế,Xã Phú Vinh,Xã,19945
Xã Vinh Hà,Huyện Phú Vang,Thành phố Huế,Thành phố Huế,Xã Phú Vang,Xã,19942
Xã Vinh Thanh,Huyện Phú Vang,Thành phố Huế,Thành phố Huế,Xã Phú Vinh,Xã,19945
Xã Vinh Xuân,Huyện Phú Vang,Thành phố Huế,Thành phố Huế,Xã Phú Vinh,Xã,19945
Thị trấn Sịa,Huyện Quảng Điền,Thành phố Huế,Thành phố Huế,Xã Quảng Điền,Xã,19867
Xã Quảng An,Huyện Quảng Điền,Thành phố Huế,Thành phố Huế,Xã Quảng Điền,Xã,19867
Xã Quảng Công,Huyện Quảng Điền,Thành phố Huế,Thành phố Huế,Phường Phong Quảng,Phường,19873
Xã Quảng Lợi,Huyện Quảng Điền,Thành phố Huế,Thành phố Huế,Xã Đan Điền,Xã,19885
Xã Quảng Ngạn,Huyện Quảng Điền,Thành phố Huế,Thành phố Huế,Phường Phong Quảng,Phường,19873
Xã Quảng Phú,Huyện Quảng Điền,Thành phố Huế,Thành phố Huế,Xã Đan Điền,Xã,19885
Xã Quảng Phước,Huyện Quảng Điền,Thành phố Huế,Thành phố Huế,Xã Quảng Điền,Xã,19867
Xã Quảng Thành,Huyện Quảng Điền,Thành phố Huế,Thành phố Huế,Phường Hóa Châu,Phường,20014
Xã Quảng Thái,Huyện Quảng Điền,Thành phố Huế,Thành phố Huế,Xã Đan Điền,Xã,19885
Xã Quảng Thọ,Huyện Quảng Điền,Thành phố Huế,Thành phố Huế,Xã Quảng Điền,Xã,19867
Xã Quảng Vinh,Huyện Quảng Điền,Thành phố Huế,Thành phố Huế,Xã Đan Điền,Xã,19885
Phường An Hòa,Quận Phú Xuân,Thành phố Huế,Thành phố Huế,Phường Hương An,Phường,19804
Phường Gia Hội,Quận Phú Xuân,Thành phố Huế,Thành phố Huế,Phường Phú Xuân,Phường,19753
Phường Hương An,Quận Phú Xuân,Thành phố Huế,Thành phố Huế,Phường Hương An,Phường,19804
Phường Hương Long,Quận Phú Xuân,Thành phố Huế,Thành phố Huế,Phường Kim Long,Phường,19774
Phường Hương Sơ,Quận Phú Xuân,Thành phố Huế,Thành phố Huế,Phường Hương An,Phường,19804
Phường Hương Vinh,Quận Phú Xuân,Thành phố Huế,Thành phố Huế,Phường Hóa Châu,Phường,20014
Phường Kim Long,Quận Phú Xuân,Thành phố Huế,Thành phố Huế,Phường Kim Long,Phường,19774
Phường Long Hồ,Quận Phú Xuân,Thành phố Huế,Thành phố Huế,Phường Kim Long,Phường,19774
Phường Phú Hậu,Quận Phú Xuân,Thành phố Huế,Thành phố Huế,Phường Phú Xuân,Phường,19753
Phường Thuận Hòa,Quận Phú Xuân,Thành phố Huế,Thành phố Huế,Phường Phú Xuân,Phường,19753
Phường Thuận Lộc,Quận Phú Xuân,Thành phố Huế,Thành phố Huế,Phường Phú Xuân,Phường,19753
Phường Tây Lộc,Quận Phú Xuân,Thành phố Huế,Thành phố Huế,Phường Phú Xuân,Phường,19753
Phường Đông Ba,Quận Phú Xuân,Thành phố Huế,Thành phố Huế,Phường Phú Xuân,Phường,19753
Phường An Cựu,Quận Thuận Hóa,Thành phố Huế,Thành phố Huế,Phường An Cựu,Phường,19815
Phường An Tây,Quận Thuận Hóa,Thành phố Huế,Thành phố Huế,Phường An Cựu,Phường,19815
Phường An Đông,Quận Thuận Hóa,Thành phố Huế,Thành phố Huế,Phường An Cựu,Phường,19815
Phường Dương Nỗ,Quận Thuận Hóa,Thành phố Huế,Thành phố Huế,Phường Dương Nỗ,Phường,19909
Phường Hương Phong,Quận Thuận Hóa,Thành phố Huế,Thành phố Huế,Phường Hóa Châu,Phường,20014
Phường Phú Hội,Quận Thuận Hóa,Thành phố Huế,Thành phố Huế,Phường Thuận Hóa,Phường,19789
Phường Phú Nhuận,Quận Thuận Hóa,Thành phố Huế,Thành phố Huế,Phường Thuận Hóa,Phường,19789
Phường Phú Thượng,Quận Thuận Hóa,Thành phố Huế,Thành phố Huế,Phường Mỹ Thượng,Phường,19930
Phường Phước Vĩnh,Quận Thuận Hóa,Thành phố Huế,Thành phố Huế,Phường Thuận Hóa,Phường,19789
Phường Phường Đúc,Quận Thuận Hóa,Thành phố Huế,Thành phố Huế,Phường Thuận Hóa,Phường,19789
Phường Thuận An,Quận Thuận Hóa,Thành phố Huế,Thành phố Huế,Phường Thuận An,Phường,19900
Phường Thủy Biều,Quận Thuận Hóa,Thành phố Huế,Thành phố Huế,Phường Thủy Xuân,Phường,19813
Phường Thủy Bằng,Quận Thuận Hóa,Thành phố Huế,Thành phố Huế,Phường Thủy Xuân,Phường,19813
Phường Thủy Vân,Quận Thuận Hóa,Thành phố Huế,Thành phố Huế,Phường Vỹ Dạ,Phường,19777
Phường Thủy Xuân,Quận Thuận Hóa,Thành phố Huế,Thành phố Huế,Phường Thủy Xuân,Phường,19813
Phường Trường An,Quận Thuận Hóa,Thành phố Huế,Thành phố Huế,Phường Thuận Hóa,Phường,19789
Phường Vĩnh Ninh,Quận Thuận Hóa,Thành phố Huế,Thành phố Huế,Phường Thuận Hóa,Phường,19789
Phường Vỹ Dạ,Quận Thuận Hóa,Thành phố Huế,Thành phố Huế,Phường Vỹ Dạ,Phường,19777
Phường Xuân Phú,Quận Thuận Hóa,Thành phố Huế,Thành phố Huế,Phường Vỹ Dạ,Phường,19777
Phường Phú Bài,Thị xã Hương Thủy,Thành phố Huế,Thành phố Huế,Phường Phú Bài,Phường,19960
Phường Thủy Châu,Thị xã Hương Thủy,Thành phố Huế,Thành phố Huế,Phường Hương Thủy,Phường,19975
Phường Thủy Dương,Thị xã Hương Thủy,Thành phố Huế,Thành phố Huế,Phường Thanh Thủy,Phường,19969
Phường Thủy Lương,Thị xã Hương Thủy,Thành phố Huế,Thành phố Huế,Phường Hương Thủy,Phường,19975
Phường Thủy Phương,Thị xã Hương Thủy,Thành phố Huế,Thành phố Huế,Phường Thanh Thủy,Phường,19969
Xã Dương Hòa,Thị xã Hương Thủy,Thành phố Huế,Thành phố Huế,Phường Phú Bài,Phường,19960
Xã Phú Sơn,Thị xã Hương Thủy,Thành phố Huế,Thành phố Huế,Phường Phú Bài,Phường,19960
Xã Thủy Phù,Thị xã Hương Thủy,Thành phố Huế,Thành phố Huế,Phường Phú Bài,Phường,19960
Xã Thủy Thanh,Thị xã Hương Thủy,Thành phố Huế,Thành phố Huế,Phường Thanh Thủy,Phường,19969
Xã Thủy Tân,Thị xã Hương Thủy,Thành phố Huế,Thành phố Huế,Phường Hương Thủy,Phường,19975
Phường Hương Chữ,Thị xã Hương Trà,Thành phố Huế,Thành phố Huế,Phường Kim Trà,Phường,20017
Phường Hương Vân,Thị xã Hương Trà,Thành phố Huế,Thành phố Huế,Phường Hương Trà,Phường,19996
Phường Hương Văn,Thị xã Hương Trà,Thành phố Huế,Thành phố Huế,Phường Hương Trà,Phường,19996
Phường Hương Xuân,Thị xã Hương Trà,Thành phố Huế,Thành phố Huế,Phường Kim Trà,Phường,20017
Phường Tứ Hạ,Thị xã Hương Trà,Thành phố Huế,Thành phố Huế,Phường Hương Trà,Phường,19996
Xã Bình Thành,Thị xã Hương Trà,Thành phố Huế,Thành phố Huế,Xã Bình Điền,Xã,20035
Xã Bình Tiến,Thị xã Hương Trà,Thành phố Huế,Thành phố Huế,Xã Bình Điền,Xã,20035
Xã Hương Bình,Thị xã Hương Trà,Thành phố Huế,Thành phố Huế,Xã Bình Điền,Xã,20035
Xã Hương Toàn,Thị xã Hương Trà,Thành phố Huế,Thành phố Huế,Phường Kim Trà,Phường,20017
Phường Phong An,Thị xã Phong Điền,Thành phố Huế,Thành phố Huế,Phường Phong Thái,Phường,19858
Phường Phong Hiền,Thị xã Phong Điền,Thành phố Huế,Thành phố Huế,Phường Phong Thái,Phường,19858
Phường Phong Hòa,Thị xã Phong Điền,Thành phố Huế,Thành phố Huế,Phường Phong Dinh,Phường,19831
Phường Phong Hải,Thị xã Phong Điền,Thành phố Huế,Thành phố Huế,Phường Phong Quảng,Phường,19873
Phường Phong Phú,Thị xã Phong Điền,Thành phố Huế,Thành phố Huế,Phường Phong Phú,Phường,19828
Phường Phong Thu,Thị xã Phong Điền,Thành phố Huế,Thành phố Huế,Phường Phong Điền,Phường,19819
Xã Phong Bình,Thị xã Phong Điền,Thành phố Huế,Thành phố Huế,Phường Phong Dinh,Phường,19831
Xã Phong Chương,Thị xã Phong Điền,Thành phố Huế,Thành phố Huế,Phường Phong Dinh,Phường,19831
Xã Phong Mỹ,Thị xã Phong Điền,Thành phố Huế,Thành phố Huế,Phường Phong Điền,Phường,19819
Xã Phong Sơn,Thị xã Phong Điền,Thành phố Huế,Thành phố Huế,Phường Phong Thái,Phường,19858
Xã Phong Thạnh,Thị xã Phong Điền,Thành phố Huế,Thành phố Huế,Phường Phong Phú,Phường,19828
Xã Phong Xuân,Thị xã Phong Điền,Thành phố Huế,Thành phố Huế,Phường Phong Điền,Phường,19819
Thị trấn Tây Đằng,Huyện Ba Vì,Thành phố Hà Nội,Thành phố Hà Nội,Xã Minh Châu,Xã,9661
Thị trấn Tây Đằng,Huyện Ba Vì,Thành phố Hà Nội,Thành phố Hà Nội,Xã Quảng Oai,Xã,9619
Xã Ba Trại,Huyện Ba Vì,Thành phố Hà Nội,Thành phố Hà Nội,Xã Suối Hai,Xã,9694
Xã Ba Vì,Huyện Ba Vì,Thành phố Hà Nội,Thành phố Hà Nội,Xã Ba Vì,Xã,9700
Xã Cam Thượng,Huyện Ba Vì,Thành phố Hà Nội,Thành phố Hà Nội,Xã Quảng Oai,Xã,9619
Xã Chu Minh,Huyện Ba Vì,Thành phố Hà Nội,Thành phố Hà Nội,Xã Minh Châu,Xã,9661
Xã Chu Minh,Huyện Ba Vì,Thành phố Hà Nội,Thành phố Hà Nội,Xã Quảng Oai,Xã,9619
Xã Cẩm Lĩnh,Huyện Ba Vì,Thành phố Hà Nội,Thành phố Hà Nội,Xã Bất Bạt,Xã,9676
Xã Cẩm Lĩnh,Huyện Ba Vì,Thành phố Hà Nội,Thành phố Hà Nội,Xã Suối Hai,Xã,9694
Xã Cổ Đô,Huyện Ba Vì,Thành phố Hà Nội,Thành phố Hà Nội,Xã Cổ Đô,Xã,9634
Xã Khánh Thượng,Huyện Ba Vì,Thành phố Hà Nội,Thành phố Hà Nội,Xã Ba Vì,Xã,9700
Xã Minh Châu,Huyện Ba Vì,Thành phố Hà Nội,Thành phố Hà Nội,Xã Minh Châu,Xã,9661
Xã Minh Quang,Huyện Ba Vì,Thành phố Hà Nội,Thành phố Hà Nội,Xã Bất Bạt,Xã,9676
Xã Minh Quang,Huyện Ba Vì,Thành phố Hà Nội,Thành phố Hà Nội,Xã Ba Vì,Xã,9700
Xã Phong Vân,Huyện Ba Vì,Thành phố Hà Nội,Thành phố Hà Nội,Xã Cổ Đô,Xã,9634
Xã Phú Châu,Huyện Ba Vì,Thành phố Hà Nội,Thành phố Hà Nội,Xã Vật Lại,Xã,9664
Xã Phú Cường,Huyện Ba Vì,Thành phố Hà Nội,Thành phố Hà Nội,Xã Cổ Đô,Xã,9634
Xã Phú Hồng,Huyện Ba Vì,Thành phố Hà Nội,Thành phố Hà Nội,Xã Cổ Đô,Xã,9634
Xã Phú Sơn,Huyện Ba Vì,Thành phố Hà Nội,Thành phố Hà Nội,Xã Vật Lại,Xã,9664
Xã Phú Đông,Huyện Ba Vì,Thành phố Hà Nội,Thành phố Hà Nội,Xã Cổ Đô,Xã,9634
Xã Sơn Đà,Huyện Ba Vì,Thành phố Hà Nội,Thành phố Hà Nội,Xã Bất Bạt,Xã,9676
Xã Thuần Mỹ,Huyện Ba Vì,Thành phố Hà Nội,Thành phố Hà Nội,Xã Bất Bạt,Xã,9676
Xã Thái Hòa,Huyện Ba Vì,Thành phố Hà Nội,Thành phố Hà Nội,Xã Vật Lại,Xã,9664
Xã Thụy An,Huyện Ba Vì,Thành phố Hà Nội,Thành phố Hà Nội,Xã Quảng Oai,Xã,9619
Xã Thụy An,Huyện Ba Vì,Thành phố Hà Nội,Thành phố Hà Nội,Xã Suối Hai,Xã,9694
Xã Tiên Phong,Huyện Ba Vì,Thành phố Hà Nội,Thành phố Hà Nội,Xã Quảng Oai,Xã,9619
Xã Tòng Bạt,Huyện Ba Vì,Thành phố Hà Nội,Thành phố Hà Nội,Xã Bất Bạt,Xã,9676
Xã Tản Lĩnh,Huyện Ba Vì,Thành phố Hà Nội,Thành phố Hà Nội,Xã Suối Hai,Xã,9694
Xã Vân Hòa,Huyện Ba Vì,Thành phố Hà Nội,Thành phố Hà Nội,Xã Yên Bài,Xã,9706
Xã Vạn Thắng,Huyện Ba Vì,Thành phố Hà Nội,Thành phố Hà Nội,Xã Cổ Đô,Xã,9634
Xã Vật Lại,Huyện Ba Vì,Thành phố Hà Nội,Thành phố Hà Nội,Xã Vật Lại,Xã,9664
Xã Yên Bài,Huyện Ba Vì,Thành phố Hà Nội,Thành phố Hà Nội,Xã Yên Bài,Xã,9706
Xã Đông Quang,Huyện Ba Vì,Thành phố Hà Nội,Thành phố Hà Nội,Xã Quảng Oai,Xã,9619
Xã Đồng Thái,Huyện Ba Vì,Thành phố Hà Nội,Thành phố Hà Nội,Xã Vật Lại,Xã,9664
Thị trấn Chúc Sơn,Huyện Chương Mỹ,Thành phố Hà Nội,Thành phố Hà Nội,Phường Chương Mỹ,Phường,10015
Thị trấn Xuân Mai,Huyện Chương Mỹ,Thành phố Hà Nội,Thành phố Hà Nội,Xã Xuân Mai,Xã,10045
Xã Hoàng Diệu,Huyện Chương Mỹ,Thành phố Hà Nội,Thành phố Hà Nội,Xã Quảng Bị,Xã,10072
Xã Hoàng Văn Thụ,Huyện Chương Mỹ,Thành phố Hà Nội,Thành phố Hà Nội,Xã Trần Phú,Xã,10081
Xã Hòa Phú,Huyện Chương Mỹ,Thành phố Hà Nội,Thành phố Hà Nội,Xã Hòa Phú,Xã,10096
Xã Hồng Phú,Huyện Chương Mỹ,Thành phố Hà Nội,Thành phố Hà Nội,Xã Hòa Phú,Xã,10096
Xã Hợp Đồng,Huyện Chương Mỹ,Thành phố Hà Nội,Thành phố Hà Nội,Xã Quảng Bị,Xã,10072
Xã Hữu Văn,Huyện Chương Mỹ,Thành phố Hà Nội,Thành phố Hà Nội,Xã Trần Phú,Xã,10081
Xã Lam Điền,Huyện Chương Mỹ,Thành phố Hà Nội,Thành phố Hà Nội,Xã Bình Minh,Xã,10126
Xã Lam Điền,Huyện Chương Mỹ,Thành phố Hà Nội,Thành phố Hà Nội,Xã Quảng Bị,Xã,10072
Xã Mỹ Lương,Huyện Chương Mỹ,Thành phố Hà Nội,Thành phố Hà Nội,Xã Trần Phú,Xã,10081
Xã Nam Phương Tiến,Huyện Chương Mỹ,Thành phố Hà Nội,Thành phố Hà Nội,Xã Xuân Mai,Xã,10045
Xã Ngọc Hòa,Huyện Chương Mỹ,Thành phố Hà Nội,Thành phố Hà Nội,Phường Chương Mỹ,Phường,10015
Xã Phú Nghĩa,Huyện Chương Mỹ,Thành phố Hà Nội,Thành phố Hà Nội,Xã Phú Nghĩa,Xã,10030
Xã Phụng Châu,Huyện Chương Mỹ,Thành phố Hà Nội,Thành phố Hà Nội,Phường Chương Mỹ,Phường,10015
Xã Quảng Bị,Huyện Chương Mỹ,Thành phố Hà Nội,Thành phố Hà Nội,Xã Quảng Bị,Xã,10072
Xã Thanh Bình,Huyện Chương Mỹ,Thành phố Hà Nội,Thành phố Hà Nội,Xã Phú Nghĩa,Xã,10030
Xã Thượng Vực,Huyện Chương Mỹ,Thành phố Hà Nội,Thành phố Hà Nội,Xã Hòa Phú,Xã,10096
Xã Thụy Hương,Huyện Chương Mỹ,Thành phố Hà Nội,Thành phố Hà Nội,Phường Chương Mỹ,Phường,10015
Xã Thủy Xuân Tiên,Huyện Chương Mỹ,Thành phố Hà Nội,Thành phố Hà Nội,Xã Xuân Mai,Xã,10045
Xã Tiên Phương,Huyện Chương Mỹ,Thành phố Hà Nội,Thành phố Hà Nội,Phường Chương Mỹ,Phường,10015
Xã Trung Hòa,Huyện Chương Mỹ,Thành phố Hà Nội,Thành phố Hà Nội,Xã Phú Nghĩa,Xã,10030
Xã Trường Yên,Huyện Chương Mỹ,Thành phố Hà Nội,Thành phố Hà Nội,Xã Phú Nghĩa,Xã,10030
Xã Trần Phú,Huyện Chương Mỹ,Thành phố Hà Nội,Thành phố Hà Nội,Xã Trần Phú,Xã,10081
Xã Tân Tiến,Huyện Chương Mỹ,Thành phố Hà Nội,Thành phố Hà Nội,Xã Trần Phú,Xã,10081
Xã Tân Tiến,Huyện Chương Mỹ,Thành phố Hà Nội,Thành phố Hà Nội,Xã Xuân Mai,Xã,10045
Xã Tốt Động,Huyện Chương Mỹ,Thành phố Hà Nội,Thành phố Hà Nội,Xã Quảng Bị,Xã,10072
Xã Văn Võ,Huyện Chương Mỹ,Thành phố Hà Nội,Thành phố Hà Nội,Xã Hòa Phú,Xã,10096
Xã Đông Phương Yên,Huyện Chương Mỹ,Thành phố Hà Nội,Thành phố Hà Nội,Xã Phú Nghĩa,Xã,10030
Xã Đông Sơn,Huyện Chương Mỹ,Thành phố Hà Nội,Thành phố Hà Nội,Xã Phú Nghĩa,Xã,10030
Xã Đại Yên,Huyện Chương Mỹ,Thành phố Hà Nội,Thành phố Hà Nội,Phường Chương Mỹ,Phường,10015
Xã Đồng Lạc,Huyện Chương Mỹ,Thành phố Hà Nội,Thành phố Hà Nội,Xã Hòa Phú,Xã,10096
Thị trấn Trâu Quỳ,Huyện Gia Lâm,Thành phố Hà Nội,Thành phố Hà Nội,Xã Bát Tràng,Xã,577
Thị trấn Trâu Quỳ,Huyện Gia Lâm,Thành phố Hà Nội,Thành phố Hà Nội,Xã Gia Lâm,Xã,565
Thị trấn Yên Viên,Huyện Gia Lâm,Thành phố Hà Nội,Thành phố Hà Nội,Xã Phù Đổng,Xã,541
Xã Bát Tràng,Huyện Gia Lâm,Thành phố Hà Nội,Thành phố Hà Nội,Phường Long Biên,Phường,145
Xã Bát Tràng,Huyện Gia Lâm,Thành phố Hà Nội,Thành phố Hà Nội,Xã Bát Tràng,Xã,577
Xã Bát Tràng,Huyện Gia Lâm,Thành phố Hà Nội,Thành phố Hà Nội,Xã Gia Lâm,Xã,565
Xã Cổ Bi,Huyện Gia Lâm,Thành phố Hà Nội,Thành phố Hà Nội,Phường Phúc Lợi,Phường,136
Xã Cổ Bi,Huyện Gia Lâm,Thành phố Hà Nội,Thành phố Hà Nội,Xã Gia Lâm,Xã,565
Xã Cổ Bi,Huyện Gia Lâm,Thành phố Hà Nội,Thành phố Hà Nội,Xã Phù Đổng,Xã,541
Xã Dương Quang,Huyện Gia Lâm,Thành phố Hà Nội,Thành phố Hà Nội,Xã Thuận An,Xã,562
Xã Dương Xá,Huyện Gia Lâm,Thành phố Hà Nội,Thành phố Hà Nội,Xã Gia Lâm,Xã,565
Xã Kim Đức,Huyện Gia Lâm,Thành phố Hà Nội,Thành phố Hà Nội,Xã Bát Tràng,Xã,577
Xã Kiêu Kỵ,Huyện Gia Lâm,Thành phố Hà Nội,Thành phố Hà Nội,Xã Gia Lâm,Xã,565
Xã Lệ Chi,Huyện Gia Lâm,Thành phố Hà Nội,Thành phố Hà Nội,Xã Thuận An,Xã,562
Xã Ninh Hiệp,Huyện Gia Lâm,Thành phố Hà Nội,Thành phố Hà Nội,Xã Phù Đổng,Xã,541
Xã Phù Đổng,Huyện Gia Lâm,Thành phố Hà Nội,Thành phố Hà Nội,Xã Phù Đổng,Xã,541
Xã Phú Sơn,Huyện Gia Lâm,Thành phố Hà Nội,Thành phố Hà Nội,Xã Gia Lâm,Xã,565
Xã Phú Sơn,Huyện Gia Lâm,Thành phố Hà Nội,Thành phố Hà Nội,Xã Thuận An,Xã,562
Xã Thiên Đức,Huyện Gia Lâm,Thành phố Hà Nội,Thành phố Hà Nội,Xã Phù Đổng,Xã,541
Xã Yên Thường,Huyện Gia Lâm,Thành phố Hà Nội,Thành phố Hà Nội,Xã Phù Đổng,Xã,541
Xã Yên Viên,Huyện Gia Lâm,Thành phố Hà Nội,Thành phố Hà Nội,Xã Phù Đổng,Xã,541
Xã Đa Tốn,Huyện Gia Lâm,Thành phố Hà Nội,Thành phố Hà Nội,Xã Bát Tràng,Xã,577
Xã Đa Tốn,Huyện Gia Lâm,Thành phố Hà Nội,Thành phố Hà Nội,Xã Gia Lâm,Xã,565
Xã Đặng Xá,Huyện Gia Lâm,Thành phố Hà Nội,Thành phố Hà Nội,Xã Phù Đổng,Xã,541
Xã Đặng Xá,Huyện Gia Lâm,Thành phố Hà Nội,Thành phố Hà Nội,Xã Thuận An,Xã,562
Thị trấn Trạm Trôi,Huyện Hoài Đức,Thành phố Hà Nội,Thành phố Hà Nội,Xã Hoài Đức,Xã,9832
Xã An Khánh,Huyện Hoài Đức,Thành phố Hà Nội,Thành phố Hà Nội,Phường Tây Mỗ,Phường,634
Xã An Khánh,Huyện Hoài Đức,Thành phố Hà Nội,Thành phố Hà Nội,Xã An Khánh,Xã,9877
Xã An Khánh,Huyện Hoài Đức,Thành phố Hà Nội,Thành phố Hà Nội,Xã Sơn Đồng,Xã,9871
Xã An Thượng,Huyện Hoài Đức,Thành phố Hà Nội,Thành phố Hà Nội,Xã An Khánh,Xã,9877
Xã An Thượng,Huyện Hoài Đức,Thành phố Hà Nội,Thành phố Hà Nội,Xã Sơn Đồng,Xã,9871
Xã Cát Quế,Huyện Hoài Đức,Thành phố Hà Nội,Thành phố Hà Nội,Xã Dương Hòa,Xã,9856
Xã Di Trạch,Huyện Hoài Đức,Thành phố Hà Nội,Thành phố Hà Nội,Xã Hoài Đức,Xã,9832
Xã Dương Liễu,Huyện Hoài Đức,Thành phố Hà Nội,Thành phố Hà Nội,Xã Dương Hòa,Xã,9856
Xã Kim Chung,Huyện Hoài Đức,Thành phố Hà Nội,Thành phố Hà Nội,Phường Tây Tựu,Phường,613
Xã Kim Chung,Huyện Hoài Đức,Thành phố Hà Nội,Thành phố Hà Nội,Xã Hoài Đức,Xã,9832
Xã La Phù,Huyện Hoài Đức,Thành phố Hà Nội,Thành phố Hà Nội,Phường Dương Nội,Phường,9886
Xã La Phù,Huyện Hoài Đức,Thành phố Hà Nội,Thành phố Hà Nội,Xã An Khánh,Xã,9877
Xã Lại Yên,Huyện Hoài Đức,Thành phố Hà Nội,Thành phố Hà Nội,Xã Sơn Đồng,Xã,9871
Xã Minh Khai,Huyện Hoài Đức,Thành phố Hà Nội,Thành phố Hà Nội,Xã Dương Hòa,Xã,9856
Xã Song Phương,Huyện Hoài Đức,Thành phố Hà Nội,Thành phố Hà Nội,Xã An Khánh,Xã,9877
Xã Song Phương,Huyện Hoài Đức,Thành phố Hà Nội,Thành phố Hà Nội,Xã Sơn Đồng,Xã,9871
Xã Sơn Đồng,Huyện Hoài Đức,Thành phố Hà Nội,Thành phố Hà Nội,Xã Sơn Đồng,Xã,9871
Xã Tiền Yên,Huyện Hoài Đức,Thành phố Hà Nội,Thành phố Hà Nội,Xã Sơn Đồng,Xã,9871
Xã Vân Canh,Huyện Hoài Đức,Thành phố Hà Nội,Thành phố Hà Nội,Phường Xuân Phương,Phường,622
Xã Vân Canh,Huyện Hoài Đức,Thành phố Hà Nội,Thành phố Hà Nội,Xã Sơn Đồng,Xã,9871
Xã Vân Côn,Huyện Hoài Đức,Thành phố Hà Nội,Thành phố Hà Nội,Xã An Khánh,Xã,9877
Xã Vân Côn,Huyện Hoài Đức,Thành phố Hà Nội,Thành phố Hà Nội,Xã Sơn Đồng,Xã,9871
Xã Yên Sở,Huyện Hoài Đức,Thành phố Hà Nội,Thành phố Hà Nội,Xã Dương Hòa,Xã,9856
Xã Đông La,Huyện Hoài Đức,Thành phố Hà Nội,Thành phố Hà Nội,Xã An Khánh,Xã,9877
Xã Đắc Sở,Huyện Hoài Đức,Thành phố Hà Nội,Thành phố Hà Nội,Xã Dương Hòa,Xã,9856
Xã Đức Giang,Huyện Hoài Đức,Thành phố Hà Nội,Thành phố Hà Nội,Xã Hoài Đức,Xã,9832
Xã Đức Thượng,Huyện Hoài Đức,Thành phố Hà Nội,Thành phố Hà Nội,Xã Hoài Đức,Xã,9832
Thị trấn Chi Đông,Huyện Mê Linh,Thành phố Hà Nội,Thành phố Hà Nội,Xã Quang Minh,Xã,8974
Thị trấn Quang Minh,Huyện Mê Linh,Thành phố Hà Nội,Thành phố Hà Nội,Xã Quang Minh,Xã,8974
Xã Chu Phan,Huyện Mê Linh,Thành phố Hà Nội,Thành phố Hà Nội,Xã Yên Lãng,Xã,8980
Xã Hoàng Kim,Huyện Mê Linh,Thành phố Hà Nội,Thành phố Hà Nội,Xã Yên Lãng,Xã,8980
Xã Kim Hoa,Huyện Mê Linh,Thành phố Hà Nội,Thành phố Hà Nội,Xã Quang Minh,Xã,8974
Xã Kim Hoa,Huyện Mê Linh,Thành phố Hà Nội,Thành phố Hà Nội,Xã Tiến Thắng,Xã,8995
Xã Liên Mạc,Huyện Mê Linh,Thành phố Hà Nội,Thành phố Hà Nội,Xã Yên Lãng,Xã,8980
Xã Mê Linh,Huyện Mê Linh,Thành phố Hà Nội,Thành phố Hà Nội,Xã Mê Linh,Xã,9022
Xã Mê Linh,Huyện Mê Linh,Thành phố Hà Nội,Thành phố Hà Nội,Xã Quang Minh,Xã,8974
Xã Tam Đồng,Huyện Mê Linh,Thành phố Hà Nội,Thành phố Hà Nội,Xã Tiến Thắng,Xã,8995
Xã Thanh Lâm,Huyện Mê Linh,Thành phố Hà Nội,Thành phố Hà Nội,Xã Quang Minh,Xã,8974
Xã Thanh Lâm,Huyện Mê Linh,Thành phố Hà Nội,Thành phố Hà Nội,Xã Tiến Thắng,Xã,8995
Xã Thạch Đà,Huyện Mê Linh,Thành phố Hà Nội,Thành phố Hà Nội,Xã Tiến Thắng,Xã,8995
Xã Thạch Đà,Huyện Mê Linh,Thành phố Hà Nội,Thành phố Hà Nội,Xã Yên Lãng,Xã,8980
Xã Tiến Thắng,Huyện Mê Linh,Thành phố Hà Nội,Thành phố Hà Nội,Xã Tiến Thắng,Xã,8995
Xã Tiến Thịnh,Huyện Mê Linh,Thành phố Hà Nội,Thành phố Hà Nội,Xã Liên Minh,Xã,9787
Xã Tiến Thịnh,Huyện Mê Linh,Thành phố Hà Nội,Thành phố Hà Nội,Xã Yên Lãng,Xã,8980
Xã Tiền Phong,Huyện Mê Linh,Thành phố Hà Nội,Thành phố Hà Nội,Xã Mê Linh,Xã,9022
Xã Tiền Phong,Huyện Mê Linh,Thành phố Hà Nội,Thành phố Hà Nội,Xã Quang Minh,Xã,8974
Xã Tiền Phong,Huyện Mê Linh,Thành phố Hà Nội,Thành phố Hà Nội,Xã Thiên Lộc,Xã,493
Xã Tráng Việt,Huyện Mê Linh,Thành phố Hà Nội,Thành phố Hà Nội,Xã Mê Linh,Xã,9022
Xã Tự Lập,Huyện Mê Linh,Thành phố Hà Nội,Thành phố Hà Nội,Xã Tiến Thắng,Xã,8995
Xã Văn Khê,Huyện Mê Linh,Thành phố Hà Nội,Thành phố Hà Nội,Xã Mê Linh,Xã,9022
Xã Văn Khê,Huyện Mê Linh,Thành phố Hà Nội,Thành phố Hà Nội,Xã Tiến Thắng,Xã,8995
Xã Văn Khê,Huyện Mê Linh,Thành phố Hà Nội,Thành phố Hà Nội,Xã Yên Lãng,Xã,8980
Xã Đại Thịnh,Huyện Mê Linh,Thành phố Hà Nội,Thành phố Hà Nội,Xã Mê Linh,Xã,9022
Xã Đại Thịnh,Huyện Mê Linh,Thành phố Hà Nội,Thành phố Hà Nội,Xã Quang Minh,Xã,8974
Xã Đại Thịnh,Huyện Mê Linh,Thành phố Hà Nội,Thành phố Hà Nội,Xã Tiến Thắng,Xã,8995
Thị trấn Đại Nghĩa,Huyện Mỹ Đức,Thành phố Hà Nội,Thành phố Hà Nội,Xã Mỹ Đức,Xã,10441
Xã An Mỹ,Huyện Mỹ Đức,Thành phố Hà Nội,Thành phố Hà Nội,Xã Hồng Sơn,Xã,10465
Xã An Phú,Huyện Mỹ Đức,Thành phố Hà Nội,Thành phố Hà Nội,Xã Mỹ Đức,Xã,10441
Xã An Tiến,Huyện Mỹ Đức,Thành phố Hà Nội,Thành phố Hà Nội,Xã Hương Sơn,Xã,10489
Xã Hùng Tiến,Huyện Mỹ Đức,Thành phố Hà Nội,Thành phố Hà Nội,Xã Hương Sơn,Xã,10489
Xã Hương Sơn,Huyện Mỹ Đức,Thành phố Hà Nội,Thành phố Hà Nội,Xã Hương Sơn,Xã,10489
Xã Hồng Sơn,Huyện Mỹ Đức,Thành phố Hà Nội,Thành phố Hà Nội,Xã Hồng Sơn,Xã,10465
Xã Hợp Thanh,Huyện Mỹ Đức,Thành phố Hà Nội,Thành phố Hà Nội,Xã Mỹ Đức,Xã,10441
Xã Hợp Tiến,Huyện Mỹ Đức,Thành phố Hà Nội,Thành phố Hà Nội,Xã Hồng Sơn,Xã,10465
Xã Lê Thanh,Huyện Mỹ Đức,Thành phố Hà Nội,Thành phố Hà Nội,Xã Hồng Sơn,Xã,10465
Xã Mỹ Xuyên,Huyện Mỹ Đức,Thành phố Hà Nội,Thành phố Hà Nội,Xã Phúc Sơn,Xã,10459
Xã Phù Lưu Tế,Huyện Mỹ Đức,Thành phố Hà Nội,Thành phố Hà Nội,Xã Mỹ Đức,Xã,10441
Xã Phùng Xá,Huyện Mỹ Đức,Thành phố Hà Nội,Thành phố Hà Nội,Xã Hồng Sơn,Xã,10465
Xã Phúc Lâm,Huyện Mỹ Đức,Thành phố Hà Nội,Thành phố Hà Nội,Xã Phúc Sơn,Xã,10459
Xã Thượng Lâm,Huyện Mỹ Đức,Thành phố Hà Nội,Thành phố Hà Nội,Xã Phúc Sơn,Xã,10459
Xã Tuy Lai,Huyện Mỹ Đức,Thành phố Hà Nội,Thành phố Hà Nội,Xã Phúc Sơn,Xã,10459
Xã Vạn Tín,Huyện Mỹ Đức,Thành phố Hà Nội,Thành phố Hà Nội,Xã Hương Sơn,Xã,10489
Xã Xuy Xá,Huyện Mỹ Đức,Thành phố Hà Nội,Thành phố Hà Nội,Xã Hồng Sơn,Xã,10465
Xã Đại Hưng,Huyện Mỹ Đức,Thành phố Hà Nội,Thành phố Hà Nội,Xã Mỹ Đức,Xã,10441
Xã Đồng Tâm,Huyện Mỹ Đức,Thành phố Hà Nội,Thành phố Hà Nội,Xã Phúc Sơn,Xã,10459
Xã Đồng Tâm,Huyện Mỹ Đức,Thành phố Hà Nội,Thành phố Hà Nội,Xã Trần Phú,Xã,10081
Thị trấn Phú Minh,Huyện Phú Xuyên,Thành phố Hà Nội,Thành phố Hà Nội,Xã Phú Xuyên,Xã,10273
Thị trấn Phú Xuyên,Huyện Phú Xuyên,Thành phố Hà Nội,Thành phố Hà Nội,Xã Phú Xuyên,Xã,10273
Xã Bạch Hạ,Huyện Phú Xuyên,Thành phố Hà Nội,Thành phố Hà Nội,Xã Đại Xuyên,Xã,10342
Xã Chuyên Mỹ,Huyện Phú Xuyên,Thành phố Hà Nội,Thành phố Hà Nội,Xã Chuyên Mỹ,Xã,10330
Xã Châu Can,Huyện Phú Xuyên,Thành phố Hà Nội,Thành phố Hà Nội,Xã Chuyên Mỹ,Xã,10330
Xã Hoàng Long,Huyện Phú Xuyên,Thành phố Hà Nội,Thành phố Hà Nội,Xã Phượng Dực,Xã,10279
Xã Hồng Minh,Huyện Phú Xuyên,Thành phố Hà Nội,Thành phố Hà Nội,Xã Phượng Dực,Xã,10279
Xã Hồng Thái,Huyện Phú Xuyên,Thành phố Hà Nội,Thành phố Hà Nội,Xã Phú Xuyên,Xã,10273
Xã Khai Thái,Huyện Phú Xuyên,Thành phố Hà Nội,Thành phố Hà Nội,Xã Đại Xuyên,Xã,10342
Xã Minh Tân,Huyện Phú Xuyên,Thành phố Hà Nội,Thành phố Hà Nội,Xã Đại Xuyên,Xã,10342
Xã Nam Phong,Huyện Phú Xuyên,Thành phố Hà Nội,Thành phố Hà Nội,Xã Phú Xuyên,Xã,10273
Xã Nam Tiến,Huyện Phú Xuyên,Thành phố Hà Nội,Thành phố Hà Nội,Xã Phú Xuyên,Xã,10273
Xã Phú Túc,Huyện Phú Xuyên,Thành phố Hà Nội,Thành phố Hà Nội,Xã Phượng Dực,Xã,10279
Xã Phú Yên,Huyện Phú Xuyên,Thành phố Hà Nội,Thành phố Hà Nội,Xã Chuyên Mỹ,Xã,10330
Xã Phúc Tiến,Huyện Phú Xuyên,Thành phố Hà Nội,Thành phố Hà Nội,Xã Đại Xuyên,Xã,10342
Xã Phượng Dực,Huyện Phú Xuyên,Thành phố Hà Nội,Thành phố Hà Nội,Xã Phượng Dực,Xã,10279
Xã Quang Hà,Huyện Phú Xuyên,Thành phố Hà Nội,Thành phố Hà Nội,Xã Phú Xuyên,Xã,10273
Xã Quang Lãng,Huyện Phú Xuyên,Thành phố Hà Nội,Thành phố Hà Nội,Xã Đại Xuyên,Xã,10342
Xã Tri Thủy,Huyện Phú Xuyên,Thành phố Hà Nội,Thành phố Hà Nội,Xã Đại Xuyên,Xã,10342
Xã Tân Dân,Huyện Phú Xuyên,Thành phố Hà Nội,Thành phố Hà Nội,Xã Chuyên Mỹ,Xã,10330
Xã Vân Từ,Huyện Phú Xuyên,Thành phố Hà Nội,Thành phố Hà Nội,Xã Chuyên Mỹ,Xã,10330
Xã Văn Hoàng,Huyện Phú Xuyên,Thành phố Hà Nội,Thành phố Hà Nội,Xã Phượng Dực,Xã,10279
Xã Đại Xuyên,Huyện Phú Xuyên,Thành phố Hà Nội,Thành phố Hà Nội,Xã Đại Xuyên,Xã,10342
Thị trấn Phúc Thọ,Huyện Phúc Thọ,Thành phố Hà Nội,Thành phố Hà Nội,Xã Phúc Thọ,Xã,9715
Xã Hiệp Thuận,Huyện Phúc Thọ,Thành phố Hà Nội,Thành phố Hà Nội,Xã Hát Môn,Xã,9772
Xã Hát Môn,Huyện Phúc Thọ,Thành phố Hà Nội,Thành phố Hà Nội,Xã Hát Môn,Xã,9772
Xã Liên Hiệp,Huyện Phúc Thọ,Thành phố Hà Nội,Thành phố Hà Nội,Xã Hát Môn,Xã,9772
Xã Long Thượng,Huyện Phúc Thọ,Thành phố Hà Nội,Thành phố Hà Nội,Xã Phúc Thọ,Xã,9715
Xã Nam Hà,Huyện Phúc Thọ,Thành phố Hà Nội,Thành phố Hà Nội,Xã Phúc Lộc,Xã,9739
Xã Ngọc Tảo,Huyện Phúc Thọ,Thành phố Hà Nội,Thành phố Hà Nội,Xã Hát Môn,Xã,9772
Xã Phúc Hòa,Huyện Phúc Thọ,Thành phố Hà Nội,Thành phố Hà Nội,Xã Phúc Thọ,Xã,9715
Xã Phụng Thượng,Huyện Phúc Thọ,Thành phố Hà Nội,Thành phố Hà Nội,Xã Phúc Thọ,Xã,9715
Xã Sen Phương,Huyện Phúc Thọ,Thành phố Hà Nội,Thành phố Hà Nội,Xã Phúc Lộc,Xã,9739
Xã Tam Hiệp,Huyện Phúc Thọ,Thành phố Hà Nội,Thành phố Hà Nội,Xã Hát Môn,Xã,9772
Xã Tam Thuấn,Huyện Phúc Thọ,Thành phố Hà Nội,Thành phố Hà Nội,Xã Hát Môn,Xã,9772
Xã Thanh Đa,Huyện Phúc Thọ,Thành phố Hà Nội,Thành phố Hà Nội,Xã Hát Môn,Xã,9772
Xã Trạch Mỹ Lộc,Huyện Phúc Thọ,Thành phố Hà Nội,Thành phố Hà Nội,Xã Phúc Thọ,Xã,9715
Xã Tích Lộc,Huyện Phúc Thọ,Thành phố Hà Nội,Thành phố Hà Nội,Xã Phúc Thọ,Xã,9715
Xã Vân Phúc,Huyện Phúc Thọ,Thành phố Hà Nội,Thành phố Hà Nội,Xã Phúc Lộc,Xã,9739
Xã Võng Xuyên,Huyện Phúc Thọ,Thành phố Hà Nội,Thành phố Hà Nội,Xã Phúc Lộc,Xã,9739
Xã Xuân Đình,Huyện Phúc Thọ,Thành phố Hà Nội,Thành phố Hà Nội,Xã Phúc Lộc,Xã,9739
Thị trấn Quốc Oai,Huyện Quốc Oai,Thành phố Hà Nội,Thành phố Hà Nội,Xã Quốc Oai,Xã,9895
Thị trấn Quốc Oai,Huyện Quốc Oai,Thành phố Hà Nội,Thành phố Hà Nội,Xã Tây Phương,Xã,10003
Xã Cấn Hữu,Huyện Quốc Oai,Thành phố Hà Nội,Thành phố Hà Nội,Xã Kiều Phú,Xã,9910
Xã Cộng Hòa,Huyện Quốc Oai,Thành phố Hà Nội,Thành phố Hà Nội,Xã Hưng Đạo,Xã,9931
Xã Hòa Thạch,Huyện Quốc Oai,Thành phố Hà Nội,Thành phố Hà Nội,Xã Phú Cát,Xã,9952
Xã Hưng Đạo,Huyện Quốc Oai,Thành phố Hà Nội,Thành phố Hà Nội,Xã Hưng Đạo,Xã,9931
Xã Liệp Nghĩa,Huyện Quốc Oai,Thành phố Hà Nội,Thành phố Hà Nội,Xã Kiều Phú,Xã,9910
Xã Ngọc Liệp,Huyện Quốc Oai,Thành phố Hà Nội,Thành phố Hà Nội,Xã Kiều Phú,Xã,9910
Xã Ngọc Liệp,Huyện Quốc Oai,Thành phố Hà Nội,Thành phố Hà Nội,Xã Tây Phương,Xã,10003
Xã Ngọc Mỹ,Huyện Quốc Oai,Thành phố Hà Nội,Thành phố Hà Nội,Xã Kiều Phú,Xã,9910
Xã Ngọc Mỹ,Huyện Quốc Oai,Thành phố Hà Nội,Thành phố Hà Nội,Xã Quốc Oai,Xã,9895
Xã Phú Cát,Huyện Quốc Oai,Thành phố Hà Nội,Thành phố Hà Nội,Xã Hạ Bằng,Xã,9982
Xã Phú Cát,Huyện Quốc Oai,Thành phố Hà Nội,Thành phố Hà Nội,Xã Phú Cát,Xã,9952
Xã Phú Mãn,Huyện Quốc Oai,Thành phố Hà Nội,Thành phố Hà Nội,Xã Phú Cát,Xã,9952
Xã Phượng Sơn,Huyện Quốc Oai,Thành phố Hà Nội,Thành phố Hà Nội,Xã Quốc Oai,Xã,9895
Xã Phượng Sơn,Huyện Quốc Oai,Thành phố Hà Nội,Thành phố Hà Nội,Xã Tây Phương,Xã,10003
Xã Sài Sơn,Huyện Quốc Oai,Thành phố Hà Nội,Thành phố Hà Nội,Xã Quốc Oai,Xã,9895
Xã Thạch Thán,Huyện Quốc Oai,Thành phố Hà Nội,Thành phố Hà Nội,Xã Quốc Oai,Xã,9895
Xã Tuyết Nghĩa,Huyện Quốc Oai,Thành phố Hà Nội,Thành phố Hà Nội,Xã Kiều Phú,Xã,9910
Xã Đông Xuân,Huyện Quốc Oai,Thành phố Hà Nội,Thành phố Hà Nội,Xã Yên Xuân,Xã,4930
Xã Đông Yên,Huyện Quốc Oai,Thành phố Hà Nội,Thành phố Hà Nội,Xã Phú Cát,Xã,9952
Xã Đồng Quang,Huyện Quốc Oai,Thành phố Hà Nội,Thành phố Hà Nội,Xã Hưng Đạo,Xã,9931
Thị trấn Sóc Sơn,Huyện Sóc Sơn,Thành phố Hà Nội,Thành phố Hà Nội,Xã Sóc Sơn,Xã,376
Xã Bắc Phú,Huyện Sóc Sơn,Thành phố Hà Nội,Thành phố Hà Nội,Xã Đa Phúc,Xã,430
Xã Bắc Sơn,Huyện Sóc Sơn,Thành phố Hà Nội,Thành phố Hà Nội,Xã Trung Giã,Xã,385
Xã Hiền Ninh,Huyện Sóc Sơn,Thành phố Hà Nội,Thành phố Hà Nội,Xã Nội Bài,Xã,433
Xã Hồng Kỳ,Huyện Sóc Sơn,Thành phố Hà Nội,Thành phố Hà Nội,Xã Trung Giã,Xã,385
Xã Kim Lũ,Huyện Sóc Sơn,Thành phố Hà Nội,Thành phố Hà Nội,Xã Đa Phúc,Xã,430
Xã Mai Đình,Huyện Sóc Sơn,Thành phố Hà Nội,Thành phố Hà Nội,Xã Nội Bài,Xã,433
Xã Mai Đình,Huyện Sóc Sơn,Thành phố Hà Nội,Thành phố Hà Nội,Xã Sóc Sơn,Xã,376
Xã Minh Phú,Huyện Sóc Sơn,Thành phố Hà Nội,Thành phố Hà Nội,Xã Kim Anh,Xã,382
Xã Minh Trí,Huyện Sóc Sơn,Thành phố Hà Nội,Thành phố Hà Nội,Xã Kim Anh,Xã,382
Xã Nam Sơn,Huyện Sóc Sơn,Thành phố Hà Nội,Thành phố Hà Nội,Xã Trung Giã,Xã,385
Xã Phù Linh,Huyện Sóc Sơn,Thành phố Hà Nội,Thành phố Hà Nội,Xã Sóc Sơn,Xã,376
Xã Phù Lỗ,Huyện Sóc Sơn,Thành phố Hà Nội,Thành phố Hà Nội,Xã Sóc Sơn,Xã,376
Xã Phú Cường,Huyện Sóc Sơn,Thành phố Hà Nội,Thành phố Hà Nội,Xã Nội Bài,Xã,433
Xã Phú Minh,Huyện Sóc Sơn,Thành phố Hà Nội,Thành phố Hà Nội,Xã Nội Bài,Xã,433
Xã Phú Minh,Huyện Sóc Sơn,Thành phố Hà Nội,Thành phố Hà Nội,Xã Sóc Sơn,Xã,376
Xã Quang Tiến,Huyện Sóc Sơn,Thành phố Hà Nội,Thành phố Hà Nội,Xã Nội Bài,Xã,433
Xã Quang Tiến,Huyện Sóc Sơn,Thành phố Hà Nội,Thành phố Hà Nội,Xã Sóc Sơn,Xã,376
Xã Thanh Xuân,Huyện Sóc Sơn,Thành phố Hà Nội,Thành phố Hà Nội,Xã Nội Bài,Xã,433
Xã Tiên Dược,Huyện Sóc Sơn,Thành phố Hà Nội,Thành phố Hà Nội,Xã Sóc Sơn,Xã,376
Xã Trung Giã,Huyện Sóc Sơn,Thành phố Hà Nội,Thành phố Hà Nội,Xã Trung Giã,Xã,385
Xã Tân Dân,Huyện Sóc Sơn,Thành phố Hà Nội,Thành phố Hà Nội,Xã Kim Anh,Xã,382
Xã Tân Hưng,Huyện Sóc Sơn,Thành phố Hà Nội,Thành phố Hà Nội,Xã Đa Phúc,Xã,430
Xã Tân Minh,Huyện Sóc Sơn,Thành phố Hà Nội,Thành phố Hà Nội,Xã Sóc Sơn,Xã,376
Xã Việt Long,Huyện Sóc Sơn,Thành phố Hà Nội,Thành phố Hà Nội,Xã Đa Phúc,Xã,430
Xã Xuân Giang,Huyện Sóc Sơn,Thành phố Hà Nội,Thành phố Hà Nội,Xã Đa Phúc,Xã,430
Xã Xuân Thu,Huyện Sóc Sơn,Thành phố Hà Nội,Thành phố Hà Nội,Xã Đa Phúc,Xã,430
Xã Đông Xuân,Huyện Sóc Sơn,Thành phố Hà Nội,Thành phố Hà Nội,Xã Sóc Sơn,Xã,376
Xã Đức Hòa,Huyện Sóc Sơn,Thành phố Hà Nội,Thành phố Hà Nội,Xã Đa Phúc,Xã,430
Thị trấn Kim Bài,Huyện Thanh Oai,Thành phố Hà Nội,Thành phố Hà Nội,Xã Thanh Oai,Xã,10114
Xã Bình Minh,Huyện Thanh Oai,Thành phố Hà Nội,Thành phố Hà Nội,Xã Bình Minh,Xã,10126
Xã Bích Hòa,Huyện Thanh Oai,Thành phố Hà Nội,Thành phố Hà Nội,Xã Bình Minh,Xã,10126
Xã Cao Viên,Huyện Thanh Oai,Thành phố Hà Nội,Thành phố Hà Nội,Xã Bình Minh,Xã,10126
Xã Cao Xuân Dương,Huyện Thanh Oai,Thành phố Hà Nội,Thành phố Hà Nội,Xã Dân Hòa,Xã,10180
Xã Cự Khê,Huyện Thanh Oai,Thành phố Hà Nội,Thành phố Hà Nội,Phường Phú Lương,Phường,9568
Xã Cự Khê,Huyện Thanh Oai,Thành phố Hà Nội,Thành phố Hà Nội,Xã Bình Minh,Xã,10126
Xã Dân Hòa,Huyện Thanh Oai,Thành phố Hà Nội,Thành phố Hà Nội,Xã Dân Hòa,Xã,10180
Xã Hồng Dương,Huyện Thanh Oai,Thành phố Hà Nội,Thành phố Hà Nội,Xã Dân Hòa,Xã,10180
Xã Kim An,Huyện Thanh Oai,Thành phố Hà Nội,Thành phố Hà Nội,Xã Thanh Oai,Xã,10114
Xã Kim Thư,Huyện Thanh Oai,Thành phố Hà Nội,Thành phố Hà Nội,Xã Hòa Phú,Xã,10096
Xã Kim Thư,Huyện Thanh Oai,Thành phố Hà Nội,Thành phố Hà Nội,Xã Thanh Oai,Xã,10114
Xã Liên Châu,Huyện Thanh Oai,Thành phố Hà Nội,Thành phố Hà Nội,Xã Dân Hòa,Xã,10180
Xã Mỹ Hưng,Huyện Thanh Oai,Thành phố Hà Nội,Thành phố Hà Nội,Xã Tam Hưng,Xã,10144
Xã Phương Trung,Huyện Thanh Oai,Thành phố Hà Nội,Thành phố Hà Nội,Xã Thanh Oai,Xã,10114
Xã Tam Hưng,Huyện Thanh Oai,Thành phố Hà Nội,Thành phố Hà Nội,Xã Tam Hưng,Xã,10144
Xã Thanh Cao,Huyện Thanh Oai,Thành phố Hà Nội,Thành phố Hà Nội,Xã Bình Minh,Xã,10126
Xã Thanh Mai,Huyện Thanh Oai,Thành phố Hà Nội,Thành phố Hà Nội,Xã Thanh Oai,Xã,10114
Xã Thanh Thùy,Huyện Thanh Oai,Thành phố Hà Nội,Thành phố Hà Nội,Xã Tam Hưng,Xã,10144
Xã Thanh Văn,Huyện Thanh Oai,Thành phố Hà Nội,Thành phố Hà Nội,Xã Tam Hưng,Xã,10144
Xã Tân Ước,Huyện Thanh Oai,Thành phố Hà Nội,Thành phố Hà Nội,Xã Dân Hòa,Xã,10180
Xã Đỗ Động,Huyện Thanh Oai,Thành phố Hà Nội,Thành phố Hà Nội,Xã Thanh Oai,Xã,10114
Thị trấn Văn Điển,Huyện Thanh Trì,Thành phố Hà Nội,Thành phố Hà Nội,Phường Hoàng Liệt,Phường,337
Thị trấn Văn Điển,Huyện Thanh Trì,Thành phố Hà Nội,Thành phố Hà Nội,Xã Đại Thanh,Xã,664
Thị trấn Văn Điển,Huyện Thanh Trì,Thành phố Hà Nội,Thành phố Hà Nội,Xã Thanh Trì,Xã,640
Xã Duyên Hà,Huyện Thanh Trì,Thành phố Hà Nội,Thành phố Hà Nội,Xã Nam Phù,Xã,685
Xã Duyên Hà,Huyện Thanh Trì,Thành phố Hà Nội,Thành phố Hà Nội,Xã Thanh Trì,Xã,640
Xã Hữu Hòa,Huyện Thanh Trì,Thành phố Hà Nội,Thành phố Hà Nội,Phường Phú Lương,Phường,9568
Xã Hữu Hòa,Huyện Thanh Trì,Thành phố Hà Nội,Thành phố Hà Nội,Xã Đại Thanh,Xã,664
Xã Liên Ninh,Huyện Thanh Trì,Thành phố Hà Nội,Thành phố Hà Nội,Xã Nam Phù,Xã,685
Xã Liên Ninh,Huyện Thanh Trì,Thành phố Hà Nội,Thành phố Hà Nội,Xã Ngọc Hồi,Xã,679
Xã Ngũ Hiệp,Huyện Thanh Trì,Thành phố Hà Nội,Thành phố Hà Nội,Xã Nam Phù,Xã,685
Xã Ngũ Hiệp,Huyện Thanh Trì,Thành phố Hà Nội,Thành phố Hà Nội,Xã Thanh Trì,Xã,640
Xã Ngọc Hồi,Huyện Thanh Trì,Thành phố Hà Nội,Thành phố Hà Nội,Xã Ngọc Hồi,Xã,679
Xã Tam Hiệp,Huyện Thanh Trì,Thành phố Hà Nội,Thành phố Hà Nội,Phường Hoàng Liệt,Phường,337
Xã Tam Hiệp,Huyện Thanh Trì,Thành phố Hà Nội,Thành phố Hà Nội,Xã Đại Thanh,Xã,664
Xã Thanh Liệt,Huyện Thanh Trì,Thành phố Hà Nội,Thành phố Hà Nội,Phường Định Công,Phường,316
Xã Thanh Liệt,Huyện Thanh Trì,Thành phố Hà Nội,Thành phố Hà Nội,Phường Hoàng Liệt,Phường,337
Xã Thanh Liệt,Huyện Thanh Trì,Thành phố Hà Nội,Thành phố Hà Nội,Phường Thanh Liệt,Phường,643
Xã Tân Triều,Huyện Thanh Trì,Thành phố Hà Nội,Thành phố Hà Nội,Phường Định Công,Phường,316
Xã Tân Triều,Huyện Thanh Trì,Thành phố Hà Nội,Thành phố Hà Nội,Phường Hà Đông,Phường,9556
Xã Tân Triều,Huyện Thanh Trì,Thành phố Hà Nội,Thành phố Hà Nội,Phường Khương Đình,Phường,364
Xã Tân Triều,Huyện Thanh Trì,Thành phố Hà Nội,Thành phố Hà Nội,Phường Thanh Liệt,Phường,643
Xã Tả Thanh Oai,Huyện Thanh Trì,Thành phố Hà Nội,Thành phố Hà Nội,Phường Thanh Liệt,Phường,643
Xã Tả Thanh Oai,Huyện Thanh Trì,Thành phố Hà Nội,Thành phố Hà Nội,Xã Đại Thanh,Xã,664
Xã Tứ Hiệp,Huyện Thanh Trì,Thành phố Hà Nội,Thành phố Hà Nội,Phường Yên Sở,Phường,340
Xã Tứ Hiệp,Huyện Thanh Trì,Thành phố Hà Nội,Thành phố Hà Nội,Xã Thanh Trì,Xã,640
Xã Vĩnh Quỳnh,Huyện Thanh Trì,Thành phố Hà Nội,Thành phố Hà Nội,Xã Đại Thanh,Xã,664
Xã Vĩnh Quỳnh,Huyện Thanh Trì,Thành phố Hà Nội,Thành phố Hà Nội,Xã Thanh Trì,Xã,640
Xã Vạn Phúc,Huyện Thanh Trì,Thành phố Hà Nội,Thành phố Hà Nội,Xã Nam Phù,Xã,685
Xã Yên Mỹ,Huyện Thanh Trì,Thành phố Hà Nội,Thành phố Hà Nội,Xã Nam Phù,Xã,685
Xã Yên Mỹ,Huyện Thanh Trì,Thành phố Hà Nội,Thành phố Hà Nội,Xã Thanh Trì,Xã,640
Xã Đông Mỹ,Huyện Thanh Trì,Thành phố Hà Nội,Thành phố Hà Nội,Xã Hồng Vân,Xã,10210
Xã Đông Mỹ,Huyện Thanh Trì,Thành phố Hà Nội,Thành phố Hà Nội,Xã Nam Phù,Xã,685
Xã Đại áng,Huyện Thanh Trì,Thành phố Hà Nội,Thành phố Hà Nội,Xã Ngọc Hồi,Xã,679
Xã Đại áng,Huyện Thanh Trì,Thành phố Hà Nội,Thành phố Hà Nội,Xã Thường Tín,Xã,10183
Thị trấn Thường Tín,Huyện Thường Tín,Thành phố Hà Nội,Thành phố Hà Nội,Xã Thường Tín,Xã,10183
Xã Chương Dương,Huyện Thường Tín,Thành phố Hà Nội,Thành phố Hà Nội,Xã Chương Dương,Xã,10237
Xã Duyên Thái,Huyện Thường Tín,Thành phố Hà Nội,Thành phố Hà Nội,Xã Hồng Vân,Xã,10210
Xã Duyên Thái,Huyện Thường Tín,Thành phố Hà Nội,Thành phố Hà Nội,Xã Nam Phù,Xã,685
Xã Duyên Thái,Huyện Thường Tín,Thành phố Hà Nội,Thành phố Hà Nội,Xã Ngọc Hồi,Xã,679
Xã Dũng Tiến,Huyện Thường Tín,Thành phố Hà Nội,Thành phố Hà Nội,Xã Thượng Phúc,Xã,10231
Xã Hiền Giang,Huyện Thường Tín,Thành phố Hà Nội,Thành phố Hà Nội,Xã Thường Tín,Xã,10183
Xã Hà Hồi,Huyện Thường Tín,Thành phố Hà Nội,Thành phố Hà Nội,Xã Hồng Vân,Xã,10210
Xã Hòa Bình,Huyện Thường Tín,Thành phố Hà Nội,Thành phố Hà Nội,Xã Thường Tín,Xã,10183
Xã Hồng Vân,Huyện Thường Tín,Thành phố Hà Nội,Thành phố Hà Nội,Xã Hồng Vân,Xã,10210
Xã Khánh Hà,Huyện Thường Tín,Thành phố Hà Nội,Thành phố Hà Nội,Xã Ngọc Hồi,Xã,679
Xã Khánh Hà,Huyện Thường Tín,Thành phố Hà Nội,Thành phố Hà Nội,Xã Thường Tín,Xã,10183
Xã Liên Phương,Huyện Thường Tín,Thành phố Hà Nội,Thành phố Hà Nội,Xã Hồng Vân,Xã,10210
Xã Lê Lợi,Huyện Thường Tín,Thành phố Hà Nội,Thành phố Hà Nội,Xã Chương Dương,Xã,10237
Xã Minh Cường,Huyện Thường Tín,Thành phố Hà Nội,Thành phố Hà Nội,Xã Phú Xuyên,Xã,10273
Xã Nghiêm Xuyên,Huyện Thường Tín,Thành phố Hà Nội,Thành phố Hà Nội,Xã Thượng Phúc,Xã,10231
Xã Nguyễn Trãi,Huyện Thường Tín,Thành phố Hà Nội,Thành phố Hà Nội,Xã Thượng Phúc,Xã,10231
Xã Nhị Khê,Huyện Thường Tín,Thành phố Hà Nội,Thành phố Hà Nội,Xã Thường Tín,Xã,10183
Xã Ninh Sở,Huyện Thường Tín,Thành phố Hà Nội,Thành phố Hà Nội,Xã Hồng Vân,Xã,10210
Xã Ninh Sở,Huyện Thường Tín,Thành phố Hà Nội,Thành phố Hà Nội,Xã Nam Phù,Xã,685
Xã Quất Động,Huyện Thường Tín,Thành phố Hà Nội,Thành phố Hà Nội,Xã Thượng Phúc,Xã,10231
Xã Thắng Lợi,Huyện Thường Tín,Thành phố Hà Nội,Thành phố Hà Nội,Xã Chương Dương,Xã,10237
Xã Tiền Phong,Huyện Thường Tín,Thành phố Hà Nội,Thành phố Hà Nội,Xã Thường Tín,Xã,10183
Xã Tân Minh,Huyện Thường Tín,Thành phố Hà Nội,Thành phố Hà Nội,Xã Thượng Phúc,Xã,10231
Xã Tô Hiệu,Huyện Thường Tín,Thành phố Hà Nội,Thành phố Hà Nội,Xã Chương Dương,Xã,10237
Xã Tô Hiệu,Huyện Thường Tín,Thành phố Hà Nội,Thành phố Hà Nội,Xã Phú Xuyên,Xã,10273
Xã Tự Nhiên,Huyện Thường Tín,Thành phố Hà Nội,Thành phố Hà Nội,Xã Chương Dương,Xã,10237
Xã Vân Tảo,Huyện Thường Tín,Thành phố Hà Nội,Thành phố Hà Nội,Xã Hồng Vân,Xã,10210
Xã Văn Bình,Huyện Thường Tín,Thành phố Hà Nội,Thành phố Hà Nội,Xã Thường Tín,Xã,10183
Xã Văn Phú,Huyện Thường Tín,Thành phố Hà Nội,Thành phố Hà Nội,Xã Thường Tín,Xã,10183
Xã Văn Tự,Huyện Thường Tín,Thành phố Hà Nội,Thành phố Hà Nội,Xã Phú Xuyên,Xã,10273
Xã Vạn Nhất,Huyện Thường Tín,Thành phố Hà Nội,Thành phố Hà Nội,Xã Chương Dương,Xã,10237
Xã Vạn Nhất,Huyện Thường Tín,Thành phố Hà Nội,Thành phố Hà Nội,Xã Phú Xuyên,Xã,10273
Thị trấn Liên Quan,Huyện Thạch Thất,Thành phố Hà Nội,Thành phố Hà Nội,Xã Thạch Thất,Xã,9955
Xã Bình Yên,Huyện Thạch Thất,Thành phố Hà Nội,Thành phố Hà Nội,Xã Hạ Bằng,Xã,9982
Xã Bình Yên,Huyện Thạch Thất,Thành phố Hà Nội,Thành phố Hà Nội,Xã Hòa Lạc,Xã,9988
Xã Cần Kiệm,Huyện Thạch Thất,Thành phố Hà Nội,Thành phố Hà Nội,Xã Hạ Bằng,Xã,9982
Xã Cẩm Yên,Huyện Thạch Thất,Thành phố Hà Nội,Thành phố Hà Nội,Xã Thạch Thất,Xã,9955
Xã Hương Ngải,Huyện Thạch Thất,Thành phố Hà Nội,Thành phố Hà Nội,Xã Tây Phương,Xã,10003
Xã Hạ Bằng,Huyện Thạch Thất,Thành phố Hà Nội,Thành phố Hà Nội,Xã Hạ Bằng,Xã,9982
Xã Hạ Bằng,Huyện Thạch Thất,Thành phố Hà Nội,Thành phố Hà Nội,Xã Hòa Lạc,Xã,9988
Xã Kim Quan,Huyện Thạch Thất,Thành phố Hà Nội,Thành phố Hà Nội,Xã Thạch Thất,Xã,9955
Xã Lam Sơn,Huyện Thạch Thất,Thành phố Hà Nội,Thành phố Hà Nội,Xã Tây Phương,Xã,10003
Xã Lại Thượng,Huyện Thạch Thất,Thành phố Hà Nội,Thành phố Hà Nội,Xã Thạch Thất,Xã,9955
Xã Phùng Xá,Huyện Thạch Thất,Thành phố Hà Nội,Thành phố Hà Nội,Xã Tây Phương,Xã,10003
Xã Phú Kim,Huyện Thạch Thất,Thành phố Hà Nội,Thành phố Hà Nội,Xã Thạch Thất,Xã,9955
Xã Quang Trung,Huyện Thạch Thất,Thành phố Hà Nội,Thành phố Hà Nội,Xã Kiều Phú,Xã,9910
Xã Quang Trung,Huyện Thạch Thất,Thành phố Hà Nội,Thành phố Hà Nội,Xã Tây Phương,Xã,10003
Xã Thạch Hòa,Huyện Thạch Thất,Thành phố Hà Nội,Thành phố Hà Nội,Xã Hòa Lạc,Xã,9988
Xã Thạch Hòa,Huyện Thạch Thất,Thành phố Hà Nội,Thành phố Hà Nội,Xã Yên Bài,Xã,9706
Xã Thạch Hòa,Huyện Thạch Thất,Thành phố Hà Nội,Thành phố Hà Nội,Xã Yên Xuân,Xã,4930
Xã Thạch Xá,Huyện Thạch Thất,Thành phố Hà Nội,Thành phố Hà Nội,Xã Tây Phương,Xã,10003
Xã Tiến Xuân,Huyện Thạch Thất,Thành phố Hà Nội,Thành phố Hà Nội,Xã Hòa Lạc,Xã,9988
Xã Tiến Xuân,Huyện Thạch Thất,Thành phố Hà Nội,Thành phố Hà Nội,Xã Yên Xuân,Xã,4930
Xã Tân Xã,Huyện Thạch Thất,Thành phố Hà Nội,Thành phố Hà Nội,Xã Hạ Bằng,Xã,9982
Xã Tân Xã,Huyện Thạch Thất,Thành phố Hà Nội,Thành phố Hà Nội,Xã Hòa Lạc,Xã,9988
Xã Yên Bình,Huyện Thạch Thất,Thành phố Hà Nội,Thành phố Hà Nội,Xã Yên Xuân,Xã,4930
Xã Yên Trung,Huyện Thạch Thất,Thành phố Hà Nội,Thành phố Hà Nội,Xã Yên Xuân,Xã,4930
Xã Đại Đồng,Huyện Thạch Thất,Thành phố Hà Nội,Thành phố Hà Nội,Xã Thạch Thất,Xã,9955
Xã Đồng Trúc,Huyện Thạch Thất,Thành phố Hà Nội,Thành phố Hà Nội,Xã Hạ Bằng,Xã,9982
Thị trấn Phùng,Huyện Đan Phượng,Thành phố Hà Nội,Thành phố Hà Nội,Xã Đan Phượng,Xã,9784
Xã Hạ Mỗ,Huyện Đan Phượng,Thành phố Hà Nội,Thành phố Hà Nội,Xã Ô Diên,Xã,9817
Xã Hồng Hà,Huyện Đan Phượng,Thành phố Hà Nội,Thành phố Hà Nội,Xã Liên Minh,Xã,9787
Xã Hồng Hà,Huyện Đan Phượng,Thành phố Hà Nội,Thành phố Hà Nội,Xã Mê Linh,Xã,9022
Xã Hồng Hà,Huyện Đan Phượng,Thành phố Hà Nội,Thành phố Hà Nội,Xã Ô Diên,Xã,9817
Xã Hồng Hà,Huyện Đan Phượng,Thành phố Hà Nội,Thành phố Hà Nội,Xã Yên Lãng,Xã,8980
Xã Liên Hà,Huyện Đan Phượng,Thành phố Hà Nội,Thành phố Hà Nội,Xã Mê Linh,Xã,9022
Xã Liên Hà,Huyện Đan Phượng,Thành phố Hà Nội,Thành phố Hà Nội,Xã Ô Diên,Xã,9817
Xã Liên Hồng,Huyện Đan Phượng,Thành phố Hà Nội,Thành phố Hà Nội,Xã Mê Linh,Xã,9022
Xã Liên Hồng,Huyện Đan Phượng,Thành phố Hà Nội,Thành phố Hà Nội,Xã Ô Diên,Xã,9817
Xã Liên Trung,Huyện Đan Phượng,Thành phố Hà Nội,Thành phố Hà Nội,Xã Mê Linh,Xã,9022
Xã Liên Trung,Huyện Đan Phượng,Thành phố Hà Nội,Thành phố Hà Nội,Xã Ô Diên,Xã,9817
Xã Phương Đình,Huyện Đan Phượng,Thành phố Hà Nội,Thành phố Hà Nội,Xã Liên Minh,Xã,9787
Xã Song Phượng,Huyện Đan Phượng,Thành phố Hà Nội,Thành phố Hà Nội,Xã Đan Phượng,Xã,9784
Xã Thượng Mỗ,Huyện Đan Phượng,Thành phố Hà Nội,Thành phố Hà Nội,Xã Đan Phượng,Xã,9784
Xã Thọ An,Huyện Đan Phượng,Thành phố Hà Nội,Thành phố Hà Nội,Xã Liên Minh,Xã,9787
Xã Thọ An,Huyện Đan Phượng,Thành phố Hà Nội,Thành phố Hà Nội,Xã Yên Lãng,Xã,8980
Xã Thọ Xuân,Huyện Đan Phượng,Thành phố Hà Nội,Thành phố Hà Nội,Xã Liên Minh,Xã,9787
Xã Thọ Xuân,Huyện Đan Phượng,Thành phố Hà Nội,Thành phố Hà Nội,Xã Yên Lãng,Xã,8980
Xã Trung Châu,Huyện Đan Phượng,Thành phố Hà Nội,Thành phố Hà Nội,Xã Liên Minh,Xã,9787
Xã Trung Châu,Huyện Đan Phượng,Thành phố Hà Nội,Thành phố Hà Nội,Xã Yên Lãng,Xã,8980
Xã Tân Hội,Huyện Đan Phượng,Thành phố Hà Nội,Thành phố Hà Nội,Xã Ô Diên,Xã,9817
Xã Tân Lập,Huyện Đan Phượng,Thành phố Hà Nội,Thành phố Hà Nội,Xã Hoài Đức,Xã,9832
Xã Tân Lập,Huyện Đan Phượng,Thành phố Hà Nội,Thành phố Hà Nội,Xã Ô Diên,Xã,9817
Xã Đan Phượng,Huyện Đan Phượng,Thành phố Hà Nội,Thành phố Hà Nội,Xã Đan Phượng,Xã,9784
Xã Đồng Tháp,Huyện Đan Phượng,Thành phố Hà Nội,Thành phố Hà Nội,Xã Đan Phượng,Xã,9784
Thị trấn Đông Anh,Huyện Đông Anh,Thành phố Hà Nội,Thành phố Hà Nội,Xã Đông Anh,Xã,454
Thị trấn Đông Anh,Huyện Đông Anh,Thành phố Hà Nội,Thành phố Hà Nội,Xã Phúc Thịnh,Xã,466
Thị trấn Đông Anh,Huyện Đông Anh,Thành phố Hà Nội,Thành phố Hà Nội,Xã Thư Lâm,Xã,475
Xã Bắc Hồng,Huyện Đông Anh,Thành phố Hà Nội,Thành phố Hà Nội,Xã Phúc Thịnh,Xã,466
Xã Cổ Loa,Huyện Đông Anh,Thành phố Hà Nội,Thành phố Hà Nội,Xã Đông Anh,Xã,454
Xã Dục Tú,Huyện Đông Anh,Thành phố Hà Nội,Thành phố Hà Nội,Xã Đông Anh,Xã,454
Xã Dục Tú,Huyện Đông Anh,Thành phố Hà Nội,Thành phố Hà Nội,Xã Thư Lâm,Xã,475
Xã Hải Bối,Huyện Đông Anh,Thành phố Hà Nội,Thành phố Hà Nội,Xã Thiên Lộc,Xã,493
Xã Hải Bối,Huyện Đông Anh,Thành phố Hà Nội,Thành phố Hà Nội,Xã Vĩnh Thanh,Xã,508
Xã Kim Chung,Huyện Đông Anh,Thành phố Hà Nội,Thành phố Hà Nội,Xã Thiên Lộc,Xã,493
Xã Kim Chung,Huyện Đông Anh,Thành phố Hà Nội,Thành phố Hà Nội,Xã Vĩnh Thanh,Xã,508
Xã Kim Nỗ,Huyện Đông Anh,Thành phố Hà Nội,Thành phố Hà Nội,Xã Thiên Lộc,Xã,493
Xã Kim Nỗ,Huyện Đông Anh,Thành phố Hà Nội,Thành phố Hà Nội,Xã Vĩnh Thanh,Xã,508
Xã Liên Hà,Huyện Đông Anh,Thành phố Hà Nội,Thành phố Hà Nội,Xã Đông Anh,Xã,454
Xã Liên Hà,Huyện Đông Anh,Thành phố Hà Nội,Thành phố Hà Nội,Xã Thư Lâm,Xã,475
Xã Mai Lâm,Huyện Đông Anh,Thành phố Hà Nội,Thành phố Hà Nội,Xã Đông Anh,Xã,454
Xã Nam Hồng,Huyện Đông Anh,Thành phố Hà Nội,Thành phố Hà Nội,Xã Phúc Thịnh,Xã,466
Xã Nguyên Khê,Huyện Đông Anh,Thành phố Hà Nội,Thành phố Hà Nội,Xã Phúc Thịnh,Xã,466
Xã Nguyên Khê,Huyện Đông Anh,Thành phố Hà Nội,Thành phố Hà Nội,Xã Thư Lâm,Xã,475
Xã Thụy Lâm,Huyện Đông Anh,Thành phố Hà Nội,Thành phố Hà Nội,Xã Thư Lâm,Xã,475
Xã Tiên Dương,Huyện Đông Anh,Thành phố Hà Nội,Thành phố Hà Nội,Xã Đông Anh,Xã,454
Xã Tiên Dương,Huyện Đông Anh,Thành phố Hà Nội,Thành phố Hà Nội,Xã Phúc Thịnh,Xã,466
Xã Tàm Xá,Huyện Đông Anh,Thành phố Hà Nội,Thành phố Hà Nội,Xã Đông Anh,Xã,454
Xã Tàm Xá,Huyện Đông Anh,Thành phố Hà Nội,Thành phố Hà Nội,Xã Vĩnh Thanh,Xã,508
Xã Uy Nỗ,Huyện Đông Anh,Thành phố Hà Nội,Thành phố Hà Nội,Xã Đông Anh,Xã,454
Xã Uy Nỗ,Huyện Đông Anh,Thành phố Hà Nội,Thành phố Hà Nội,Xã Thư Lâm,Xã,475
Xã Việt Hùng,Huyện Đông Anh,Thành phố Hà Nội,Thành phố Hà Nội,Xã Đông Anh,Xã,454
Xã Việt Hùng,Huyện Đông Anh,Thành phố Hà Nội,Thành phố Hà Nội,Xã Thư Lâm,Xã,475
Xã Vân Hà,Huyện Đông Anh,Thành phố Hà Nội,Thành phố Hà Nội,Xã Thư Lâm,Xã,475
Xã Vân Nội,Huyện Đông Anh,Thành phố Hà Nội,Thành phố Hà Nội,Xã Phúc Thịnh,Xã,466
Xã Võng La,Huyện Đông Anh,Thành phố Hà Nội,Thành phố Hà Nội,Xã Thiên Lộc,Xã,493
Xã Vĩnh Ngọc,Huyện Đông Anh,Thành phố Hà Nội,Thành phố Hà Nội,Xã Đông Anh,Xã,454
Xã Vĩnh Ngọc,Huyện Đông Anh,Thành phố Hà Nội,Thành phố Hà Nội,Xã Phúc Thịnh,Xã,466
Xã Vĩnh Ngọc,Huyện Đông Anh,Thành phố Hà Nội,Thành phố Hà Nội,Xã Vĩnh Thanh,Xã,508
Xã Xuân Canh,Huyện Đông Anh,Thành phố Hà Nội,Thành phố Hà Nội,Xã Đông Anh,Xã,454
Xã Xuân Canh,Huyện Đông Anh,Thành phố Hà Nội,Thành phố Hà Nội,Xã Vĩnh Thanh,Xã,508
Xã Xuân Nộn,Huyện Đông Anh,Thành phố Hà Nội,Thành phố Hà Nội,Xã Phúc Thịnh,Xã,466
Xã Xuân Nộn,Huyện Đông Anh,Thành phố Hà Nội,Thành phố Hà Nội,Xã Thư Lâm,Xã,475
Xã Đông Hội,Huyện Đông Anh,Thành phố Hà Nội,Thành phố Hà Nội,Xã Đông Anh,Xã,454
Xã Đại Mạch,Huyện Đông Anh,Thành phố Hà Nội,Thành phố Hà Nội,Xã Mê Linh,Xã,9022
Xã Đại Mạch,Huyện Đông Anh,Thành phố Hà Nội,Thành phố Hà Nội,Xã Thiên Lộc,Xã,493
Thị trấn Vân Đình,Huyện Ứng Hòa,Thành phố Hà Nội,Thành phố Hà Nội,Xã Vân Đình,Xã,10354
Xã Bình Lưu Quang,Huyện Ứng Hòa,Thành phố Hà Nội,Thành phố Hà Nội,Xã Hòa Xá,Xã,10417
Xã Cao Sơn Tiến,Huyện Ứng Hòa,Thành phố Hà Nội,Thành phố Hà Nội,Xã Vân Đình,Xã,10354
Xã Hoa Viên,Huyện Ứng Hòa,Thành phố Hà Nội,Thành phố Hà Nội,Xã Ứng Thiên,Xã,10369
Xã Hòa Phú,Huyện Ứng Hòa,Thành phố Hà Nội,Thành phố Hà Nội,Xã Hòa Xá,Xã,10417
Xã Kim Đường,Huyện Ứng Hòa,Thành phố Hà Nội,Thành phố Hà Nội,Xã Ứng Hòa,Xã,10402
Xã Liên Bạt,Huyện Ứng Hòa,Thành phố Hà Nội,Thành phố Hà Nội,Xã Ứng Thiên,Xã,10369
Xã Minh Đức,Huyện Ứng Hòa,Thành phố Hà Nội,Thành phố Hà Nội,Xã Ứng Hòa,Xã,10402
Xã Phù Lưu,Huyện Ứng Hòa,Thành phố Hà Nội,Thành phố Hà Nội,Xã Hòa Xá,Xã,10417
Xã Phương Tú,Huyện Ứng Hòa,Thành phố Hà Nội,Thành phố Hà Nội,Xã Vân Đình,Xã,10354
Xã Quảng Phú Cầu,Huyện Ứng Hòa,Thành phố Hà Nội,Thành phố Hà Nội,Xã Ứng Thiên,Xã,10369
Xã Thái Hòa,Huyện Ứng Hòa,Thành phố Hà Nội,Thành phố Hà Nội,Xã Hòa Xá,Xã,10417
Xã Trung Tú,Huyện Ứng Hòa,Thành phố Hà Nội,Thành phố Hà Nội,Xã Ứng Hòa,Xã,10402
Xã Trường Thịnh,Huyện Ứng Hòa,Thành phố Hà Nội,Thành phố Hà Nội,Xã Ứng Thiên,Xã,10369
Xã Trầm Lộng,Huyện Ứng Hòa,Thành phố Hà Nội,Thành phố Hà Nội,Xã Ứng Hòa,Xã,10402
Xã Tảo Dương Văn,Huyện Ứng Hòa,Thành phố Hà Nội,Thành phố Hà Nội,Xã Vân Đình,Xã,10354
Xã Đông Lỗ,Huyện Ứng Hòa,Thành phố Hà Nội,Thành phố Hà Nội,Xã Ứng Hòa,Xã,10402
Xã Đại Cường,Huyện Ứng Hòa,Thành phố Hà Nội,Thành phố Hà Nội,Xã Ứng Hòa,Xã,10402
Xã Đại Hùng,Huyện Ứng Hòa,Thành phố Hà Nội,Thành phố Hà Nội,Xã Ứng Hòa,Xã,10402
Xã Đồng Tân,Huyện Ứng Hòa,Thành phố Hà Nội,Thành phố Hà Nội,Xã Ứng Hòa,Xã,10402
Phường Cống Vị,Quận Ba Đình,Thành phố Hà Nội,Thành phố Hà Nội,Phường Giảng Võ,Phường,25
Phường Cống Vị,Quận Ba Đình,Thành phố Hà Nội,Thành phố Hà Nội,Phường Ngọc Hà,Phường,8
Phường Giảng Võ,Quận Ba Đình,Thành phố Hà Nội,Thành phố Hà Nội,Phường Giảng Võ,Phường,25
Phường Kim Mã,Quận Ba Đình,Thành phố Hà Nội,Thành phố Hà Nội,Phường Ba Đình,Phường,4
Phường Kim Mã,Quận Ba Đình,Thành phố Hà Nội,Thành phố Hà Nội,Phường Giảng Võ,Phường,25
Phường Kim Mã,Quận Ba Đình,Thành phố Hà Nội,Thành phố Hà Nội,Phường Ngọc Hà,Phường,8
Phường Liễu Giai,Quận Ba Đình,Thành phố Hà Nội,Thành phố Hà Nội,Phường Ngọc Hà,Phường,8
Phường Ngọc Hà,Quận Ba Đình,Thành phố Hà Nội,Thành phố Hà Nội,Phường Ba Đình,Phường,4
Phường Ngọc Hà,Quận Ba Đình,Thành phố Hà Nội,Thành phố Hà Nội,Phường Ngọc Hà,Phường,8
Phường Ngọc Khánh,Quận Ba Đình,Thành phố Hà Nội,Thành phố Hà Nội,Phường Giảng Võ,Phường,25
Phường Ngọc Khánh,Quận Ba Đình,Thành phố Hà Nội,Thành phố Hà Nội,Phường Láng,Phường,199
Phường Ngọc Khánh,Quận Ba Đình,Thành phố Hà Nội,Thành phố Hà Nội,Phường Ngọc Hà,Phường,8
Phường Phúc Xá,Quận Ba Đình,Thành phố Hà Nội,Thành phố Hà Nội,Phường Hồng Hà,Phường,97
Phường Quán Thánh,Quận Ba Đình,Thành phố Hà Nội,Thành phố Hà Nội,Phường Ba Đình,Phường,4
Phường Thành Công,Quận Ba Đình,Thành phố Hà Nội,Thành phố Hà Nội,Phường Giảng Võ,Phường,25
Phường Thành Công,Quận Ba Đình,Thành phố Hà Nội,Thành phố Hà Nội,Phường Ô Chợ Dừa,Phường,190
Phường Trúc Bạch,Quận Ba Đình,Thành phố Hà Nội,Thành phố Hà Nội,Phường Ba Đình,Phường,4
Phường Vĩnh Phúc,Quận Ba Đình,Thành phố Hà Nội,Thành phố Hà Nội,Phường Ngọc Hà,Phường,8
Phường Điện Biên,Quận Ba Đình,Thành phố Hà Nội,Thành phố Hà Nội,Phường Ba Đình,Phường,4
Phường Điện Biên,Quận Ba Đình,Thành phố Hà Nội,Thành phố Hà Nội,Phường Hoàn Kiếm,Phường,70
Phường Điện Biên,Quận Ba Đình,Thành phố Hà Nội,Thành phố Hà Nội,Phường Ô Chợ Dừa,Phường,190
Phường Điện Biên,Quận Ba Đình,Thành phố Hà Nội,Thành phố Hà Nội,Phường Văn Miếu - Quốc Tử Giám,Phường,226
Phường Đội Cấn,Quận Ba Đình,Thành phố Hà Nội,Thành phố Hà Nội,Phường Ba Đình,Phường,4
Phường Đội Cấn,Quận Ba Đình,Thành phố Hà Nội,Thành phố Hà Nội,Phường Ngọc Hà,Phường,8
Phường Cổ Nhuế 1,Quận Bắc Từ Liêm,Thành phố Hà Nội,Thành phố Hà Nội,Phường Nghĩa Đô,Phường,160
Phường Cổ Nhuế 1,Quận Bắc Từ Liêm,Thành phố Hà Nội,Thành phố Hà Nội,Phường Phú Diễn,Phường,619
Phường Cổ Nhuế 1,Quận Bắc Từ Liêm,Thành phố Hà Nội,Thành phố Hà Nội,Phường Xuân Đỉnh,Phường,611
Phường Cổ Nhuế 2,Quận Bắc Từ Liêm,Thành phố Hà Nội,Thành phố Hà Nội,Phường Đông Ngạc,Phường,602
Phường Cổ Nhuế 2,Quận Bắc Từ Liêm,Thành phố Hà Nội,Thành phố Hà Nội,Phường Thượng Cát,Phường,598
Phường Liên Mạc,Quận Bắc Từ Liêm,Thành phố Hà Nội,Thành phố Hà Nội,Phường Thượng Cát,Phường,598
Phường Minh Khai,Quận Bắc Từ Liêm,Thành phố Hà Nội,Thành phố Hà Nội,Phường Đông Ngạc,Phường,602
Phường Minh Khai,Quận Bắc Từ Liêm,Thành phố Hà Nội,Thành phố Hà Nội,Phường Tây Tựu,Phường,613
Phường Minh Khai,Quận Bắc Từ Liêm,Thành phố Hà Nội,Thành phố Hà Nội,Phường Thượng Cát,Phường,598
Phường Minh Khai,Quận Bắc Từ Liêm,Thành phố Hà Nội,Thành phố Hà Nội,Phường Xuân Phương,Phường,622
Phường Phú Diễn,Quận Bắc Từ Liêm,Thành phố Hà Nội,Thành phố Hà Nội,Phường Phú Diễn,Phường,619
Phường Phúc Diễn,Quận Bắc Từ Liêm,Thành phố Hà Nội,Thành phố Hà Nội,Phường Phú Diễn,Phường,619
Phường Phúc Diễn,Quận Bắc Từ Liêm,Thành phố Hà Nội,Thành phố Hà Nội,Phường Xuân Phương,Phường,622
Phường Thượng Cát,Quận Bắc Từ Liêm,Thành phố Hà Nội,Thành phố Hà Nội,Phường Thượng Cát,Phường,598
Phường Thụy Phương,Quận Bắc Từ Liêm,Thành phố Hà Nội,Thành phố Hà Nội,Phường Đông Ngạc,Phường,602
Phường Thụy Phương,Quận Bắc Từ Liêm,Thành phố Hà Nội,Thành phố Hà Nội,Phường Thượng Cát,Phường,598
Phường Tây Tựu,Quận Bắc Từ Liêm,Thành phố Hà Nội,Thành phố Hà Nội,Phường Tây Tựu,Phường,613
Phường Tây Tựu,Quận Bắc Từ Liêm,Thành phố Hà Nội,Thành phố Hà Nội,Phường Thượng Cát,Phường,598
Phường Tây Tựu,Quận Bắc Từ Liêm,Thành phố Hà Nội,Thành phố Hà Nội,Xã Hoài Đức,Xã,9832
Phường Tây Tựu,Quận Bắc Từ Liêm,Thành phố Hà Nội,Thành phố Hà Nội,Xã Ô Diên,Xã,9817
Phường Xuân Tảo,Quận Bắc Từ Liêm,Thành phố Hà Nội,Thành phố Hà Nội,Phường Nghĩa Đô,Phường,160
Phường Xuân Tảo,Quận Bắc Từ Liêm,Thành phố Hà Nội,Thành phố Hà Nội,Phường Phú Thượng,Phường,91
Phường Xuân Tảo,Quận Bắc Từ Liêm,Thành phố Hà Nội,Thành phố Hà Nội,Phường Xuân Đỉnh,Phường,611
Phường Xuân Đỉnh,Quận Bắc Từ Liêm,Thành phố Hà Nội,Thành phố Hà Nội,Phường Đông Ngạc,Phường,602
Phường Xuân Đỉnh,Quận Bắc Từ Liêm,Thành phố Hà Nội,Thành phố Hà Nội,Phường Phú Thượng,Phường,91
Phường Xuân Đỉnh,Quận Bắc Từ Liêm,Thành phố Hà Nội,Thành phố Hà Nội,Phường Xuân Đỉnh,Phường,611
Phường Đông Ngạc,Quận Bắc Từ Liêm,Thành phố Hà Nội,Thành phố Hà Nội,Phường Đông Ngạc,Phường,602
Phường Đông Ngạc,Quận Bắc Từ Liêm,Thành phố Hà Nội,Thành phố Hà Nội,Phường Phú Thượng,Phường,91
Phường Đức Thắng,Quận Bắc Từ Liêm,Thành phố Hà Nội,Thành phố Hà Nội,Phường Đông Ngạc,Phường,602
Phường Dịch Vọng,Quận Cầu Giấy,Thành phố Hà Nội,Thành phố Hà Nội,Phường Cầu Giấy,Phường,166
Phường Dịch Vọng,Quận Cầu Giấy,Thành phố Hà Nội,Thành phố Hà Nội,Phường Nghĩa Đô,Phường,160
Phường Dịch Vọng Hậu,Quận Cầu Giấy,Thành phố Hà Nội,Thành phố Hà Nội,Phường Cầu Giấy,Phường,166
Phường Dịch Vọng Hậu,Quận Cầu Giấy,Thành phố Hà Nội,Thành phố Hà Nội,Phường Nghĩa Đô,Phường,160
Phường Mai Dịch,Quận Cầu Giấy,Thành phố Hà Nội,Thành phố Hà Nội,Phường Nghĩa Đô,Phường,160
Phường Mai Dịch,Quận Cầu Giấy,Thành phố Hà Nội,Thành phố Hà Nội,Phường Phú Diễn,Phường,619
Phường Mai Dịch,Quận Cầu Giấy,Thành phố Hà Nội,Thành phố Hà Nội,Phường Từ Liêm,Phường,592
Phường Nghĩa Tân,Quận Cầu Giấy,Thành phố Hà Nội,Thành phố Hà Nội,Phường Nghĩa Đô,Phường,160
Phường Nghĩa Đô,Quận Cầu Giấy,Thành phố Hà Nội,Thành phố Hà Nội,Phường Nghĩa Đô,Phường,160
Phường Nghĩa Đô,Quận Cầu Giấy,Thành phố Hà Nội,Thành phố Hà Nội,Phường Ngọc Hà,Phường,8
Phường Nghĩa Đô,Quận Cầu Giấy,Thành phố Hà Nội,Thành phố Hà Nội,Phường Tây Hồ,Phường,103
Phường Quan Hoa,Quận Cầu Giấy,Thành phố Hà Nội,Thành phố Hà Nội,Phường Cầu Giấy,Phường,166
Phường Quan Hoa,Quận Cầu Giấy,Thành phố Hà Nội,Thành phố Hà Nội,Phường Nghĩa Đô,Phường,160
Phường Trung Hòa,Quận Cầu Giấy,Thành phố Hà Nội,Thành phố Hà Nội,Phường Đại Mỗ,Phường,637
Phường Trung Hòa,Quận Cầu Giấy,Thành phố Hà Nội,Thành phố Hà Nội,Phường Thanh Xuân,Phường,367
Phường Trung Hòa,Quận Cầu Giấy,Thành phố Hà Nội,Thành phố Hà Nội,Phường Yên Hòa,Phường,175
Phường Yên Hòa,Quận Cầu Giấy,Thành phố Hà Nội,Thành phố Hà Nội,Phường Cầu Giấy,Phường,166
Phường Yên Hòa,Quận Cầu Giấy,Thành phố Hà Nội,Thành phố Hà Nội,Phường Yên Hòa,Phường,175
Phường Bách Khoa,Quận Hai Bà Trưng,Thành phố Hà Nội,Thành phố Hà Nội,Phường Bạch Mai,Phường,292
Phường Bạch Mai,Quận Hai Bà Trưng,Thành phố Hà Nội,Thành phố Hà Nội,Phường Bạch Mai,Phường,292
Phường Bạch Đằng,Quận Hai Bà Trưng,Thành phố Hà Nội,Thành phố Hà Nội,Phường Hai Bà Trưng,Phường,256
Phường Bạch Đằng,Quận Hai Bà Trưng,Thành phố Hà Nội,Thành phố Hà Nội,Phường Hồng Hà,Phường,97
Phường Lê Đại Hành,Quận Hai Bà Trưng,Thành phố Hà Nội,Thành phố Hà Nội,Phường Bạch Mai,Phường,292
Phường Lê Đại Hành,Quận Hai Bà Trưng,Thành phố Hà Nội,Thành phố Hà Nội,Phường Hai Bà Trưng,Phường,256
Phường Lê Đại Hành,Quận Hai Bà Trưng,Thành phố Hà Nội,Thành phố Hà Nội,Phường Văn Miếu - Quốc Tử Giám,Phường,226
Phường Minh Khai,Quận Hai Bà Trưng,Thành phố Hà Nội,Thành phố Hà Nội,Phường Bạch Mai,Phường,292
Phường Minh Khai,Quận Hai Bà Trưng,Thành phố Hà Nội,Thành phố Hà Nội,Phường Tương Mai,Phường,322
Phường Nguyễn Du,Quận Hai Bà Trưng,Thành phố Hà Nội,Thành phố Hà Nội,Phường Cửa Nam,Phường,82
Phường Nguyễn Du,Quận Hai Bà Trưng,Thành phố Hà Nội,Thành phố Hà Nội,Phường Hai Bà Trưng,Phường,256
Phường Nguyễn Du,Quận Hai Bà Trưng,Thành phố Hà Nội,Thành phố Hà Nội,Phường Văn Miếu - Quốc Tử Giám,Phường,226
Phường Phạm Đình Hổ,Quận Hai Bà Trưng,Thành phố Hà Nội,Thành phố Hà Nội,Phường Cửa Nam,Phường,82
Phường Phạm Đình Hổ,Quận Hai Bà Trưng,Thành phố Hà Nội,Thành phố Hà Nội,Phường Hai Bà Trưng,Phường,256
Phường Phố Huế,Quận Hai Bà Trưng,Thành phố Hà Nội,Thành phố Hà Nội,Phường Hai Bà Trưng,Phường,256
Phường Quỳnh Mai,Quận Hai Bà Trưng,Thành phố Hà Nội,Thành phố Hà Nội,Phường Bạch Mai,Phường,292
Phường Thanh Lương,Quận Hai Bà Trưng,Thành phố Hà Nội,Thành phố Hà Nội,Phường Hồng Hà,Phường,97
Phường Thanh Lương,Quận Hai Bà Trưng,Thành phố Hà Nội,Thành phố Hà Nội,Phường Lĩnh Nam,Phường,328
Phường Thanh Lương,Quận Hai Bà Trưng,Thành phố Hà Nội,Thành phố Hà Nội,Phường Vĩnh Tuy,Phường,283
Phường Thanh Nhàn,Quận Hai Bà Trưng,Thành phố Hà Nội,Thành phố Hà Nội,Phường Bạch Mai,Phường,292
Phường Thanh Nhàn,Quận Hai Bà Trưng,Thành phố Hà Nội,Thành phố Hà Nội,Phường Hai Bà Trưng,Phường,256
Phường Trương Định,Quận Hai Bà Trưng,Thành phố Hà Nội,Thành phố Hà Nội,Phường Bạch Mai,Phường,292
Phường Trương Định,Quận Hai Bà Trưng,Thành phố Hà Nội,Thành phố Hà Nội,Phường Tương Mai,Phường,322
Phường Vĩnh Tuy,Quận Hai Bà Trưng,Thành phố Hà Nội,Thành phố Hà Nội,Phường Vĩnh Hưng,Phường,301
Phường Vĩnh Tuy,Quận Hai Bà Trưng,Thành phố Hà Nội,Thành phố Hà Nội,Phường Vĩnh Tuy,Phường,283
Phường Đồng Nhân,Quận Hai Bà Trưng,Thành phố Hà Nội,Thành phố Hà Nội,Phường Hai Bà Trưng,Phường,256
Phường Đồng Tâm,Quận Hai Bà Trưng,Thành phố Hà Nội,Thành phố Hà Nội,Phường Bạch Mai,Phường,292
Phường Đồng Tâm,Quận Hai Bà Trưng,Thành phố Hà Nội,Thành phố Hà Nội,Phường Tương Mai,Phường,322
Phường Chương Dương,Quận Hoàn Kiếm,Thành phố Hà Nội,Thành phố Hà Nội,Phường Hồng Hà,Phường,97
Phường Cửa Nam,Quận Hoàn Kiếm,Thành phố Hà Nội,Thành phố Hà Nội,Phường Ba Đình,Phường,4
Phường Cửa Nam,Quận Hoàn Kiếm,Thành phố Hà Nội,Thành phố Hà Nội,Phường Cửa Nam,Phường,82
Phường Cửa Nam,Quận Hoàn Kiếm,Thành phố Hà Nội,Thành phố Hà Nội,Phường Hoàn Kiếm,Phường,70
Phường Cửa Nam,Quận Hoàn Kiếm,Thành phố Hà Nội,Thành phố Hà Nội,Phường Văn Miếu - Quốc Tử Giám,Phường,226
Phường Cửa Đông,Quận Hoàn Kiếm,Thành phố Hà Nội,Thành phố Hà Nội,Phường Ba Đình,Phường,4
Phường Cửa Đông,Quận Hoàn Kiếm,Thành phố Hà Nội,Thành phố Hà Nội,Phường Hoàn Kiếm,Phường,70
Phường Hàng Buồm,Quận Hoàn Kiếm,Thành phố Hà Nội,Thành phố Hà Nội,Phường Hoàn Kiếm,Phường,70
Phường Hàng Bài,Quận Hoàn Kiếm,Thành phố Hà Nội,Thành phố Hà Nội,Phường Cửa Nam,Phường,82
Phường Hàng Bông,Quận Hoàn Kiếm,Thành phố Hà Nội,Thành phố Hà Nội,Phường Cửa Nam,Phường,82
Phường Hàng Bông,Quận Hoàn Kiếm,Thành phố Hà Nội,Thành phố Hà Nội,Phường Hoàn Kiếm,Phường,70
Phường Hàng Bạc,Quận Hoàn Kiếm,Thành phố Hà Nội,Thành phố Hà Nội,Phường Hoàn Kiếm,Phường,70
Phường Hàng Bồ,Quận Hoàn Kiếm,Thành phố Hà Nội,Thành phố Hà Nội,Phường Hoàn Kiếm,Phường,70
Phường Hàng Gai,Quận Hoàn Kiếm,Thành phố Hà Nội,Thành phố Hà Nội,Phường Hoàn Kiếm,Phường,70
Phường Hàng Mã,Quận Hoàn Kiếm,Thành phố Hà Nội,Thành phố Hà Nội,Phường Hoàn Kiếm,Phường,70
Phường Hàng Trống,Quận Hoàn Kiếm,Thành phố Hà Nội,Thành phố Hà Nội,Phường Cửa Nam,Phường,82
Phường Hàng Trống,Quận Hoàn Kiếm,Thành phố Hà Nội,Thành phố Hà Nội,Phường Hoàn Kiếm,Phường,70
Phường Hàng Đào,Quận Hoàn Kiếm,Thành phố Hà Nội,Thành phố Hà Nội,Phường Hoàn Kiếm,Phường,70
Phường Lý Thái Tổ,Quận Hoàn Kiếm,Thành phố Hà Nội,Thành phố Hà Nội,Phường Hoàn Kiếm,Phường,70
Phường Phan Chu Trinh,Quận Hoàn Kiếm,Thành phố Hà Nội,Thành phố Hà Nội,Phường Cửa Nam,Phường,82
Phường Phúc Tân,Quận Hoàn Kiếm,Thành phố Hà Nội,Thành phố Hà Nội,Phường Hồng Hà,Phường,97
Phường Tràng Tiền,Quận Hoàn Kiếm,Thành phố Hà Nội,Thành phố Hà Nội,Phường Cửa Nam,Phường,82
Phường Tràng Tiền,Quận Hoàn Kiếm,Thành phố Hà Nội,Thành phố Hà Nội,Phường Hoàn Kiếm,Phường,70
Phường Trần Hưng Đạo,Quận Hoàn Kiếm,Thành phố Hà Nội,Thành phố Hà Nội,Phường Cửa Nam,Phường,82
Phường Đồng Xuân,Quận Hoàn Kiếm,Thành phố Hà Nội,Thành phố Hà Nội,Phường Ba Đình,Phường,4
Phường Đồng Xuân,Quận Hoàn Kiếm,Thành phố Hà Nội,Thành phố Hà Nội,Phường Hoàn Kiếm,Phường,70
Phường Giáp Bát,Quận Hoàng Mai,Thành phố Hà Nội,Thành phố Hà Nội,Phường Định Công,Phường,316
Phường Giáp Bát,Quận Hoàng Mai,Thành phố Hà Nội,Thành phố Hà Nội,Phường Hoàng Mai,Phường,331
Phường Giáp Bát,Quận Hoàng Mai,Thành phố Hà Nội,Thành phố Hà Nội,Phường Tương Mai,Phường,322
Phường Hoàng Liệt,Quận Hoàng Mai,Thành phố Hà Nội,Thành phố Hà Nội,Phường Định Công,Phường,316
Phường Hoàng Liệt,Quận Hoàng Mai,Thành phố Hà Nội,Thành phố Hà Nội,Phường Hoàng Liệt,Phường,337
Phường Hoàng Liệt,Quận Hoàng Mai,Thành phố Hà Nội,Thành phố Hà Nội,Phường Hoàng Mai,Phường,331
Phường Hoàng Liệt,Quận Hoàng Mai,Thành phố Hà Nội,Thành phố Hà Nội,Phường Yên Sở,Phường,340
Phường Hoàng Văn Thụ,Quận Hoàng Mai,Thành phố Hà Nội,Thành phố Hà Nội,Phường Hoàng Mai,Phường,331
Phường Hoàng Văn Thụ,Quận Hoàng Mai,Thành phố Hà Nội,Thành phố Hà Nội,Phường Tương Mai,Phường,322
Phường Lĩnh Nam,Quận Hoàng Mai,Thành phố Hà Nội,Thành phố Hà Nội,Phường Hoàng Mai,Phường,331
Phường Lĩnh Nam,Quận Hoàng Mai,Thành phố Hà Nội,Thành phố Hà Nội,Phường Lĩnh Nam,Phường,328
Phường Lĩnh Nam,Quận Hoàng Mai,Thành phố Hà Nội,Thành phố Hà Nội,Phường Vĩnh Hưng,Phường,301
Phường Mai Động,Quận Hoàng Mai,Thành phố Hà Nội,Thành phố Hà Nội,Phường Tương Mai,Phường,322
Phường Mai Động,Quận Hoàng Mai,Thành phố Hà Nội,Thành phố Hà Nội,Phường Vĩnh Tuy,Phường,283
Phường Thanh Trì,Quận Hoàng Mai,Thành phố Hà Nội,Thành phố Hà Nội,Phường Lĩnh Nam,Phường,328
Phường Thanh Trì,Quận Hoàng Mai,Thành phố Hà Nội,Thành phố Hà Nội,Phường Vĩnh Hưng,Phường,301
Phường Thịnh Liệt,Quận Hoàng Mai,Thành phố Hà Nội,Thành phố Hà Nội,Phường Định Công,Phường,316
Phường Thịnh Liệt,Quận Hoàng Mai,Thành phố Hà Nội,Thành phố Hà Nội,Phường Hoàng Mai,Phường,331
Phường Thịnh Liệt,Quận Hoàng Mai,Thành phố Hà Nội,Thành phố Hà Nội,Phường Phương Liệt,Phường,352
Phường Thịnh Liệt,Quận Hoàng Mai,Thành phố Hà Nội,Thành phố Hà Nội,Phường Yên Sở,Phường,340
Phường Trần Phú,Quận Hoàng Mai,Thành phố Hà Nội,Thành phố Hà Nội,Phường Hoàng Mai,Phường,331
Phường Trần Phú,Quận Hoàng Mai,Thành phố Hà Nội,Thành phố Hà Nội,Phường Lĩnh Nam,Phường,328
Phường Trần Phú,Quận Hoàng Mai,Thành phố Hà Nội,Thành phố Hà Nội,Phường Yên Sở,Phường,340
Phường Tân Mai,Quận Hoàng Mai,Thành phố Hà Nội,Thành phố Hà Nội,Phường Hoàng Mai,Phường,331
Phường Tân Mai,Quận Hoàng Mai,Thành phố Hà Nội,Thành phố Hà Nội,Phường Tương Mai,Phường,322
Phường Tương Mai,Quận Hoàng Mai,Thành phố Hà Nội,Thành phố Hà Nội,Phường Hoàng Mai,Phường,331
Phường Tương Mai,Quận Hoàng Mai,Thành phố Hà Nội,Thành phố Hà Nội,Phường Tương Mai,Phường,322
Phường Vĩnh Hưng,Quận Hoàng Mai,Thành phố Hà Nội,Thành phố Hà Nội,Phường Hoàng Mai,Phường,331
Phường Vĩnh Hưng,Quận Hoàng Mai,Thành phố Hà Nội,Thành phố Hà Nội,Phường Tương Mai,Phường,322
Phường Vĩnh Hưng,Quận Hoàng Mai,Thành phố Hà Nội,Thành phố Hà Nội,Phường Vĩnh Hưng,Phường,301
Phường Vĩnh Hưng,Quận Hoàng Mai,Thành phố Hà Nội,Thành phố Hà Nội,Phường Vĩnh Tuy,Phường,283
Phường Yên Sở,Quận Hoàng Mai,Thành phố Hà Nội,Thành phố Hà Nội,Phường Hoàng Mai,Phường,331
Phường Yên Sở,Quận Hoàng Mai,Thành phố Hà Nội,Thành phố Hà Nội,Phường Lĩnh Nam,Phường,328
Phường Yên Sở,Quận Hoàng Mai,Thành phố Hà Nội,Thành phố Hà Nội,Phường Yên Sở,Phường,340
Phường Yên Sở,Quận Hoàng Mai,Thành phố Hà Nội,Thành phố Hà Nội,Xã Thanh Trì,Xã,640
Phường Đại Kim,Quận Hoàng Mai,Thành phố Hà Nội,Thành phố Hà Nội,Phường Định Công,Phường,316
Phường Đại Kim,Quận Hoàng Mai,Thành phố Hà Nội,Thành phố Hà Nội,Phường Hoàng Liệt,Phường,337
Phường Đại Kim,Quận Hoàng Mai,Thành phố Hà Nội,Thành phố Hà Nội,Phường Khương Đình,Phường,364
Phường Đại Kim,Quận Hoàng Mai,Thành phố Hà Nội,Thành phố Hà Nội,Phường Thanh Liệt,Phường,643
Phường Định Công,Quận Hoàng Mai,Thành phố Hà Nội,Thành phố Hà Nội,Phường Định Công,Phường,316
Phường Định Công,Quận Hoàng Mai,Thành phố Hà Nội,Thành phố Hà Nội,Phường Phương Liệt,Phường,352
Phường Biên Giang,Quận Hà Đông,Thành phố Hà Nội,Thành phố Hà Nội,Phường Chương Mỹ,Phường,10015
Phường Dương Nội,Quận Hà Đông,Thành phố Hà Nội,Thành phố Hà Nội,Phường Đại Mỗ,Phường,637
Phường Dương Nội,Quận Hà Đông,Thành phố Hà Nội,Thành phố Hà Nội,Phường Dương Nội,Phường,9886
Phường Dương Nội,Quận Hà Đông,Thành phố Hà Nội,Thành phố Hà Nội,Phường Tây Mỗ,Phường,634
Phường Dương Nội,Quận Hà Đông,Thành phố Hà Nội,Thành phố Hà Nội,Xã An Khánh,Xã,9877
Phường Hà Cầu,Quận Hà Đông,Thành phố Hà Nội,Thành phố Hà Nội,Phường Hà Đông,Phường,9556
Phường Hà Cầu,Quận Hà Đông,Thành phố Hà Nội,Thành phố Hà Nội,Phường Kiến Hưng,Phường,9552
Phường Kiến Hưng,Quận Hà Đông,Thành phố Hà Nội,Thành phố Hà Nội,Phường Kiến Hưng,Phường,9552
Phường Kiến Hưng,Quận Hà Đông,Thành phố Hà Nội,Thành phố Hà Nội,Phường Phú Lương,Phường,9568
Phường Kiến Hưng,Quận Hà Đông,Thành phố Hà Nội,Thành phố Hà Nội,Xã Đại Thanh,Xã,664
Phường La Khê,Quận Hà Đông,Thành phố Hà Nội,Thành phố Hà Nội,Phường Dương Nội,Phường,9886
Phường La Khê,Quận Hà Đông,Thành phố Hà Nội,Thành phố Hà Nội,Phường Hà Đông,Phường,9556
Phường Mộ Lao,Quận Hà Đông,Thành phố Hà Nội,Thành phố Hà Nội,Phường Đại Mỗ,Phường,637
Phường Mộ Lao,Quận Hà Đông,Thành phố Hà Nội,Thành phố Hà Nội,Phường Hà Đông,Phường,9556
Phường Phú La,Quận Hà Đông,Thành phố Hà Nội,Thành phố Hà Nội,Phường Dương Nội,Phường,9886
Phường Phú La,Quận Hà Đông,Thành phố Hà Nội,Thành phố Hà Nội,Phường Kiến Hưng,Phường,9552
Phường Phú Lãm,Quận Hà Đông,Thành phố Hà Nội,Thành phố Hà Nội,Phường Phú Lương,Phường,9568
Phường Phú Lương,Quận Hà Đông,Thành phố Hà Nội,Thành phố Hà Nội,Phường Kiến Hưng,Phường,9552
Phường Phú Lương,Quận Hà Đông,Thành phố Hà Nội,Thành phố Hà Nội,Phường Phú Lương,Phường,9568
Phường Phú Lương,Quận Hà Đông,Thành phố Hà Nội,Thành phố Hà Nội,Xã Bình Minh,Xã,10126
Phường Phúc La,Quận Hà Đông,Thành phố Hà Nội,Thành phố Hà Nội,Phường Hà Đông,Phường,9556
Phường Quang Trung,Quận Hà Đông,Thành phố Hà Nội,Thành phố Hà Nội,Phường Hà Đông,Phường,9556
Phường Quang Trung,Quận Hà Đông,Thành phố Hà Nội,Thành phố Hà Nội,Phường Kiến Hưng,Phường,9552
Phường Văn Quán,Quận Hà Đông,Thành phố Hà Nội,Thành phố Hà Nội,Phường Hà Đông,Phường,9556
Phường Văn Quán,Quận Hà Đông,Thành phố Hà Nội,Thành phố Hà Nội,Phường Thanh Liệt,Phường,643
Phường Vạn Phúc,Quận Hà Đông,Thành phố Hà Nội,Thành phố Hà Nội,Phường Hà Đông,Phường,9556
Phường Yên Nghĩa,Quận Hà Đông,Thành phố Hà Nội,Thành phố Hà Nội,Phường Dương Nội,Phường,9886
Phường Yên Nghĩa,Quận Hà Đông,Thành phố Hà Nội,Thành phố Hà Nội,Phường Yên Nghĩa,Phường,9562
Phường Đồng Mai,Quận Hà Đông,Thành phố Hà Nội,Thành phố Hà Nội,Phường Chương Mỹ,Phường,10015
Phường Đồng Mai,Quận Hà Đông,Thành phố Hà Nội,Thành phố Hà Nội,Phường Yên Nghĩa,Phường,9562
Phường Bồ Đề,Quận Long Biên,Thành phố Hà Nội,Thành phố Hà Nội,Phường Bồ Đề,Phường,118
Phường Bồ Đề,Quận Long Biên,Thành phố Hà Nội,Thành phố Hà Nội,Phường Hồng Hà,Phường,97
Phường Bồ Đề,Quận Long Biên,Thành phố Hà Nội,Thành phố Hà Nội,Phường Long Biên,Phường,145
Phường Cự Khối,Quận Long Biên,Thành phố Hà Nội,Thành phố Hà Nội,Phường Long Biên,Phường,145
Phường Cự Khối,Quận Long Biên,Thành phố Hà Nội,Thành phố Hà Nội,Xã Bát Tràng,Xã,577
Phường Gia Thụy,Quận Long Biên,Thành phố Hà Nội,Thành phố Hà Nội,Phường Bồ Đề,Phường,118
Phường Gia Thụy,Quận Long Biên,Thành phố Hà Nội,Thành phố Hà Nội,Phường Long Biên,Phường,145
Phường Gia Thụy,Quận Long Biên,Thành phố Hà Nội,Thành phố Hà Nội,Phường Việt Hưng,Phường,127
Phường Giang Biên,Quận Long Biên,Thành phố Hà Nội,Thành phố Hà Nội,Phường Phúc Lợi,Phường,136
Phường Giang Biên,Quận Long Biên,Thành phố Hà Nội,Thành phố Hà Nội,Phường Việt Hưng,Phường,127
Phường Long Biên,Quận Long Biên,Thành phố Hà Nội,Thành phố Hà Nội,Phường Bồ Đề,Phường,118
Phường Long Biên,Quận Long Biên,Thành phố Hà Nội,Thành phố Hà Nội,Phường Long Biên,Phường,145
Phường Ngọc Lâm,Quận Long Biên,Thành phố Hà Nội,Thành phố Hà Nội,Phường Bồ Đề,Phường,118
Phường Ngọc Thụy,Quận Long Biên,Thành phố Hà Nội,Thành phố Hà Nội,Phường Bồ Đề,Phường,118
Phường Ngọc Thụy,Quận Long Biên,Thành phố Hà Nội,Thành phố Hà Nội,Phường Hồng Hà,Phường,97
Phường Phúc Lợi,Quận Long Biên,Thành phố Hà Nội,Thành phố Hà Nội,Phường Phúc Lợi,Phường,136
Phường Phúc Lợi,Quận Long Biên,Thành phố Hà Nội,Thành phố Hà Nội,Phường Việt Hưng,Phường,127
Phường Phúc Đồng,Quận Long Biên,Thành phố Hà Nội,Thành phố Hà Nội,Phường Bồ Đề,Phường,118
Phường Phúc Đồng,Quận Long Biên,Thành phố Hà Nội,Thành phố Hà Nội,Phường Long Biên,Phường,145
Phường Phúc Đồng,Quận Long Biên,Thành phố Hà Nội,Thành phố Hà Nội,Phường Phúc Lợi,Phường,136
Phường Phúc Đồng,Quận Long Biên,Thành phố Hà Nội,Thành phố Hà Nội,Phường Việt Hưng,Phường,127
Phường Thượng Thanh,Quận Long Biên,Thành phố Hà Nội,Thành phố Hà Nội,Phường Bồ Đề,Phường,118
Phường Thượng Thanh,Quận Long Biên,Thành phố Hà Nội,Thành phố Hà Nội,Phường Việt Hưng,Phường,127
Phường Thạch Bàn,Quận Long Biên,Thành phố Hà Nội,Thành phố Hà Nội,Phường Long Biên,Phường,145
Phường Thạch Bàn,Quận Long Biên,Thành phố Hà Nội,Thành phố Hà Nội,Phường Phúc Lợi,Phường,136
Phường Thạch Bàn,Quận Long Biên,Thành phố Hà Nội,Thành phố Hà Nội,Xã Bát Tràng,Xã,577
Phường Thạch Bàn,Quận Long Biên,Thành phố Hà Nội,Thành phố Hà Nội,Xã Gia Lâm,Xã,565
Phường Việt Hưng,Quận Long Biên,Thành phố Hà Nội,Thành phố Hà Nội,Phường Phúc Lợi,Phường,136
Phường Việt Hưng,Quận Long Biên,Thành phố Hà Nội,Thành phố Hà Nội,Phường Việt Hưng,Phường,127
Phường Đức Giang,Quận Long Biên,Thành phố Hà Nội,Thành phố Hà Nội,Phường Bồ Đề,Phường,118
Phường Đức Giang,Quận Long Biên,Thành phố Hà Nội,Thành phố Hà Nội,Phường Việt Hưng,Phường,127
Phường Cầu Diễn,Quận Nam Từ Liêm,Thành phố Hà Nội,Thành phố Hà Nội,Phường Từ Liêm,Phường,592
Phường Mễ Trì,Quận Nam Từ Liêm,Thành phố Hà Nội,Thành phố Hà Nội,Phường Đại Mỗ,Phường,637
Phường Mễ Trì,Quận Nam Từ Liêm,Thành phố Hà Nội,Thành phố Hà Nội,Phường Từ Liêm,Phường,592
Phường Mễ Trì,Quận Nam Từ Liêm,Thành phố Hà Nội,Thành phố Hà Nội,Phường Yên Hòa,Phường,175
Phường Mỹ Đình 1,Quận Nam Từ Liêm,Thành phố Hà Nội,Thành phố Hà Nội,Phường Cầu Giấy,Phường,166
Phường Mỹ Đình 1,Quận Nam Từ Liêm,Thành phố Hà Nội,Thành phố Hà Nội,Phường Từ Liêm,Phường,592
Phường Mỹ Đình 2,Quận Nam Từ Liêm,Thành phố Hà Nội,Thành phố Hà Nội,Phường Cầu Giấy,Phường,166
Phường Mỹ Đình 2,Quận Nam Từ Liêm,Thành phố Hà Nội,Thành phố Hà Nội,Phường Từ Liêm,Phường,592
Phường Phú Đô,Quận Nam Từ Liêm,Thành phố Hà Nội,Thành phố Hà Nội,Phường Đại Mỗ,Phường,637
Phường Phú Đô,Quận Nam Từ Liêm,Thành phố Hà Nội,Thành phố Hà Nội,Phường Từ Liêm,Phường,592
Phường Phương Canh,Quận Nam Từ Liêm,Thành phố Hà Nội,Thành phố Hà Nội,Phường Xuân Phương,Phường,622
Phường Trung Văn,Quận Nam Từ Liêm,Thành phố Hà Nội,Thành phố Hà Nội,Phường Đại Mỗ,Phường,637
Phường Trung Văn,Quận Nam Từ Liêm,Thành phố Hà Nội,Thành phố Hà Nội,Phường Thanh Xuân,Phường,367
Phường Tây Mỗ,Quận Nam Từ Liêm,Thành phố Hà Nội,Thành phố Hà Nội,Phường Tây Mỗ,Phường,634
Phường Tây Mỗ,Quận Nam Từ Liêm,Thành phố Hà Nội,Thành phố Hà Nội,Phường Xuân Phương,Phường,622
Phường Xuân Phương,Quận Nam Từ Liêm,Thành phố Hà Nội,Thành phố Hà Nội,Phường Xuân Phương,Phường,622
Phường Đại Mỗ,Quận Nam Từ Liêm,Thành phố Hà Nội,Thành phố Hà Nội,Phường Đại Mỗ,Phường,637
Phường Đại Mỗ,Quận Nam Từ Liêm,Thành phố Hà Nội,Thành phố Hà Nội,Phường Dương Nội,Phường,9886
Phường Đại Mỗ,Quận Nam Từ Liêm,Thành phố Hà Nội,Thành phố Hà Nội,Phường Hà Đông,Phường,9556
Phường Đại Mỗ,Quận Nam Từ Liêm,Thành phố Hà Nội,Thành phố Hà Nội,Phường Tây Mỗ,Phường,634
Phường Đại Mỗ,Quận Nam Từ Liêm,Thành phố Hà Nội,Thành phố Hà Nội,Phường Xuân Phương,Phường,622
Phường Hạ Đình,Quận Thanh Xuân,Thành phố Hà Nội,Thành phố Hà Nội,Phường Khương Đình,Phường,364
Phường Hạ Đình,Quận Thanh Xuân,Thành phố Hà Nội,Thành phố Hà Nội,Phường Thanh Liệt,Phường,643
Phường Khương Mai,Quận Thanh Xuân,Thành phố Hà Nội,Thành phố Hà Nội,Phường Phương Liệt,Phường,352
Phường Khương Trung,Quận Thanh Xuân,Thành phố Hà Nội,Thành phố Hà Nội,Phường Khương Đình,Phường,364
Phường Khương Trung,Quận Thanh Xuân,Thành phố Hà Nội,Thành phố Hà Nội,Phường Phương Liệt,Phường,352
Phường Khương Đình,Quận Thanh Xuân,Thành phố Hà Nội,Thành phố Hà Nội,Phường Khương Đình,Phường,364
Phường Khương Đình,Quận Thanh Xuân,Thành phố Hà Nội,Thành phố Hà Nội,Phường Phương Liệt,Phường,352
Phường Nhân Chính,Quận Thanh Xuân,Thành phố Hà Nội,Thành phố Hà Nội,Phường Đại Mỗ,Phường,637
Phường Nhân Chính,Quận Thanh Xuân,Thành phố Hà Nội,Thành phố Hà Nội,Phường Thanh Xuân,Phường,367
Phường Nhân Chính,Quận Thanh Xuân,Thành phố Hà Nội,Thành phố Hà Nội,Phường Yên Hòa,Phường,175
Phường Phương Liệt,Quận Thanh Xuân,Thành phố Hà Nội,Thành phố Hà Nội,Phường Phương Liệt,Phường,352
Phường Phương Liệt,Quận Thanh Xuân,Thành phố Hà Nội,Thành phố Hà Nội,Phường Tương Mai,Phường,322
Phường Thanh Xuân Bắc,Quận Thanh Xuân,Thành phố Hà Nội,Thành phố Hà Nội,Phường Thanh Liệt,Phường,643
Phường Thanh Xuân Bắc,Quận Thanh Xuân,Thành phố Hà Nội,Thành phố Hà Nội,Phường Thanh Xuân,Phường,367
Phường Thanh Xuân Trung,Quận Thanh Xuân,Thành phố Hà Nội,Thành phố Hà Nội,Phường Khương Đình,Phường,364
Phường Thanh Xuân Trung,Quận Thanh Xuân,Thành phố Hà Nội,Thành phố Hà Nội,Phường Thanh Xuân,Phường,367
Phường Thượng Đình,Quận Thanh Xuân,Thành phố Hà Nội,Thành phố Hà Nội,Phường Khương Đình,Phường,364
Phường Thượng Đình,Quận Thanh Xuân,Thành phố Hà Nội,Thành phố Hà Nội,Phường Thanh Xuân,Phường,367
Phường Bưởi,Quận Tây Hồ,Thành phố Hà Nội,Thành phố Hà Nội,Phường Tây Hồ,Phường,103
Phường Nhật Tân,Quận Tây Hồ,Thành phố Hà Nội,Thành phố Hà Nội,Phường Hồng Hà,Phường,97
Phường Nhật Tân,Quận Tây Hồ,Thành phố Hà Nội,Thành phố Hà Nội,Phường Tây Hồ,Phường,103
Phường Phú Thượng,Quận Tây Hồ,Thành phố Hà Nội,Thành phố Hà Nội,Phường Hồng Hà,Phường,97
Phường Phú Thượng,Quận Tây Hồ,Thành phố Hà Nội,Thành phố Hà Nội,Phường Phú Thượng,Phường,91
Phường Phú Thượng,Quận Tây Hồ,Thành phố Hà Nội,Thành phố Hà Nội,Phường Tây Hồ,Phường,103
Phường Quảng An,Quận Tây Hồ,Thành phố Hà Nội,Thành phố Hà Nội,Phường Hồng Hà,Phường,97
Phường Quảng An,Quận Tây Hồ,Thành phố Hà Nội,Thành phố Hà Nội,Phường Tây Hồ,Phường,103
Phường Thụy Khuê,Quận Tây Hồ,Thành phố Hà Nội,Thành phố Hà Nội,Phường Ba Đình,Phường,4
Phường Thụy Khuê,Quận Tây Hồ,Thành phố Hà Nội,Thành phố Hà Nội,Phường Tây Hồ,Phường,103
Phường Tứ Liên,Quận Tây Hồ,Thành phố Hà Nội,Thành phố Hà Nội,Phường Hồng Hà,Phường,97
Phường Tứ Liên,Quận Tây Hồ,Thành phố Hà Nội,Thành phố Hà Nội,Phường Tây Hồ,Phường,103
Phường Xuân La,Quận Tây Hồ,Thành phố Hà Nội,Thành phố Hà Nội,Phường Nghĩa Đô,Phường,160
Phường Xuân La,Quận Tây Hồ,Thành phố Hà Nội,Thành phố Hà Nội,Phường Phú Thượng,Phường,91
Phường Xuân La,Quận Tây Hồ,Thành phố Hà Nội,Thành phố Hà Nội,Phường Tây Hồ,Phường,103
Phường Xuân La,Quận Tây Hồ,Thành phố Hà Nội,Thành phố Hà Nội,Phường Xuân Đỉnh,Phường,611
Phường Yên Phụ,Quận Tây Hồ,Thành phố Hà Nội,Thành phố Hà Nội,Phường Hồng Hà,Phường,97
Phường Yên Phụ,Quận Tây Hồ,Thành phố Hà Nội,Thành phố Hà Nội,Phường Tây Hồ,Phường,103
Phường Cát Linh,Quận Đống Đa,Thành phố Hà Nội,Thành phố Hà Nội,Phường Giảng Võ,Phường,25
Phường Cát Linh,Quận Đống Đa,Thành phố Hà Nội,Thành phố Hà Nội,Phường Ô Chợ Dừa,Phường,190
Phường Hàng Bột,Quận Đống Đa,Thành phố Hà Nội,Thành phố Hà Nội,Phường Ô Chợ Dừa,Phường,190
Phường Hàng Bột,Quận Đống Đa,Thành phố Hà Nội,Thành phố Hà Nội,Phường Văn Miếu - Quốc Tử Giám,Phường,226
Phường Khâm Thiên,Quận Đống Đa,Thành phố Hà Nội,Thành phố Hà Nội,Phường Văn Miếu - Quốc Tử Giám,Phường,226
Phường Khương Thượng,Quận Đống Đa,Thành phố Hà Nội,Thành phố Hà Nội,Phường Kim Liên,Phường,229
Phường Kim Liên,Quận Đống Đa,Thành phố Hà Nội,Thành phố Hà Nội,Phường Kim Liên,Phường,229
Phường Láng Hạ,Quận Đống Đa,Thành phố Hà Nội,Thành phố Hà Nội,Phường Đống Đa,Phường,235
Phường Láng Hạ,Quận Đống Đa,Thành phố Hà Nội,Thành phố Hà Nội,Phường Giảng Võ,Phường,25
Phường Láng Hạ,Quận Đống Đa,Thành phố Hà Nội,Thành phố Hà Nội,Phường Láng,Phường,199
Phường Láng Thượng,Quận Đống Đa,Thành phố Hà Nội,Thành phố Hà Nội,Phường Láng,Phường,199
Phường Nam Đồng,Quận Đống Đa,Thành phố Hà Nội,Thành phố Hà Nội,Phường Đống Đa,Phường,235
Phường Nam Đồng,Quận Đống Đa,Thành phố Hà Nội,Thành phố Hà Nội,Phường Kim Liên,Phường,229
Phường Nam Đồng,Quận Đống Đa,Thành phố Hà Nội,Thành phố Hà Nội,Phường Văn Miếu - Quốc Tử Giám,Phường,226
Phường Phương Liên Trung Tự,Quận Đống Đa,Thành phố Hà Nội,Thành phố Hà Nội,Phường Kim Liên,Phường,229
Phường Phương Liên Trung Tự,Quận Đống Đa,Thành phố Hà Nội,Thành phố Hà Nội,Phường Văn Miếu - Quốc Tử Giám,Phường,226
Phường Phương Mai,Quận Đống Đa,Thành phố Hà Nội,Thành phố Hà Nội,Phường Bạch Mai,Phường,292
Phường Phương Mai,Quận Đống Đa,Thành phố Hà Nội,Thành phố Hà Nội,Phường Kim Liên,Phường,229
Phường Quang Trung,Quận Đống Đa,Thành phố Hà Nội,Thành phố Hà Nội,Phường Đống Đa,Phường,235
Phường Quang Trung,Quận Đống Đa,Thành phố Hà Nội,Thành phố Hà Nội,Phường Kim Liên,Phường,229
Phường Thịnh Quang,Quận Đống Đa,Thành phố Hà Nội,Thành phố Hà Nội,Phường Đống Đa,Phường,235
Phường Thổ Quan,Quận Đống Đa,Thành phố Hà Nội,Thành phố Hà Nội,Phường Văn Miếu - Quốc Tử Giám,Phường,226
Phường Trung Liệt,Quận Đống Đa,Thành phố Hà Nội,Thành phố Hà Nội,Phường Đống Đa,Phường,235
Phường Trung Liệt,Quận Đống Đa,Thành phố Hà Nội,Thành phố Hà Nội,Phường Kim Liên,Phường,229
Phường Trung Liệt,Quận Đống Đa,Thành phố Hà Nội,Thành phố Hà Nội,Phường Ô Chợ Dừa,Phường,190
Phường Văn Chương,Quận Đống Đa,Thành phố Hà Nội,Thành phố Hà Nội,Phường Văn Miếu - Quốc Tử Giám,Phường,226
Phường Văn Miếu Quốc Tử Giám,Quận Đống Đa,Thành phố Hà Nội,Thành phố Hà Nội,Phường Ô Chợ Dừa,Phường,190
Phường Văn Miếu Quốc Tử Giám,Quận Đống Đa,Thành phố Hà Nội,Thành phố Hà Nội,Phường Văn Miếu - Quốc Tử Giám,Phường,226
Phường Ô Chợ Dừa,Quận Đống Đa,Thành phố Hà Nội,Thành phố Hà Nội,Phường Đống Đa,Phường,235
Phường Ô Chợ Dừa,Quận Đống Đa,Thành phố Hà Nội,Thành phố Hà Nội,Phường Ô Chợ Dừa,Phường,190
Phường Ngô Quyền,Thị xã Sơn Tây,Thành phố Hà Nội,Thành phố Hà Nội,Phường Sơn Tây,Phường,9574
Phường Phú Thịnh,Thị xã Sơn Tây,Thành phố Hà Nội,Thành phố Hà Nội,Phường Sơn Tây,Phường,9574
Phường Sơn Lộc,Thị xã Sơn Tây,Thành phố Hà Nội,Thành phố Hà Nội,Phường Sơn Tây,Phường,9574
Phường Sơn Lộc,Thị xã Sơn Tây,Thành phố Hà Nội,Thành phố Hà Nội,Phường Tùng Thiện,Phường,9604
Phường Trung Hưng,Thị xã Sơn Tây,Thành phố Hà Nội,Thành phố Hà Nội,Phường Sơn Tây,Phường,9574
Phường Trung Hưng,Thị xã Sơn Tây,Thành phố Hà Nội,Thành phố Hà Nội,Phường Tùng Thiện,Phường,9604
Phường Trung Sơn Trầm,Thị xã Sơn Tây,Thành phố Hà Nội,Thành phố Hà Nội,Phường Tùng Thiện,Phường,9604
Phường Viên Sơn,Thị xã Sơn Tây,Thành phố Hà Nội,Thành phố Hà Nội,Phường Sơn Tây,Phường,9574
Phường Xuân Khanh,Thị xã Sơn Tây,Thành phố Hà Nội,Thành phố Hà Nội,Phường Tùng Thiện,Phường,9604
Xã Cổ Đông,Thị xã Sơn Tây,Thành phố Hà Nội,Thành phố Hà Nội,Xã Đoài Phương,Xã,9616
Xã Cổ Đông,Thị xã Sơn Tây,Thành phố Hà Nội,Thành phố Hà Nội,Xã Hòa Lạc,Xã,9988
Xã Kim Sơn,Thị xã Sơn Tây,Thành phố Hà Nội,Thành phố Hà Nội,Xã Đoài Phương,Xã,9616
Xã Sơn Đông,Thị xã Sơn Tây,Thành phố Hà Nội,Thành phố Hà Nội,Xã Đoài Phương,Xã,9616
Xã Thanh Mỹ,Thị xã Sơn Tây,Thành phố Hà Nội,Thành phố Hà Nội,Phường Sơn Tây,Phường,9574
Xã Thanh Mỹ,Thị xã Sơn Tây,Thành phố Hà Nội,Thành phố Hà Nội,Phường Tùng Thiện,Phường,9604
Xã Xuân Sơn,Thị xã Sơn Tây,Thành phố Hà Nội,Thành phố Hà Nội,Phường Tùng Thiện,Phường,9604
Xã Đường Lâm,Thị xã Sơn Tây,Thành phố Hà Nội,Thành phố Hà Nội,Phường Sơn Tây,Phường,9574
Thị trấn An Lão,Huyện An Lão,Thành phố Hải Phòng,Thành phố Hải Phòng,Xã An Lão,Xã,11629
Thị trấn Trường Sơn,Huyện An Lão,Thành phố Hải Phòng,Thành phố Hải Phòng,Phường Phù Liễn,Phường,11446
Thị trấn Trường Sơn,Huyện An Lão,Thành phố Hải Phòng,Thành phố Hải Phòng,Xã An Lão,Xã,11629
Xã An Thái,Huyện An Lão,Thành phố Hải Phòng,Thành phố Hải Phòng,Xã An Hưng,Xã,11674
Xã An Thắng,Huyện An Lão,Thành phố Hải Phòng,Thành phố Hải Phòng,Xã An Lão,Xã,11629
Xã An Thọ,Huyện An Lão,Thành phố Hải Phòng,Thành phố Hải Phòng,Xã An Hưng,Xã,11674
Xã An Tiến,Huyện An Lão,Thành phố Hải Phòng,Thành phố Hải Phòng,Xã An Lão,Xã,11629
Xã Bát Trang,Huyện An Lão,Thành phố Hải Phòng,Thành phố Hải Phòng,Xã An Trường,Xã,11635
Xã Chiến Thắng,Huyện An Lão,Thành phố Hải Phòng,Thành phố Hải Phòng,Xã An Hưng,Xã,11674
Xã Mỹ Đức,Huyện An Lão,Thành phố Hải Phòng,Thành phố Hải Phòng,Xã An Khánh,Xã,11668
Xã Quang Hưng,Huyện An Lão,Thành phố Hải Phòng,Thành phố Hải Phòng,Xã An Quang,Xã,11647
Xã Quang Trung,Huyện An Lão,Thành phố Hải Phòng,Thành phố Hải Phòng,Xã An Quang,Xã,11647
Xã Quốc Tuấn,Huyện An Lão,Thành phố Hải Phòng,Thành phố Hải Phòng,Xã An Quang,Xã,11647
Xã Thái Sơn,Huyện An Lão,Thành phố Hải Phòng,Thành phố Hải Phòng,Xã An Khánh,Xã,11668
Xã Thái Sơn,Huyện An Lão,Thành phố Hải Phòng,Thành phố Hải Phòng,Xã An Lão,Xã,11629
Xã Trường Thành,Huyện An Lão,Thành phố Hải Phòng,Thành phố Hải Phòng,Xã An Trường,Xã,11635
Xã Trường Thọ,Huyện An Lão,Thành phố Hải Phòng,Thành phố Hải Phòng,Xã An Trường,Xã,11635
Xã Tân Dân,Huyện An Lão,Thành phố Hải Phòng,Thành phố Hải Phòng,Xã An Lão,Xã,11629
Xã Tân Viên,Huyện An Lão,Thành phố Hải Phòng,Thành phố Hải Phòng,Xã An Khánh,Xã,11668
,Huyện Bạch Long Vĩ,Thành phố Hải Phòng,Thành phố Hải Phòng,Đặc khu Bạch Long Vĩ,Đặc khu,11948
Thị trấn Cát Bà,Huyện Cát Hải,Thành phố Hải Phòng,Thành phố Hải Phòng,Đặc khu Cát Hải,Đặc khu,11914
Thị trấn Cát Hải,Huyện Cát Hải,Thành phố Hải Phòng,Thành phố Hải Phòng,Đặc khu Cát Hải,Đặc khu,11914
Xã Gia Luận,Huyện Cát Hải,Thành phố Hải Phòng,Thành phố Hải Phòng,Đặc khu Cát Hải,Đặc khu,11914
Xã Hiền Hào,Huyện Cát Hải,Thành phố Hải Phòng,Thành phố Hải Phòng,Đặc khu Cát Hải,Đặc khu,11914
Xã Hoàng Châu,Huyện Cát Hải,Thành phố Hải Phòng,Thành phố Hải Phòng,Đặc khu Cát Hải,Đặc khu,11914
Xã Nghĩa Lộ,Huyện Cát Hải,Thành phố Hải Phòng,Thành phố Hải Phòng,Đặc khu Cát Hải,Đặc khu,11914
Xã Phù Long,Huyện Cát Hải,Thành phố Hải Phòng,Thành phố Hải Phòng,Đặc khu Cát Hải,Đặc khu,11914
Xã Trân Châu,Huyện Cát Hải,Thành phố Hải Phòng,Thành phố Hải Phòng,Đặc khu Cát Hải,Đặc khu,11914
Xã Việt Hải,Huyện Cát Hải,Thành phố Hải Phòng,Thành phố Hải Phòng,Đặc khu Cát Hải,Đặc khu,11914
Xã Văn Phong,Huyện Cát Hải,Thành phố Hải Phòng,Thành phố Hải Phòng,Đặc khu Cát Hải,Đặc khu,11914
Xã Xuân Đám,Huyện Cát Hải,Thành phố Hải Phòng,Thành phố Hải Phòng,Đặc khu Cát Hải,Đặc khu,11914
Xã Đồng Bài,Huyện Cát Hải,Thành phố Hải Phòng,Thành phố Hải Phòng,Đặc khu Cát Hải,Đặc khu,11914
Thị trấn Núi Đối,Huyện Kiến Thụy,Thành phố Hải Phòng,Thành phố Hải Phòng,Xã Kiến Thụy,Xã,11680
Xã Du Lễ,Huyện Kiến Thụy,Thành phố Hải Phòng,Thành phố Hải Phòng,Xã Nghi Dương,Xã,11713
Xã Hữu Bằng,Huyện Kiến Thụy,Thành phố Hải Phòng,Thành phố Hải Phòng,Xã Kiến Thụy,Xã,11680
Xã Kiến Hưng,Huyện Kiến Thụy,Thành phố Hải Phòng,Thành phố Hải Phòng,Xã Kiến Hưng,Xã,11728
Xã Kiến Hưng,Huyện Kiến Thụy,Thành phố Hải Phòng,Thành phố Hải Phòng,Xã Kiến Thụy,Xã,11680
Xã Kiến Quốc,Huyện Kiến Thụy,Thành phố Hải Phòng,Thành phố Hải Phòng,Xã Nghi Dương,Xã,11713
Xã Minh Tân,Huyện Kiến Thụy,Thành phố Hải Phòng,Thành phố Hải Phòng,Xã Kiến Minh,Xã,11725
Xã Ngũ Phúc,Huyện Kiến Thụy,Thành phố Hải Phòng,Thành phố Hải Phòng,Xã Nghi Dương,Xã,11713
Xã Thanh Sơn,Huyện Kiến Thụy,Thành phố Hải Phòng,Thành phố Hải Phòng,Xã Kiến Thụy,Xã,11680
Xã Thuận Thiên,Huyện Kiến Thụy,Thành phố Hải Phòng,Thành phố Hải Phòng,Xã Kiến Thụy,Xã,11680
Xã Tân Phong,Huyện Kiến Thụy,Thành phố Hải Phòng,Thành phố Hải Phòng,Xã Kiến Hải,Xã,11749
Xã Tân Trào,Huyện Kiến Thụy,Thành phố Hải Phòng,Thành phố Hải Phòng,Xã Kiến Hưng,Xã,11728
Xã Tú Sơn,Huyện Kiến Thụy,Thành phố Hải Phòng,Thành phố Hải Phòng,Xã Kiến Hải,Xã,11749
Xã Đoàn Xá,Huyện Kiến Thụy,Thành phố Hải Phòng,Thành phố Hải Phòng,Xã Kiến Hải,Xã,11749
Xã Đoàn Xá,Huyện Kiến Thụy,Thành phố Hải Phòng,Thành phố Hải Phòng,Xã Kiến Hưng,Xã,11728
Xã Đông Phương,Huyện Kiến Thụy,Thành phố Hải Phòng,Thành phố Hải Phòng,Xã Kiến Minh,Xã,11725
Xã Đại Hợp,Huyện Kiến Thụy,Thành phố Hải Phòng,Thành phố Hải Phòng,Xã Kiến Hải,Xã,11749
Xã Đại Đồng,Huyện Kiến Thụy,Thành phố Hải Phòng,Thành phố Hải Phòng,Xã Kiến Minh,Xã,11725
Thị trấn Tiên Lãng,Huyện Tiên Lãng,Thành phố Hải Phòng,Thành phố Hải Phòng,Xã Tiên Lãng,Xã,11755
Xã Bắc Hưng,Huyện Tiên Lãng,Thành phố Hải Phòng,Thành phố Hải Phòng,Xã Chấn Hưng,Xã,11806
Xã Cấp Tiến,Huyện Tiên Lãng,Thành phố Hải Phòng,Thành phố Hải Phòng,Xã Tân Minh,Xã,11779
Xã Hùng Thắng,Huyện Tiên Lãng,Thành phố Hải Phòng,Thành phố Hải Phòng,Xã Hùng Thắng,Xã,11809
Xã Khởi Nghĩa,Huyện Tiên Lãng,Thành phố Hải Phòng,Thành phố Hải Phòng,Xã Tiên Lãng,Xã,11755
Xã Kiến Thiết,Huyện Tiên Lãng,Thành phố Hải Phòng,Thành phố Hải Phòng,Xã Tân Minh,Xã,11779
Xã Nam Hưng,Huyện Tiên Lãng,Thành phố Hải Phòng,Thành phố Hải Phòng,Xã Chấn Hưng,Xã,11806
Xã Quyết Tiến,Huyện Tiên Lãng,Thành phố Hải Phòng,Thành phố Hải Phòng,Xã Tiên Lãng,Xã,11755
Xã Tiên Cường,Huyện Tiên Lãng,Thành phố Hải Phòng,Thành phố Hải Phòng,Xã Quyết Thắng,Xã,11761
Xã Tiên Minh,Huyện Tiên Lãng,Thành phố Hải Phòng,Thành phố Hải Phòng,Xã Tiên Minh,Xã,11791
Xã Tiên Thanh,Huyện Tiên Lãng,Thành phố Hải Phòng,Thành phố Hải Phòng,Xã Tiên Lãng,Xã,11755
Xã Tiên Thắng,Huyện Tiên Lãng,Thành phố Hải Phòng,Thành phố Hải Phòng,Xã Tiên Minh,Xã,11791
Xã Tân Minh,Huyện Tiên Lãng,Thành phố Hải Phòng,Thành phố Hải Phòng,Xã Tân Minh,Xã,11779
Xã Tân Minh,Huyện Tiên Lãng,Thành phố Hải Phòng,Thành phố Hải Phòng,Xã Tiên Minh,Xã,11791
Xã Tây Hưng,Huyện Tiên Lãng,Thành phố Hải Phòng,Thành phố Hải Phòng,Xã Chấn Hưng,Xã,11806
Xã Tự Cường,Huyện Tiên Lãng,Thành phố Hải Phòng,Thành phố Hải Phòng,Xã Quyết Thắng,Xã,11761
Xã Vinh Quang,Huyện Tiên Lãng,Thành phố Hải Phòng,Thành phố Hải Phòng,Xã Hùng Thắng,Xã,11809
Xã Đoàn Lập,Huyện Tiên Lãng,Thành phố Hải Phòng,Thành phố Hải Phòng,Xã Tân Minh,Xã,11779
Xã Đông Hưng,Huyện Tiên Lãng,Thành phố Hải Phòng,Thành phố Hải Phòng,Xã Chấn Hưng,Xã,11806
Xã Đại Thắng,Huyện Tiên Lãng,Thành phố Hải Phòng,Thành phố Hải Phòng,Xã Quyết Thắng,Xã,11761
Thị trấn Vĩnh Bảo,Huyện Vĩnh Bảo,Thành phố Hải Phòng,Thành phố Hải Phòng,Xã Vĩnh Bảo,Xã,11824
Xã Cao Minh,Huyện Vĩnh Bảo,Thành phố Hải Phòng,Thành phố Hải Phòng,Xã Vĩnh Am,Xã,11887
Xã Dũng Tiến,Huyện Vĩnh Bảo,Thành phố Hải Phòng,Thành phố Hải Phòng,Xã Vĩnh Thuận,Xã,11842
Xã Giang Biên,Huyện Vĩnh Bảo,Thành phố Hải Phòng,Thành phố Hải Phòng,Xã Vĩnh Thuận,Xã,11842
Xã Hòa Bình,Huyện Vĩnh Bảo,Thành phố Hải Phòng,Thành phố Hải Phòng,Xã Hà Nam,Xã,10843
Xã Hòa Bình,Huyện Vĩnh Bảo,Thành phố Hải Phòng,Thành phố Hải Phòng,Xã Kim Thành,Xã,10804
Xã Hòa Bình,Huyện Vĩnh Bảo,Thành phố Hải Phòng,Thành phố Hải Phòng,Xã Nguyễn Bỉnh Khiêm,Xã,11911
Xã Hùng Tiến,Huyện Vĩnh Bảo,Thành phố Hải Phòng,Thành phố Hải Phòng,Xã Vĩnh Hòa,Phường,11848
Xã Liên Am,Huyện Vĩnh Bảo,Thành phố Hải Phòng,Thành phố Hải Phòng,Xã Vĩnh Am,Xã,11887
Xã Lý Học,Huyện Vĩnh Bảo,Thành phố Hải Phòng,Thành phố Hải Phòng,Xã Nguyễn Bỉnh Khiêm,Xã,11911
Xã Tam Cường,Huyện Vĩnh Bảo,Thành phố Hải Phòng,Thành phố Hải Phòng,Xã Vĩnh Am,Xã,11887
Xã Thắng Thủy,Huyện Vĩnh Bảo,Thành phố Hải Phòng,Thành phố Hải Phòng,Xã Vĩnh Thịnh,Xã,11836
Xã Tiền Phong,Huyện Vĩnh Bảo,Thành phố Hải Phòng,Thành phố Hải Phòng,Xã Vĩnh Hải,Xã,11875
Xã Trung Lập,Huyện Vĩnh Bảo,Thành phố Hải Phòng,Thành phố Hải Phòng,Xã Vĩnh Thịnh,Xã,11836
Xã Trấn Dương,Huyện Vĩnh Bảo,Thành phố Hải Phòng,Thành phố Hải Phòng,Xã Nguyễn Bỉnh Khiêm,Xã,11911
Xã Tân Hưng,Huyện Vĩnh Bảo,Thành phố Hải Phòng,Thành phố Hải Phòng,Xã Vĩnh Bảo,Xã,11824
Xã Tân Liên,Huyện Vĩnh Bảo,Thành phố Hải Phòng,Thành phố Hải Phòng,Xã Vĩnh Bảo,Xã,11824
Xã Việt Tiến,Huyện Vĩnh Bảo,Thành phố Hải Phòng,Thành phố Hải Phòng,Xã Vĩnh Thịnh,Xã,11836
Xã Vĩnh An,Huyện Vĩnh Bảo,Thành phố Hải Phòng,Thành phố Hải Phòng,Xã Vĩnh Thuận,Xã,11842
Xã Vĩnh Hòa,Huyện Vĩnh Bảo,Thành phố Hải Phòng,Thành phố Hải Phòng,Xã Vĩnh Hòa,Phường,11848
Xã Vĩnh Hưng,Huyện Vĩnh Bảo,Thành phố Hải Phòng,Thành phố Hải Phòng,Xã Vĩnh Bảo,Xã,11824
Xã Vĩnh Hải,Huyện Vĩnh Bảo,Thành phố Hải Phòng,Thành phố Hải Phòng,Xã Vĩnh Hải,Xã,11875
Phường An Hòa,Quận An Dương,Thành phố Hải Phòng,Thành phố Hải Phòng,Phường An Phong,Phường,11593
Phường An Hải,Quận An Dương,Thành phố Hải Phòng,Thành phố Hải Phòng,Phường An Dương,Phường,11581
Phường An Hải,Quận An Dương,Thành phố Hải Phòng,Thành phố Hải Phòng,Phường An Hải,Phường,11617
Phường An Đồng,Quận An Dương,Thành phố Hải Phòng,Thành phố Hải Phòng,Phường An Hải,Phường,11617
Phường Hồng Phong,Quận An Dương,Thành phố Hải Phòng,Thành phố Hải Phòng,Phường An Phong,Phường,11593
Phường Hồng Thái,Quận An Dương,Thành phố Hải Phòng,Thành phố Hải Phòng,Phường An Hải,Phường,11617
Phường Lê Lợi,Quận An Dương,Thành phố Hải Phòng,Thành phố Hải Phòng,Phường An Dương,Phường,11581
Phường Lê Lợi,Quận An Dương,Thành phố Hải Phòng,Thành phố Hải Phòng,Phường An Hải,Phường,11617
Phường Lê Lợi,Quận An Dương,Thành phố Hải Phòng,Thành phố Hải Phòng,Phường An Phong,Phường,11593
Phường Lê Thiện,Quận An Dương,Thành phố Hải Phòng,Thành phố Hải Phòng,Phường An Phong,Phường,11593
Phường Lê Thiện,Quận An Dương,Thành phố Hải Phòng,Thành phố Hải Phòng,Phường Hồng An,Phường,11602
Phường Nam Sơn,Quận An Dương,Thành phố Hải Phòng,Thành phố Hải Phòng,Phường An Dương,Phường,11581
Phường Tân Tiến,Quận An Dương,Thành phố Hải Phòng,Thành phố Hải Phòng,Phường An Dương,Phường,11581
Phường Tân Tiến,Quận An Dương,Thành phố Hải Phòng,Thành phố Hải Phòng,Phường An Phong,Phường,11593
Phường Tân Tiến,Quận An Dương,Thành phố Hải Phòng,Thành phố Hải Phòng,Phường Hồng An,Phường,11602
Phường Đồng Thái,Quận An Dương,Thành phố Hải Phòng,Thành phố Hải Phòng,Phường An Dương,Phường,11581
Phường Đồng Thái,Quận An Dương,Thành phố Hải Phòng,Thành phố Hải Phòng,Phường An Hải,Phường,11617
Phường Anh Dũng,Quận Dương Kinh,Thành phố Hải Phòng,Thành phố Hải Phòng,Phường Dương Kinh,Phường,11692
Phường Anh Dũng,Quận Dương Kinh,Thành phố Hải Phòng,Thành phố Hải Phòng,Phường Hưng Đạo,Phường,11689
Phường Hòa Nghĩa,Quận Dương Kinh,Thành phố Hải Phòng,Thành phố Hải Phòng,Phường Dương Kinh,Phường,11692
Phường Hưng Đạo,Quận Dương Kinh,Thành phố Hải Phòng,Thành phố Hải Phòng,Phường Hưng Đạo,Phường,11689
Phường Hải Thành,Quận Dương Kinh,Thành phố Hải Phòng,Thành phố Hải Phòng,Phường Dương Kinh,Phường,11692
Phường Hải Thành,Quận Dương Kinh,Thành phố Hải Phòng,Thành phố Hải Phòng,Phường Hưng Đạo,Phường,11689
Phường Tân Thành,Quận Dương Kinh,Thành phố Hải Phòng,Thành phố Hải Phòng,Phường Đồ Sơn,Phường,11455
Phường Tân Thành,Quận Dương Kinh,Thành phố Hải Phòng,Thành phố Hải Phòng,Phường Dương Kinh,Phường,11692
Phường Đa Phúc,Quận Dương Kinh,Thành phố Hải Phòng,Thành phố Hải Phòng,Phường Hưng Đạo,Phường,11689
Phường Cát Bi,Quận Hải An,Thành phố Hải Phòng,Thành phố Hải Phòng,Phường Hải An,Phường,11413
Phường Nam Hải,Quận Hải An,Thành phố Hải Phòng,Thành phố Hải Phòng,Phường Đông Hải,Phường,11411
Phường Nam Hải,Quận Hải An,Thành phố Hải Phòng,Thành phố Hải Phòng,Phường Hải An,Phường,11413
Phường Thành Tô,Quận Hải An,Thành phố Hải Phòng,Thành phố Hải Phòng,Phường Hải An,Phường,11413
Phường Tràng Cát,Quận Hải An,Thành phố Hải Phòng,Thành phố Hải Phòng,Phường Hải An,Phường,11413
Phường Đông Hải 1,Quận Hải An,Thành phố Hải Phòng,Thành phố Hải Phòng,Phường Đông Hải,Phường,11411
Phường Đông Hải 2,Quận Hải An,Thành phố Hải Phòng,Thành phố Hải Phòng,Phường Đông Hải,Phường,11411
Phường Đông Hải 2,Quận Hải An,Thành phố Hải Phòng,Thành phố Hải Phòng,Phường Hải An,Phường,11413
Phường Đằng Hải,Quận Hải An,Thành phố Hải Phòng,Thành phố Hải Phòng,Phường Hải An,Phường,11413
Phường Đằng Lâm,Quận Hải An,Thành phố Hải Phòng,Thành phố Hải Phòng,Phường Hải An,Phường,11413
Phường An Hưng,Quận Hồng Bàng,Thành phố Hải Phòng,Thành phố Hải Phòng,Phường An Dương,Phường,11581
Phường An Hưng,Quận Hồng Bàng,Thành phố Hải Phòng,Thành phố Hải Phòng,Phường Hồng An,Phường,11602
Phường An Hồng,Quận Hồng Bàng,Thành phố Hải Phòng,Thành phố Hải Phòng,Phường Hồng An,Phường,11602
Phường Hoàng Văn Thụ,Quận Hồng Bàng,Thành phố Hải Phòng,Thành phố Hải Phòng,Phường Hồng Bàng,Phường,11311
Phường Hùng Vương,Quận Hồng Bàng,Thành phố Hải Phòng,Thành phố Hải Phòng,Phường Hồng Bàng,Phường,11311
Phường Minh Khai,Quận Hồng Bàng,Thành phố Hải Phòng,Thành phố Hải Phòng,Phường Hồng Bàng,Phường,11311
Phường Phan Bội Châu,Quận Hồng Bàng,Thành phố Hải Phòng,Thành phố Hải Phòng,Phường Hồng Bàng,Phường,11311
Phường Quán Toan,Quận Hồng Bàng,Thành phố Hải Phòng,Thành phố Hải Phòng,Phường Hồng An,Phường,11602
Phường Sở Dầu,Quận Hồng Bàng,Thành phố Hải Phòng,Thành phố Hải Phòng,Phường Hồng Bàng,Phường,11311
Phường Thượng Lý,Quận Hồng Bàng,Thành phố Hải Phòng,Thành phố Hải Phòng,Phường Hồng Bàng,Phường,11311
Phường Đại Bản,Quận Hồng Bàng,Thành phố Hải Phòng,Thành phố Hải Phòng,Phường An Phong,Phường,11593
Phường Đại Bản,Quận Hồng Bàng,Thành phố Hải Phòng,Thành phố Hải Phòng,Phường Hồng An,Phường,11602
Phường Bắc Hà,Quận Kiến An,Thành phố Hải Phòng,Thành phố Hải Phòng,Phường Phù Liễn,Phường,11446
Phường Bắc Sơn,Quận Kiến An,Thành phố Hải Phòng,Thành phố Hải Phòng,Phường Kiến An,Phường,11443
Phường Bắc Sơn,Quận Kiến An,Thành phố Hải Phòng,Thành phố Hải Phòng,Phường Phù Liễn,Phường,11446
Phường Nam Sơn,Quận Kiến An,Thành phố Hải Phòng,Thành phố Hải Phòng,Phường Kiến An,Phường,11443
Phường Nam Sơn,Quận Kiến An,Thành phố Hải Phòng,Thành phố Hải Phòng,Phường Phù Liễn,Phường,11446
Phường Ngọc Sơn,Quận Kiến An,Thành phố Hải Phòng,Thành phố Hải Phòng,Phường Phù Liễn,Phường,11446
Phường Trần Thành Ngọ,Quận Kiến An,Thành phố Hải Phòng,Thành phố Hải Phòng,Phường Kiến An,Phường,11443
Phường Trần Thành Ngọ,Quận Kiến An,Thành phố Hải Phòng,Thành phố Hải Phòng,Phường Phù Liễn,Phường,11446
Phường Văn Đẩu,Quận Kiến An,Thành phố Hải Phòng,Thành phố Hải Phòng,Phường Kiến An,Phường,11443
Phường Văn Đẩu,Quận Kiến An,Thành phố Hải Phòng,Thành phố Hải Phòng,Phường Phù Liễn,Phường,11446
Phường Đồng Hòa,Quận Kiến An,Thành phố Hải Phòng,Thành phố Hải Phòng,Phường Kiến An,Phường,11443
Phường Đồng Hòa,Quận Kiến An,Thành phố Hải Phòng,Thành phố Hải Phòng,Phường Phù Liễn,Phường,11446
Phường An Biên,Quận Lê Chân,Thành phố Hải Phòng,Thành phố Hải Phòng,Phường An Biên,Phường,11407
Phường An Biên,Quận Lê Chân,Thành phố Hải Phòng,Thành phố Hải Phòng,Phường Lê Chân,Phường,11383
Phường An Dương,Quận Lê Chân,Thành phố Hải Phòng,Thành phố Hải Phòng,Phường An Biên,Phường,11407
Phường Dư Hàng Kênh,Quận Lê Chân,Thành phố Hải Phòng,Thành phố Hải Phòng,Phường Lê Chân,Phường,11383
Phường Hàng Kênh,Quận Lê Chân,Thành phố Hải Phòng,Thành phố Hải Phòng,Phường Lê Chân,Phường,11383
Phường Kênh Dương,Quận Lê Chân,Thành phố Hải Phòng,Thành phố Hải Phòng,Phường Lê Chân,Phường,11383
Phường Trần Nguyên Hãn,Quận Lê Chân,Thành phố Hải Phòng,Thành phố Hải Phòng,Phường An Biên,Phường,11407
Phường Trần Nguyên Hãn,Quận Lê Chân,Thành phố Hải Phòng,Thành phố Hải Phòng,Phường Lê Chân,Phường,11383
Phường Vĩnh Niệm,Quận Lê Chân,Thành phố Hải Phòng,Thành phố Hải Phòng,Phường An Biên,Phường,11407
Phường Vĩnh Niệm,Quận Lê Chân,Thành phố Hải Phòng,Thành phố Hải Phòng,Phường Lê Chân,Phường,11383
Phường Cầu Tre,Quận Ngô Quyền,Thành phố Hải Phòng,Thành phố Hải Phòng,Phường Ngô Quyền,Phường,11329
Phường Cầu Đất,Quận Ngô Quyền,Thành phố Hải Phòng,Thành phố Hải Phòng,Phường Gia Viên,Phường,11359
Phường Cầu Đất,Quận Ngô Quyền,Thành phố Hải Phòng,Thành phố Hải Phòng,Phường Lê Chân,Phường,11383
Phường Gia Viên,Quận Ngô Quyền,Thành phố Hải Phòng,Thành phố Hải Phòng,Phường Gia Viên,Phường,11359
Phường Gia Viên,Quận Ngô Quyền,Thành phố Hải Phòng,Thành phố Hải Phòng,Phường Hồng Bàng,Phường,11311
Phường Gia Viên,Quận Ngô Quyền,Thành phố Hải Phòng,Thành phố Hải Phòng,Phường Ngô Quyền,Phường,11329
Phường Lạch Tray,Quận Ngô Quyền,Thành phố Hải Phòng,Thành phố Hải Phòng,Phường Gia Viên,Phường,11359
Phường Lạch Tray,Quận Ngô Quyền,Thành phố Hải Phòng,Thành phố Hải Phòng,Phường Lê Chân,Phường,11383
Phường Máy Chai,Quận Ngô Quyền,Thành phố Hải Phòng,Thành phố Hải Phòng,Phường Ngô Quyền,Phường,11329
Phường Vạn Mỹ,Quận Ngô Quyền,Thành phố Hải Phòng,Thành phố Hải Phòng,Phường Ngô Quyền,Phường,11329
Phường Đông Khê,Quận Ngô Quyền,Thành phố Hải Phòng,Thành phố Hải Phòng,Phường Gia Viên,Phường,11359
Phường Đông Khê,Quận Ngô Quyền,Thành phố Hải Phòng,Thành phố Hải Phòng,Phường Ngô Quyền,Phường,11329
Phường Đằng Giang,Quận Ngô Quyền,Thành phố Hải Phòng,Thành phố Hải Phòng,Phường Gia Viên,Phường,11359
Phường Bàng La,Quận Đồ Sơn,Thành phố Hải Phòng,Thành phố Hải Phòng,Phường Nam Đồ Sơn,Phường,11737
Phường Hải Sơn,Quận Đồ Sơn,Thành phố Hải Phòng,Thành phố Hải Phòng,Phường Đồ Sơn,Phường,11455
Phường Hợp Đức,Quận Đồ Sơn,Thành phố Hải Phòng,Thành phố Hải Phòng,Phường Nam Đồ Sơn,Phường,11737
Phường Minh Đức,Quận Đồ Sơn,Thành phố Hải Phòng,Thành phố Hải Phòng,Phường Nam Đồ Sơn,Phường,11737
Phường Ngọc Xuyên,Quận Đồ Sơn,Thành phố Hải Phòng,Thành phố Hải Phòng,Phường Đồ Sơn,Phường,11455
Phường Ngọc Xuyên,Quận Đồ Sơn,Thành phố Hải Phòng,Thành phố Hải Phòng,Phường Nam Đồ Sơn,Phường,11737
Phường Vạn Hương,Quận Đồ Sơn,Thành phố Hải Phòng,Thành phố Hải Phòng,Phường Đồ Sơn,Phường,11455
Phường Vạn Hương,Quận Đồ Sơn,Thành phố Hải Phòng,Thành phố Hải Phòng,Phường Nam Đồ Sơn,Phường,11737
Phường An Lư,Thành phố Thủy Nguyên,Thành phố Hải Phòng,Thành phố Hải Phòng,Phường Hòa Bình,Phường,11533
Phường An Lư,Thành phố Thủy Nguyên,Thành phố Hải Phòng,Thành phố Hải Phòng,Phường Thủy Nguyên,Phường,11560
Phường Dương Quan,Thành phố Thủy Nguyên,Thành phố Hải Phòng,Thành phố Hải Phòng,Phường Thủy Nguyên,Phường,11560
Phường Hoa Động,Thành phố Thủy Nguyên,Thành phố Hải Phòng,Thành phố Hải Phòng,Phường Thiên Hương,Phường,11557
Phường Hoa Động,Thành phố Thủy Nguyên,Thành phố Hải Phòng,Thành phố Hải Phòng,Phường Thủy Nguyên,Phường,11560
Phường Hoàng Lâm,Thành phố Thủy Nguyên,Thành phố Hải Phòng,Thành phố Hải Phòng,Phường Thiên Hương,Phường,11557
Phường Hòa Bình,Thành phố Thủy Nguyên,Thành phố Hải Phòng,Thành phố Hải Phòng,Phường Hòa Bình,Phường,11533
Phường Lê Hồng Phong,Thành phố Thủy Nguyên,Thành phố Hải Phòng,Thành phố Hải Phòng,Phường Lê Ích Mộc,Phường,11506
Phường Lê Hồng Phong,Thành phố Thủy Nguyên,Thành phố Hải Phòng,Thành phố Hải Phòng,Phường Thiên Hương,Phường,11557
Phường Lưu Kiếm,Thành phố Thủy Nguyên,Thành phố Hải Phòng,Thành phố Hải Phòng,Phường Lưu Kiếm,Phường,11488
Phường Lập Lễ,Thành phố Thủy Nguyên,Thành phố Hải Phòng,Thành phố Hải Phòng,Phường Nam Triệu,Phường,11542
Phường Minh Đức,Thành phố Thủy Nguyên,Thành phố Hải Phòng,Thành phố Hải Phòng,Phường Bạch Đằng,Phường,11473
Phường Nam Triệu Giang,Thành phố Thủy Nguyên,Thành phố Hải Phòng,Thành phố Hải Phòng,Phường Nam Triệu,Phường,11542
Phường Phạm Ngũ Lão,Thành phố Thủy Nguyên,Thành phố Hải Phòng,Thành phố Hải Phòng,Phường Bạch Đằng,Phường,11473
Phường Quảng Thanh,Thành phố Thủy Nguyên,Thành phố Hải Phòng,Thành phố Hải Phòng,Phường Lê Ích Mộc,Phường,11506
Phường Tam Hưng,Thành phố Thủy Nguyên,Thành phố Hải Phòng,Thành phố Hải Phòng,Phường Nam Triệu,Phường,11542
Phường Thiên Hương,Thành phố Thủy Nguyên,Thành phố Hải Phòng,Thành phố Hải Phòng,Phường Thiên Hương,Phường,11557
Phường Thủy Hà,Thành phố Thủy Nguyên,Thành phố Hải Phòng,Thành phố Hải Phòng,Phường Hòa Bình,Phường,11533
Phường Thủy Hà,Thành phố Thủy Nguyên,Thành phố Hải Phòng,Thành phố Hải Phòng,Phường Thủy Nguyên,Phường,11560
Phường Thủy Đường,Thành phố Thủy Nguyên,Thành phố Hải Phòng,Thành phố Hải Phòng,Phường Thủy Nguyên,Phường,11560
Phường Trần Hưng Đạo,Thành phố Thủy Nguyên,Thành phố Hải Phòng,Thành phố Hải Phòng,Phường Lưu Kiếm,Phường,11488
Xã Bạch Đằng,Thành phố Thủy Nguyên,Thành phố Hải Phòng,Thành phố Hải Phòng,Phường Bạch Đằng,Phường,11473
Xã Liên Xuân,Thành phố Thủy Nguyên,Thành phố Hải Phòng,Thành phố Hải Phòng,Phường Lưu Kiếm,Phường,11488
Xã Liên Xuân,Thành phố Thủy Nguyên,Thành phố Hải Phòng,Thành phố Hải Phòng,Xã Việt Khê,Xã,11503
Xã Ninh Sơn,Thành phố Thủy Nguyên,Thành phố Hải Phòng,Thành phố Hải Phòng,Xã Việt Khê,Xã,11503
Xã Quang Trung,Thành phố Thủy Nguyên,Thành phố Hải Phòng,Thành phố Hải Phòng,Phường Lê Ích Mộc,Phường,11506
Xã Quang Trung,Thành phố Thủy Nguyên,Thành phố Hải Phòng,Thành phố Hải Phòng,Phường Lưu Kiếm,Phường,11488
Thị trấn Kẻ Sặt,Huyện Bình Giang,Tỉnh Hải Dương,Thành phố Hải Phòng,Xã Kẻ Sặt,Xã,10945
Xã Bình Xuyên,Huyện Bình Giang,Tỉnh Hải Dương,Thành phố Hải Phòng,Xã Thượng Hồng,Xã,10993
Xã Cổ Bì,Huyện Bình Giang,Tỉnh Hải Dương,Thành phố Hải Phòng,Xã Bình Giang,Xã,10966
Xã Hùng Thắng,Huyện Bình Giang,Tỉnh Hải Dương,Thành phố Hải Phòng,Xã Kẻ Sặt,Xã,10945
Xã Hồng Khê,Huyện Bình Giang,Tỉnh Hải Dương,Thành phố Hải Phòng,Xã Bình Giang,Xã,10966
Xã Long Xuyên,Huyện Bình Giang,Tỉnh Hải Dương,Thành phố Hải Phòng,Xã Bình Giang,Xã,10966
Xã Nhân Quyền,Huyện Bình Giang,Tỉnh Hải Dương,Thành phố Hải Phòng,Xã Nguyễn Lương Bằng,Xã,11242
Xã Thái Dương,Huyện Bình Giang,Tỉnh Hải Dương,Thành phố Hải Phòng,Xã Đường An,Xã,10972
Xã Thái Dương,Huyện Bình Giang,Tỉnh Hải Dương,Thành phố Hải Phòng,Xã Thượng Hồng,Xã,10993
Xã Thái Hòa,Huyện Bình Giang,Tỉnh Hải Dương,Thành phố Hải Phòng,Xã Đường An,Xã,10972
Xã Thái Hòa,Huyện Bình Giang,Tỉnh Hải Dương,Thành phố Hải Phòng,Xã Thượng Hồng,Xã,10993
Xã Thái Minh,Huyện Bình Giang,Tỉnh Hải Dương,Thành phố Hải Phòng,Xã Đường An,Xã,10972
Xã Thái Minh,Huyện Bình Giang,Tỉnh Hải Dương,Thành phố Hải Phòng,Xã Thượng Hồng,Xã,10993
Xã Thúc Kháng,Huyện Bình Giang,Tỉnh Hải Dương,Thành phố Hải Phòng,Xã Đường An,Xã,10972
Xã Thúc Kháng,Huyện Bình Giang,Tỉnh Hải Dương,Thành phố Hải Phòng,Xã Thượng Hồng,Xã,10993
Xã Tân Hồng,Huyện Bình Giang,Tỉnh Hải Dương,Thành phố Hải Phòng,Xã Đường An,Xã,10972
Xã Tân Hồng,Huyện Bình Giang,Tỉnh Hải Dương,Thành phố Hải Phòng,Xã Thượng Hồng,Xã,10993
Xã Tân Việt,Huyện Bình Giang,Tỉnh Hải Dương,Thành phố Hải Phòng,Xã Bình Giang,Xã,10966
Xã Vĩnh Hưng,Huyện Bình Giang,Tỉnh Hải Dương,Thành phố Hải Phòng,Xã Kẻ Sặt,Xã,10945
Xã Vĩnh Hồng,Huyện Bình Giang,Tỉnh Hải Dương,Thành phố Hải Phòng,Xã Bình Giang,Xã,10966
Xã Vĩnh Hồng,Huyện Bình Giang,Tỉnh Hải Dương,Thành phố Hải Phòng,Xã Kẻ Sặt,Xã,10945
Thị trấn Cẩm Giang,Huyện Cẩm Giàng,Tỉnh Hải Dương,Thành phố Hải Phòng,Xã Cẩm Giang,Xã,10888
Thị trấn Lai Cách,Huyện Cẩm Giàng,Tỉnh Hải Dương,Thành phố Hải Phòng,Phường Tứ Minh,Phường,10891
Thị trấn Lai Cách,Huyện Cẩm Giàng,Tỉnh Hải Dương,Thành phố Hải Phòng,Phường Việt Hòa,Xã,10543
Xã Cao An,Huyện Cẩm Giàng,Tỉnh Hải Dương,Thành phố Hải Phòng,Phường Việt Hòa,Xã,10543
Xã Cẩm Hoàng,Huyện Cẩm Giàng,Tỉnh Hải Dương,Thành phố Hải Phòng,Xã Cẩm Giang,Xã,10888
Xã Cẩm Hưng,Huyện Cẩm Giàng,Tỉnh Hải Dương,Thành phố Hải Phòng,Xã Cẩm Giàng,Xã,10903
Xã Cẩm Văn,Huyện Cẩm Giàng,Tỉnh Hải Dương,Thành phố Hải Phòng,Xã Tuệ Tĩnh,Xã,10909
Xã Cẩm Vũ,Huyện Cẩm Giàng,Tỉnh Hải Dương,Thành phố Hải Phòng,Xã Tuệ Tĩnh,Xã,10909
Xã Cẩm Đoài,Huyện Cẩm Giàng,Tỉnh Hải Dương,Thành phố Hải Phòng,Phường Tứ Minh,Phường,10891
Xã Cẩm Đông,Huyện Cẩm Giàng,Tỉnh Hải Dương,Thành phố Hải Phòng,Xã Mao Điền,Xã,10930
Xã Lương Điền,Huyện Cẩm Giàng,Tỉnh Hải Dương,Thành phố Hải Phòng,Xã Cẩm Giàng,Xã,10903
Xã Ngọc Liên,Huyện Cẩm Giàng,Tỉnh Hải Dương,Thành phố Hải Phòng,Xã Cẩm Giàng,Xã,10903
Xã Phúc Điền,Huyện Cẩm Giàng,Tỉnh Hải Dương,Thành phố Hải Phòng,Xã Mao Điền,Xã,10930
Xã Phúc Điền,Huyện Cẩm Giàng,Tỉnh Hải Dương,Thành phố Hải Phòng,Xã Cẩm Giàng,Xã,10903
Xã Tân Trường,Huyện Cẩm Giàng,Tỉnh Hải Dương,Thành phố Hải Phòng,Xã Mao Điền,Xã,10930
Xã Định Sơn,Huyện Cẩm Giàng,Tỉnh Hải Dương,Thành phố Hải Phòng,Xã Cẩm Giang,Xã,10888
Xã Đức Chính,Huyện Cẩm Giàng,Tỉnh Hải Dương,Thành phố Hải Phòng,Xã Tuệ Tĩnh,Xã,10909
Thị trấn Gia Lộc,Huyện Gia Lộc,Tỉnh Hải Dương,Thành phố Hải Phòng,Xã Gia Lộc,Xã,10999
Thị trấn Gia Lộc,Huyện Gia Lộc,Tỉnh Hải Dương,Thành phố Hải Phòng,Xã Gia Phúc,Xã,11050
Xã Gia Phúc,Huyện Gia Lộc,Tỉnh Hải Dương,Thành phố Hải Phòng,Xã Gia Lộc,Xã,10999
Xã Gia Phúc,Huyện Gia Lộc,Tỉnh Hải Dương,Thành phố Hải Phòng,Xã Gia Phúc,Xã,11050
Xã Gia Tiến,Huyện Gia Lộc,Tỉnh Hải Dương,Thành phố Hải Phòng,Xã Gia Lộc,Xã,10999
Xã Hoàng Diệu,Huyện Gia Lộc,Tỉnh Hải Dương,Thành phố Hải Phòng,Xã Gia Phúc,Xã,11050
Xã Hồng Hưng,Huyện Gia Lộc,Tỉnh Hải Dương,Thành phố Hải Phòng,Xã Gia Phúc,Xã,11050
Xã Lê Lợi,Huyện Gia Lộc,Tỉnh Hải Dương,Thành phố Hải Phòng,Xã Gia Lộc,Xã,10999
Xã Lê Lợi,Huyện Gia Lộc,Tỉnh Hải Dương,Thành phố Hải Phòng,Xã Yết Kiêu,Xã,11020
Xã Nhật Quang,Huyện Gia Lộc,Tỉnh Hải Dương,Thành phố Hải Phòng,Xã Trường Tân,Xã,11065
Xã Phạm Trấn,Huyện Gia Lộc,Tỉnh Hải Dương,Thành phố Hải Phòng,Xã Trường Tân,Xã,11065
Xã Quang Đức,Huyện Gia Lộc,Tỉnh Hải Dương,Thành phố Hải Phòng,Xã Gia Phúc,Xã,11050
Xã Quang Đức,Huyện Gia Lộc,Tỉnh Hải Dương,Thành phố Hải Phòng,Xã Trường Tân,Xã,11065
Xã Thống Kênh,Huyện Gia Lộc,Tỉnh Hải Dương,Thành phố Hải Phòng,Xã Gia Phúc,Xã,11050
Xã Thống Kênh,Huyện Gia Lộc,Tỉnh Hải Dương,Thành phố Hải Phòng,Xã Trường Tân,Xã,11065
Xã Thống Nhất,Huyện Gia Lộc,Tỉnh Hải Dương,Thành phố Hải Phòng,Phường Thạch Khôi,Phường,11002
Xã Thống Nhất,Huyện Gia Lộc,Tỉnh Hải Dương,Thành phố Hải Phòng,Xã Yết Kiêu,Xã,11020
Xã Toàn Thắng,Huyện Gia Lộc,Tỉnh Hải Dương,Thành phố Hải Phòng,Xã Gia Phúc,Xã,11050
Xã Yết Kiêu,Huyện Gia Lộc,Tỉnh Hải Dương,Thành phố Hải Phòng,Xã Gia Lộc,Xã,10999
Xã Yết Kiêu,Huyện Gia Lộc,Tỉnh Hải Dương,Thành phố Hải Phòng,Xã Yết Kiêu,Xã,11020
Xã Đoàn Thượng,Huyện Gia Lộc,Tỉnh Hải Dương,Thành phố Hải Phòng,Xã Gia Phúc,Xã,11050
Xã Đoàn Thượng,Huyện Gia Lộc,Tỉnh Hải Dương,Thành phố Hải Phòng,Xã Trường Tân,Xã,11065
Thị trấn Phú Thái,Huyện Kim Thành,Tỉnh Hải Dương,Thành phố Hải Phòng,Xã Phú Thái,Xã,10750
Xã Hòa Bình,Huyện Kim Thành,Tỉnh Hải Dương,Thành phố Hải Phòng,Xã Hà Nam,Xã,10843
Xã Hòa Bình,Huyện Kim Thành,Tỉnh Hải Dương,Thành phố Hải Phòng,Xã Kim Thành,Xã,10804
Xã Hòa Bình,Huyện Kim Thành,Tỉnh Hải Dương,Thành phố Hải Phòng,Xã Nguyễn Bỉnh Khiêm,Xã,11911
Xã Kim Anh,Huyện Kim Thành,Tỉnh Hải Dương,Thành phố Hải Phòng,Xã Phú Thái,Xã,10750
Xã Kim Liên,Huyện Kim Thành,Tỉnh Hải Dương,Thành phố Hải Phòng,Xã Phú Thái,Xã,10750
Xã Kim Tân,Huyện Kim Thành,Tỉnh Hải Dương,Thành phố Hải Phòng,Xã An Thành,Xã,10792
Xã Kim Xuyên,Huyện Kim Thành,Tỉnh Hải Dương,Thành phố Hải Phòng,Xã Phú Thái,Xã,10750
Xã Kim Đính,Huyện Kim Thành,Tỉnh Hải Dương,Thành phố Hải Phòng,Xã An Thành,Xã,10792
Xã Lai Khê,Huyện Kim Thành,Tỉnh Hải Dương,Thành phố Hải Phòng,Xã Lai Khê,Xã,10756
Xã Ngũ Phúc,Huyện Kim Thành,Tỉnh Hải Dương,Thành phố Hải Phòng,Xã An Thành,Xã,10792
Xã Tam Kỳ,Huyện Kim Thành,Tỉnh Hải Dương,Thành phố Hải Phòng,Xã Kim Thành,Xã,10804
Xã Tuấn Việt,Huyện Kim Thành,Tỉnh Hải Dương,Thành phố Hải Phòng,Xã Lai Khê,Xã,10756
Xã Tuấn Việt,Huyện Kim Thành,Tỉnh Hải Dương,Thành phố Hải Phòng,Xã Nam An Phụ,Xã,10705
Xã Vũ Dũng,Huyện Kim Thành,Tỉnh Hải Dương,Thành phố Hải Phòng,Xã Lai Khê,Xã,10756
Xã Vũ Dũng,Huyện Kim Thành,Tỉnh Hải Dương,Thành phố Hải Phòng,Xã Nam An Phụ,Xã,10705
Xã Đại Đức,Huyện Kim Thành,Tỉnh Hải Dương,Thành phố Hải Phòng,Xã Kim Thành,Xã,10804
Xã Đồng Cẩm,Huyện Kim Thành,Tỉnh Hải Dương,Thành phố Hải Phòng,Xã Kim Thành,Xã,10804
Thị trấn Nam Sách,Huyện Nam Sách,Tỉnh Hải Dương,Thành phố Hải Phòng,Xã Nam Sách,Xã,10606
Xã An Bình,Huyện Nam Sách,Tỉnh Hải Dương,Thành phố Hải Phòng,Xã An Phú,Xã,10645
Xã An Phú,Huyện Nam Sách,Tỉnh Hải Dương,Thành phố Hải Phòng,Xã An Phú,Xã,10645
Xã An Sơn,Huyện Nam Sách,Tỉnh Hải Dương,Thành phố Hải Phòng,Xã Thái Tân,Xã,10642
Xã Cộng Hòa,Huyện Nam Sách,Tỉnh Hải Dương,Thành phố Hải Phòng,Xã An Phú,Xã,10645
Xã Cộng Hòa,Huyện Nam Sách,Tỉnh Hải Dương,Thành phố Hải Phòng,Xã Lai Khê,Xã,10756
Xã Cộng Hòa,Huyện Nam Sách,Tỉnh Hải Dương,Thành phố Hải Phòng,Xã Nam An Phụ,Xã,10705
Xã Hiệp Cát,Huyện Nam Sách,Tỉnh Hải Dương,Thành phố Hải Phòng,Xã Trần Phú,Xã,10633
Xã Hồng Phong,Huyện Nam Sách,Tỉnh Hải Dương,Thành phố Hải Phòng,Xã Nam Sách,Xã,10606
Xã Hợp Tiến,Huyện Nam Sách,Tỉnh Hải Dương,Thành phố Hải Phòng,Xã Hợp Tiến,Xã,10615
Xã Minh Tân,Huyện Nam Sách,Tỉnh Hải Dương,Thành phố Hải Phòng,Xã Thái Tân,Xã,10642
Xã Nam Hưng,Huyện Nam Sách,Tỉnh Hải Dương,Thành phố Hải Phòng,Xã Hợp Tiến,Xã,10615
Xã Nam Tân,Huyện Nam Sách,Tỉnh Hải Dương,Thành phố Hải Phòng,Xã Hợp Tiến,Xã,10615
Xã Quốc Tuấn,Huyện Nam Sách,Tỉnh Hải Dương,Thành phố Hải Phòng,Xã Trần Phú,Xã,10633
Xã Thái Tân,Huyện Nam Sách,Tỉnh Hải Dương,Thành phố Hải Phòng,Xã Thái Tân,Xã,10642
Xã Trần Phú,Huyện Nam Sách,Tỉnh Hải Dương,Thành phố Hải Phòng,Xã Trần Phú,Xã,10633
Xã Đồng Lạc,Huyện Nam Sách,Tỉnh Hải Dương,Thành phố Hải Phòng,Xã Nam Sách,Xã,10606
Thị trấn Ninh Giang,Huyện Ninh Giang,Tỉnh Hải Dương,Thành phố Hải Phòng,Xã Ninh Giang,Xã,11203
Xã An Đức,Huyện Ninh Giang,Tỉnh Hải Dương,Thành phố Hải Phòng,Xã Tân An,Xã,11167
Xã Bình Xuyên,Huyện Ninh Giang,Tỉnh Hải Dương,Thành phố Hải Phòng,Xã Khúc Thừa Dụ,Xã,11224
Xã Hiệp Lực,Huyện Ninh Giang,Tỉnh Hải Dương,Thành phố Hải Phòng,Xã Ninh Giang,Xã,11203
Xã Hưng Long,Huyện Ninh Giang,Tỉnh Hải Dương,Thành phố Hải Phòng,Xã Hồng Châu,Xã,11218
Xã Hồng Dụ,Huyện Ninh Giang,Tỉnh Hải Dương,Thành phố Hải Phòng,Xã Ninh Giang,Xã,11203
Xã Hồng Phong,Huyện Ninh Giang,Tỉnh Hải Dương,Thành phố Hải Phòng,Xã Khúc Thừa Dụ,Xã,11224
Xã Kiến Phúc,Huyện Ninh Giang,Tỉnh Hải Dương,Thành phố Hải Phòng,Xã Khúc Thừa Dụ,Xã,11224
Xã Nghĩa An,Huyện Ninh Giang,Tỉnh Hải Dương,Thành phố Hải Phòng,Xã Vĩnh Lại,Xã,11164
Xã Tân Hương,Huyện Ninh Giang,Tỉnh Hải Dương,Thành phố Hải Phòng,Xã Vĩnh Lại,Xã,11164
Xã Tân Phong,Huyện Ninh Giang,Tỉnh Hải Dương,Thành phố Hải Phòng,Xã Tân An,Xã,11167
Xã Tân Quang,Huyện Ninh Giang,Tỉnh Hải Dương,Thành phố Hải Phòng,Xã Hồng Châu,Xã,11218
Xã Văn Hội,Huyện Ninh Giang,Tỉnh Hải Dương,Thành phố Hải Phòng,Xã Hồng Châu,Xã,11218
Xã Vĩnh Hòa,Huyện Ninh Giang,Tỉnh Hải Dương,Thành phố Hải Phòng,Xã Ninh Giang,Xã,11203
Xã Đức Phúc,Huyện Ninh Giang,Tỉnh Hải Dương,Thành phố Hải Phòng,Xã Tân An,Xã,11167
Xã Ứng Hòe,Huyện Ninh Giang,Tỉnh Hải Dương,Thành phố Hải Phòng,Xã Vĩnh Lại,Xã,11164
Thị trấn Thanh Hà,Huyện Thanh Hà,Tỉnh Hải Dương,Thành phố Hải Phòng,Xã Thanh Hà,Xã,10813
Xã An Phượng,Huyện Thanh Hà,Tỉnh Hải Dương,Thành phố Hải Phòng,Xã Hà Tây,Xã,10846
Xã Cẩm Việt,Huyện Thanh Hà,Tỉnh Hải Dương,Thành phố Hải Phòng,Xã Hà Bắc,Xã,10816
Xã Cẩm Việt,Huyện Thanh Hà,Tỉnh Hải Dương,Thành phố Hải Phòng,Xã Lai Khê,Xã,10756
Xã Hồng Lạc,Huyện Thanh Hà,Tỉnh Hải Dương,Thành phố Hải Phòng,Phường Ái Quốc,Phường,10660
Xã Hồng Lạc,Huyện Thanh Hà,Tỉnh Hải Dương,Thành phố Hải Phòng,Xã Hà Bắc,Xã,10816
Xã Liên Mạc,Huyện Thanh Hà,Tỉnh Hải Dương,Thành phố Hải Phòng,Xã Hà Nam,Xã,10843
Xã Thanh An,Huyện Thanh Hà,Tỉnh Hải Dương,Thành phố Hải Phòng,Xã Hà Nam,Xã,10843
Xã Thanh An,Huyện Thanh Hà,Tỉnh Hải Dương,Thành phố Hải Phòng,Xã Lai Khê,Xã,10756
Xã Thanh Hải,Huyện Thanh Hà,Tỉnh Hải Dương,Thành phố Hải Phòng,Xã Đại Sơn,Xã,11086
Xã Thanh Hải,Huyện Thanh Hà,Tỉnh Hải Dương,Thành phố Hải Phòng,Xã Hà Tây,Xã,10846
Xã Thanh Hồng,Huyện Thanh Hà,Tỉnh Hải Dương,Thành phố Hải Phòng,Xã Hà Đông,Xã,10882
Xã Thanh Lang,Huyện Thanh Hà,Tỉnh Hải Dương,Thành phố Hải Phòng,Xã Hà Nam,Xã,10843
Xã Thanh Quang,Huyện Thanh Hà,Tỉnh Hải Dương,Thành phố Hải Phòng,Xã Hà Đông,Xã,10882
Xã Thanh Sơn,Huyện Thanh Hà,Tỉnh Hải Dương,Thành phố Hải Phòng,Xã Thanh Hà,Xã,10813
Xã Thanh Tân,Huyện Thanh Hà,Tỉnh Hải Dương,Thành phố Hải Phòng,Xã Thanh Hà,Xã,10813
Xã Thanh Xuân,Huyện Thanh Hà,Tỉnh Hải Dương,Thành phố Hải Phòng,Xã Hà Nam,Xã,10843
Xã Tân An,Huyện Thanh Hà,Tỉnh Hải Dương,Thành phố Hải Phòng,Xã Hà Tây,Xã,10846
Xã Tân Việt,Huyện Thanh Hà,Tỉnh Hải Dương,Thành phố Hải Phòng,Xã Hà Bắc,Xã,10816
Xã Vĩnh Cường,Huyện Thanh Hà,Tỉnh Hải Dương,Thành phố Hải Phòng,Xã Hà Đông,Xã,10882
Thị trấn Thanh Miện,Huyện Thanh Miện,Tỉnh Hải Dương,Thành phố Hải Phòng,Xã Thanh Miện,Xã,11239
Thị trấn Thanh Miện,Huyện Thanh Miện,Tỉnh Hải Dương,Thành phố Hải Phòng,Xã Trường Tân,Xã,11065
Xã Cao Thắng,Huyện Thanh Miện,Tỉnh Hải Dương,Thành phố Hải Phòng,Xã Thanh Miện,Xã,11239
Xã Chi Lăng Bắc,Huyện Thanh Miện,Tỉnh Hải Dương,Thành phố Hải Phòng,Xã Nam Thanh Miện,Xã,11284
Xã Chi Lăng Nam,Huyện Thanh Miện,Tỉnh Hải Dương,Thành phố Hải Phòng,Xã Nam Thanh Miện,Xã,11284
Xã Hồng Phong,Huyện Thanh Miện,Tỉnh Hải Dương,Thành phố Hải Phòng,Xã Nam Thanh Miện,Xã,11284
Xã Hồng Quang,Huyện Thanh Miện,Tỉnh Hải Dương,Thành phố Hải Phòng,Xã Bắc Thanh Miện,Xã,11254
Xã Lam Sơn,Huyện Thanh Miện,Tỉnh Hải Dương,Thành phố Hải Phòng,Xã Bắc Thanh Miện,Xã,11254
Xã Lê Hồng,Huyện Thanh Miện,Tỉnh Hải Dương,Thành phố Hải Phòng,Xã Bắc Thanh Miện,Xã,11254
Xã Ngô Quyền,Huyện Thanh Miện,Tỉnh Hải Dương,Thành phố Hải Phòng,Xã Hải Hưng,Xã,11257
Xã Ngũ Hùng,Huyện Thanh Miện,Tỉnh Hải Dương,Thành phố Hải Phòng,Xã Thanh Miện,Xã,11239
Xã Phạm Kha,Huyện Thanh Miện,Tỉnh Hải Dương,Thành phố Hải Phòng,Xã Nguyễn Lương Bằng,Xã,11242
Xã Thanh Giang,Huyện Thanh Miện,Tỉnh Hải Dương,Thành phố Hải Phòng,Xã Nam Thanh Miện,Xã,11284
Xã Thanh Tùng,Huyện Thanh Miện,Tỉnh Hải Dương,Thành phố Hải Phòng,Xã Nguyễn Lương Bằng,Xã,11242
Xã Thanh Tùng,Huyện Thanh Miện,Tỉnh Hải Dương,Thành phố Hải Phòng,Xã Thượng Hồng,Xã,10993
Xã Tân Trào,Huyện Thanh Miện,Tỉnh Hải Dương,Thành phố Hải Phòng,Xã Hải Hưng,Xã,11257
Xã Tứ Cường,Huyện Thanh Miện,Tỉnh Hải Dương,Thành phố Hải Phòng,Xã Thanh Miện,Xã,11239
Xã Đoàn Kết,Huyện Thanh Miện,Tỉnh Hải Dương,Thành phố Hải Phòng,Xã Hải Hưng,Xã,11257
Xã Đoàn Tùng,Huyện Thanh Miện,Tỉnh Hải Dương,Thành phố Hải Phòng,Xã Nguyễn Lương Bằng,Xã,11242
Xã Đoàn Tùng,Huyện Thanh Miện,Tỉnh Hải Dương,Thành phố Hải Phòng,Xã Thượng Hồng,Xã,10993
Thị trấn Tứ Kỳ,Huyện Tứ Kỳ,Tỉnh Hải Dương,Thành phố Hải Phòng,Xã Tứ Kỳ,Xã,11074
Xã An Thanh,Huyện Tứ Kỳ,Tỉnh Hải Dương,Thành phố Hải Phòng,Xã Chí Minh,Xã,11131
Xã Bình Lãng,Huyện Tứ Kỳ,Tỉnh Hải Dương,Thành phố Hải Phòng,Xã Đại Sơn,Xã,11086
Xã Chí Minh,Huyện Tứ Kỳ,Tỉnh Hải Dương,Thành phố Hải Phòng,Xã Chí Minh,Xã,11131
Xã Dân An,Huyện Tứ Kỳ,Tỉnh Hải Dương,Thành phố Hải Phòng,Xã Tân Kỳ,Xã,11113
Xã Hà Kỳ,Huyện Tứ Kỳ,Tỉnh Hải Dương,Thành phố Hải Phòng,Xã Nguyên Giáp,Xã,11146
Xã Hà Thanh,Huyện Tứ Kỳ,Tỉnh Hải Dương,Thành phố Hải Phòng,Xã Nguyên Giáp,Xã,11146
Xã Hưng Đạo,Huyện Tứ Kỳ,Tỉnh Hải Dương,Thành phố Hải Phòng,Xã Đại Sơn,Xã,11086
Xã Hưng Đạo,Huyện Tứ Kỳ,Tỉnh Hải Dương,Thành phố Hải Phòng,Xã Tân Kỳ,Xã,11113
Xã Kỳ Sơn,Huyện Tứ Kỳ,Tỉnh Hải Dương,Thành phố Hải Phòng,Xã Tân Kỳ,Xã,11113
Xã Lạc Phượng,Huyện Tứ Kỳ,Tỉnh Hải Dương,Thành phố Hải Phòng,Xã Lạc Phượng,Xã,11140
Xã Minh Đức,Huyện Tứ Kỳ,Tỉnh Hải Dương,Thành phố Hải Phòng,Xã Tứ Kỳ,Xã,11074
Xã Nguyên Giáp,Huyện Tứ Kỳ,Tỉnh Hải Dương,Thành phố Hải Phòng,Xã Nguyên Giáp,Xã,11146
Xã Quang Khải,Huyện Tứ Kỳ,Tỉnh Hải Dương,Thành phố Hải Phòng,Xã Tứ Kỳ,Xã,11074
Xã Quang Phục,Huyện Tứ Kỳ,Tỉnh Hải Dương,Thành phố Hải Phòng,Xã Tứ Kỳ,Xã,11074
Xã Quang Trung,Huyện Tứ Kỳ,Tỉnh Hải Dương,Thành phố Hải Phòng,Xã Lạc Phượng,Xã,11140
Xã Tiên Động,Huyện Tứ Kỳ,Tỉnh Hải Dương,Thành phố Hải Phòng,Xã Lạc Phượng,Xã,11140
Xã Tiên Động,Huyện Tứ Kỳ,Tỉnh Hải Dương,Thành phố Hải Phòng,Xã Nguyên Giáp,Xã,11146
Xã Tân Kỳ,Huyện Tứ Kỳ,Tỉnh Hải Dương,Thành phố Hải Phòng,Xã Tân Kỳ,Xã,11113
Xã Văn Tố,Huyện Tứ Kỳ,Tỉnh Hải Dương,Thành phố Hải Phòng,Xã Chí Minh,Xã,11131
Xã Đại Hợp,Huyện Tứ Kỳ,Tỉnh Hải Dương,Thành phố Hải Phòng,Xã Tân Kỳ,Xã,11113
Xã Đại Sơn,Huyện Tứ Kỳ,Tỉnh Hải Dương,Thành phố Hải Phòng,Xã Đại Sơn,Xã,11086
Phường An Lạc,Thành phố Chí Linh,Tỉnh Hải Dương,Thành phố Hải Phòng,Phường Lê Đại Hành,Phường,10603
Phường Bến Tắm,Thành phố Chí Linh,Tỉnh Hải Dương,Thành phố Hải Phòng,Phường Nguyễn Trãi,Phường,10552
Phường Chí Minh,Thành phố Chí Linh,Tỉnh Hải Dương,Thành phố Hải Phòng,Phường Chu Văn An,Phường,10549
Phường Cổ Thành,Thành phố Chí Linh,Tỉnh Hải Dương,Thành phố Hải Phòng,Phường Chí Linh,Phường,10546
Phường Cộng Hòa,Thành phố Chí Linh,Tỉnh Hải Dương,Thành phố Hải Phòng,Phường Chu Văn An,Phường,10549
Phường Cộng Hòa,Thành phố Chí Linh,Tỉnh Hải Dương,Thành phố Hải Phòng,Phường Trần Hưng Đạo,Phường,10570
Phường Hoàng Tiến,Thành phố Chí Linh,Tỉnh Hải Dương,Thành phố Hải Phòng,Phường Trần Nhân Tông,Phường,10573
Phường Hoàng Tân,Thành phố Chí Linh,Tỉnh Hải Dương,Thành phố Hải Phòng,Phường Trần Nhân Tông,Phường,10573
Phường Phả Lại,Thành phố Chí Linh,Tỉnh Hải Dương,Thành phố Hải Phòng,Phường Chí Linh,Phường,10546
Phường Sao Đỏ,Thành phố Chí Linh,Tỉnh Hải Dương,Thành phố Hải Phòng,Phường Chu Văn An,Phường,10549
Phường Thái Học,Thành phố Chí Linh,Tỉnh Hải Dương,Thành phố Hải Phòng,Phường Chu Văn An,Phường,10549
Phường Tân Dân,Thành phố Chí Linh,Tỉnh Hải Dương,Thành phố Hải Phòng,Phường Lê Đại Hành,Phường,10603
Phường Văn An,Thành phố Chí Linh,Tỉnh Hải Dương,Thành phố Hải Phòng,Phường Chu Văn An,Phường,10549
Phường Văn Đức,Thành phố Chí Linh,Tỉnh Hải Dương,Thành phố Hải Phòng,Phường Bắc An Phụ,Phường,10678
Phường Văn Đức,Thành phố Chí Linh,Tỉnh Hải Dương,Thành phố Hải Phòng,Phường Chu Văn An,Phường,10549
Phường Văn Đức,Thành phố Chí Linh,Tỉnh Hải Dương,Thành phố Hải Phòng,Phường Trần Nhân Tông,Phường,10573
Phường Đồng Lạc,Thành phố Chí Linh,Tỉnh Hải Dương,Thành phố Hải Phòng,Phường Lê Đại Hành,Phường,10603
Xã Bắc An,Thành phố Chí Linh,Tỉnh Hải Dương,Thành phố Hải Phòng,Phường Nguyễn Trãi,Phường,10552
Xã Hoàng Hoa Thám,Thành phố Chí Linh,Tỉnh Hải Dương,Thành phố Hải Phòng,Phường Nguyễn Trãi,Phường,10552
Xã Hưng Đạo,Thành phố Chí Linh,Tỉnh Hải Dương,Thành phố Hải Phòng,Phường Trần Hưng Đạo,Phường,10570
Xã Lê Lợi,Thành phố Chí Linh,Tỉnh Hải Dương,Thành phố Hải Phòng,Phường Trần Hưng Đạo,Phường,10570
Xã Nhân Huệ,Thành phố Chí Linh,Tỉnh Hải Dương,Thành phố Hải Phòng,Phường Chí Linh,Phường,10546
Phường Bình Hàn,Thành phố Hải Dương,Tỉnh Hải Dương,Thành phố Hải Phòng,Phường Thành Đông,Phường,10507
Phường Cẩm Thượng,Thành phố Hải Dương,Tỉnh Hải Dương,Thành phố Hải Phòng,Phường Thành Đông,Phường,10507
Phường Hải Tân,Thành phố Hải Dương,Tỉnh Hải Dương,Thành phố Hải Phòng,Phường Tân Hưng,Phường,10537
Phường Lê Thanh Nghị,Thành phố Hải Dương,Tỉnh Hải Dương,Thành phố Hải Phòng,Phường Lê Thanh Nghị,Phường,10532
Phường Nam Đồng,Thành phố Hải Dương,Tỉnh Hải Dương,Thành phố Hải Phòng,Phường Nam Đồng,Phường,10837
Phường Nguyễn Trãi,Thành phố Hải Dương,Tỉnh Hải Dương,Thành phố Hải Phòng,Phường Thành Đông,Phường,10507
Phường Ngọc Châu,Thành phố Hải Dương,Tỉnh Hải Dương,Thành phố Hải Phòng,Phường Hải Dương,Phường,10525
Phường Nhị Châu,Thành phố Hải Dương,Tỉnh Hải Dương,Thành phố Hải Phòng,Phường Hải Dương,Phường,10525
Phường Quang Trung,Thành phố Hải Dương,Tỉnh Hải Dương,Thành phố Hải Phòng,Phường Hải Dương,Phường,10525
Phường Thanh Bình,Thành phố Hải Dương,Tỉnh Hải Dương,Thành phố Hải Phòng,Phường Lê Thanh Nghị,Phường,10532
Phường Thạch Khôi,Thành phố Hải Dương,Tỉnh Hải Dương,Thành phố Hải Phòng,Phường Thạch Khôi,Phường,11002
Phường Trần Hưng Đạo,Thành phố Hải Dương,Tỉnh Hải Dương,Thành phố Hải Phòng,Phường Hải Dương,Phường,10525
Phường Trần Phú,Thành phố Hải Dương,Tỉnh Hải Dương,Thành phố Hải Phòng,Phường Lê Thanh Nghị,Phường,10532
Phường Trần Phú,Thành phố Hải Dương,Tỉnh Hải Dương,Thành phố Hải Phòng,Phường Tân Hưng,Phường,10537
Phường Tân Bình,Thành phố Hải Dương,Tỉnh Hải Dương,Thành phố Hải Phòng,Phường Lê Thanh Nghị,Phường,10532
Phường Tân Hưng,Thành phố Hải Dương,Tỉnh Hải Dương,Thành phố Hải Phòng,Phường Tân Hưng,Phường,10537
Phường Tứ Minh,Thành phố Hải Dương,Tỉnh Hải Dương,Thành phố Hải Phòng,Phường Tứ Minh,Phường,10891
Phường Tứ Minh,Thành phố Hải Dương,Tỉnh Hải Dương,Thành phố Hải Phòng,Phường Việt Hòa,Xã,10543
Phường Việt Hòa,Thành phố Hải Dương,Tỉnh Hải Dương,Thành phố Hải Phòng,Phường Việt Hòa,Xã,10543
Phường Ái Quốc,Thành phố Hải Dương,Tỉnh Hải Dương,Thành phố Hải Phòng,Phường Ái Quốc,Phường,10660
Xã An Thượng,Thành phố Hải Dương,Tỉnh Hải Dương,Thành phố Hải Phòng,Phường Thành Đông,Phường,10507
Xã Gia Xuyên,Thành phố Hải Dương,Tỉnh Hải Dương,Thành phố Hải Phòng,Phường Thạch Khôi,Phường,11002
Xã Liên Hồng,Thành phố Hải Dương,Tỉnh Hải Dương,Thành phố Hải Phòng,Phường Thạch Khôi,Phường,11002
Xã Ngọc Sơn,Thành phố Hải Dương,Tỉnh Hải Dương,Thành phố Hải Phòng,Phường Tân Hưng,Phường,10537
Xã Quyết Thắng,Thành phố Hải Dương,Tỉnh Hải Dương,Thành phố Hải Phòng,Phường Ái Quốc,Phường,10660
Xã Tiền Tiến,Thành phố Hải Dương,Tỉnh Hải Dương,Thành phố Hải Phòng,Phường Nam Đồng,Phường,10837
Phường An Lưu,Thị xã Kinh Môn,Tỉnh Hải Dương,Thành phố Hải Phòng,Phường Kinh Môn,Phường,10675
Phường An Phụ,Thị xã Kinh Môn,Tỉnh Hải Dương,Thành phố Hải Phòng,Phường Trần Liễu,Phường,10729
Phường An Sinh,Thị xã Kinh Môn,Tỉnh Hải Dương,Thành phố Hải Phòng,Phường Phạm Sư Mạnh,Phường,10726
Phường Duy Tân,Thị xã Kinh Môn,Tỉnh Hải Dương,Thành phố Hải Phòng,Phường Nhị Chiểu,Phường,10714
Phường Hiến Thành,Thị xã Kinh Môn,Tỉnh Hải Dương,Thành phố Hải Phòng,Phường Nguyễn Đại Năng,Phường,10744
Phường Hiệp An,Thị xã Kinh Môn,Tỉnh Hải Dương,Thành phố Hải Phòng,Phường Kinh Môn,Phường,10675
Phường Hiệp Sơn,Thị xã Kinh Môn,Tỉnh Hải Dương,Thành phố Hải Phòng,Phường Phạm Sư Mạnh,Phường,10726
Phường Long Xuyên,Thị xã Kinh Môn,Tỉnh Hải Dương,Thành phố Hải Phòng,Phường Kinh Môn,Phường,10675
Phường Minh Tân,Thị xã Kinh Môn,Tỉnh Hải Dương,Thành phố Hải Phòng,Phường Nhị Chiểu,Phường,10714
Phường Phú Thứ,Thị xã Kinh Môn,Tỉnh Hải Dương,Thành phố Hải Phòng,Phường Nhị Chiểu,Phường,10714
Phường Phạm Thái,Thị xã Kinh Môn,Tỉnh Hải Dương,Thành phố Hải Phòng,Phường Phạm Sư Mạnh,Phường,10726
Phường Thái Thịnh,Thị xã Kinh Môn,Tỉnh Hải Dương,Thành phố Hải Phòng,Phường Nguyễn Đại Năng,Phường,10744
Phường Thất Hùng,Thị xã Kinh Môn,Tỉnh Hải Dương,Thành phố Hải Phòng,Phường Bắc An Phụ,Phường,10678
Phường Tân Dân,Thị xã Kinh Môn,Tỉnh Hải Dương,Thành phố Hải Phòng,Phường Nhị Chiểu,Phường,10714
Xã Bạch Đằng,Thị xã Kinh Môn,Tỉnh Hải Dương,Thành phố Hải Phòng,Phường Bắc An Phụ,Phường,10678
Xã Hiệp Hòa,Thị xã Kinh Môn,Tỉnh Hải Dương,Thành phố Hải Phòng,Phường Trần Liễu,Phường,10729
Xã Lê Ninh,Thị xã Kinh Môn,Tỉnh Hải Dương,Thành phố Hải Phòng,Phường Bắc An Phụ,Phường,10678
Xã Lạc Long,Thị xã Kinh Môn,Tỉnh Hải Dương,Thành phố Hải Phòng,Xã Nam An Phụ,Xã,10705
Xã Minh Hòa,Thị xã Kinh Môn,Tỉnh Hải Dương,Thành phố Hải Phòng,Phường Nguyễn Đại Năng,Phường,10744
Xã Quang Thành,Thị xã Kinh Môn,Tỉnh Hải Dương,Thành phố Hải Phòng,Xã Nam An Phụ,Xã,10705
Xã Thăng Long,Thị xã Kinh Môn,Tỉnh Hải Dương,Thành phố Hải Phòng,Xã Nam An Phụ,Xã,10705
Xã Thượng Quận,Thị xã Kinh Môn,Tỉnh Hải Dương,Thành phố Hải Phòng,Phường Trần Liễu,Phường,10729
Xã Thượng Quận,Thị xã Kinh Môn,Tỉnh Hải Dương,Thành phố Hải Phòng,Xã Phú Thái,Xã,10750
Thị trấn Tân Túc,Huyện Bình Chánh,Thành phố Hồ Chí Minh,Thành phố Hồ Chí Minh,Xã Tân Nhựt,Xã,27595
Xã An Phú Tây,Huyện Bình Chánh,Thành phố Hồ Chí Minh,Thành phố Hồ Chí Minh,Phường Bình Đông,Phường,27424
Xã An Phú Tây,Huyện Bình Chánh,Thành phố Hồ Chí Minh,Thành phố Hồ Chí Minh,Xã Bình Chánh,Xã,27637
Xã Bình Chánh,Huyện Bình Chánh,Thành phố Hồ Chí Minh,Thành phố Hồ Chí Minh,Xã Bình Chánh,Xã,27637
Xã Bình Hưng,Huyện Bình Chánh,Thành phố Hồ Chí Minh,Thành phố Hồ Chí Minh,Xã Bình Hưng,Xã,27619
Xã Bình Lợi,Huyện Bình Chánh,Thành phố Hồ Chí Minh,Thành phố Hồ Chí Minh,Xã Bình Lợi,Xã,27610
Xã Hưng Long,Huyện Bình Chánh,Thành phố Hồ Chí Minh,Thành phố Hồ Chí Minh,Xã Hưng Long,Xã,27628
Xã Lê Minh Xuân,Huyện Bình Chánh,Thành phố Hồ Chí Minh,Thành phố Hồ Chí Minh,Xã Bình Lợi,Xã,27610
Xã Phong Phú,Huyện Bình Chánh,Thành phố Hồ Chí Minh,Thành phố Hồ Chí Minh,Xã Bình Hưng,Xã,27619
Xã Phạm Văn Hai,Huyện Bình Chánh,Thành phố Hồ Chí Minh,Thành phố Hồ Chí Minh,Xã Tân Vĩnh Lộc,Xã,27604
Xã Phạm Văn Hai,Huyện Bình Chánh,Thành phố Hồ Chí Minh,Thành phố Hồ Chí Minh,Xã Vĩnh Lộc,Xã,27601
Xã Qui Đức,Huyện Bình Chánh,Thành phố Hồ Chí Minh,Thành phố Hồ Chí Minh,Xã Hưng Long,Xã,27628
Xã Tân Kiên,Huyện Bình Chánh,Thành phố Hồ Chí Minh,Thành phố Hồ Chí Minh,Phường Tân Tạo,Phường,27457
Xã Tân Kiên,Huyện Bình Chánh,Thành phố Hồ Chí Minh,Thành phố Hồ Chí Minh,Xã Tân Nhựt,Xã,27595
Xã Tân Nhựt,Huyện Bình Chánh,Thành phố Hồ Chí Minh,Thành phố Hồ Chí Minh,Xã Tân Nhựt,Xã,27595
Xã Tân Quý Tây,Huyện Bình Chánh,Thành phố Hồ Chí Minh,Thành phố Hồ Chí Minh,Xã Bình Chánh,Xã,27637
Xã Vĩnh Lộc A,Huyện Bình Chánh,Thành phố Hồ Chí Minh,Thành phố Hồ Chí Minh,Xã Vĩnh Lộc,Xã,27601
Xã Vĩnh Lộc B,Huyện Bình Chánh,Thành phố Hồ Chí Minh,Thành phố Hồ Chí Minh,Xã Tân Vĩnh Lộc,Xã,27604
Xã Đa Phước,Huyện Bình Chánh,Thành phố Hồ Chí Minh,Thành phố Hồ Chí Minh,Xã Hưng Long,Xã,27628
Thị trấn Cần Thạnh,Huyện Cần Giờ,Thành phố Hồ Chí Minh,Thành phố Hồ Chí Minh,Xã Cần Giờ,Xã,27664
Xã An Thới Đông,Huyện Cần Giờ,Thành phố Hồ Chí Minh,Thành phố Hồ Chí Minh,Xã An Thới Đông,Xã,27673
Xã An Thới Đông,Huyện Cần Giờ,Thành phố Hồ Chí Minh,Thành phố Hồ Chí Minh,Xã Bình Khánh,Xã,27667
Xã Bình Khánh,Huyện Cần Giờ,Thành phố Hồ Chí Minh,Thành phố Hồ Chí Minh,Xã Bình Khánh,Xã,27667
Xã Long Hòa,Huyện Cần Giờ,Thành phố Hồ Chí Minh,Thành phố Hồ Chí Minh,Xã Cần Giờ,Xã,27664
Xã Lý Nhơn,Huyện Cần Giờ,Thành phố Hồ Chí Minh,Thành phố Hồ Chí Minh,Xã An Thới Đông,Xã,27673
Xã Tam Thôn Hiệp,Huyện Cần Giờ,Thành phố Hồ Chí Minh,Thành phố Hồ Chí Minh,Xã Bình Khánh,Xã,27667
Xã Thạnh An,Huyện Cần Giờ,Thành phố Hồ Chí Minh,Thành phố Hồ Chí Minh,Xã Thạnh An,Xã,27676
Thị trấn Củ Chi,Huyện Củ Chi,Thành phố Hồ Chí Minh,Thành phố Hồ Chí Minh,Xã Tân An Hội,Xã,27496
Xã An Nhơn Tây,Huyện Củ Chi,Thành phố Hồ Chí Minh,Thành phố Hồ Chí Minh,Xã An Nhơn Tây,Xã,27508
Xã An Phú,Huyện Củ Chi,Thành phố Hồ Chí Minh,Thành phố Hồ Chí Minh,Xã An Nhơn Tây,Xã,27508
Xã Bình Mỹ,Huyện Củ Chi,Thành phố Hồ Chí Minh,Thành phố Hồ Chí Minh,Xã Bình Mỹ,Xã,27544
Xã Hòa Phú,Huyện Củ Chi,Thành phố Hồ Chí Minh,Thành phố Hồ Chí Minh,Xã Bình Mỹ,Xã,27544
Xã Nhuận Đức,Huyện Củ Chi,Thành phố Hồ Chí Minh,Thành phố Hồ Chí Minh,Xã Nhuận Đức,Xã,27511
Xã Phú Hòa Đông,Huyện Củ Chi,Thành phố Hồ Chí Minh,Thành phố Hồ Chí Minh,Xã Phú Hòa Đông,Xã,27541
Xã Phú Mỹ Hưng,Huyện Củ Chi,Thành phố Hồ Chí Minh,Thành phố Hồ Chí Minh,Xã An Nhơn Tây,Xã,27508
Xã Phước Hiệp,Huyện Củ Chi,Thành phố Hồ Chí Minh,Thành phố Hồ Chí Minh,Xã Tân An Hội,Xã,27496
Xã Phước Thạnh,Huyện Củ Chi,Thành phố Hồ Chí Minh,Thành phố Hồ Chí Minh,Xã Thái Mỹ,Xã,27526
Xã Phước Vĩnh An,Huyện Củ Chi,Thành phố Hồ Chí Minh,Thành phố Hồ Chí Minh,Xã Củ Chi,Xã,27553
Xã Phạm Văn Cội,Huyện Củ Chi,Thành phố Hồ Chí Minh,Thành phố Hồ Chí Minh,Xã Nhuận Đức,Xã,27511
Xã Thái Mỹ,Huyện Củ Chi,Thành phố Hồ Chí Minh,Thành phố Hồ Chí Minh,Xã Thái Mỹ,Xã,27526
Xã Trung An,Huyện Củ Chi,Thành phố Hồ Chí Minh,Thành phố Hồ Chí Minh,Xã Bình Mỹ,Xã,27544
Xã Trung Lập Hạ,Huyện Củ Chi,Thành phố Hồ Chí Minh,Thành phố Hồ Chí Minh,Xã Nhuận Đức,Xã,27511
Xã Trung Lập Thượng,Huyện Củ Chi,Thành phố Hồ Chí Minh,Thành phố Hồ Chí Minh,Xã Thái Mỹ,Xã,27526
Xã Tân An Hội,Huyện Củ Chi,Thành phố Hồ Chí Minh,Thành phố Hồ Chí Minh,Xã Tân An Hội,Xã,27496
Xã Tân Phú Trung,Huyện Củ Chi,Thành phố Hồ Chí Minh,Thành phố Hồ Chí Minh,Xã Củ Chi,Xã,27553
Xã Tân Thông Hội,Huyện Củ Chi,Thành phố Hồ Chí Minh,Thành phố Hồ Chí Minh,Xã Củ Chi,Xã,27553
Xã Tân Thạnh Tây,Huyện Củ Chi,Thành phố Hồ Chí Minh,Thành phố Hồ Chí Minh,Xã Phú Hòa Đông,Xã,27541
Xã Tân Thạnh Đông,Huyện Củ Chi,Thành phố Hồ Chí Minh,Thành phố Hồ Chí Minh,Xã Phú Hòa Đông,Xã,27541
Thị trấn Hóc Môn,Huyện Hóc Môn,Thành phố Hồ Chí Minh,Thành phố Hồ Chí Minh,Xã Hóc Môn,Xã,27559
Xã Bà Điểm,Huyện Hóc Môn,Thành phố Hồ Chí Minh,Thành phố Hồ Chí Minh,Xã Bà Điểm,Xã,27592
Xã Nhị Bình,Huyện Hóc Môn,Thành phố Hồ Chí Minh,Thành phố Hồ Chí Minh,Xã Đông Thạnh,Xã,27568
Xã Thới Tam Thôn,Huyện Hóc Môn,Thành phố Hồ Chí Minh,Thành phố Hồ Chí Minh,Xã Đông Thạnh,Xã,27568
Xã Trung Chánh,Huyện Hóc Môn,Thành phố Hồ Chí Minh,Thành phố Hồ Chí Minh,Xã Bà Điểm,Xã,27592
Xã Tân Hiệp,Huyện Hóc Môn,Thành phố Hồ Chí Minh,Thành phố Hồ Chí Minh,Xã Hóc Môn,Xã,27559
Xã Tân Thới Nhì,Huyện Hóc Môn,Thành phố Hồ Chí Minh,Thành phố Hồ Chí Minh,Xã Xuân Thới Sơn,Xã,27577
Xã Tân Xuân,Huyện Hóc Môn,Thành phố Hồ Chí Minh,Thành phố Hồ Chí Minh,Xã Hóc Môn,Xã,27559
Xã Xuân Thới Sơn,Huyện Hóc Môn,Thành phố Hồ Chí Minh,Thành phố Hồ Chí Minh,Xã Xuân Thới Sơn,Xã,27577
Xã Xuân Thới Thượng,Huyện Hóc Môn,Thành phố Hồ Chí Minh,Thành phố Hồ Chí Minh,Xã Bà Điểm,Xã,27592
Xã Xuân Thới Đông,Huyện Hóc Môn,Thành phố Hồ Chí Minh,Thành phố Hồ Chí Minh,Xã Xuân Thới Sơn,Xã,27577
Xã Đông Thạnh,Huyện Hóc Môn,Thành phố Hồ Chí Minh,Thành phố Hồ Chí Minh,Xã Đông Thạnh,Xã,27568
Thị trấn Nhà Bè,Huyện Nhà Bè,Thành phố Hồ Chí Minh,Thành phố Hồ Chí Minh,Xã Nhà Bè,Xã,27655
Xã Hiệp Phước,Huyện Nhà Bè,Thành phố Hồ Chí Minh,Thành phố Hồ Chí Minh,Xã Hiệp Phước,Xã,27658
Xã Long Thới,Huyện Nhà Bè,Thành phố Hồ Chí Minh,Thành phố Hồ Chí Minh,Xã Hiệp Phước,Xã,27658
Xã Nhơn Đức,Huyện Nhà Bè,Thành phố Hồ Chí Minh,Thành phố Hồ Chí Minh,Xã Hiệp Phước,Xã,27658
Xã Phú Xuân,Huyện Nhà Bè,Thành phố Hồ Chí Minh,Thành phố Hồ Chí Minh,Xã Nhà Bè,Xã,27655
Xã Phước Kiển,Huyện Nhà Bè,Thành phố Hồ Chí Minh,Thành phố Hồ Chí Minh,Xã Nhà Bè,Xã,27655
Xã Phước Lộc,Huyện Nhà Bè,Thành phố Hồ Chí Minh,Thành phố Hồ Chí Minh,Xã Nhà Bè,Xã,27655
Phường Bến Nghé,Quận 1,Thành phố Hồ Chí Minh,Thành phố Hồ Chí Minh,Phường Sài Gòn,Phường,26740
Phường Bến Thành,Quận 1,Thành phố Hồ Chí Minh,Thành phố Hồ Chí Minh,Phường Bến Thành,Phường,26743
Phường Cô Giang,Quận 1,Thành phố Hồ Chí Minh,Thành phố Hồ Chí Minh,Phường Cầu Ông Lãnh,Phường,26758
Phường Cầu Kho,Quận 1,Thành phố Hồ Chí Minh,Thành phố Hồ Chí Minh,Phường Cầu Ông Lãnh,Phường,26758
Phường Cầu Ông Lãnh,Quận 1,Thành phố Hồ Chí Minh,Thành phố Hồ Chí Minh,Phường Bến Thành,Phường,26743
Phường Cầu Ông Lãnh,Quận 1,Thành phố Hồ Chí Minh,Thành phố Hồ Chí Minh,Phường Cầu Ông Lãnh,Phường,26758
Phường Nguyễn Cư Trinh,Quận 1,Thành phố Hồ Chí Minh,Thành phố Hồ Chí Minh,Phường Cầu Ông Lãnh,Phường,26758
Phường Nguyễn Thái Bình,Quận 1,Thành phố Hồ Chí Minh,Thành phố Hồ Chí Minh,Phường Bến Thành,Phường,26743
Phường Nguyễn Thái Bình,Quận 1,Thành phố Hồ Chí Minh,Thành phố Hồ Chí Minh,Phường Sài Gòn,Phường,26740
Phường Phạm Ngũ Lão,Quận 1,Thành phố Hồ Chí Minh,Thành phố Hồ Chí Minh,Phường Bến Thành,Phường,26743
Phường Tân Định,Quận 1,Thành phố Hồ Chí Minh,Thành phố Hồ Chí Minh,Phường Tân Định,Phường,26737
Phường Đa Kao,Quận 1,Thành phố Hồ Chí Minh,Thành phố Hồ Chí Minh,Phường Sài Gòn,Phường,26740
Phường Đa Kao,Quận 1,Thành phố Hồ Chí Minh,Thành phố Hồ Chí Minh,Phường Tân Định,Phường,26737
Phường 1,Quận 10,Thành phố Hồ Chí Minh,Thành phố Hồ Chí Minh,Phường Vườn Lài,Phường,27190
Phường 10,Quận 10,Thành phố Hồ Chí Minh,Thành phố Hồ Chí Minh,Phường Vườn Lài,Phường,27190
Phường 12,Quận 10,Thành phố Hồ Chí Minh,Thành phố Hồ Chí Minh,Phường Hòa Hưng,Phường,27163
Phường 13,Quận 10,Thành phố Hồ Chí Minh,Thành phố Hồ Chí Minh,Phường Hòa Hưng,Phường,27163
Phường 14,Quận 10,Thành phố Hồ Chí Minh,Thành phố Hồ Chí Minh,Phường Diên Hồng,Phường,27169
Phường 14,Quận 10,Thành phố Hồ Chí Minh,Thành phố Hồ Chí Minh,Phường Hòa Hưng,Phường,27163
Phường 15,Quận 10,Thành phố Hồ Chí Minh,Thành phố Hồ Chí Minh,Phường Hòa Hưng,Phường,27163
Phường 2,Quận 10,Thành phố Hồ Chí Minh,Thành phố Hồ Chí Minh,Phường Vườn Lài,Phường,27190
Phường 4,Quận 10,Thành phố Hồ Chí Minh,Thành phố Hồ Chí Minh,Phường Vườn Lài,Phường,27190
Phường 6,Quận 10,Thành phố Hồ Chí Minh,Thành phố Hồ Chí Minh,Phường Diên Hồng,Phường,27169
Phường 8,Quận 10,Thành phố Hồ Chí Minh,Thành phố Hồ Chí Minh,Phường Diên Hồng,Phường,27169
Phường 9,Quận 10,Thành phố Hồ Chí Minh,Thành phố Hồ Chí Minh,Phường Vườn Lài,Phường,27190
Phường 1,Quận 11,Thành phố Hồ Chí Minh,Thành phố Hồ Chí Minh,Phường Minh Phụng,Phường,27238
Phường 10,Quận 11,Thành phố Hồ Chí Minh,Thành phố Hồ Chí Minh,Phường Bình Thới,Phường,27232
Phường 11,Quận 11,Thành phố Hồ Chí Minh,Thành phố Hồ Chí Minh,Phường Phú Thọ,Phường,27226
Phường 14,Quận 11,Thành phố Hồ Chí Minh,Thành phố Hồ Chí Minh,Phường Hòa Bình,Phường,27211
Phường 15,Quận 11,Thành phố Hồ Chí Minh,Thành phố Hồ Chí Minh,Phường Phú Thọ,Phường,27226
Phường 16,Quận 11,Thành phố Hồ Chí Minh,Thành phố Hồ Chí Minh,Phường Minh Phụng,Phường,27238
Phường 3,Quận 11,Thành phố Hồ Chí Minh,Thành phố Hồ Chí Minh,Phường Bình Thới,Phường,27232
Phường 5,Quận 11,Thành phố Hồ Chí Minh,Thành phố Hồ Chí Minh,Phường Hòa Bình,Phường,27211
Phường 7,Quận 11,Thành phố Hồ Chí Minh,Thành phố Hồ Chí Minh,Phường Minh Phụng,Phường,27238
Phường 8,Quận 11,Thành phố Hồ Chí Minh,Thành phố Hồ Chí Minh,Phường Bình Thới,Phường,27232
Phường 8,Quận 11,Thành phố Hồ Chí Minh,Thành phố Hồ Chí Minh,Phường Phú Thọ,Phường,27226
Phường An Phú Đông,Quận 12,Thành phố Hồ Chí Minh,Thành phố Hồ Chí Minh,Phường An Phú Đông,Phường,26767
Phường Hiệp Thành,Quận 12,Thành phố Hồ Chí Minh,Thành phố Hồ Chí Minh,Phường Tân Thới Hiệp,Phường,26782
Phường Thạnh Lộc,Quận 12,Thành phố Hồ Chí Minh,Thành phố Hồ Chí Minh,Phường An Phú Đông,Phường,26767
Phường Thạnh Xuân,Quận 12,Thành phố Hồ Chí Minh,Thành phố Hồ Chí Minh,Phường Thới An,Phường,26773
Phường Thới An,Quận 12,Thành phố Hồ Chí Minh,Thành phố Hồ Chí Minh,Phường Thới An,Phường,26773
Phường Trung Mỹ Tây,Quận 12,Thành phố Hồ Chí Minh,Thành phố Hồ Chí Minh,Phường Trung Mỹ Tây,Phường,26785
Phường Tân Chánh Hiệp,Quận 12,Thành phố Hồ Chí Minh,Thành phố Hồ Chí Minh,Phường Trung Mỹ Tây,Phường,26785
Phường Tân Hưng Thuận,Quận 12,Thành phố Hồ Chí Minh,Thành phố Hồ Chí Minh,Phường Đông Hưng Thuận,Phường,26791
Phường Tân Thới Hiệp,Quận 12,Thành phố Hồ Chí Minh,Thành phố Hồ Chí Minh,Phường Tân Thới Hiệp,Phường,26782
Phường Tân Thới Nhất,Quận 12,Thành phố Hồ Chí Minh,Thành phố Hồ Chí Minh,Phường Đông Hưng Thuận,Phường,26791
Phường Đông Hưng Thuận,Quận 12,Thành phố Hồ Chí Minh,Thành phố Hồ Chí Minh,Phường Đông Hưng Thuận,Phường,26791
Phường 1,Quận 3,Thành phố Hồ Chí Minh,Thành phố Hồ Chí Minh,Phường Bàn Cờ,Phường,27154
Phường 11,Quận 3,Thành phố Hồ Chí Minh,Thành phố Hồ Chí Minh,Phường Nhiêu Lộc,Phường,27142
Phường 12,Quận 3,Thành phố Hồ Chí Minh,Thành phố Hồ Chí Minh,Phường Nhiêu Lộc,Phường,27142
Phường 14,Quận 3,Thành phố Hồ Chí Minh,Thành phố Hồ Chí Minh,Phường Nhiêu Lộc,Phường,27142
Phường 2,Quận 3,Thành phố Hồ Chí Minh,Thành phố Hồ Chí Minh,Phường Bàn Cờ,Phường,27154
Phường 3,Quận 3,Thành phố Hồ Chí Minh,Thành phố Hồ Chí Minh,Phường Bàn Cờ,Phường,27154
Phường 4,Quận 3,Thành phố Hồ Chí Minh,Thành phố Hồ Chí Minh,Phường Bàn Cờ,Phường,27154
Phường 4,Quận 3,Thành phố Hồ Chí Minh,Thành phố Hồ Chí Minh,Phường Xuân Hòa,Phường,27139
Phường 5,Quận 3,Thành phố Hồ Chí Minh,Thành phố Hồ Chí Minh,Phường Bàn Cờ,Phường,27154
Phường 9,Quận 3,Thành phố Hồ Chí Minh,Thành phố Hồ Chí Minh,Phường Nhiêu Lộc,Phường,27142
Phường Võ Thị Sáu,Quận 3,Thành phố Hồ Chí Minh,Thành phố Hồ Chí Minh,Phường Xuân Hòa,Phường,27139
Phường 1,Quận 4,Thành phố Hồ Chí Minh,Thành phố Hồ Chí Minh,Phường Vĩnh Hội,Phường,27286
Phường 13,Quận 4,Thành phố Hồ Chí Minh,Thành phố Hồ Chí Minh,Phường Xóm Chiếu,Phường,27259
Phường 15,Quận 4,Thành phố Hồ Chí Minh,Thành phố Hồ Chí Minh,Phường Khánh Hội,Phường,27265
Phường 15,Quận 4,Thành phố Hồ Chí Minh,Thành phố Hồ Chí Minh,Phường Xóm Chiếu,Phường,27259
Phường 16,Quận 4,Thành phố Hồ Chí Minh,Thành phố Hồ Chí Minh,Phường Xóm Chiếu,Phường,27259
Phường 18,Quận 4,Thành phố Hồ Chí Minh,Thành phố Hồ Chí Minh,Phường Xóm Chiếu,Phường,27259
Phường 2,Quận 4,Thành phố Hồ Chí Minh,Thành phố Hồ Chí Minh,Phường Khánh Hội,Phường,27265
Phường 2,Quận 4,Thành phố Hồ Chí Minh,Thành phố Hồ Chí Minh,Phường Vĩnh Hội,Phường,27286
Phường 3,Quận 4,Thành phố Hồ Chí Minh,Thành phố Hồ Chí Minh,Phường Vĩnh Hội,Phường,27286
Phường 4,Quận 4,Thành phố Hồ Chí Minh,Thành phố Hồ Chí Minh,Phường Khánh Hội,Phường,27265
Phường 4,Quận 4,Thành phố Hồ Chí Minh,Thành phố Hồ Chí Minh,Phường Vĩnh Hội,Phường,27286
Phường 8,Quận 4,Thành phố Hồ Chí Minh,Thành phố Hồ Chí Minh,Phường Khánh Hội,Phường,27265
Phường 9,Quận 4,Thành phố Hồ Chí Minh,Thành phố Hồ Chí Minh,Phường Khánh Hội,Phường,27265
Phường 1,Quận 5,Thành phố Hồ Chí Minh,Thành phố Hồ Chí Minh,Phường Chợ Quán,Phường,27301
Phường 11,Quận 5,Thành phố Hồ Chí Minh,Thành phố Hồ Chí Minh,Phường Chợ Lớn,Phường,27343
Phường 12,Quận 5,Thành phố Hồ Chí Minh,Thành phố Hồ Chí Minh,Phường Chợ Lớn,Phường,27343
Phường 13,Quận 5,Thành phố Hồ Chí Minh,Thành phố Hồ Chí Minh,Phường Chợ Lớn,Phường,27343
Phường 14,Quận 5,Thành phố Hồ Chí Minh,Thành phố Hồ Chí Minh,Phường Chợ Lớn,Phường,27343
Phường 2,Quận 5,Thành phố Hồ Chí Minh,Thành phố Hồ Chí Minh,Phường Chợ Quán,Phường,27301
Phường 4,Quận 5,Thành phố Hồ Chí Minh,Thành phố Hồ Chí Minh,Phường Chợ Quán,Phường,27301
Phường 5,Quận 5,Thành phố Hồ Chí Minh,Thành phố Hồ Chí Minh,Phường An Đông,Phường,27316
Phường 7,Quận 5,Thành phố Hồ Chí Minh,Thành phố Hồ Chí Minh,Phường An Đông,Phường,27316
Phường 9,Quận 5,Thành phố Hồ Chí Minh,Thành phố Hồ Chí Minh,Phường An Đông,Phường,27316
Phường 1,Quận 6,Thành phố Hồ Chí Minh,Thành phố Hồ Chí Minh,Phường Bình Tiên,Phường,27373
Phường 10,Quận 6,Thành phố Hồ Chí Minh,Thành phố Hồ Chí Minh,Phường Bình Phú,Phường,27364
Phường 11,Quận 6,Thành phố Hồ Chí Minh,Thành phố Hồ Chí Minh,Phường Bình Phú,Phường,27364
Phường 12,Quận 6,Thành phố Hồ Chí Minh,Thành phố Hồ Chí Minh,Phường Phú Lâm,Phường,27349
Phường 13,Quận 6,Thành phố Hồ Chí Minh,Thành phố Hồ Chí Minh,Phường Phú Lâm,Phường,27349
Phường 14,Quận 6,Thành phố Hồ Chí Minh,Thành phố Hồ Chí Minh,Phường Phú Lâm,Phường,27349
Phường 2,Quận 6,Thành phố Hồ Chí Minh,Thành phố Hồ Chí Minh,Phường Bình Tây,Phường,27367
Phường 7,Quận 6,Thành phố Hồ Chí Minh,Thành phố Hồ Chí Minh,Phường Bình Tiên,Phường,27373
Phường 8,Quận 6,Thành phố Hồ Chí Minh,Thành phố Hồ Chí Minh,Phường Bình Tiên,Phường,27373
Phường 9,Quận 6,Thành phố Hồ Chí Minh,Thành phố Hồ Chí Minh,Phường Bình Tây,Phường,27367
Phường Bình Thuận,Quận 7,Thành phố Hồ Chí Minh,Thành phố Hồ Chí Minh,Phường Tân Thuận,Phường,27478
Phường Phú Mỹ,Quận 7,Thành phố Hồ Chí Minh,Thành phố Hồ Chí Minh,Phường Phú Thuận,Phường,27484
Phường Phú Mỹ,Quận 7,Thành phố Hồ Chí Minh,Thành phố Hồ Chí Minh,Phường Tân Mỹ,Phường,27487
Phường Phú Thuận,Quận 7,Thành phố Hồ Chí Minh,Thành phố Hồ Chí Minh,Phường Phú Thuận,Phường,27484
Phường Tân Hưng,Quận 7,Thành phố Hồ Chí Minh,Thành phố Hồ Chí Minh,Phường Tân Hưng,Phường,27475
Phường Tân Kiểng,Quận 7,Thành phố Hồ Chí Minh,Thành phố Hồ Chí Minh,Phường Tân Hưng,Phường,27475
Phường Tân Phong,Quận 7,Thành phố Hồ Chí Minh,Thành phố Hồ Chí Minh,Phường Tân Hưng,Phường,27475
Phường Tân Phú,Quận 7,Thành phố Hồ Chí Minh,Thành phố Hồ Chí Minh,Phường Tân Mỹ,Phường,27487
Phường Tân Quy,Quận 7,Thành phố Hồ Chí Minh,Thành phố Hồ Chí Minh,Phường Tân Hưng,Phường,27475
Phường Tân Thuận Tây,Quận 7,Thành phố Hồ Chí Minh,Thành phố Hồ Chí Minh,Phường Tân Thuận,Phường,27478
Phường Tân Thuận Đông,Quận 7,Thành phố Hồ Chí Minh,Thành phố Hồ Chí Minh,Phường Tân Thuận,Phường,27478
Phường 14,Quận 8,Thành phố Hồ Chí Minh,Thành phố Hồ Chí Minh,Phường Phú Định,Phường,27427
Phường 15,Quận 8,Thành phố Hồ Chí Minh,Thành phố Hồ Chí Minh,Phường Phú Định,Phường,27427
Phường 16,Quận 8,Thành phố Hồ Chí Minh,Thành phố Hồ Chí Minh,Phường Bình Phú,Phường,27364
Phường 16,Quận 8,Thành phố Hồ Chí Minh,Thành phố Hồ Chí Minh,Phường Phú Định,Phường,27427
Phường 16,Quận 8,Thành phố Hồ Chí Minh,Thành phố Hồ Chí Minh,Xã Tân Nhựt,Xã,27595
Phường 4,Quận 8,Thành phố Hồ Chí Minh,Thành phố Hồ Chí Minh,Phường Chánh Hưng,Phường,27418
Phường 5,Quận 8,Thành phố Hồ Chí Minh,Thành phố Hồ Chí Minh,Phường Bình Đông,Phường,27424
Phường 5,Quận 8,Thành phố Hồ Chí Minh,Thành phố Hồ Chí Minh,Phường Chánh Hưng,Phường,27418
Phường 6,Quận 8,Thành phố Hồ Chí Minh,Thành phố Hồ Chí Minh,Phường Bình Đông,Phường,27424
Phường 7,Quận 8,Thành phố Hồ Chí Minh,Thành phố Hồ Chí Minh,Phường Bình Đông,Phường,27424
Phường 7,Quận 8,Thành phố Hồ Chí Minh,Thành phố Hồ Chí Minh,Xã Bình Hưng,Xã,27619
Phường Hưng Phú,Quận 8,Thành phố Hồ Chí Minh,Thành phố Hồ Chí Minh,Phường Chánh Hưng,Phường,27418
Phường Rạch Ông,Quận 8,Thành phố Hồ Chí Minh,Thành phố Hồ Chí Minh,Phường Chánh Hưng,Phường,27418
Phường Xóm Củi,Quận 8,Thành phố Hồ Chí Minh,Thành phố Hồ Chí Minh,Phường Phú Định,Phường,27427
Phường 1,Quận Bình Thạnh,Thành phố Hồ Chí Minh,Thành phố Hồ Chí Minh,Phường Gia Định,Phường,26944
Phường 11,Quận Bình Thạnh,Thành phố Hồ Chí Minh,Thành phố Hồ Chí Minh,Phường Bình Lợi Trung,Phường,26905
Phường 12,Quận Bình Thạnh,Thành phố Hồ Chí Minh,Thành phố Hồ Chí Minh,Phường Bình Thạnh,Phường,26929
Phường 13,Quận Bình Thạnh,Thành phố Hồ Chí Minh,Thành phố Hồ Chí Minh,Phường Bình Lợi Trung,Phường,26905
Phường 14,Quận Bình Thạnh,Thành phố Hồ Chí Minh,Thành phố Hồ Chí Minh,Phường Bình Thạnh,Phường,26929
Phường 17,Quận Bình Thạnh,Thành phố Hồ Chí Minh,Thành phố Hồ Chí Minh,Phường Gia Định,Phường,26944
Phường 19,Quận Bình Thạnh,Thành phố Hồ Chí Minh,Thành phố Hồ Chí Minh,Phường Thạnh Mỹ Tây,Phường,26956
Phường 2,Quận Bình Thạnh,Thành phố Hồ Chí Minh,Thành phố Hồ Chí Minh,Phường Gia Định,Phường,26944
Phường 22,Quận Bình Thạnh,Thành phố Hồ Chí Minh,Thành phố Hồ Chí Minh,Phường Thạnh Mỹ Tây,Phường,26956
Phường 25,Quận Bình Thạnh,Thành phố Hồ Chí Minh,Thành phố Hồ Chí Minh,Phường Thạnh Mỹ Tây,Phường,26956
Phường 26,Quận Bình Thạnh,Thành phố Hồ Chí Minh,Thành phố Hồ Chí Minh,Phường Bình Thạnh,Phường,26929
Phường 27,Quận Bình Thạnh,Thành phố Hồ Chí Minh,Thành phố Hồ Chí Minh,Phường Bình Quới,Phường,26911
Phường 28,Quận Bình Thạnh,Thành phố Hồ Chí Minh,Thành phố Hồ Chí Minh,Phường Bình Quới,Phường,26911
Phường 5,Quận Bình Thạnh,Thành phố Hồ Chí Minh,Thành phố Hồ Chí Minh,Phường Bình Lợi Trung,Phường,26905
Phường 7,Quận Bình Thạnh,Thành phố Hồ Chí Minh,Thành phố Hồ Chí Minh,Phường Gia Định,Phường,26944
Phường An Lạc,Quận Bình Tân,Thành phố Hồ Chí Minh,Thành phố Hồ Chí Minh,Phường An Lạc,Phường,27460
Phường An Lạc A,Quận Bình Tân,Thành phố Hồ Chí Minh,Thành phố Hồ Chí Minh,Phường An Lạc,Phường,27460
Phường Bình Hưng Hòa,Quận Bình Tân,Thành phố Hồ Chí Minh,Thành phố Hồ Chí Minh,Phường Bình Hưng Hòa,Phường,27439
Phường Bình Hưng Hòa A,Quận Bình Tân,Thành phố Hồ Chí Minh,Thành phố Hồ Chí Minh,Phường Bình Hưng Hòa,Phường,27439
Phường Bình Hưng Hòa A,Quận Bình Tân,Thành phố Hồ Chí Minh,Thành phố Hồ Chí Minh,Phường Bình Trị Đông,Phường,27448
Phường Bình Hưng Hòa B,Quận Bình Tân,Thành phố Hồ Chí Minh,Thành phố Hồ Chí Minh,Phường Bình Tân,Phường,27442
Phường Bình Trị Đông,Quận Bình Tân,Thành phố Hồ Chí Minh,Thành phố Hồ Chí Minh,Phường Bình Trị Đông,Phường,27448
Phường Bình Trị Đông A,Quận Bình Tân,Thành phố Hồ Chí Minh,Thành phố Hồ Chí Minh,Phường Bình Tân,Phường,27442
Phường Bình Trị Đông A,Quận Bình Tân,Thành phố Hồ Chí Minh,Thành phố Hồ Chí Minh,Phường Bình Trị Đông,Phường,27448
Phường Bình Trị Đông B,Quận Bình Tân,Thành phố Hồ Chí Minh,Thành phố Hồ Chí Minh,Phường An Lạc,Phường,27460
Phường Tân Tạo,Quận Bình Tân,Thành phố Hồ Chí Minh,Thành phố Hồ Chí Minh,Phường Bình Tân,Phường,27442
Phường Tân Tạo,Quận Bình Tân,Thành phố Hồ Chí Minh,Thành phố Hồ Chí Minh,Phường Tân Tạo,Phường,27457
Phường Tân Tạo,Quận Bình Tân,Thành phố Hồ Chí Minh,Thành phố Hồ Chí Minh,Xã Tân Vĩnh Lộc,Xã,27604
Phường Tân Tạo A,Quận Bình Tân,Thành phố Hồ Chí Minh,Thành phố Hồ Chí Minh,Phường Tân Tạo,Phường,27457
Phường Tân Tạo A,Quận Bình Tân,Thành phố Hồ Chí Minh,Thành phố Hồ Chí Minh,Xã Tân Nhựt,Xã,27595
Phường 1,Quận Gò Vấp,Thành phố Hồ Chí Minh,Thành phố Hồ Chí Minh,Phường Hạnh Thông,Phường,26890
Phường 10,Quận Gò Vấp,Thành phố Hồ Chí Minh,Thành phố Hồ Chí Minh,Phường Gò Vấp,Phường,26884
Phường 11,Quận Gò Vấp,Thành phố Hồ Chí Minh,Thành phố Hồ Chí Minh,Phường Thông Tây Hội,Phường,26898
Phường 12,Quận Gò Vấp,Thành phố Hồ Chí Minh,Thành phố Hồ Chí Minh,Phường An Hội Tây,Phường,26882
Phường 14,Quận Gò Vấp,Thành phố Hồ Chí Minh,Thành phố Hồ Chí Minh,Phường An Hội Tây,Phường,26882
Phường 15,Quận Gò Vấp,Thành phố Hồ Chí Minh,Thành phố Hồ Chí Minh,Phường An Hội Đông,Phường,26878
Phường 16,Quận Gò Vấp,Thành phố Hồ Chí Minh,Thành phố Hồ Chí Minh,Phường An Hội Đông,Phường,26878
Phường 17,Quận Gò Vấp,Thành phố Hồ Chí Minh,Thành phố Hồ Chí Minh,Phường Gò Vấp,Phường,26884
Phường 3,Quận Gò Vấp,Thành phố Hồ Chí Minh,Thành phố Hồ Chí Minh,Phường Hạnh Thông,Phường,26890
Phường 5,Quận Gò Vấp,Thành phố Hồ Chí Minh,Thành phố Hồ Chí Minh,Phường An Nhơn,Phường,26876
Phường 6,Quận Gò Vấp,Thành phố Hồ Chí Minh,Thành phố Hồ Chí Minh,Phường An Nhơn,Phường,26876
Phường 8,Quận Gò Vấp,Thành phố Hồ Chí Minh,Thành phố Hồ Chí Minh,Phường Thông Tây Hội,Phường,26898
Phường 1,Quận Phú Nhuận,Thành phố Hồ Chí Minh,Thành phố Hồ Chí Minh,Phường Cầu Kiệu,Phường,27058
Phường 10,Quận Phú Nhuận,Thành phố Hồ Chí Minh,Thành phố Hồ Chí Minh,Phường Phú Nhuận,Phường,27073
Phường 11,Quận Phú Nhuận,Thành phố Hồ Chí Minh,Thành phố Hồ Chí Minh,Phường Phú Nhuận,Phường,27073
Phường 13,Quận Phú Nhuận,Thành phố Hồ Chí Minh,Thành phố Hồ Chí Minh,Phường Phú Nhuận,Phường,27073
Phường 15,Quận Phú Nhuận,Thành phố Hồ Chí Minh,Thành phố Hồ Chí Minh,Phường Cầu Kiệu,Phường,27058
Phường 15,Quận Phú Nhuận,Thành phố Hồ Chí Minh,Thành phố Hồ Chí Minh,Phường Phú Nhuận,Phường,27073
Phường 2,Quận Phú Nhuận,Thành phố Hồ Chí Minh,Thành phố Hồ Chí Minh,Phường Cầu Kiệu,Phường,27058
Phường 4,Quận Phú Nhuận,Thành phố Hồ Chí Minh,Thành phố Hồ Chí Minh,Phường Đức Nhuận,Phường,27043
Phường 5,Quận Phú Nhuận,Thành phố Hồ Chí Minh,Thành phố Hồ Chí Minh,Phường Đức Nhuận,Phường,27043
Phường 7,Quận Phú Nhuận,Thành phố Hồ Chí Minh,Thành phố Hồ Chí Minh,Phường Cầu Kiệu,Phường,27058
Phường 8,Quận Phú Nhuận,Thành phố Hồ Chí Minh,Thành phố Hồ Chí Minh,Phường Phú Nhuận,Phường,27073
Phường 9,Quận Phú Nhuận,Thành phố Hồ Chí Minh,Thành phố Hồ Chí Minh,Phường Đức Nhuận,Phường,27043
Phường 1,Quận Tân Bình,Thành phố Hồ Chí Minh,Thành phố Hồ Chí Minh,Phường Tân Sơn Hòa,Phường,26977
Phường 10,Quận Tân Bình,Thành phố Hồ Chí Minh,Thành phố Hồ Chí Minh,Phường Bảy Hiền,Phường,26983
Phường 11,Quận Tân Bình,Thành phố Hồ Chí Minh,Thành phố Hồ Chí Minh,Phường Bảy Hiền,Phường,26983
Phường 12,Quận Tân Bình,Thành phố Hồ Chí Minh,Thành phố Hồ Chí Minh,Phường Bảy Hiền,Phường,26983
Phường 13,Quận Tân Bình,Thành phố Hồ Chí Minh,Thành phố Hồ Chí Minh,Phường Tân Bình,Phường,27004
Phường 14,Quận Tân Bình,Thành phố Hồ Chí Minh,Thành phố Hồ Chí Minh,Phường Tân Bình,Phường,27004
Phường 15,Quận Tân Bình,Thành phố Hồ Chí Minh,Thành phố Hồ Chí Minh,Phường Tân Bình,Phường,27004
Phường 15,Quận Tân Bình,Thành phố Hồ Chí Minh,Thành phố Hồ Chí Minh,Phường Tân Sơn,Phường,27007
Phường 2,Quận Tân Bình,Thành phố Hồ Chí Minh,Thành phố Hồ Chí Minh,Phường Tân Sơn Hòa,Phường,26977
Phường 3,Quận Tân Bình,Thành phố Hồ Chí Minh,Thành phố Hồ Chí Minh,Phường Tân Sơn Hòa,Phường,26977
Phường 4,Quận Tân Bình,Thành phố Hồ Chí Minh,Thành phố Hồ Chí Minh,Phường Tân Sơn Nhất,Phường,26968
Phường 5,Quận Tân Bình,Thành phố Hồ Chí Minh,Thành phố Hồ Chí Minh,Phường Tân Sơn Nhất,Phường,26968
Phường 6,Quận Tân Bình,Thành phố Hồ Chí Minh,Thành phố Hồ Chí Minh,Phường Tân Hòa,Phường,26995
Phường 7,Quận Tân Bình,Thành phố Hồ Chí Minh,Thành phố Hồ Chí Minh,Phường Tân Sơn Nhất,Phường,26968
Phường 8,Quận Tân Bình,Thành phố Hồ Chí Minh,Thành phố Hồ Chí Minh,Phường Tân Hòa,Phường,26995
Phường 9,Quận Tân Bình,Thành phố Hồ Chí Minh,Thành phố Hồ Chí Minh,Phường Tân Hòa,Phường,26995
Phường Hiệp Tân,Quận Tân Phú,Thành phố Hồ Chí Minh,Thành phố Hồ Chí Minh,Phường Phú Thạnh,Phường,27028
Phường Hòa Thạnh,Quận Tân Phú,Thành phố Hồ Chí Minh,Thành phố Hồ Chí Minh,Phường Tân Phú,Phường,27031
Phường Phú Thạnh,Quận Tân Phú,Thành phố Hồ Chí Minh,Thành phố Hồ Chí Minh,Phường Phú Thạnh,Phường,27028
Phường Phú Thọ Hòa,Quận Tân Phú,Thành phố Hồ Chí Minh,Thành phố Hồ Chí Minh,Phường Phú Thọ Hòa,Phường,27022
Phường Phú Trung,Quận Tân Phú,Thành phố Hồ Chí Minh,Thành phố Hồ Chí Minh,Phường Tân Phú,Phường,27031
Phường Sơn Kỳ,Quận Tân Phú,Thành phố Hồ Chí Minh,Thành phố Hồ Chí Minh,Phường Bình Hưng Hòa,Phường,27439
Phường Sơn Kỳ,Quận Tân Phú,Thành phố Hồ Chí Minh,Thành phố Hồ Chí Minh,Phường Tân Sơn Nhì,Phường,27019
Phường Sơn Kỳ,Quận Tân Phú,Thành phố Hồ Chí Minh,Thành phố Hồ Chí Minh,Phường Tây Thạnh,Phường,27013
Phường Tân Quý,Quận Tân Phú,Thành phố Hồ Chí Minh,Thành phố Hồ Chí Minh,Phường Phú Thọ Hòa,Phường,27022
Phường Tân Quý,Quận Tân Phú,Thành phố Hồ Chí Minh,Thành phố Hồ Chí Minh,Phường Tân Sơn Nhì,Phường,27019
Phường Tân Sơn Nhì,Quận Tân Phú,Thành phố Hồ Chí Minh,Thành phố Hồ Chí Minh,Phường Tân Sơn Nhì,Phường,27019
Phường Tân Thành,Quận Tân Phú,Thành phố Hồ Chí Minh,Thành phố Hồ Chí Minh,Phường Phú Thọ Hòa,Phường,27022
Phường Tân Thành,Quận Tân Phú,Thành phố Hồ Chí Minh,Thành phố Hồ Chí Minh,Phường Tân Phú,Phường,27031
Phường Tân Thành,Quận Tân Phú,Thành phố Hồ Chí Minh,Thành phố Hồ Chí Minh,Phường Tân Sơn Nhì,Phường,27019
Phường Tân Thới Hòa,Quận Tân Phú,Thành phố Hồ Chí Minh,Thành phố Hồ Chí Minh,Phường Phú Thạnh,Phường,27028
Phường Tân Thới Hòa,Quận Tân Phú,Thành phố Hồ Chí Minh,Thành phố Hồ Chí Minh,Phường Tân Phú,Phường,27031
Phường Tây Thạnh,Quận Tân Phú,Thành phố Hồ Chí Minh,Thành phố Hồ Chí Minh,Phường Tây Thạnh,Phường,27013
Phường An Khánh,Thành phố Thủ Đức,Thành phố Hồ Chí Minh,Thành phố Hồ Chí Minh,Phường An Khánh,Phường,27094
Phường An Lợi Đông,Thành phố Thủ Đức,Thành phố Hồ Chí Minh,Thành phố Hồ Chí Minh,Phường An Khánh,Phường,27094
Phường An Phú,Thành phố Thủ Đức,Thành phố Hồ Chí Minh,Thành phố Hồ Chí Minh,Phường An Khánh,Phường,27094
Phường An Phú,Thành phố Thủ Đức,Thành phố Hồ Chí Minh,Thành phố Hồ Chí Minh,Phường Bình Trưng,Phường,27097
Phường Bình Chiểu,Thành phố Thủ Đức,Thành phố Hồ Chí Minh,Thành phố Hồ Chí Minh,Phường Tam Bình,Phường,26803
Phường Bình Thọ,Thành phố Thủ Đức,Thành phố Hồ Chí Minh,Thành phố Hồ Chí Minh,Phường Thủ Đức,Phường,26824
Phường Bình Trưng Tây,Thành phố Thủ Đức,Thành phố Hồ Chí Minh,Thành phố Hồ Chí Minh,Phường Bình Trưng,Phường,27097
Phường Bình Trưng Đông,Thành phố Thủ Đức,Thành phố Hồ Chí Minh,Thành phố Hồ Chí Minh,Phường Bình Trưng,Phường,27097
Phường Cát Lái,Thành phố Thủ Đức,Thành phố Hồ Chí Minh,Thành phố Hồ Chí Minh,Phường Cát Lái,Phường,27112
Phường Hiệp Bình Chánh,Thành phố Thủ Đức,Thành phố Hồ Chí Minh,Thành phố Hồ Chí Minh,Phường Hiệp Bình,Phường,26809
Phường Hiệp Bình Phước,Thành phố Thủ Đức,Thành phố Hồ Chí Minh,Thành phố Hồ Chí Minh,Phường Hiệp Bình,Phường,26809
Phường Hiệp Phú,Thành phố Thủ Đức,Thành phố Hồ Chí Minh,Thành phố Hồ Chí Minh,Phường Tăng Nhơn Phú,Phường,26842
Phường Linh Chiểu,Thành phố Thủ Đức,Thành phố Hồ Chí Minh,Thành phố Hồ Chí Minh,Phường Thủ Đức,Phường,26824
Phường Linh Trung,Thành phố Thủ Đức,Thành phố Hồ Chí Minh,Thành phố Hồ Chí Minh,Phường Linh Xuân,Phường,26800
Phường Linh Tây,Thành phố Thủ Đức,Thành phố Hồ Chí Minh,Thành phố Hồ Chí Minh,Phường Linh Xuân,Phường,26800
Phường Linh Tây,Thành phố Thủ Đức,Thành phố Hồ Chí Minh,Thành phố Hồ Chí Minh,Phường Thủ Đức,Phường,26824
Phường Linh Xuân,Thành phố Thủ Đức,Thành phố Hồ Chí Minh,Thành phố Hồ Chí Minh,Phường Linh Xuân,Phường,26800
Phường Linh Đông,Thành phố Thủ Đức,Thành phố Hồ Chí Minh,Thành phố Hồ Chí Minh,Phường Hiệp Bình,Phường,26809
Phường Linh Đông,Thành phố Thủ Đức,Thành phố Hồ Chí Minh,Thành phố Hồ Chí Minh,Phường Thủ Đức,Phường,26824
Phường Long Bình,Thành phố Thủ Đức,Thành phố Hồ Chí Minh,Thành phố Hồ Chí Minh,Phường Long Bình,Phường,26833
Phường Long Phước,Thành phố Thủ Đức,Thành phố Hồ Chí Minh,Thành phố Hồ Chí Minh,Phường Long Phước,Phường,26857
Phường Long Thạnh Mỹ,Thành phố Thủ Đức,Thành phố Hồ Chí Minh,Thành phố Hồ Chí Minh,Phường Long Bình,Phường,26833
Phường Long Thạnh Mỹ,Thành phố Thủ Đức,Thành phố Hồ Chí Minh,Thành phố Hồ Chí Minh,Phường Tăng Nhơn Phú,Phường,26842
Phường Long Trường,Thành phố Thủ Đức,Thành phố Hồ Chí Minh,Thành phố Hồ Chí Minh,Phường Long Trường,Phường,26860
Phường Phú Hữu,Thành phố Thủ Đức,Thành phố Hồ Chí Minh,Thành phố Hồ Chí Minh,Phường Long Trường,Phường,26860
Phường Phước Bình,Thành phố Thủ Đức,Thành phố Hồ Chí Minh,Thành phố Hồ Chí Minh,Phường Phước Long,Phường,26848
Phường Phước Long A,Thành phố Thủ Đức,Thành phố Hồ Chí Minh,Thành phố Hồ Chí Minh,Phường Phước Long,Phường,26848
Phường Phước Long B,Thành phố Thủ Đức,Thành phố Hồ Chí Minh,Thành phố Hồ Chí Minh,Phường Phước Long,Phường,26848
Phường Tam Bình,Thành phố Thủ Đức,Thành phố Hồ Chí Minh,Thành phố Hồ Chí Minh,Phường Tam Bình,Phường,26803
Phường Tam Phú,Thành phố Thủ Đức,Thành phố Hồ Chí Minh,Thành phố Hồ Chí Minh,Phường Tam Bình,Phường,26803
Phường Thạnh Mỹ Lợi,Thành phố Thủ Đức,Thành phố Hồ Chí Minh,Thành phố Hồ Chí Minh,Phường Cát Lái,Phường,27112
Phường Thảo Điền,Thành phố Thủ Đức,Thành phố Hồ Chí Minh,Thành phố Hồ Chí Minh,Phường An Khánh,Phường,27094
Phường Thủ Thiêm,Thành phố Thủ Đức,Thành phố Hồ Chí Minh,Thành phố Hồ Chí Minh,Phường An Khánh,Phường,27094
Phường Trường Thạnh,Thành phố Thủ Đức,Thành phố Hồ Chí Minh,Thành phố Hồ Chí Minh,Phường Long Phước,Phường,26857
Phường Trường Thọ,Thành phố Thủ Đức,Thành phố Hồ Chí Minh,Thành phố Hồ Chí Minh,Phường Thủ Đức,Phường,26824
Phường Tân Phú,Thành phố Thủ Đức,Thành phố Hồ Chí Minh,Thành phố Hồ Chí Minh,Phường Tăng Nhơn Phú,Phường,26842
Phường Tăng Nhơn Phú A,Thành phố Thủ Đức,Thành phố Hồ Chí Minh,Thành phố Hồ Chí Minh,Phường Tăng Nhơn Phú,Phường,26842
Phường Tăng Nhơn Phú B,Thành phố Thủ Đức,Thành phố Hồ Chí Minh,Thành phố Hồ Chí Minh,Phường Tăng Nhơn Phú,Phường,26842
Thị trấn Kim Long,Huyện Châu Đức,Tỉnh Bà Rịa - Vũng Tàu,Thành phố Hồ Chí Minh,Xã Kim Long,Xã,26608
Thị trấn Ngãi Giao,Huyện Châu Đức,Tỉnh Bà Rịa - Vũng Tàu,Thành phố Hồ Chí Minh,Xã Ngãi Giao,Xã,26575
Xã Bàu Chinh,Huyện Châu Đức,Tỉnh Bà Rịa - Vũng Tàu,Thành phố Hồ Chí Minh,Xã Kim Long,Xã,26608
Xã Bình Ba,Huyện Châu Đức,Tỉnh Bà Rịa - Vũng Tàu,Thành phố Hồ Chí Minh,Xã Ngãi Giao,Xã,26575
Xã Bình Giã,Huyện Châu Đức,Tỉnh Bà Rịa - Vũng Tàu,Thành phố Hồ Chí Minh,Xã Bình Giã,Xã,26590
Xã Bình Trung,Huyện Châu Đức,Tỉnh Bà Rịa - Vũng Tàu,Thành phố Hồ Chí Minh,Xã Bình Giã,Xã,26590
Xã Cù Bị,Huyện Châu Đức,Tỉnh Bà Rịa - Vũng Tàu,Thành phố Hồ Chí Minh,Xã Châu Đức,Xã,26596
Xã Láng Lớn,Huyện Châu Đức,Tỉnh Bà Rịa - Vũng Tàu,Thành phố Hồ Chí Minh,Xã Kim Long,Xã,26608
Xã Nghĩa Thành,Huyện Châu Đức,Tỉnh Bà Rịa - Vũng Tàu,Thành phố Hồ Chí Minh,Xã Nghĩa Thành,Xã,26617
Xã Quảng Thành,Huyện Châu Đức,Tỉnh Bà Rịa - Vũng Tàu,Thành phố Hồ Chí Minh,Xã Bình Giã,Xã,26590
Xã Suối Nghệ,Huyện Châu Đức,Tỉnh Bà Rịa - Vũng Tàu,Thành phố Hồ Chí Minh,Xã Ngãi Giao,Xã,26575
Xã Suối Rao,Huyện Châu Đức,Tỉnh Bà Rịa - Vũng Tàu,Thành phố Hồ Chí Minh,Xã Xuân Sơn,Xã,26584
Xã Sơn Bình,Huyện Châu Đức,Tỉnh Bà Rịa - Vũng Tàu,Thành phố Hồ Chí Minh,Xã Xuân Sơn,Xã,26584
Xã Xuân Sơn,Huyện Châu Đức,Tỉnh Bà Rịa - Vũng Tàu,Thành phố Hồ Chí Minh,Xã Xuân Sơn,Xã,26584
Xã Xà Bang,Huyện Châu Đức,Tỉnh Bà Rịa - Vũng Tàu,Thành phố Hồ Chí Minh,Xã Châu Đức,Xã,26596
Xã Đá Bạc,Huyện Châu Đức,Tỉnh Bà Rịa - Vũng Tàu,Thành phố Hồ Chí Minh,Xã Nghĩa Thành,Xã,26617
,Huyện Côn Đảo,Tỉnh Bà Rịa - Vũng Tàu,Thành phố Hồ Chí Minh,Đặc khu Côn Đảo,Đặc khu,26732
Thị trấn Long Hải,Huyện Long Đất,Tỉnh Bà Rịa - Vũng Tàu,Thành phố Hồ Chí Minh,Xã Long Hải,Xã,26662
Thị trấn Long Điền,Huyện Long Đất,Tỉnh Bà Rịa - Vũng Tàu,Thành phố Hồ Chí Minh,Xã Long Điền,Xã,26659
Thị trấn Phước Hải,Huyện Long Đất,Tỉnh Bà Rịa - Vũng Tàu,Thành phố Hồ Chí Minh,Xã Phước Hải,Xã,26686
Thị trấn Đất Đỏ,Huyện Long Đất,Tỉnh Bà Rịa - Vũng Tàu,Thành phố Hồ Chí Minh,Xã Đất Đỏ,Xã,26680
Xã Long Tân,Huyện Long Đất,Tỉnh Bà Rịa - Vũng Tàu,Thành phố Hồ Chí Minh,Xã Đất Đỏ,Xã,26680
Xã Láng Dài,Huyện Long Đất,Tỉnh Bà Rịa - Vũng Tàu,Thành phố Hồ Chí Minh,Xã Đất Đỏ,Xã,26680
Xã Phước Hưng,Huyện Long Đất,Tỉnh Bà Rịa - Vũng Tàu,Thành phố Hồ Chí Minh,Xã Long Hải,Xã,26662
Xã Phước Hội,Huyện Long Đất,Tỉnh Bà Rịa - Vũng Tàu,Thành phố Hồ Chí Minh,Xã Phước Hải,Xã,26686
Xã Phước Long Thọ,Huyện Long Đất,Tỉnh Bà Rịa - Vũng Tàu,Thành phố Hồ Chí Minh,Xã Đất Đỏ,Xã,26680
Xã Phước Tỉnh,Huyện Long Đất,Tỉnh Bà Rịa - Vũng Tàu,Thành phố Hồ Chí Minh,Xã Long Hải,Xã,26662
Xã Tam An,Huyện Long Đất,Tỉnh Bà Rịa - Vũng Tàu,Thành phố Hồ Chí Minh,Xã Long Điền,Xã,26659
Thị trấn Phước Bửu,Huyện Xuyên Mộc,Tỉnh Bà Rịa - Vũng Tàu,Thành phố Hồ Chí Minh,Xã Hồ Tràm,Xã,26620
Xã Bàu Lâm,Huyện Xuyên Mộc,Tỉnh Bà Rịa - Vũng Tàu,Thành phố Hồ Chí Minh,Xã Bàu Lâm,Xã,26638
Xã Bình Châu,Huyện Xuyên Mộc,Tỉnh Bà Rịa - Vũng Tàu,Thành phố Hồ Chí Minh,Xã Bình Châu,Xã,26656
Xã Bông Trang,Huyện Xuyên Mộc,Tỉnh Bà Rịa - Vũng Tàu,Thành phố Hồ Chí Minh,Xã Xuyên Mộc,Xã,26632
Xã Bưng Riềng,Huyện Xuyên Mộc,Tỉnh Bà Rịa - Vũng Tàu,Thành phố Hồ Chí Minh,Xã Xuyên Mộc,Xã,26632
Xã Hòa Bình,Huyện Xuyên Mộc,Tỉnh Bà Rịa - Vũng Tàu,Thành phố Hồ Chí Minh,Xã Hòa Hội,Xã,26641
Xã Hòa Hiệp,Huyện Xuyên Mộc,Tỉnh Bà Rịa - Vũng Tàu,Thành phố Hồ Chí Minh,Xã Hòa Hiệp,Xã,26647
Xã Hòa Hưng,Huyện Xuyên Mộc,Tỉnh Bà Rịa - Vũng Tàu,Thành phố Hồ Chí Minh,Xã Hòa Hội,Xã,26641
Xã Hòa Hội,Huyện Xuyên Mộc,Tỉnh Bà Rịa - Vũng Tàu,Thành phố Hồ Chí Minh,Xã Hòa Hội,Xã,26641
Xã Phước Thuận,Huyện Xuyên Mộc,Tỉnh Bà Rịa - Vũng Tàu,Thành phố Hồ Chí Minh,Xã Hồ Tràm,Xã,26620
Xã Phước Tân,Huyện Xuyên Mộc,Tỉnh Bà Rịa - Vũng Tàu,Thành phố Hồ Chí Minh,Xã Hồ Tràm,Xã,26620
Xã Tân Lâm,Huyện Xuyên Mộc,Tỉnh Bà Rịa - Vũng Tàu,Thành phố Hồ Chí Minh,Xã Bàu Lâm,Xã,26638
Xã Xuyên Mộc,Huyện Xuyên Mộc,Tỉnh Bà Rịa - Vũng Tàu,Thành phố Hồ Chí Minh,Xã Xuyên Mộc,Xã,26632
Phường Kim Dinh,Thành phố Bà Rịa,Tỉnh Bà Rịa - Vũng Tàu,Thành phố Hồ Chí Minh,Phường Long Hương,Phường,26566
Phường Long Hương,Thành phố Bà Rịa,Tỉnh Bà Rịa - Vũng Tàu,Thành phố Hồ Chí Minh,Phường Long Hương,Phường,26566
Phường Long Toàn,Thành phố Bà Rịa,Tỉnh Bà Rịa - Vũng Tàu,Thành phố Hồ Chí Minh,Phường Bà Rịa,Phường,26560
Phường Long Tâm,Thành phố Bà Rịa,Tỉnh Bà Rịa - Vũng Tàu,Thành phố Hồ Chí Minh,Phường Tam Long,Phường,26572
Phường Phước Hưng,Thành phố Bà Rịa,Tỉnh Bà Rịa - Vũng Tàu,Thành phố Hồ Chí Minh,Phường Bà Rịa,Phường,26560
Phường Phước Nguyên,Thành phố Bà Rịa,Tỉnh Bà Rịa - Vũng Tàu,Thành phố Hồ Chí Minh,Phường Bà Rịa,Phường,26560
Phường Phước Trung,Thành phố Bà Rịa,Tỉnh Bà Rịa - Vũng Tàu,Thành phố Hồ Chí Minh,Phường Bà Rịa,Phường,26560
Xã Hòa Long,Thành phố Bà Rịa,Tỉnh Bà Rịa - Vũng Tàu,Thành phố Hồ Chí Minh,Phường Tam Long,Phường,26572
Xã Long Phước,Thành phố Bà Rịa,Tỉnh Bà Rịa - Vũng Tàu,Thành phố Hồ Chí Minh,Phường Tam Long,Phường,26572
Xã Tân Hưng,Thành phố Bà Rịa,Tỉnh Bà Rịa - Vũng Tàu,Thành phố Hồ Chí Minh,Phường Long Hương,Phường,26566
Phường Hắc Dịch,Thành phố Phú Mỹ,Tỉnh Bà Rịa - Vũng Tàu,Thành phố Hồ Chí Minh,Phường Tân Thành,Phường,26725
Phường Mỹ Xuân,Thành phố Phú Mỹ,Tỉnh Bà Rịa - Vũng Tàu,Thành phố Hồ Chí Minh,Phường Phú Mỹ,Phường,26704
Phường Phú Mỹ,Thành phố Phú Mỹ,Tỉnh Bà Rịa - Vũng Tàu,Thành phố Hồ Chí Minh,Phường Phú Mỹ,Phường,26704
Phường Phước Hòa,Thành phố Phú Mỹ,Tỉnh Bà Rịa - Vũng Tàu,Thành phố Hồ Chí Minh,Phường Tân Phước,Phường,26713
Phường Tân Hòa,Thành phố Phú Mỹ,Tỉnh Bà Rịa - Vũng Tàu,Thành phố Hồ Chí Minh,Phường Tân Hải,Phường,26710
Phường Tân Hải,Thành phố Phú Mỹ,Tỉnh Bà Rịa - Vũng Tàu,Thành phố Hồ Chí Minh,Phường Tân Hải,Phường,26710
Phường Tân Phước,Thành phố Phú Mỹ,Tỉnh Bà Rịa - Vũng Tàu,Thành phố Hồ Chí Minh,Phường Tân Phước,Phường,26713
Xã Châu Pha,Thành phố Phú Mỹ,Tỉnh Bà Rịa - Vũng Tàu,Thành phố Hồ Chí Minh,Xã Châu Pha,Xã,26728
Xã Sông Xoài,Thành phố Phú Mỹ,Tỉnh Bà Rịa - Vũng Tàu,Thành phố Hồ Chí Minh,Phường Tân Thành,Phường,26725
Xã Tóc Tiên,Thành phố Phú Mỹ,Tỉnh Bà Rịa - Vũng Tàu,Thành phố Hồ Chí Minh,Xã Châu Pha,Xã,26728
Phường 1,Thành phố Vũng Tàu,Tỉnh Bà Rịa - Vũng Tàu,Thành phố Hồ Chí Minh,Phường Vũng Tàu,Phường,26506
Phường 10,Thành phố Vũng Tàu,Tỉnh Bà Rịa - Vũng Tàu,Thành phố Hồ Chí Minh,Phường Rạch Dừa,Phường,26536
Phường 11,Thành phố Vũng Tàu,Tỉnh Bà Rịa - Vũng Tàu,Thành phố Hồ Chí Minh,Phường Phước Thắng,Phường,26542
Phường 12,Thành phố Vũng Tàu,Tỉnh Bà Rịa - Vũng Tàu,Thành phố Hồ Chí Minh,Phường Phước Thắng,Phường,26542
Phường 2,Thành phố Vũng Tàu,Tỉnh Bà Rịa - Vũng Tàu,Thành phố Hồ Chí Minh,Phường Vũng Tàu,Phường,26506
Phường 3,Thành phố Vũng Tàu,Tỉnh Bà Rịa - Vũng Tàu,Thành phố Hồ Chí Minh,Phường Vũng Tàu,Phường,26506
Phường 4,Thành phố Vũng Tàu,Tỉnh Bà Rịa - Vũng Tàu,Thành phố Hồ Chí Minh,Phường Vũng Tàu,Phường,26506
Phường 5,Thành phố Vũng Tàu,Tỉnh Bà Rịa - Vũng Tàu,Thành phố Hồ Chí Minh,Phường Vũng Tàu,Phường,26506
Phường 7,Thành phố Vũng Tàu,Tỉnh Bà Rịa - Vũng Tàu,Thành phố Hồ Chí Minh,Phường Tam Thắng,Phường,26526
Phường 8,Thành phố Vũng Tàu,Tỉnh Bà Rịa - Vũng Tàu,Thành phố Hồ Chí Minh,Phường Tam Thắng,Phường,26526
Phường 9,Thành phố Vũng Tàu,Tỉnh Bà Rịa - Vũng Tàu,Thành phố Hồ Chí Minh,Phường Tam Thắng,Phường,26526
Phường Nguyễn An Ninh,Thành phố Vũng Tàu,Tỉnh Bà Rịa - Vũng Tàu,Thành phố Hồ Chí Minh,Phường Tam Thắng,Phường,26526
Phường Rạch Dừa,Thành phố Vũng Tàu,Tỉnh Bà Rịa - Vũng Tàu,Thành phố Hồ Chí Minh,Phường Rạch Dừa,Phường,26536
Phường Thắng Nhì,Thành phố Vũng Tàu,Tỉnh Bà Rịa - Vũng Tàu,Thành phố Hồ Chí Minh,Phường Vũng Tàu,Phường,26506
Phường Thắng Nhất,Thành phố Vũng Tàu,Tỉnh Bà Rịa - Vũng Tàu,Thành phố Hồ Chí Minh,Phường Rạch Dừa,Phường,26536
Phường Thắng Tam,Thành phố Vũng Tàu,Tỉnh Bà Rịa - Vũng Tàu,Thành phố Hồ Chí Minh,Phường Vũng Tàu,Phường,26506
Xã Long Sơn,Thành phố Vũng Tàu,Tỉnh Bà Rịa - Vũng Tàu,Thành phố Hồ Chí Minh,Xã Long Sơn,Xã,26545
Thị trấn Lai Uyên,Huyện Bàu Bàng,Tỉnh Bình Dương,Thành phố Hồ Chí Minh,Xã Bàu Bàng,Xã,25822
Thị trấn Lai Uyên,Huyện Bàu Bàng,Tỉnh Bình Dương,Thành phố Hồ Chí Minh,Xã Trừ Văn Thố,Xã,25819
Xã Cây Trường II,Huyện Bàu Bàng,Tỉnh Bình Dương,Thành phố Hồ Chí Minh,Xã Trừ Văn Thố,Xã,25819
Xã Hưng Hòa,Huyện Bàu Bàng,Tỉnh Bình Dương,Thành phố Hồ Chí Minh,Phường Chánh Phú Hòa,Phường,25837
Xã Lai Hưng,Huyện Bàu Bàng,Tỉnh Bình Dương,Thành phố Hồ Chí Minh,Phường Bến Cát,Phường,25813
Xã Long Nguyên,Huyện Bàu Bàng,Tỉnh Bình Dương,Thành phố Hồ Chí Minh,Phường Long Nguyên,Phường,25840
Xã Trừ Văn Thố,Huyện Bàu Bàng,Tỉnh Bình Dương,Thành phố Hồ Chí Minh,Xã Trừ Văn Thố,Xã,25819
Xã Tân Hưng,Huyện Bàu Bàng,Tỉnh Bình Dương,Thành phố Hồ Chí Minh,Phường Bến Cát,Phường,25813
Thị trấn Tân Bình,Huyện Bắc Tân Uyên,Tỉnh Bình Dương,Thành phố Hồ Chí Minh,Phường Vĩnh Tân,Phường,25912
Thị trấn Tân Thành,Huyện Bắc Tân Uyên,Tỉnh Bình Dương,Thành phố Hồ Chí Minh,Xã Bắc Tân Uyên,Xã,25906
Xã Bình Mỹ,Huyện Bắc Tân Uyên,Tỉnh Bình Dương,Thành phố Hồ Chí Minh,Phường Bình Cơ,Phường,25915
Xã Hiếu Liêm,Huyện Bắc Tân Uyên,Tỉnh Bình Dương,Thành phố Hồ Chí Minh,Xã Thường Tân,Xã,25909
Xã Lạc An,Huyện Bắc Tân Uyên,Tỉnh Bình Dương,Thành phố Hồ Chí Minh,Xã Thường Tân,Xã,25909
Xã Thường Tân,Huyện Bắc Tân Uyên,Tỉnh Bình Dương,Thành phố Hồ Chí Minh,Xã Thường Tân,Xã,25909
Xã Tân Lập,Huyện Bắc Tân Uyên,Tỉnh Bình Dương,Thành phố Hồ Chí Minh,Phường Tân Uyên,Phường,25888
Xã Tân Mỹ,Huyện Bắc Tân Uyên,Tỉnh Bình Dương,Thành phố Hồ Chí Minh,Phường Tân Uyên,Phường,25888
Xã Tân Mỹ,Huyện Bắc Tân Uyên,Tỉnh Bình Dương,Thành phố Hồ Chí Minh,Xã Thường Tân,Xã,25909
Xã Tân Định,Huyện Bắc Tân Uyên,Tỉnh Bình Dương,Thành phố Hồ Chí Minh,Xã Bắc Tân Uyên,Xã,25906
Xã Đất Cuốc,Huyện Bắc Tân Uyên,Tỉnh Bình Dương,Thành phố Hồ Chí Minh,Xã Bắc Tân Uyên,Xã,25906
Thị trấn Dầu Tiếng,Huyện Dầu Tiếng,Tỉnh Bình Dương,Thành phố Hồ Chí Minh,Xã Dầu Tiếng,Xã,25777
Xã An Lập,Huyện Dầu Tiếng,Tỉnh Bình Dương,Thành phố Hồ Chí Minh,Phường Tây Nam,Phường,25843
Xã An Lập,Huyện Dầu Tiếng,Tỉnh Bình Dương,Thành phố Hồ Chí Minh,Xã Thanh An,Xã,25807
Xã Long Hòa,Huyện Dầu Tiếng,Tỉnh Bình Dương,Thành phố Hồ Chí Minh,Xã Long Hòa,Xã,25792
Xã Long Tân,Huyện Dầu Tiếng,Tỉnh Bình Dương,Thành phố Hồ Chí Minh,Xã Long Hòa,Xã,25792
Xã Minh Hòa,Huyện Dầu Tiếng,Tỉnh Bình Dương,Thành phố Hồ Chí Minh,Xã Minh Thạnh,Xã,25780
Xã Minh Thạnh,Huyện Dầu Tiếng,Tỉnh Bình Dương,Thành phố Hồ Chí Minh,Xã Long Hòa,Xã,25792
Xã Minh Thạnh,Huyện Dầu Tiếng,Tỉnh Bình Dương,Thành phố Hồ Chí Minh,Xã Minh Thạnh,Xã,25780
Xã Minh Tân,Huyện Dầu Tiếng,Tỉnh Bình Dương,Thành phố Hồ Chí Minh,Xã Long Hòa,Xã,25792
Xã Minh Tân,Huyện Dầu Tiếng,Tỉnh Bình Dương,Thành phố Hồ Chí Minh,Xã Minh Thạnh,Xã,25780
Xã Thanh An,Huyện Dầu Tiếng,Tỉnh Bình Dương,Thành phố Hồ Chí Minh,Xã Thanh An,Xã,25807
Xã Thanh Tuyền,Huyện Dầu Tiếng,Tỉnh Bình Dương,Thành phố Hồ Chí Minh,Phường Tây Nam,Phường,25843
Xã Thanh Tuyền,Huyện Dầu Tiếng,Tỉnh Bình Dương,Thành phố Hồ Chí Minh,Xã Thanh An,Xã,25807
Xã Định An,Huyện Dầu Tiếng,Tỉnh Bình Dương,Thành phố Hồ Chí Minh,Xã Dầu Tiếng,Xã,25777
Xã Định Hiệp,Huyện Dầu Tiếng,Tỉnh Bình Dương,Thành phố Hồ Chí Minh,Xã Dầu Tiếng,Xã,25777
Xã Định Hiệp,Huyện Dầu Tiếng,Tỉnh Bình Dương,Thành phố Hồ Chí Minh,Xã Thanh An,Xã,25807
Xã Định Thành,Huyện Dầu Tiếng,Tỉnh Bình Dương,Thành phố Hồ Chí Minh,Xã Dầu Tiếng,Xã,25777
Thị trấn Phước Vĩnh,Huyện Phú Giáo,Tỉnh Bình Dương,Thành phố Hồ Chí Minh,Xã Phú Giáo,Xã,25858
Xã An Bình,Huyện Phú Giáo,Tỉnh Bình Dương,Thành phố Hồ Chí Minh,Xã Phú Giáo,Xã,25858
Xã An Linh,Huyện Phú Giáo,Tỉnh Bình Dương,Thành phố Hồ Chí Minh,Xã An Long,Xã,25867
Xã An Long,Huyện Phú Giáo,Tỉnh Bình Dương,Thành phố Hồ Chí Minh,Xã An Long,Xã,25867
Xã An Thái,Huyện Phú Giáo,Tỉnh Bình Dương,Thành phố Hồ Chí Minh,Xã Phước Thành,Xã,25864
Xã Phước Hòa,Huyện Phú Giáo,Tỉnh Bình Dương,Thành phố Hồ Chí Minh,Xã Phước Hòa,Xã,25882
Xã Phước Sang,Huyện Phú Giáo,Tỉnh Bình Dương,Thành phố Hồ Chí Minh,Xã Phước Thành,Xã,25864
Xã Tam Lập,Huyện Phú Giáo,Tỉnh Bình Dương,Thành phố Hồ Chí Minh,Xã Phú Giáo,Xã,25858
Xã Tam Lập,Huyện Phú Giáo,Tỉnh Bình Dương,Thành phố Hồ Chí Minh,Xã Phước Hòa,Xã,25882
Xã Tân Hiệp,Huyện Phú Giáo,Tỉnh Bình Dương,Thành phố Hồ Chí Minh,Xã Phước Thành,Xã,25864
Xã Tân Long,Huyện Phú Giáo,Tỉnh Bình Dương,Thành phố Hồ Chí Minh,Xã An Long,Xã,25867
Xã Vĩnh Hòa,Huyện Phú Giáo,Tỉnh Bình Dương,Thành phố Hồ Chí Minh,Xã Phước Hòa,Xã,25882
Phường An Tây,Thành phố Bến Cát,Tỉnh Bình Dương,Thành phố Hồ Chí Minh,Phường Tây Nam,Phường,25843
Phường An Điền,Thành phố Bến Cát,Tỉnh Bình Dương,Thành phố Hồ Chí Minh,Phường Long Nguyên,Phường,25840
Phường Chánh Phú Hòa,Thành phố Bến Cát,Tỉnh Bình Dương,Thành phố Hồ Chí Minh,Phường Chánh Phú Hòa,Phường,25837
Phường Hòa Lợi,Thành phố Bến Cát,Tỉnh Bình Dương,Thành phố Hồ Chí Minh,Phường Hòa Lợi,Phường,25849
Phường Mỹ Phước,Thành phố Bến Cát,Tỉnh Bình Dương,Thành phố Hồ Chí Minh,Phường Bến Cát,Phường,25813
Phường Mỹ Phước,Thành phố Bến Cát,Tỉnh Bình Dương,Thành phố Hồ Chí Minh,Phường Long Nguyên,Phường,25840
Phường Thới Hòa,Thành phố Bến Cát,Tỉnh Bình Dương,Thành phố Hồ Chí Minh,Phường Thới Hòa,Phường,25846
Phường Tân Định,Thành phố Bến Cát,Tỉnh Bình Dương,Thành phố Hồ Chí Minh,Phường Hòa Lợi,Phường,25849
Xã Phú An,Thành phố Bến Cát,Tỉnh Bình Dương,Thành phố Hồ Chí Minh,Phường Phú An,Phường,25768
Phường An Bình,Thành phố Dĩ An,Tỉnh Bình Dương,Thành phố Hồ Chí Minh,Phường Dĩ An,Phường,25942
Phường Bình An,Thành phố Dĩ An,Tỉnh Bình Dương,Thành phố Hồ Chí Minh,Phường Đông Hòa,Phường,25951
Phường Bình Thắng,Thành phố Dĩ An,Tỉnh Bình Dương,Thành phố Hồ Chí Minh,Phường Đông Hòa,Phường,25951
Phường Dĩ An,Thành phố Dĩ An,Tỉnh Bình Dương,Thành phố Hồ Chí Minh,Phường Dĩ An,Phường,25942
Phường Tân Bình,Thành phố Dĩ An,Tỉnh Bình Dương,Thành phố Hồ Chí Minh,Phường Tân Đông Hiệp,Phường,25945
Phường Tân Đông Hiệp,Thành phố Dĩ An,Tỉnh Bình Dương,Thành phố Hồ Chí Minh,Phường Dĩ An,Phường,25942
Phường Tân Đông Hiệp,Thành phố Dĩ An,Tỉnh Bình Dương,Thành phố Hồ Chí Minh,Phường Tân Đông Hiệp,Phường,25945
Phường Đông Hòa,Thành phố Dĩ An,Tỉnh Bình Dương,Thành phố Hồ Chí Minh,Phường Đông Hòa,Phường,25951
Phường An Phú,Thành phố Thuận An,Tỉnh Bình Dương,Thành phố Hồ Chí Minh,Phường An Phú,Phường,25975
Phường An Thạnh,Thành phố Thuận An,Tỉnh Bình Dương,Thành phố Hồ Chí Minh,Phường Thuận An,Phường,25978
Phường Bình Chuẩn,Thành phố Thuận An,Tỉnh Bình Dương,Thành phố Hồ Chí Minh,Phường An Phú,Phường,25975
Phường Bình Chuẩn,Thành phố Thuận An,Tỉnh Bình Dương,Thành phố Hồ Chí Minh,Phường Thuận Giao,Phường,25969
Phường Bình Hòa,Thành phố Thuận An,Tỉnh Bình Dương,Thành phố Hồ Chí Minh,Phường Bình Hòa,Phường,25987
Phường Bình Nhâm,Thành phố Thuận An,Tỉnh Bình Dương,Thành phố Hồ Chí Minh,Phường Lái Thiêu,Phường,25966
Phường Hưng Định,Thành phố Thuận An,Tỉnh Bình Dương,Thành phố Hồ Chí Minh,Phường Thuận An,Phường,25978
Phường Lái Thiêu,Thành phố Thuận An,Tỉnh Bình Dương,Thành phố Hồ Chí Minh,Phường Lái Thiêu,Phường,25966
Phường Thuận Giao,Thành phố Thuận An,Tỉnh Bình Dương,Thành phố Hồ Chí Minh,Phường Thuận Giao,Phường,25969
Phường Vĩnh Phú,Thành phố Thuận An,Tỉnh Bình Dương,Thành phố Hồ Chí Minh,Phường Bình Hòa,Phường,25987
Phường Vĩnh Phú,Thành phố Thuận An,Tỉnh Bình Dương,Thành phố Hồ Chí Minh,Phường Lái Thiêu,Phường,25966
Xã An Sơn,Thành phố Thuận An,Tỉnh Bình Dương,Thành phố Hồ Chí Minh,Phường Thuận An,Phường,25978
Phường Chánh Mỹ,Thành phố Thủ Dầu Một,Tỉnh Bình Dương,Thành phố Hồ Chí Minh,Phường Chánh Hiệp,Phường,25771
Phường Chánh Mỹ,Thành phố Thủ Dầu Một,Tỉnh Bình Dương,Thành phố Hồ Chí Minh,Phường Thủ Dầu Một,Phường,25747
Phường Chánh Nghĩa,Thành phố Thủ Dầu Một,Tỉnh Bình Dương,Thành phố Hồ Chí Minh,Phường Thủ Dầu Một,Phường,25747
Phường Hiệp An,Thành phố Thủ Dầu Một,Tỉnh Bình Dương,Thành phố Hồ Chí Minh,Phường Chánh Hiệp,Phường,25771
Phường Hiệp An,Thành phố Thủ Dầu Một,Tỉnh Bình Dương,Thành phố Hồ Chí Minh,Phường Phú An,Phường,25768
Phường Hiệp Thành,Thành phố Thủ Dầu Một,Tỉnh Bình Dương,Thành phố Hồ Chí Minh,Phường Phú Lợi,Phường,25750
Phường Hiệp Thành,Thành phố Thủ Dầu Một,Tỉnh Bình Dương,Thành phố Hồ Chí Minh,Phường Thủ Dầu Một,Phường,25747
Phường Hòa Phú,Thành phố Thủ Dầu Một,Tỉnh Bình Dương,Thành phố Hồ Chí Minh,Phường Bình Dương,Phường,25760
Phường Phú Cường,Thành phố Thủ Dầu Một,Tỉnh Bình Dương,Thành phố Hồ Chí Minh,Phường Thủ Dầu Một,Phường,25747
Phường Phú Hòa,Thành phố Thủ Dầu Một,Tỉnh Bình Dương,Thành phố Hồ Chí Minh,Phường Phú Lợi,Phường,25750
Phường Phú Lợi,Thành phố Thủ Dầu Một,Tỉnh Bình Dương,Thành phố Hồ Chí Minh,Phường Phú Lợi,Phường,25750
Phường Phú Mỹ,Thành phố Thủ Dầu Một,Tỉnh Bình Dương,Thành phố Hồ Chí Minh,Phường Bình Dương,Phường,25760
Phường Phú Thọ,Thành phố Thủ Dầu Một,Tỉnh Bình Dương,Thành phố Hồ Chí Minh,Phường Thủ Dầu Một,Phường,25747
Phường Phú Tân,Thành phố Thủ Dầu Một,Tỉnh Bình Dương,Thành phố Hồ Chí Minh,Phường Bình Dương,Phường,25760
Phường Tân An,Thành phố Thủ Dầu Một,Tỉnh Bình Dương,Thành phố Hồ Chí Minh,Phường Phú An,Phường,25768
Phường Tương Bình Hiệp,Thành phố Thủ Dầu Một,Tỉnh Bình Dương,Thành phố Hồ Chí Minh,Phường Chánh Hiệp,Phường,25771
Phường Định Hòa,Thành phố Thủ Dầu Một,Tỉnh Bình Dương,Thành phố Hồ Chí Minh,Phường Chánh Hiệp,Phường,25771
Phường Hội Nghĩa,Thành phố Tân Uyên,Tỉnh Bình Dương,Thành phố Hồ Chí Minh,Phường Bình Cơ,Phường,25915
Phường Khánh Bình,Thành phố Tân Uyên,Tỉnh Bình Dương,Thành phố Hồ Chí Minh,Phường Tân Hiệp,Phường,25920
Phường Phú Chánh,Thành phố Tân Uyên,Tỉnh Bình Dương,Thành phố Hồ Chí Minh,Phường Bình Dương,Phường,25760
Phường Thái Hòa,Thành phố Tân Uyên,Tỉnh Bình Dương,Thành phố Hồ Chí Minh,Phường Tân Đông Hiệp,Phường,25945
Phường Thái Hòa,Thành phố Tân Uyên,Tỉnh Bình Dương,Thành phố Hồ Chí Minh,Phường Tân Khánh,Phường,25891
Phường Thạnh Phước,Thành phố Tân Uyên,Tỉnh Bình Dương,Thành phố Hồ Chí Minh,Phường Tân Khánh,Phường,25891
Phường Tân Hiệp,Thành phố Tân Uyên,Tỉnh Bình Dương,Thành phố Hồ Chí Minh,Phường Tân Hiệp,Phường,25920
Phường Tân Phước Khánh,Thành phố Tân Uyên,Tỉnh Bình Dương,Thành phố Hồ Chí Minh,Phường Tân Khánh,Phường,25891
Phường Tân Vĩnh Hiệp,Thành phố Tân Uyên,Tỉnh Bình Dương,Thành phố Hồ Chí Minh,Phường Tân Khánh,Phường,25891
Phường Uyên Hưng,Thành phố Tân Uyên,Tỉnh Bình Dương,Thành phố Hồ Chí Minh,Phường Tân Uyên,Phường,25888
Phường Vĩnh Tân,Thành phố Tân Uyên,Tỉnh Bình Dương,Thành phố Hồ Chí Minh,Phường Vĩnh Tân,Phường,25912
Xã Bạch Đằng,Thành phố Tân Uyên,Tỉnh Bình Dương,Thành phố Hồ Chí Minh,Phường Tân Uyên,Phường,25888
Xã Thạnh Hội,Thành phố Tân Uyên,Tỉnh Bình Dương,Thành phố Hồ Chí Minh,Phường Tân Khánh,Phường,25891
,Huyện Hoàng Sa,Thành phố Đà Nẵng,Thành phố Đà Nẵng,Đặc khu Hoàng Sa,Đặc khu,20333
Xã Hòa Bắc,Huyện Hòa Vang,Thành phố Đà Nẵng,Thành phố Đà Nẵng,Phường Hải Vân,Phường,20194
Xã Hòa Châu,Huyện Hòa Vang,Thành phố Đà Nẵng,Thành phố Đà Nẵng,Phường Hòa Xuân,Phường,20314
Xã Hòa Khương,Huyện Hòa Vang,Thành phố Đà Nẵng,Thành phố Đà Nẵng,Xã Hòa Tiến,Xã,20332
Xã Hòa Liên,Huyện Hòa Vang,Thành phố Đà Nẵng,Thành phố Đà Nẵng,Phường Hải Vân,Phường,20194
Xã Hòa Liên,Huyện Hòa Vang,Thành phố Đà Nẵng,Thành phố Đà Nẵng,Phường Liên Chiểu,Phường,20197
Xã Hòa Nhơn,Huyện Hòa Vang,Thành phố Đà Nẵng,Thành phố Đà Nẵng,Xã Bà Nà,Xã,20308
Xã Hòa Ninh,Huyện Hòa Vang,Thành phố Đà Nẵng,Thành phố Đà Nẵng,Xã Bà Nà,Xã,20308
Xã Hòa Phong,Huyện Hòa Vang,Thành phố Đà Nẵng,Thành phố Đà Nẵng,Xã Hòa Vang,Xã,20320
Xã Hòa Phú,Huyện Hòa Vang,Thành phố Đà Nẵng,Thành phố Đà Nẵng,Xã Hòa Vang,Xã,20320
Xã Hòa Phước,Huyện Hòa Vang,Thành phố Đà Nẵng,Thành phố Đà Nẵng,Phường Hòa Xuân,Phường,20314
Xã Hòa Sơn,Huyện Hòa Vang,Thành phố Đà Nẵng,Thành phố Đà Nẵng,Phường Hòa Khánh,Phường,20200
Xã Hòa Tiến,Huyện Hòa Vang,Thành phố Đà Nẵng,Thành phố Đà Nẵng,Xã Hòa Tiến,Xã,20332
Phường Hòa An,Quận Cẩm Lệ,Thành phố Đà Nẵng,Thành phố Đà Nẵng,Phường An Khê,Phường,20305
Phường Hòa Phát,Quận Cẩm Lệ,Thành phố Đà Nẵng,Thành phố Đà Nẵng,Phường An Khê,Phường,20305
Phường Hòa Thọ Tây,Quận Cẩm Lệ,Thành phố Đà Nẵng,Thành phố Đà Nẵng,Phường Cẩm Lệ,Phường,20260
Phường Hòa Thọ Đông,Quận Cẩm Lệ,Thành phố Đà Nẵng,Thành phố Đà Nẵng,Phường Cẩm Lệ,Phường,20260
Phường Hòa Xuân,Quận Cẩm Lệ,Thành phố Đà Nẵng,Thành phố Đà Nẵng,Phường Hòa Xuân,Phường,20314
Phường Khuê Trung,Quận Cẩm Lệ,Thành phố Đà Nẵng,Thành phố Đà Nẵng,Phường Cẩm Lệ,Phường,20260
Phường Bình Thuận,Quận Hải Châu,Thành phố Đà Nẵng,Thành phố Đà Nẵng,Phường Hòa Cường,Phường,20257
Phường Hòa Cường Bắc,Quận Hải Châu,Thành phố Đà Nẵng,Thành phố Đà Nẵng,Phường Hòa Cường,Phường,20257
Phường Hòa Cường Nam,Quận Hải Châu,Thành phố Đà Nẵng,Thành phố Đà Nẵng,Phường Hòa Cường,Phường,20257
Phường Hòa Thuận Tây,Quận Hải Châu,Thành phố Đà Nẵng,Thành phố Đà Nẵng,Phường Hòa Cường,Phường,20257
Phường Hải Châu,Quận Hải Châu,Thành phố Đà Nẵng,Thành phố Đà Nẵng,Phường Hải Châu,Phường,20242
Phường Phước Ninh,Quận Hải Châu,Thành phố Đà Nẵng,Thành phố Đà Nẵng,Phường Hải Châu,Phường,20242
Phường Thanh Bình,Quận Hải Châu,Thành phố Đà Nẵng,Thành phố Đà Nẵng,Phường Hải Châu,Phường,20242
Phường Thuận Phước,Quận Hải Châu,Thành phố Đà Nẵng,Thành phố Đà Nẵng,Phường Hải Châu,Phường,20242
Phường Thạch Thang,Quận Hải Châu,Thành phố Đà Nẵng,Thành phố Đà Nẵng,Phường Hải Châu,Phường,20242
Phường Hòa Hiệp Bắc,Quận Liên Chiểu,Thành phố Đà Nẵng,Thành phố Đà Nẵng,Phường Hải Vân,Phường,20194
Phường Hòa Hiệp Nam,Quận Liên Chiểu,Thành phố Đà Nẵng,Thành phố Đà Nẵng,Phường Hải Vân,Phường,20194
Phường Hòa Khánh Bắc,Quận Liên Chiểu,Thành phố Đà Nẵng,Thành phố Đà Nẵng,Phường Liên Chiểu,Phường,20197
Phường Hòa Khánh Nam,Quận Liên Chiểu,Thành phố Đà Nẵng,Thành phố Đà Nẵng,Phường Hòa Khánh,Phường,20200
Phường Hòa Minh,Quận Liên Chiểu,Thành phố Đà Nẵng,Thành phố Đà Nẵng,Phường Hòa Khánh,Phường,20200
Phường Hòa Hải,Quận Ngũ Hành Sơn,Thành phố Đà Nẵng,Thành phố Đà Nẵng,Phường Ngũ Hành Sơn,Phường,20285
Phường Hòa Quý,Quận Ngũ Hành Sơn,Thành phố Đà Nẵng,Thành phố Đà Nẵng,Phường Ngũ Hành Sơn,Phường,20285
Phường Khuê Mỹ,Quận Ngũ Hành Sơn,Thành phố Đà Nẵng,Thành phố Đà Nẵng,Phường Ngũ Hành Sơn,Phường,20285
Phường Mỹ An,Quận Ngũ Hành Sơn,Thành phố Đà Nẵng,Thành phố Đà Nẵng,Phường Ngũ Hành Sơn,Phường,20285
Phường An Hải Bắc,Quận Sơn Trà,Thành phố Đà Nẵng,Thành phố Đà Nẵng,Phường An Hải,Phường,20275
Phường An Hải Nam,Quận Sơn Trà,Thành phố Đà Nẵng,Thành phố Đà Nẵng,Phường An Hải,Phường,20275
Phường Mân Thái,Quận Sơn Trà,Thành phố Đà Nẵng,Thành phố Đà Nẵng,Phường Sơn Trà,Phường,20263
Phường Nại Hiên Đông,Quận Sơn Trà,Thành phố Đà Nẵng,Thành phố Đà Nẵng,Phường Sơn Trà,Phường,20263
Phường Phước Mỹ,Quận Sơn Trà,Thành phố Đà Nẵng,Thành phố Đà Nẵng,Phường An Hải,Phường,20275
Phường Thọ Quang,Quận Sơn Trà,Thành phố Đà Nẵng,Thành phố Đà Nẵng,Phường Sơn Trà,Phường,20263
Phường An Khê,Quận Thanh Khê,Thành phố Đà Nẵng,Thành phố Đà Nẵng,Phường An Khê,Phường,20305
Phường Chính Gián,Quận Thanh Khê,Thành phố Đà Nẵng,Thành phố Đà Nẵng,Phường Thanh Khê,Phường,20209
Phường Thanh Khê Tây,Quận Thanh Khê,Thành phố Đà Nẵng,Thành phố Đà Nẵng,Phường Thanh Khê,Phường,20209
Phường Thanh Khê Đông,Quận Thanh Khê,Thành phố Đà Nẵng,Thành phố Đà Nẵng,Phường Thanh Khê,Phường,20209
Phường Thạc Gián,Quận Thanh Khê,Thành phố Đà Nẵng,Thành phố Đà Nẵng,Phường Thanh Khê,Phường,20209
Phường Xuân Hà,Quận Thanh Khê,Thành phố Đà Nẵng,Thành phố Đà Nẵng,Phường Thanh Khê,Phường,20209
Thị trấn Trà My,Huyện Bắc Trà My,Tỉnh Quảng Nam,Thành phố Đà Nẵng,Xã Trà My,Xã,20900
Xã Trà Bui,Huyện Bắc Trà My,Tỉnh Quảng Nam,Thành phố Đà Nẵng,Xã Trà Đốc,Xã,20920
Xã Trà Dương,Huyện Bắc Trà My,Tỉnh Quảng Nam,Thành phố Đà Nẵng,Xã Trà My,Xã,20900
Xã Trà Giang,Huyện Bắc Trà My,Tỉnh Quảng Nam,Thành phố Đà Nẵng,Xã Trà My,Xã,20900
Xã Trà Giác,Huyện Bắc Trà My,Tỉnh Quảng Nam,Thành phố Đà Nẵng,Xã Trà Tân,Xã,20923
Xã Trà Giáp,Huyện Bắc Trà My,Tỉnh Quảng Nam,Thành phố Đà Nẵng,Xã Trà Giáp,Xã,20929
Xã Trà Ka,Huyện Bắc Trà My,Tỉnh Quảng Nam,Thành phố Đà Nẵng,Xã Trà Giáp,Xã,20929
Xã Trà Kót,Huyện Bắc Trà My,Tỉnh Quảng Nam,Thành phố Đà Nẵng,Xã Trà Liên,Xã,20908
Xã Trà Nú,Huyện Bắc Trà My,Tỉnh Quảng Nam,Thành phố Đà Nẵng,Xã Trà Liên,Xã,20908
Xã Trà Sơn,Huyện Bắc Trà My,Tỉnh Quảng Nam,Thành phố Đà Nẵng,Xã Trà My,Xã,20900
Xã Trà Tân,Huyện Bắc Trà My,Tỉnh Quảng Nam,Thành phố Đà Nẵng,Xã Trà Tân,Xã,20923
Xã Trà Đông,Huyện Bắc Trà My,Tỉnh Quảng Nam,Thành phố Đà Nẵng,Xã Trà Liên,Xã,20908
Xã Trà Đốc,Huyện Bắc Trà My,Tỉnh Quảng Nam,Thành phố Đà Nẵng,Xã Trà Đốc,Xã,20920
Thị trấn Nam Phước,Huyện Duy Xuyên,Tỉnh Quảng Nam,Thành phố Đà Nẵng,Xã Nam Phước,Xã,20599
Xã Duy Châu,Huyện Duy Xuyên,Tỉnh Quảng Nam,Thành phố Đà Nẵng,Xã Thu Bồn,Xã,20611
Xã Duy Hòa,Huyện Duy Xuyên,Tỉnh Quảng Nam,Thành phố Đà Nẵng,Xã Thu Bồn,Xã,20611
Xã Duy Hải,Huyện Duy Xuyên,Tỉnh Quảng Nam,Thành phố Đà Nẵng,Xã Duy Nghĩa,Xã,20635
Xã Duy Nghĩa,Huyện Duy Xuyên,Tỉnh Quảng Nam,Thành phố Đà Nẵng,Xã Duy Nghĩa,Xã,20635
Xã Duy Phú,Huyện Duy Xuyên,Tỉnh Quảng Nam,Thành phố Đà Nẵng,Xã Thu Bồn,Xã,20611
Xã Duy Phước,Huyện Duy Xuyên,Tỉnh Quảng Nam,Thành phố Đà Nẵng,Xã Nam Phước,Xã,20599
Xã Duy Sơn,Huyện Duy Xuyên,Tỉnh Quảng Nam,Thành phố Đà Nẵng,Xã Duy Xuyên,Xã,20623
Xã Duy Thành,Huyện Duy Xuyên,Tỉnh Quảng Nam,Thành phố Đà Nẵng,Xã Duy Nghĩa,Xã,20635
Xã Duy Trinh,Huyện Duy Xuyên,Tỉnh Quảng Nam,Thành phố Đà Nẵng,Xã Duy Xuyên,Xã,20623
Xã Duy Trung,Huyện Duy Xuyên,Tỉnh Quảng Nam,Thành phố Đà Nẵng,Xã Duy Xuyên,Xã,20623
Xã Duy Tân,Huyện Duy Xuyên,Tỉnh Quảng Nam,Thành phố Đà Nẵng,Xã Thu Bồn,Xã,20611
Xã Duy Vinh,Huyện Duy Xuyên,Tỉnh Quảng Nam,Thành phố Đà Nẵng,Xã Nam Phước,Xã,20599
Thị trấn Tân Bình,Huyện Hiệp Đức,Tỉnh Quảng Nam,Thành phố Đà Nẵng,Xã Hiệp Đức,Xã,20779
Xã Bình Lâm,Huyện Hiệp Đức,Tỉnh Quảng Nam,Thành phố Đà Nẵng,Xã Việt An,Xã,20767
Xã Bình Sơn,Huyện Hiệp Đức,Tỉnh Quảng Nam,Thành phố Đà Nẵng,Xã Việt An,Xã,20767
Xã Phước Gia,Huyện Hiệp Đức,Tỉnh Quảng Nam,Thành phố Đà Nẵng,Xã Phước Trà,Xã,20770
Xã Phước Trà,Huyện Hiệp Đức,Tỉnh Quảng Nam,Thành phố Đà Nẵng,Xã Phước Trà,Xã,20770
Xã Quế Lưu,Huyện Hiệp Đức,Tỉnh Quảng Nam,Thành phố Đà Nẵng,Xã Hiệp Đức,Xã,20779
Xã Quế Thọ,Huyện Hiệp Đức,Tỉnh Quảng Nam,Thành phố Đà Nẵng,Xã Việt An,Xã,20767
Xã Quế Tân,Huyện Hiệp Đức,Tỉnh Quảng Nam,Thành phố Đà Nẵng,Xã Hiệp Đức,Xã,20779
Xã Sông Trà,Huyện Hiệp Đức,Tỉnh Quảng Nam,Thành phố Đà Nẵng,Xã Phước Trà,Xã,20770
Xã Thăng Phước,Huyện Hiệp Đức,Tỉnh Quảng Nam,Thành phố Đà Nẵng,Xã Việt An,Xã,20767
Thị trấn Thạnh Mỹ,Huyện Nam Giang,Tỉnh Quảng Nam,Thành phố Đà Nẵng,Xã Thạnh Mỹ,Xã,20695
Xã Chà Vàl,Huyện Nam Giang,Tỉnh Quảng Nam,Thành phố Đà Nẵng,Xã Nam Giang,Xã,20707
Xã Chơ Chun,Huyện Nam Giang,Tỉnh Quảng Nam,Thành phố Đà Nẵng,Xã La Êê,Xã,20698
Xã Cà Dy,Huyện Nam Giang,Tỉnh Quảng Nam,Thành phố Đà Nẵng,Xã Bến Giằng,Xã,20710
Xã La Dêê,Huyện Nam Giang,Tỉnh Quảng Nam,Thành phố Đà Nẵng,Xã La Dêê,Xã,20704
Xã La Êê,Huyện Nam Giang,Tỉnh Quảng Nam,Thành phố Đà Nẵng,Xã La Êê,Xã,20698
Xã Tà Bhing,Huyện Nam Giang,Tỉnh Quảng Nam,Thành phố Đà Nẵng,Xã Bến Giằng,Xã,20710
Xã Tà Pơơ,Huyện Nam Giang,Tỉnh Quảng Nam,Thành phố Đà Nẵng,Xã Bến Giằng,Xã,20710
Xã Zuôih,Huyện Nam Giang,Tỉnh Quảng Nam,Thành phố Đà Nẵng,Xã Nam Giang,Xã,20707
Xã Đắc Pre,Huyện Nam Giang,Tỉnh Quảng Nam,Thành phố Đà Nẵng,Xã Đắc Pring,Xã,20716
Xã Đắc Pring,Huyện Nam Giang,Tỉnh Quảng Nam,Thành phố Đà Nẵng,Xã Đắc Pring,Xã,20716
Xã Đắc Tôi,Huyện Nam Giang,Tỉnh Quảng Nam,Thành phố Đà Nẵng,Xã La Dêê,Xã,20704
Xã Trà Cang,Huyện Nam Trà My,Tỉnh Quảng Nam,Thành phố Đà Nẵng,Xã Trà Tập,Xã,20941
Xã Trà Don,Huyện Nam Trà My,Tỉnh Quảng Nam,Thành phố Đà Nẵng,Xã Nam Trà My,Xã,20944
Xã Trà Dơn,Huyện Nam Trà My,Tỉnh Quảng Nam,Thành phố Đà Nẵng,Xã Trà Leng,Xã,20938
Xã Trà Leng,Huyện Nam Trà My,Tỉnh Quảng Nam,Thành phố Đà Nẵng,Xã Trà Leng,Xã,20938
Xã Trà Linh,Huyện Nam Trà My,Tỉnh Quảng Nam,Thành phố Đà Nẵng,Xã Trà Linh,Xã,20950
Xã Trà Mai,Huyện Nam Trà My,Tỉnh Quảng Nam,Thành phố Đà Nẵng,Xã Nam Trà My,Xã,20944
Xã Trà Nam,Huyện Nam Trà My,Tỉnh Quảng Nam,Thành phố Đà Nẵng,Xã Trà Linh,Xã,20950
Xã Trà Tập,Huyện Nam Trà My,Tỉnh Quảng Nam,Thành phố Đà Nẵng,Xã Trà Tập,Xã,20941
Xã Trà Vinh,Huyện Nam Trà My,Tỉnh Quảng Nam,Thành phố Đà Nẵng,Xã Trà Vân,Xã,20959
Xã Trà Vân,Huyện Nam Trà My,Tỉnh Quảng Nam,Thành phố Đà Nẵng,Xã Trà Vân,Xã,20959
Thị trấn Núi Thành,Huyện Núi Thành,Tỉnh Quảng Nam,Thành phố Đà Nẵng,Xã Núi Thành,Xã,20965
Xã Tam Anh Bắc,Huyện Núi Thành,Tỉnh Quảng Nam,Thành phố Đà Nẵng,Xã Tam Anh,Xã,20984
Xã Tam Anh Nam,Huyện Núi Thành,Tỉnh Quảng Nam,Thành phố Đà Nẵng,Xã Tam Anh,Xã,20984
Xã Tam Giang,Huyện Núi Thành,Tỉnh Quảng Nam,Thành phố Đà Nẵng,Xã Núi Thành,Xã,20965
Xã Tam Hiệp,Huyện Núi Thành,Tỉnh Quảng Nam,Thành phố Đà Nẵng,Xã Núi Thành,Xã,20965
Xã Tam Hòa,Huyện Núi Thành,Tỉnh Quảng Nam,Thành phố Đà Nẵng,Xã Tam Anh,Xã,20984
Xã Tam Hải,Huyện Núi Thành,Tỉnh Quảng Nam,Thành phố Đà Nẵng,Xã Tam Hải,Xã,20992
Xã Tam Mỹ Tây,Huyện Núi Thành,Tỉnh Quảng Nam,Thành phố Đà Nẵng,Xã Tam Mỹ,Xã,21004
Xã Tam Mỹ Đông,Huyện Núi Thành,Tỉnh Quảng Nam,Thành phố Đà Nẵng,Xã Tam Mỹ,Xã,21004
Xã Tam Nghĩa,Huyện Núi Thành,Tỉnh Quảng Nam,Thành phố Đà Nẵng,Xã Núi Thành,Xã,20965
Xã Tam Quang,Huyện Núi Thành,Tỉnh Quảng Nam,Thành phố Đà Nẵng,Xã Núi Thành,Xã,20965
Xã Tam Sơn,Huyện Núi Thành,Tỉnh Quảng Nam,Thành phố Đà Nẵng,Xã Đức Phú,Xã,20977
Xã Tam Thạnh,Huyện Núi Thành,Tỉnh Quảng Nam,Thành phố Đà Nẵng,Xã Đức Phú,Xã,20977
Xã Tam Tiến,Huyện Núi Thành,Tỉnh Quảng Nam,Thành phố Đà Nẵng,Xã Tam Xuân,Xã,20971
Xã Tam Trà,Huyện Núi Thành,Tỉnh Quảng Nam,Thành phố Đà Nẵng,Xã Tam Mỹ,Xã,21004
Xã Tam Xuân I,Huyện Núi Thành,Tỉnh Quảng Nam,Thành phố Đà Nẵng,Xã Tam Xuân,Xã,20971
Xã Tam Xuân II,Huyện Núi Thành,Tỉnh Quảng Nam,Thành phố Đà Nẵng,Xã Tam Xuân,Xã,20971
Thị trấn Phú Thịnh,Huyện Phú Ninh,Tỉnh Quảng Nam,Thành phố Đà Nẵng,Xã Chiên Đàn,Xã,20364
Xã Tam An,Huyện Phú Ninh,Tỉnh Quảng Nam,Thành phố Đà Nẵng,Xã Tây Hồ,Xã,20380
Xã Tam Dân,Huyện Phú Ninh,Tỉnh Quảng Nam,Thành phố Đà Nẵng,Xã Phú Ninh,Xã,20392
Xã Tam Lãnh,Huyện Phú Ninh,Tỉnh Quảng Nam,Thành phố Đà Nẵng,Xã Phú Ninh,Xã,20392
Xã Tam Lộc,Huyện Phú Ninh,Tỉnh Quảng Nam,Thành phố Đà Nẵng,Xã Tây Hồ,Xã,20380
Xã Tam Phước,Huyện Phú Ninh,Tỉnh Quảng Nam,Thành phố Đà Nẵng,Xã Tây Hồ,Xã,20380
Xã Tam Thành,Huyện Phú Ninh,Tỉnh Quảng Nam,Thành phố Đà Nẵng,Xã Tây Hồ,Xã,20380
Xã Tam Thái,Huyện Phú Ninh,Tỉnh Quảng Nam,Thành phố Đà Nẵng,Xã Chiên Đàn,Xã,20364
Xã Tam Đàn,Huyện Phú Ninh,Tỉnh Quảng Nam,Thành phố Đà Nẵng,Xã Chiên Đàn,Xã,20364
Xã Tam Đại,Huyện Phú Ninh,Tỉnh Quảng Nam,Thành phố Đà Nẵng,Xã Phú Ninh,Xã,20392
Thị trấn Khâm Đức,Huyện Phước Sơn,Tỉnh Quảng Nam,Thành phố Đà Nẵng,Xã Khâm Đức,Xã,20722
Xã Phước Chánh,Huyện Phước Sơn,Tỉnh Quảng Nam,Thành phố Đà Nẵng,Xã Phước Chánh,Xã,20740
Xã Phước Công,Huyện Phước Sơn,Tỉnh Quảng Nam,Thành phố Đà Nẵng,Xã Phước Chánh,Xã,20740
Xã Phước Hiệp,Huyện Phước Sơn,Tỉnh Quảng Nam,Thành phố Đà Nẵng,Xã Phước Hiệp,Xã,20728
Xã Phước Hòa,Huyện Phước Sơn,Tỉnh Quảng Nam,Thành phố Đà Nẵng,Xã Phước Hiệp,Xã,20728
Xã Phước Kim,Huyện Phước Sơn,Tỉnh Quảng Nam,Thành phố Đà Nẵng,Xã Phước Thành,Xã,20752
Xã Phước Lộc,Huyện Phước Sơn,Tỉnh Quảng Nam,Thành phố Đà Nẵng,Xã Phước Thành,Xã,20752
Xã Phước Mỹ,Huyện Phước Sơn,Tỉnh Quảng Nam,Thành phố Đà Nẵng,Xã Phước Năng,Xã,20734
Xã Phước Năng,Huyện Phước Sơn,Tỉnh Quảng Nam,Thành phố Đà Nẵng,Xã Phước Năng,Xã,20734
Xã Phước Thành,Huyện Phước Sơn,Tỉnh Quảng Nam,Thành phố Đà Nẵng,Xã Phước Thành,Xã,20752
Xã Phước Xuân,Huyện Phước Sơn,Tỉnh Quảng Nam,Thành phố Đà Nẵng,Xã Khâm Đức,Xã,20722
Xã Phước Đức,Huyện Phước Sơn,Tỉnh Quảng Nam,Thành phố Đà Nẵng,Xã Phước Năng,Xã,20734
Thị trấn Hương An,Huyện Quế Sơn,Tỉnh Quảng Nam,Thành phố Đà Nẵng,Xã Xuân Phú,Xã,20650
Thị trấn Trung Phước,Huyện Quế Sơn,Tỉnh Quảng Nam,Thành phố Đà Nẵng,Xã Nông Sơn,Xã,20656
Thị trấn Đông Phú,Huyện Quế Sơn,Tỉnh Quảng Nam,Thành phố Đà Nẵng,Xã Quế Sơn,Xã,20641
Xã Ninh Phước,Huyện Quế Sơn,Tỉnh Quảng Nam,Thành phố Đà Nẵng,Xã Quế Phước,Xã,20669
Xã Phước Ninh,Huyện Quế Sơn,Tỉnh Quảng Nam,Thành phố Đà Nẵng,Xã Quế Phước,Xã,20669
Xã Quế An,Huyện Quế Sơn,Tỉnh Quảng Nam,Thành phố Đà Nẵng,Xã Quế Sơn,Xã,20641
Xã Quế Châu,Huyện Quế Sơn,Tỉnh Quảng Nam,Thành phố Đà Nẵng,Xã Quế Sơn Trung,Xã,20662
Xã Quế Hiệp,Huyện Quế Sơn,Tỉnh Quảng Nam,Thành phố Đà Nẵng,Xã Quế Sơn Trung,Xã,20662
Xã Quế Long,Huyện Quế Sơn,Tỉnh Quảng Nam,Thành phố Đà Nẵng,Xã Quế Sơn,Xã,20641
Xã Quế Lâm,Huyện Quế Sơn,Tỉnh Quảng Nam,Thành phố Đà Nẵng,Xã Quế Phước,Xã,20669
Xã Quế Lộc,Huyện Quế Sơn,Tỉnh Quảng Nam,Thành phố Đà Nẵng,Xã Nông Sơn,Xã,20656
Xã Quế Minh,Huyện Quế Sơn,Tỉnh Quảng Nam,Thành phố Đà Nẵng,Xã Quế Sơn,Xã,20641
Xã Quế Mỹ,Huyện Quế Sơn,Tỉnh Quảng Nam,Thành phố Đà Nẵng,Xã Quế Sơn Trung,Xã,20662
Xã Quế Phong,Huyện Quế Sơn,Tỉnh Quảng Nam,Thành phố Đà Nẵng,Xã Quế Sơn,Xã,20641
Xã Quế Phú,Huyện Quế Sơn,Tỉnh Quảng Nam,Thành phố Đà Nẵng,Xã Xuân Phú,Xã,20650
Xã Quế Thuận,Huyện Quế Sơn,Tỉnh Quảng Nam,Thành phố Đà Nẵng,Xã Quế Sơn Trung,Xã,20662
Xã Quế Xuân 1,Huyện Quế Sơn,Tỉnh Quảng Nam,Thành phố Đà Nẵng,Xã Xuân Phú,Xã,20650
Xã Quế Xuân 2,Huyện Quế Sơn,Tỉnh Quảng Nam,Thành phố Đà Nẵng,Xã Xuân Phú,Xã,20650
Thị trấn Hà Lam,Huyện Thăng Bình,Tỉnh Quảng Nam,Thành phố Đà Nẵng,Xã Thăng Bình,Xã,20791
Xã Bình An,Huyện Thăng Bình,Tỉnh Quảng Nam,Thành phố Đà Nẵng,Xã Thăng Điền,Xã,20848
Xã Bình Dương,Huyện Thăng Bình,Tỉnh Quảng Nam,Thành phố Đà Nẵng,Xã Thăng An,Xã,20794
Xã Bình Giang,Huyện Thăng Bình,Tỉnh Quảng Nam,Thành phố Đà Nẵng,Xã Thăng An,Xã,20794
Xã Bình Hải,Huyện Thăng Bình,Tỉnh Quảng Nam,Thành phố Đà Nẵng,Xã Thăng Trường,Xã,20836
Xã Bình Lãnh,Huyện Thăng Bình,Tỉnh Quảng Nam,Thành phố Đà Nẵng,Xã Đồng Dương,Xã,20818
Xã Bình Minh,Huyện Thăng Bình,Tỉnh Quảng Nam,Thành phố Đà Nẵng,Xã Thăng An,Xã,20794
Xã Bình Nam,Huyện Thăng Bình,Tỉnh Quảng Nam,Thành phố Đà Nẵng,Xã Thăng Trường,Xã,20836
Xã Bình Nguyên,Huyện Thăng Bình,Tỉnh Quảng Nam,Thành phố Đà Nẵng,Xã Thăng Bình,Xã,20791
Xã Bình Phú,Huyện Thăng Bình,Tỉnh Quảng Nam,Thành phố Đà Nẵng,Xã Thăng Phú,Xã,20827
Xã Bình Phục,Huyện Thăng Bình,Tỉnh Quảng Nam,Thành phố Đà Nẵng,Xã Thăng Bình,Xã,20791
Xã Bình Quý,Huyện Thăng Bình,Tỉnh Quảng Nam,Thành phố Đà Nẵng,Xã Thăng Bình,Xã,20791
Xã Bình Quế,Huyện Thăng Bình,Tỉnh Quảng Nam,Thành phố Đà Nẵng,Xã Thăng Phú,Xã,20827
Xã Bình Sa,Huyện Thăng Bình,Tỉnh Quảng Nam,Thành phố Đà Nẵng,Xã Thăng Trường,Xã,20836
Xã Bình Triều,Huyện Thăng Bình,Tỉnh Quảng Nam,Thành phố Đà Nẵng,Xã Thăng An,Xã,20794
Xã Bình Trung,Huyện Thăng Bình,Tỉnh Quảng Nam,Thành phố Đà Nẵng,Xã Thăng Điền,Xã,20848
Xã Bình Trị,Huyện Thăng Bình,Tỉnh Quảng Nam,Thành phố Đà Nẵng,Xã Đồng Dương,Xã,20818
Xã Bình Tú,Huyện Thăng Bình,Tỉnh Quảng Nam,Thành phố Đà Nẵng,Xã Thăng Điền,Xã,20848
Xã Bình Đào,Huyện Thăng Bình,Tỉnh Quảng Nam,Thành phố Đà Nẵng,Xã Thăng An,Xã,20794
Xã Bình Định,Huyện Thăng Bình,Tỉnh Quảng Nam,Thành phố Đà Nẵng,Xã Đồng Dương,Xã,20818
Thị trấn Tiên Kỳ,Huyện Tiên Phước,Tỉnh Quảng Nam,Thành phố Đà Nẵng,Xã Tiên Phước,Xã,20854
Xã Tiên An,Huyện Tiên Phước,Tỉnh Quảng Nam,Thành phố Đà Nẵng,Xã Thạnh Bình,Xã,20878
Xã Tiên Châu,Huyện Tiên Phước,Tỉnh Quảng Nam,Thành phố Đà Nẵng,Xã Sơn Cẩm Hà,Xã,20857
Xã Tiên Cảnh,Huyện Tiên Phước,Tỉnh Quảng Nam,Thành phố Đà Nẵng,Xã Thạnh Bình,Xã,20878
Xã Tiên Hiệp,Huyện Tiên Phước,Tỉnh Quảng Nam,Thành phố Đà Nẵng,Xã Lãnh Ngọc,Xã,20875
Xã Tiên Hà,Huyện Tiên Phước,Tỉnh Quảng Nam,Thành phố Đà Nẵng,Xã Sơn Cẩm Hà,Xã,20857
Xã Tiên Lãnh,Huyện Tiên Phước,Tỉnh Quảng Nam,Thành phố Đà Nẵng,Xã Lãnh Ngọc,Xã,20875
Xã Tiên Lập,Huyện Tiên Phước,Tỉnh Quảng Nam,Thành phố Đà Nẵng,Xã Thạnh Bình,Xã,20878
Xã Tiên Lộc,Huyện Tiên Phước,Tỉnh Quảng Nam,Thành phố Đà Nẵng,Xã Thạnh Bình,Xã,20878
Xã Tiên Mỹ,Huyện Tiên Phước,Tỉnh Quảng Nam,Thành phố Đà Nẵng,Xã Tiên Phước,Xã,20854
Xã Tiên Ngọc,Huyện Tiên Phước,Tỉnh Quảng Nam,Thành phố Đà Nẵng,Xã Lãnh Ngọc,Xã,20875
Xã Tiên Phong,Huyện Tiên Phước,Tỉnh Quảng Nam,Thành phố Đà Nẵng,Xã Tiên Phước,Xã,20854
Xã Tiên Sơn,Huyện Tiên Phước,Tỉnh Quảng Nam,Thành phố Đà Nẵng,Xã Sơn Cẩm Hà,Xã,20857
Xã Tiên Thọ,Huyện Tiên Phước,Tỉnh Quảng Nam,Thành phố Đà Nẵng,Xã Tiên Phước,Xã,20854
Xã A Nông,Huyện Tây Giang,Tỉnh Quảng Nam,Thành phố Đà Nẵng,Xã Tây Giang,Xã,20455
Xã A Tiêng,Huyện Tây Giang,Tỉnh Quảng Nam,Thành phố Đà Nẵng,Xã Tây Giang,Xã,20455
Xã A Vương,Huyện Tây Giang,Tỉnh Quảng Nam,Thành phố Đà Nẵng,Xã Avương,Xã,20458
Xã A Xan,Huyện Tây Giang,Tỉnh Quảng Nam,Thành phố Đà Nẵng,Xã Hùng Sơn,Xã,20443
Xã Bha Lêê,Huyện Tây Giang,Tỉnh Quảng Nam,Thành phố Đà Nẵng,Xã Avương,Xã,20458
Xã Ch'ơm,Huyện Tây Giang,Tỉnh Quảng Nam,Thành phố Đà Nẵng,Xã Hùng Sơn,Xã,20443
Xã Dang,Huyện Tây Giang,Tỉnh Quảng Nam,Thành phố Đà Nẵng,Xã Tây Giang,Xã,20455
Xã Ga Ri,Huyện Tây Giang,Tỉnh Quảng Nam,Thành phố Đà Nẵng,Xã Hùng Sơn,Xã,20443
Xã Lăng,Huyện Tây Giang,Tỉnh Quảng Nam,Thành phố Đà Nẵng,Xã Tây Giang,Xã,20455
Xã Tr'Hy,Huyện Tây Giang,Tỉnh Quảng Nam,Thành phố Đà Nẵng,Xã Hùng Sơn,Xã,20443
Thị Trấn Prao,Huyện Đông Giang,Tỉnh Quảng Nam,Thành phố Đà Nẵng,Xã Đông Giang,Xã,20467
Xã A Rooi,Huyện Đông Giang,Tỉnh Quảng Nam,Thành phố Đà Nẵng,Xã Đông Giang,Xã,20467
Xã A Ting,Huyện Đông Giang,Tỉnh Quảng Nam,Thành phố Đà Nẵng,Xã Sông Kôn,Xã,20476
Xã Ba,Huyện Đông Giang,Tỉnh Quảng Nam,Thành phố Đà Nẵng,Xã Sông Vàng,Xã,20485
Xã Jơ Ngây,Huyện Đông Giang,Tỉnh Quảng Nam,Thành phố Đà Nẵng,Xã Sông Kôn,Xã,20476
Xã Kà Dăng,Huyện Đông Giang,Tỉnh Quảng Nam,Thành phố Đà Nẵng,Xã Bến Hiên,Xã,20494
Xã Mà Cooih,Huyện Đông Giang,Tỉnh Quảng Nam,Thành phố Đà Nẵng,Xã Bến Hiên,Xã,20494
Xã Sông Kôn,Huyện Đông Giang,Tỉnh Quảng Nam,Thành phố Đà Nẵng,Xã Sông Kôn,Xã,20476
Xã Tà Lu,Huyện Đông Giang,Tỉnh Quảng Nam,Thành phố Đà Nẵng,Xã Đông Giang,Xã,20467
Xã Tư,Huyện Đông Giang,Tỉnh Quảng Nam,Thành phố Đà Nẵng,Xã Sông Vàng,Xã,20485
Xã Zà Hung,Huyện Đông Giang,Tỉnh Quảng Nam,Thành phố Đà Nẵng,Xã Đông Giang,Xã,20467
Thị trấn Ái Nghĩa,Huyện Đại Lộc,Tỉnh Quảng Nam,Thành phố Đà Nẵng,Xã Đại Lộc,Xã,20500
Xã Đại An,Huyện Đại Lộc,Tỉnh Quảng Nam,Thành phố Đà Nẵng,Xã Đại Lộc,Xã,20500
Xã Đại Chánh,Huyện Đại Lộc,Tỉnh Quảng Nam,Thành phố Đà Nẵng,Xã Phú Thuận,Xã,20542
Xã Đại Cường,Huyện Đại Lộc,Tỉnh Quảng Nam,Thành phố Đà Nẵng,Xã Vu Gia,Xã,20539
Xã Đại Hiệp,Huyện Đại Lộc,Tỉnh Quảng Nam,Thành phố Đà Nẵng,Xã Đại Lộc,Xã,20500
Xã Đại Hòa,Huyện Đại Lộc,Tỉnh Quảng Nam,Thành phố Đà Nẵng,Xã Đại Lộc,Xã,20500
Xã Đại Hưng,Huyện Đại Lộc,Tỉnh Quảng Nam,Thành phố Đà Nẵng,Xã Thượng Đức,Xã,20506
Xã Đại Hồng,Huyện Đại Lộc,Tỉnh Quảng Nam,Thành phố Đà Nẵng,Xã Hà Nha,Xã,20515
Xã Đại Lãnh,Huyện Đại Lộc,Tỉnh Quảng Nam,Thành phố Đà Nẵng,Xã Thượng Đức,Xã,20506
Xã Đại Minh,Huyện Đại Lộc,Tỉnh Quảng Nam,Thành phố Đà Nẵng,Xã Vu Gia,Xã,20539
Xã Đại Nghĩa,Huyện Đại Lộc,Tỉnh Quảng Nam,Thành phố Đà Nẵng,Xã Đại Lộc,Xã,20500
Xã Đại Phong,Huyện Đại Lộc,Tỉnh Quảng Nam,Thành phố Đà Nẵng,Xã Vu Gia,Xã,20539
Xã Đại Quang,Huyện Đại Lộc,Tỉnh Quảng Nam,Thành phố Đà Nẵng,Xã Hà Nha,Xã,20515
Xã Đại Sơn,Huyện Đại Lộc,Tỉnh Quảng Nam,Thành phố Đà Nẵng,Xã Thượng Đức,Xã,20506
Xã Đại Thạnh,Huyện Đại Lộc,Tỉnh Quảng Nam,Thành phố Đà Nẵng,Xã Phú Thuận,Xã,20542
Xã Đại Thắng,Huyện Đại Lộc,Tỉnh Quảng Nam,Thành phố Đà Nẵng,Xã Phú Thuận,Xã,20542
Xã Đại Tân,Huyện Đại Lộc,Tỉnh Quảng Nam,Thành phố Đà Nẵng,Xã Phú Thuận,Xã,20542
Xã Đại Đồng,Huyện Đại Lộc,Tỉnh Quảng Nam,Thành phố Đà Nẵng,Xã Hà Nha,Xã,20515
Phường Cẩm An,Thành phố Hội An,Tỉnh Quảng Nam,Thành phố Đà Nẵng,Phường Hội An Tây,Phường,20401
Phường Cẩm Châu,Thành phố Hội An,Tỉnh Quảng Nam,Thành phố Đà Nẵng,Phường Hội An Đông,Phường,20413
Phường Cẩm Nam,Thành phố Hội An,Tỉnh Quảng Nam,Thành phố Đà Nẵng,Phường Hội An,Phường,20410
Phường Cẩm Phô,Thành phố Hội An,Tỉnh Quảng Nam,Thành phố Đà Nẵng,Phường Hội An,Phường,20410
Phường Cửa Đại,Thành phố Hội An,Tỉnh Quảng Nam,Thành phố Đà Nẵng,Phường Hội An Đông,Phường,20413
Phường Minh An,Thành phố Hội An,Tỉnh Quảng Nam,Thành phố Đà Nẵng,Phường Hội An,Phường,20410
Phường Sơn Phong,Thành phố Hội An,Tỉnh Quảng Nam,Thành phố Đà Nẵng,Phường Hội An,Phường,20410
Phường Thanh Hà,Thành phố Hội An,Tỉnh Quảng Nam,Thành phố Đà Nẵng,Phường Hội An Tây,Phường,20401
Phường Tân An,Thành phố Hội An,Tỉnh Quảng Nam,Thành phố Đà Nẵng,Phường Hội An Tây,Phường,20401
Xã Cẩm Hà,Thành phố Hội An,Tỉnh Quảng Nam,Thành phố Đà Nẵng,Phường Hội An Tây,Phường,20401
Xã Cẩm Kim,Thành phố Hội An,Tỉnh Quảng Nam,Thành phố Đà Nẵng,Phường Hội An,Phường,20410
Xã Cẩm Thanh,Thành phố Hội An,Tỉnh Quảng Nam,Thành phố Đà Nẵng,Phường Hội An Đông,Phường,20413
Xã Tân Hiệp,Thành phố Hội An,Tỉnh Quảng Nam,Thành phố Đà Nẵng,Xã Tân Hiệp,Xã,20434
Phường An Mỹ,Thành phố Tam Kỳ,Tỉnh Quảng Nam,Thành phố Đà Nẵng,Phường Tam Kỳ,Phường,20341
Phường An Phú,Thành phố Tam Kỳ,Tỉnh Quảng Nam,Thành phố Đà Nẵng,Phường Quảng Phú,Phường,20356
Phường An Sơn,Thành phố Tam Kỳ,Tỉnh Quảng Nam,Thành phố Đà Nẵng,Phường Hương Trà,Phường,20350
Phường An Xuân,Thành phố Tam Kỳ,Tỉnh Quảng Nam,Thành phố Đà Nẵng,Phường Tam Kỳ,Phường,20341
Phường Hòa Hương,Thành phố Tam Kỳ,Tỉnh Quảng Nam,Thành phố Đà Nẵng,Phường Hương Trà,Phường,20350
Phường Hòa Thuận,Thành phố Tam Kỳ,Tỉnh Quảng Nam,Thành phố Đà Nẵng,Phường Bàn Thạch,Phường,20335
Phường Trường Xuân,Thành phố Tam Kỳ,Tỉnh Quảng Nam,Thành phố Đà Nẵng,Phường Tam Kỳ,Phường,20341
Phường Tân Thạnh,Thành phố Tam Kỳ,Tỉnh Quảng Nam,Thành phố Đà Nẵng,Phường Bàn Thạch,Phường,20335
Xã Tam Ngọc,Thành phố Tam Kỳ,Tỉnh Quảng Nam,Thành phố Đà Nẵng,Phường Hương Trà,Phường,20350
Xã Tam Phú,Thành phố Tam Kỳ,Tỉnh Quảng Nam,Thành phố Đà Nẵng,Phường Quảng Phú,Phường,20356
Xã Tam Thanh,Thành phố Tam Kỳ,Tỉnh Quảng Nam,Thành phố Đà Nẵng,Phường Quảng Phú,Phường,20356
Xã Tam Thăng,Thành phố Tam Kỳ,Tỉnh Quảng Nam,Thành phố Đà Nẵng,Phường Bàn Thạch,Phường,20335
Phường Vĩnh Điện,Thị xã Điện Bàn,Tỉnh Quảng Nam,Thành phố Đà Nẵng,Phường Điện Bàn,Phường,20551
Phường Điện An,Thị xã Điện Bàn,Tỉnh Quảng Nam,Thành phố Đà Nẵng,Phường An Thắng,Phường,20575
Phường Điện Dương,Thị xã Điện Bàn,Tỉnh Quảng Nam,Thành phố Đà Nẵng,Phường Điện Bàn Đông,Phường,20579
Phường Điện Minh,Thị xã Điện Bàn,Tỉnh Quảng Nam,Thành phố Đà Nẵng,Phường Điện Bàn,Phường,20551
Phường Điện Nam Bắc,Thị xã Điện Bàn,Tỉnh Quảng Nam,Thành phố Đà Nẵng,Phường Điện Bàn Đông,Phường,20579
Phường Điện Nam Trung,Thị xã Điện Bàn,Tỉnh Quảng Nam,Thành phố Đà Nẵng,Phường Điện Bàn Đông,Phường,20579
Phường Điện Nam Đông,Thị xã Điện Bàn,Tỉnh Quảng Nam,Thành phố Đà Nẵng,Phường Điện Bàn Đông,Phường,20579
Phường Điện Ngọc,Thị xã Điện Bàn,Tỉnh Quảng Nam,Thành phố Đà Nẵng,Phường Điện Bàn Đông,Phường,20579
Phường Điện Phương,Thị xã Điện Bàn,Tỉnh Quảng Nam,Thành phố Đà Nẵng,Phường Điện Bàn,Phường,20551
Phường Điện Thắng Bắc,Thị xã Điện Bàn,Tỉnh Quảng Nam,Thành phố Đà Nẵng,Phường Điện Bàn Bắc,Phường,20557
Phường Điện Thắng Nam,Thị xã Điện Bàn,Tỉnh Quảng Nam,Thành phố Đà Nẵng,Phường An Thắng,Phường,20575
Phường Điện Thắng Trung,Thị xã Điện Bàn,Tỉnh Quảng Nam,Thành phố Đà Nẵng,Phường An Thắng,Phường,20575
Xã Điện Hòa,Thị xã Điện Bàn,Tỉnh Quảng Nam,Thành phố Đà Nẵng,Phường Điện Bàn Bắc,Phường,20557
Xã Điện Hồng,Thị xã Điện Bàn,Tỉnh Quảng Nam,Thành phố Đà Nẵng,Xã Điện Bàn Tây,Xã,20569
Xã Điện Phong,Thị xã Điện Bàn,Tỉnh Quảng Nam,Thành phố Đà Nẵng,Xã Gò Nổi,Xã,20587
Xã Điện Phước,Thị xã Điện Bàn,Tỉnh Quảng Nam,Thành phố Đà Nẵng,Xã Điện Bàn Tây,Xã,20569
Xã Điện Quang,Thị xã Điện Bàn,Tỉnh Quảng Nam,Thành phố Đà Nẵng,Xã Gò Nổi,Xã,20587
Xã Điện Thọ,Thị xã Điện Bàn,Tỉnh Quảng Nam,Thành phố Đà Nẵng,Xã Điện Bàn Tây,Xã,20569
Xã Điện Tiến,Thị xã Điện Bàn,Tỉnh Quảng Nam,Thành phố Đà Nẵng,Phường Điện Bàn Bắc,Phường,20557
Xã Điện Trung,Thị xã Điện Bàn,Tỉnh Quảng Nam,Thành phố Đà Nẵng,Xã Gò Nổi,Xã,20587
Thị trấn An Phú,Huyện An Phú,Tỉnh An Giang,Tỉnh An Giang,Xã An Phú,Xã,30337
Thị trấn Long Bình,Huyện An Phú,Tỉnh An Giang,Tỉnh An Giang,Xã Khánh Bình,Xã,30341
Thị trấn Đa Phước,Huyện An Phú,Tỉnh An Giang,Tỉnh An Giang,Xã Vĩnh Hậu,Xã,30367
Xã Khánh An,Huyện An Phú,Tỉnh An Giang,Tỉnh An Giang,Xã Khánh Bình,Xã,30341
Xã Khánh Bình,Huyện An Phú,Tỉnh An Giang,Tỉnh An Giang,Xã Khánh Bình,Xã,30341
Xã Nhơn Hội,Huyện An Phú,Tỉnh An Giang,Tỉnh An Giang,Xã Nhơn Hội,Xã,30346
Xã Phú Hội,Huyện An Phú,Tỉnh An Giang,Tỉnh An Giang,Xã An Phú,Xã,30337
Xã Phú Hội,Huyện An Phú,Tỉnh An Giang,Tỉnh An Giang,Xã Nhơn Hội,Xã,30346
Xã Phú Hữu,Huyện An Phú,Tỉnh An Giang,Tỉnh An Giang,Xã Phú Hữu,Xã,30352
Xã Phước Hưng,Huyện An Phú,Tỉnh An Giang,Tỉnh An Giang,Xã An Phú,Xã,30337
Xã Phước Hưng,Huyện An Phú,Tỉnh An Giang,Tỉnh An Giang,Xã Nhơn Hội,Xã,30346
Xã Phước Hưng,Huyện An Phú,Tỉnh An Giang,Tỉnh An Giang,Xã Phú Hữu,Xã,30352
Xã Quốc Thái,Huyện An Phú,Tỉnh An Giang,Tỉnh An Giang,Xã Nhơn Hội,Xã,30346
Xã Vĩnh Hậu,Huyện An Phú,Tỉnh An Giang,Tỉnh An Giang,Xã Vĩnh Hậu,Xã,30367
Xã Vĩnh Hội Đông,Huyện An Phú,Tỉnh An Giang,Tỉnh An Giang,Xã An Phú,Xã,30337
Xã Vĩnh Lộc,Huyện An Phú,Tỉnh An Giang,Tỉnh An Giang,Xã Phú Hữu,Xã,30352
Xã Vĩnh Trường,Huyện An Phú,Tỉnh An Giang,Tỉnh An Giang,Xã Vĩnh Hậu,Xã,30367
Thị trấn Cái Dầu,Huyện Châu Phú,Tỉnh An Giang,Tỉnh An Giang,Xã Châu Phú,Xã,30463
Thị trấn Vĩnh Thạnh Trung,Huyện Châu Phú,Tỉnh An Giang,Tỉnh An Giang,Xã Vĩnh Thạnh Trung,Xã,30478
Xã Bình Chánh,Huyện Châu Phú,Tỉnh An Giang,Tỉnh An Giang,Xã Bình Mỹ,Xã,30487
Xã Bình Long,Huyện Châu Phú,Tỉnh An Giang,Tỉnh An Giang,Xã Châu Phú,Xã,30463
Xã Bình Mỹ,Huyện Châu Phú,Tỉnh An Giang,Tỉnh An Giang,Xã Bình Mỹ,Xã,30487
Xã Bình Phú,Huyện Châu Phú,Tỉnh An Giang,Tỉnh An Giang,Xã Châu Phú,Xã,30463
Xã Bình Thủy,Huyện Châu Phú,Tỉnh An Giang,Tỉnh An Giang,Xã Bình Mỹ,Xã,30487
Xã Khánh Hòa,Huyện Châu Phú,Tỉnh An Giang,Tỉnh An Giang,Xã Mỹ Đức,Xã,30469
Xã Mỹ Phú,Huyện Châu Phú,Tỉnh An Giang,Tỉnh An Giang,Xã Vĩnh Thạnh Trung,Xã,30478
Xã Mỹ Đức,Huyện Châu Phú,Tỉnh An Giang,Tỉnh An Giang,Xã Mỹ Đức,Xã,30469
Xã Thạnh Mỹ Tây,Huyện Châu Phú,Tỉnh An Giang,Tỉnh An Giang,Xã Thạnh Mỹ Tây,Xã,30481
Xã Ô Long Vĩ,Huyện Châu Phú,Tỉnh An Giang,Tỉnh An Giang,Xã Thạnh Mỹ Tây,Xã,30481
Xã Đào Hữu Cảnh,Huyện Châu Phú,Tỉnh An Giang,Tỉnh An Giang,Xã Thạnh Mỹ Tây,Xã,30481
Thị trấn An Châu,Huyện Châu Thành,Tỉnh An Giang,Tỉnh An Giang,Xã An Châu,Xã,30589
Thị trấn Vĩnh Bình,Huyện Châu Thành,Tỉnh An Giang,Tỉnh An Giang,Xã Vĩnh An,Xã,30604
Xã An Hòa,Huyện Châu Thành,Tỉnh An Giang,Tỉnh An Giang,Xã Bình Hòa,Xã,30607
Xã Bình Hòa,Huyện Châu Thành,Tỉnh An Giang,Tỉnh An Giang,Xã Bình Hòa,Xã,30607
Xã Bình Thạnh,Huyện Châu Thành,Tỉnh An Giang,Tỉnh An Giang,Xã Bình Hòa,Xã,30607
Xã Cần Đăng,Huyện Châu Thành,Tỉnh An Giang,Tỉnh An Giang,Xã Cần Đăng,Xã,30595
Xã Hòa Bình Thạnh,Huyện Châu Thành,Tỉnh An Giang,Tỉnh An Giang,Xã An Châu,Xã,30589
Xã Tân Phú,Huyện Châu Thành,Tỉnh An Giang,Tỉnh An Giang,Xã Vĩnh An,Xã,30604
Xã Vĩnh An,Huyện Châu Thành,Tỉnh An Giang,Tỉnh An Giang,Xã Vĩnh An,Xã,30604
Xã Vĩnh Hanh,Huyện Châu Thành,Tỉnh An Giang,Tỉnh An Giang,Xã Vĩnh Hanh,Xã,30619
Xã Vĩnh Lợi,Huyện Châu Thành,Tỉnh An Giang,Tỉnh An Giang,Xã Cần Đăng,Xã,30595
Xã Vĩnh Nhuận,Huyện Châu Thành,Tỉnh An Giang,Tỉnh An Giang,Xã Vĩnh Hanh,Xã,30619
Xã Vĩnh Thành,Huyện Châu Thành,Tỉnh An Giang,Tỉnh An Giang,Xã An Châu,Xã,30589
Thị trấn Chợ Mới,Huyện Chợ Mới,Tỉnh An Giang,Tỉnh An Giang,Xã Chợ Mới,Xã,30628
Thị trấn Hội An,Huyện Chợ Mới,Tỉnh An Giang,Tỉnh An Giang,Xã Hội An,Xã,30673
Thị trấn Mỹ Luông,Huyện Chợ Mới,Tỉnh An Giang,Tỉnh An Giang,Xã Long Điền,Xã,30631
Xã An Thạnh Trung,Huyện Chợ Mới,Tỉnh An Giang,Tỉnh An Giang,Xã Long Kiến,Xã,30664
Xã Bình Phước Xuân,Huyện Chợ Mới,Tỉnh An Giang,Tỉnh An Giang,Xã Cù Lao Giêng,Xã,30643
Xã Hòa An,Huyện Chợ Mới,Tỉnh An Giang,Tỉnh An Giang,Xã Hội An,Xã,30673
Xã Hòa Bình,Huyện Chợ Mới,Tỉnh An Giang,Tỉnh An Giang,Xã Hội An,Xã,30673
Xã Kiến An,Huyện Chợ Mới,Tỉnh An Giang,Tỉnh An Giang,Xã Chợ Mới,Xã,30628
Xã Kiến Thành,Huyện Chợ Mới,Tỉnh An Giang,Tỉnh An Giang,Xã Chợ Mới,Xã,30628
Xã Long Giang,Huyện Chợ Mới,Tỉnh An Giang,Tỉnh An Giang,Xã Nhơn Mỹ,Xã,30658
Xã Long Kiến,Huyện Chợ Mới,Tỉnh An Giang,Tỉnh An Giang,Xã Long Kiến,Xã,30664
Xã Long Điền A,Huyện Chợ Mới,Tỉnh An Giang,Tỉnh An Giang,Xã Long Điền,Xã,30631
Xã Long Điền B,Huyện Chợ Mới,Tỉnh An Giang,Tỉnh An Giang,Xã Long Điền,Xã,30631
Xã Mỹ An,Huyện Chợ Mới,Tỉnh An Giang,Tỉnh An Giang,Xã Long Kiến,Xã,30664
Xã Mỹ Hiệp,Huyện Chợ Mới,Tỉnh An Giang,Tỉnh An Giang,Xã Cù Lao Giêng,Xã,30643
Xã Mỹ Hội Đông,Huyện Chợ Mới,Tỉnh An Giang,Tỉnh An Giang,Xã Nhơn Mỹ,Xã,30658
Xã Nhơn Mỹ,Huyện Chợ Mới,Tỉnh An Giang,Tỉnh An Giang,Xã Nhơn Mỹ,Xã,30658
Xã Tấn Mỹ,Huyện Chợ Mới,Tỉnh An Giang,Tỉnh An Giang,Xã Cù Lao Giêng,Xã,30643
Thị trấn Chợ Vàm,Huyện Phú Tân,Tỉnh An Giang,Tỉnh An Giang,Xã Chợ Vàm,Xã,30409
Thị trấn Phú Mỹ,Huyện Phú Tân,Tỉnh An Giang,Tỉnh An Giang,Xã Phú Tân,Xã,30406
Xã Bình Thạnh Đông,Huyện Phú Tân,Tỉnh An Giang,Tỉnh An Giang,Xã Bình Thạnh Đông,Xã,30445
Xã Hiệp Xương,Huyện Phú Tân,Tỉnh An Giang,Tỉnh An Giang,Xã Bình Thạnh Đông,Xã,30445
Xã Hòa Lạc,Huyện Phú Tân,Tỉnh An Giang,Tỉnh An Giang,Xã Hòa Lạc,Xã,30430
Xã Long Hòa,Huyện Phú Tân,Tỉnh An Giang,Tỉnh An Giang,Xã Phú Lâm,Xã,30421
Xã Phú An,Huyện Phú Tân,Tỉnh An Giang,Tỉnh An Giang,Xã Phú An,Xã,30436
Xã Phú Bình,Huyện Phú Tân,Tỉnh An Giang,Tỉnh An Giang,Xã Bình Thạnh Đông,Xã,30445
Xã Phú Hiệp,Huyện Phú Tân,Tỉnh An Giang,Tỉnh An Giang,Xã Hòa Lạc,Xã,30430
Xã Phú Hưng,Huyện Phú Tân,Tỉnh An Giang,Tỉnh An Giang,Xã Phú Tân,Xã,30406
Xã Phú Long,Huyện Phú Tân,Tỉnh An Giang,Tỉnh An Giang,Xã Phú Lâm,Xã,30421
Xã Phú Lâm,Huyện Phú Tân,Tỉnh An Giang,Tỉnh An Giang,Xã Phú Lâm,Xã,30421
Xã Phú Thành,Huyện Phú Tân,Tỉnh An Giang,Tỉnh An Giang,Xã Chợ Vàm,Xã,30409
Xã Phú Thạnh,Huyện Phú Tân,Tỉnh An Giang,Tỉnh An Giang,Xã Chợ Vàm,Xã,30409
Xã Phú Thọ,Huyện Phú Tân,Tỉnh An Giang,Tỉnh An Giang,Xã Phú An,Xã,30436
Xã Phú Xuân,Huyện Phú Tân,Tỉnh An Giang,Tỉnh An Giang,Xã Phú An,Xã,30436
Xã Tân Hòa,Huyện Phú Tân,Tỉnh An Giang,Tỉnh An Giang,Xã Phú Tân,Xã,30406
Xã Tân Trung,Huyện Phú Tân,Tỉnh An Giang,Tỉnh An Giang,Xã Phú Tân,Xã,30406
Thị Trấn Óc Eo,Huyện Thoại Sơn,Tỉnh An Giang,Tỉnh An Giang,Xã Óc Eo,Xã,30688
Thị trấn Núi Sập,Huyện Thoại Sơn,Tỉnh An Giang,Tỉnh An Giang,Xã Thoại Sơn,Xã,30682
Thị trấn Phú Hòa,Huyện Thoại Sơn,Tỉnh An Giang,Tỉnh An Giang,Xã Phú Hòa,Xã,30685
Xã An Bình,Huyện Thoại Sơn,Tỉnh An Giang,Tỉnh An Giang,Xã Tây Phú,Xã,30691
Xã Bình Thành,Huyện Thoại Sơn,Tỉnh An Giang,Tỉnh An Giang,Xã Thoại Sơn,Xã,30682
Xã Mỹ Phú Đông,Huyện Thoại Sơn,Tỉnh An Giang,Tỉnh An Giang,Xã Tây Phú,Xã,30691
Xã Phú Thuận,Huyện Thoại Sơn,Tỉnh An Giang,Tỉnh An Giang,Xã Phú Hòa,Xã,30685
Xã Thoại Giang,Huyện Thoại Sơn,Tỉnh An Giang,Tỉnh An Giang,Xã Thoại Sơn,Xã,30682
Xã Tây Phú,Huyện Thoại Sơn,Tỉnh An Giang,Tỉnh An Giang,Xã Tây Phú,Xã,30691
Xã Vĩnh Chánh,Huyện Thoại Sơn,Tỉnh An Giang,Tỉnh An Giang,Xã Phú Hòa,Xã,30685
Xã Vĩnh Khánh,Huyện Thoại Sơn,Tỉnh An Giang,Tỉnh An Giang,Xã Vĩnh Trạch,Xã,30697
Xã Vĩnh Phú,Huyện Thoại Sơn,Tỉnh An Giang,Tỉnh An Giang,Xã Định Mỹ,Xã,30709
Xã Vĩnh Trạch,Huyện Thoại Sơn,Tỉnh An Giang,Tỉnh An Giang,Xã Vĩnh Trạch,Xã,30697
Xã Vọng Thê,Huyện Thoại Sơn,Tỉnh An Giang,Tỉnh An Giang,Xã Óc Eo,Xã,30688
Xã Vọng Đông,Huyện Thoại Sơn,Tỉnh An Giang,Tỉnh An Giang,Xã Óc Eo,Xã,30688
Xã Định Mỹ,Huyện Thoại Sơn,Tỉnh An Giang,Tỉnh An Giang,Xã Định Mỹ,Xã,30709
Xã Định Thành,Huyện Thoại Sơn,Tỉnh An Giang,Tỉnh An Giang,Xã Định Mỹ,Xã,30709
Thị trấn Ba Chúc,Huyện Tri Tôn,Tỉnh An Giang,Tỉnh An Giang,Xã Ba Chúc,Xã,30547
Thị trấn Cô Tô,Huyện Tri Tôn,Tỉnh An Giang,Tỉnh An Giang,Xã Cô Tô,Xã,30580
Thị trấn Tri Tôn,Huyện Tri Tôn,Tỉnh An Giang,Tỉnh An Giang,Xã Tri Tôn,Xã,30544
Xã An Tức,Huyện Tri Tôn,Tỉnh An Giang,Tỉnh An Giang,Xã Ô Lâm,Xã,30577
Xã Châu Lăng,Huyện Tri Tôn,Tỉnh An Giang,Tỉnh An Giang,Xã Tri Tôn,Xã,30544
Xã Lê Trì,Huyện Tri Tôn,Tỉnh An Giang,Tỉnh An Giang,Xã Ba Chúc,Xã,30547
Xã Lương An Trà,Huyện Tri Tôn,Tỉnh An Giang,Tỉnh An Giang,Xã Vĩnh Gia,Xã,30568
Xã Lương Phi,Huyện Tri Tôn,Tỉnh An Giang,Tỉnh An Giang,Xã Ô Lâm,Xã,30577
Xã Lạc Quới,Huyện Tri Tôn,Tỉnh An Giang,Tỉnh An Giang,Xã Ba Chúc,Xã,30547
Xã Núi Tô,Huyện Tri Tôn,Tỉnh An Giang,Tỉnh An Giang,Xã Tri Tôn,Xã,30544
Xã Tà Đảnh,Huyện Tri Tôn,Tỉnh An Giang,Tỉnh An Giang,Xã Cô Tô,Xã,30580
Xã Tân Tuyến,Huyện Tri Tôn,Tỉnh An Giang,Tỉnh An Giang,Xã Cô Tô,Xã,30580
Xã Vĩnh Gia,Huyện Tri Tôn,Tỉnh An Giang,Tỉnh An Giang,Xã Vĩnh Gia,Xã,30568
Xã Vĩnh Phước,Huyện Tri Tôn,Tỉnh An Giang,Tỉnh An Giang,Xã Vĩnh Gia,Xã,30568
Xã Ô Lâm,Huyện Tri Tôn,Tỉnh An Giang,Tỉnh An Giang,Xã Ô Lâm,Xã,30577
Phường Châu Phú A,Thành phố Châu Đốc,Tỉnh An Giang,Tỉnh An Giang,Phường Châu Đốc,Phường,30316
Phường Châu Phú B,Thành phố Châu Đốc,Tỉnh An Giang,Tỉnh An Giang,Phường Châu Đốc,Phường,30316
Phường Núi Sam,Thành phố Châu Đốc,Tỉnh An Giang,Tỉnh An Giang,Phường Vĩnh Tế,Phường,30325
Phường Vĩnh Mỹ,Thành phố Châu Đốc,Tỉnh An Giang,Tỉnh An Giang,Phường Châu Đốc,Phường,30316
Phường Vĩnh Nguơn,Thành phố Châu Đốc,Tỉnh An Giang,Tỉnh An Giang,Phường Châu Đốc,Phường,30316
Xã Vĩnh Châu,Thành phố Châu Đốc,Tỉnh An Giang,Tỉnh An Giang,Phường Châu Đốc,Phường,30316
Xã Vĩnh Châu,Thành phố Châu Đốc,Tỉnh An Giang,Tỉnh An Giang,Phường Vĩnh Tế,Phường,30325
Xã Vĩnh Tế,Thành phố Châu Đốc,Tỉnh An Giang,Tỉnh An Giang,Phường Vĩnh Tế,Phường,30325
Phường Bình Khánh,Thành phố Long Xuyên,Tỉnh An Giang,Tỉnh An Giang,Phường Bình Đức,Phường,30292
Phường Bình Đức,Thành phố Long Xuyên,Tỉnh An Giang,Tỉnh An Giang,Phường Bình Đức,Phường,30292
Phường Mỹ Bình,Thành phố Long Xuyên,Tỉnh An Giang,Tỉnh An Giang,Phường Long Xuyên,Phường,30307
Phường Mỹ Hòa,Thành phố Long Xuyên,Tỉnh An Giang,Tỉnh An Giang,Phường Long Xuyên,Phường,30307
Phường Mỹ Long,Thành phố Long Xuyên,Tỉnh An Giang,Tỉnh An Giang,Phường Long Xuyên,Phường,30307
Phường Mỹ Phước,Thành phố Long Xuyên,Tỉnh An Giang,Tỉnh An Giang,Phường Long Xuyên,Phường,30307
Phường Mỹ Quý,Thành phố Long Xuyên,Tỉnh An Giang,Tỉnh An Giang,Phường Long Xuyên,Phường,30307
Phường Mỹ Thạnh,Thành phố Long Xuyên,Tỉnh An Giang,Tỉnh An Giang,Phường Mỹ Thới,Phường,30301
Phường Mỹ Thới,Thành phố Long Xuyên,Tỉnh An Giang,Tỉnh An Giang,Phường Mỹ Thới,Phường,30301
Phường Mỹ Xuyên,Thành phố Long Xuyên,Tỉnh An Giang,Tỉnh An Giang,Phường Long Xuyên,Phường,30307
Xã Mỹ Hòa Hưng,Thành phố Long Xuyên,Tỉnh An Giang,Tỉnh An Giang,Xã Mỹ Hòa Hưng,Xã,30313
Xã Mỹ Khánh,Thành phố Long Xuyên,Tỉnh An Giang,Tỉnh An Giang,Phường Bình Đức,Phường,30292
Phường Long Châu,Thị xã Tân Châu,Tỉnh An Giang,Tỉnh An Giang,Phường Long Phú,Phường,30377
Phường Long Hưng,Thị xã Tân Châu,Tỉnh An Giang,Tỉnh An Giang,Phường Long Phú,Phường,30377
Phường Long Phú,Thị xã Tân Châu,Tỉnh An Giang,Tỉnh An Giang,Phường Long Phú,Phường,30377
Phường Long Sơn,Thị xã Tân Châu,Tỉnh An Giang,Tỉnh An Giang,Phường Tân Châu,Phường,30376
Phường Long Thạnh,Thị xã Tân Châu,Tỉnh An Giang,Tỉnh An Giang,Phường Tân Châu,Phường,30376
Xã Châu Phong,Thị xã Tân Châu,Tỉnh An Giang,Tỉnh An Giang,Xã Châu Phong,Xã,30403
Xã Long An,Thị xã Tân Châu,Tỉnh An Giang,Tỉnh An Giang,Xã Tân An,Xã,30388
Xã Lê Chánh,Thị xã Tân Châu,Tỉnh An Giang,Tỉnh An Giang,Xã Châu Phong,Xã,30403
Xã Phú Lộc,Thị xã Tân Châu,Tỉnh An Giang,Tỉnh An Giang,Xã Vĩnh Xương,Xã,30385
Xã Phú Vĩnh,Thị xã Tân Châu,Tỉnh An Giang,Tỉnh An Giang,Xã Châu Phong,Xã,30403
Xã Tân An,Thị xã Tân Châu,Tỉnh An Giang,Tỉnh An Giang,Xã Tân An,Xã,30388
Xã Tân Thạnh,Thị xã Tân Châu,Tỉnh An Giang,Tỉnh An Giang,Xã Tân An,Xã,30388
Xã Vĩnh Hòa,Thị xã Tân Châu,Tỉnh An Giang,Tỉnh An Giang,Xã Vĩnh Xương,Xã,30385
Xã Vĩnh Xương,Thị xã Tân Châu,Tỉnh An Giang,Tỉnh An Giang,Xã Vĩnh Xương,Xã,30385
Phường An Phú,Thị xã Tịnh Biên,Tỉnh An Giang,Tỉnh An Giang,Phường Tịnh Biên,Phường,30520
Phường Chi Lăng,Thị xã Tịnh Biên,Tỉnh An Giang,Tỉnh An Giang,Phường Chi Lăng,Phường,30505
Phường Nhà Bàng,Thị xã Tịnh Biên,Tỉnh An Giang,Tỉnh An Giang,Phường Thới Sơn,Phường,30502
Phường Nhơn Hưng,Thị xã Tịnh Biên,Tỉnh An Giang,Tỉnh An Giang,Phường Thới Sơn,Phường,30502
Phường Núi Voi,Thị xã Tịnh Biên,Tỉnh An Giang,Tỉnh An Giang,Phường Chi Lăng,Phường,30505
Phường Thới Sơn,Thị xã Tịnh Biên,Tỉnh An Giang,Tỉnh An Giang,Phường Thới Sơn,Phường,30502
Phường Tịnh Biên,Thị xã Tịnh Biên,Tỉnh An Giang,Tỉnh An Giang,Phường Tịnh Biên,Phường,30520
Xã An Cư,Thị xã Tịnh Biên,Tỉnh An Giang,Tỉnh An Giang,Xã An Cư,Xã,30526
Xã An Hảo,Thị xã Tịnh Biên,Tỉnh An Giang,Tỉnh An Giang,Xã Núi Cấm,Xã,30538
Xã An Nông,Thị xã Tịnh Biên,Tỉnh An Giang,Tỉnh An Giang,Phường Tịnh Biên,Phường,30520
Xã Tân Lập,Thị xã Tịnh Biên,Tỉnh An Giang,Tỉnh An Giang,Xã Núi Cấm,Xã,30538
Xã Tân Lợi,Thị xã Tịnh Biên,Tỉnh An Giang,Tỉnh An Giang,Phường Chi Lăng,Phường,30505
Xã Văn Giáo,Thị xã Tịnh Biên,Tỉnh An Giang,Tỉnh An Giang,Xã An Cư,Xã,30526
Xã Vĩnh Trung,Thị xã Tịnh Biên,Tỉnh An Giang,Tỉnh An Giang,Xã An Cư,Xã,30526
Thị trấn Thứ Ba,Huyện An Biên,Tỉnh Kiên Giang,Tỉnh An Giang,Xã An Biên,Xã,30985
Xã Hưng Yên,Huyện An Biên,Tỉnh Kiên Giang,Tỉnh An Giang,Xã An Biên,Xã,30985
Xã Nam Thái,Huyện An Biên,Tỉnh Kiên Giang,Tỉnh An Giang,Xã Đông Thái,Xã,31006
Xã Nam Thái A,Huyện An Biên,Tỉnh Kiên Giang,Tỉnh An Giang,Xã Đông Thái,Xã,31006
Xã Nam Yên,Huyện An Biên,Tỉnh Kiên Giang,Tỉnh An Giang,Xã Tây Yên,Xã,30988
Xã Tây Yên,Huyện An Biên,Tỉnh Kiên Giang,Tỉnh An Giang,Xã Tây Yên,Xã,30988
Xã Tây Yên A,Huyện An Biên,Tỉnh Kiên Giang,Tỉnh An Giang,Xã Tây Yên,Xã,30988
Xã Đông Thái,Huyện An Biên,Tỉnh Kiên Giang,Tỉnh An Giang,Xã Đông Thái,Xã,31006
Xã Đông Yên,Huyện An Biên,Tỉnh Kiên Giang,Tỉnh An Giang,Xã An Biên,Xã,30985
Thị trấn Thứ Mười Một,Huyện An Minh,Tỉnh Kiên Giang,Tỉnh An Giang,Xã An Minh,Xã,31018
Xã Thuận Hòa,Huyện An Minh,Tỉnh Kiên Giang,Tỉnh An Giang,Xã Tân Thạnh,Xã,31031
Xã Tân Thạnh,Huyện An Minh,Tỉnh Kiên Giang,Tỉnh An Giang,Xã Tân Thạnh,Xã,31031
Xã Vân Khánh,Huyện An Minh,Tỉnh Kiên Giang,Tỉnh An Giang,Xã Vân Khánh,Xã,31042
Xã Vân Khánh Tây,Huyện An Minh,Tỉnh Kiên Giang,Tỉnh An Giang,Xã Vân Khánh,Xã,31042
Xã Vân Khánh Đông,Huyện An Minh,Tỉnh Kiên Giang,Tỉnh An Giang,Xã Đông Hưng,Xã,31036
Xã Đông Hòa,Huyện An Minh,Tỉnh Kiên Giang,Tỉnh An Giang,Xã Đông Hòa,Xã,31024
Xã Đông Hưng,Huyện An Minh,Tỉnh Kiên Giang,Tỉnh An Giang,Xã An Minh,Xã,31018
Xã Đông Hưng A,Huyện An Minh,Tỉnh Kiên Giang,Tỉnh An Giang,Xã Đông Hưng,Xã,31036
Xã Đông Hưng B,Huyện An Minh,Tỉnh Kiên Giang,Tỉnh An Giang,Xã An Minh,Xã,31018
Xã Đông Thạnh,Huyện An Minh,Tỉnh Kiên Giang,Tỉnh An Giang,Xã Đông Hòa,Xã,31024
Thị trấn Minh Lương,Huyện Châu Thành,Tỉnh Kiên Giang,Tỉnh An Giang,Xã Châu Thành,Xã,30880
Xã Bình An,Huyện Châu Thành,Tỉnh Kiên Giang,Tỉnh An Giang,Xã Bình An,Xã,30898
Xã Giục Tượng,Huyện Châu Thành,Tỉnh Kiên Giang,Tỉnh An Giang,Xã Châu Thành,Xã,30880
Xã Minh Hòa,Huyện Châu Thành,Tỉnh Kiên Giang,Tỉnh An Giang,Xã Châu Thành,Xã,30880
Xã Mong Thọ,Huyện Châu Thành,Tỉnh Kiên Giang,Tỉnh An Giang,Xã Thạnh Lộc,Xã,30886
Xã Mong Thọ A,Huyện Châu Thành,Tỉnh Kiên Giang,Tỉnh An Giang,Xã Thạnh Lộc,Xã,30886
Xã Mong Thọ B,Huyện Châu Thành,Tỉnh Kiên Giang,Tỉnh An Giang,Xã Thạnh Lộc,Xã,30886
Xã Thạnh Lộc,Huyện Châu Thành,Tỉnh Kiên Giang,Tỉnh An Giang,Xã Thạnh Lộc,Xã,30886
Xã Vĩnh Hòa Hiệp,Huyện Châu Thành,Tỉnh Kiên Giang,Tỉnh An Giang,Xã Bình An,Xã,30898
Xã Vĩnh Hòa Phú,Huyện Châu Thành,Tỉnh Kiên Giang,Tỉnh An Giang,Xã Bình An,Xã,30898
Xã Phú Lợi,Huyện Giang Thành,Tỉnh Kiên Giang,Tỉnh An Giang,Xã Giang Thành,Xã,30796
Xã Phú Mỹ,Huyện Giang Thành,Tỉnh Kiên Giang,Tỉnh An Giang,Xã Giang Thành,Xã,30796
Xã Tân Khánh Hòa,Huyện Giang Thành,Tỉnh Kiên Giang,Tỉnh An Giang,Xã Giang Thành,Xã,30796
Xã Vĩnh Phú,Huyện Giang Thành,Tỉnh Kiên Giang,Tỉnh An Giang,Xã Vĩnh Điều,Xã,30793
Xã Vĩnh Điều,Huyện Giang Thành,Tỉnh Kiên Giang,Tỉnh An Giang,Xã Vĩnh Điều,Xã,30793
Thị trấn Giồng Riềng,Huyện Giồng Riềng,Tỉnh Kiên Giang,Tỉnh An Giang,Xã Giồng Riềng,Xã,30904
Xã Bàn Thạch,Huyện Giồng Riềng,Tỉnh Kiên Giang,Tỉnh An Giang,Xã Giồng Riềng,Xã,30904
Xã Bàn Tân Định,Huyện Giồng Riềng,Tỉnh Kiên Giang,Tỉnh An Giang,Xã Giồng Riềng,Xã,30904
Xã Hòa An,Huyện Giồng Riềng,Tỉnh Kiên Giang,Tỉnh An Giang,Xã Hòa Hưng,Xã,30934
Xã Hòa Hưng,Huyện Giồng Riềng,Tỉnh Kiên Giang,Tỉnh An Giang,Xã Hòa Hưng,Xã,30934
Xã Hòa Lợi,Huyện Giồng Riềng,Tỉnh Kiên Giang,Tỉnh An Giang,Xã Hòa Hưng,Xã,30934
Xã Hòa Thuận,Huyện Giồng Riềng,Tỉnh Kiên Giang,Tỉnh An Giang,Xã Hòa Thuận,Xã,30949
Xã Long Thạnh,Huyện Giồng Riềng,Tỉnh Kiên Giang,Tỉnh An Giang,Xã Long Thạnh,Xã,30943
Xã Ngọc Chúc,Huyện Giồng Riềng,Tỉnh Kiên Giang,Tỉnh An Giang,Xã Ngọc Chúc,Xã,30928
Xã Ngọc Hòa,Huyện Giồng Riềng,Tỉnh Kiên Giang,Tỉnh An Giang,Xã Hòa Thuận,Xã,30949
Xã Ngọc Thuận,Huyện Giồng Riềng,Tỉnh Kiên Giang,Tỉnh An Giang,Xã Ngọc Chúc,Xã,30928
Xã Ngọc Thành,Huyện Giồng Riềng,Tỉnh Kiên Giang,Tỉnh An Giang,Xã Ngọc Chúc,Xã,30928
Xã Thạnh Bình,Huyện Giồng Riềng,Tỉnh Kiên Giang,Tỉnh An Giang,Xã Giồng Riềng,Xã,30904
Xã Thạnh Hòa,Huyện Giồng Riềng,Tỉnh Kiên Giang,Tỉnh An Giang,Xã Giồng Riềng,Xã,30904
Xã Thạnh Hưng,Huyện Giồng Riềng,Tỉnh Kiên Giang,Tỉnh An Giang,Xã Thạnh Hưng,Xã,30910
Xã Thạnh Lộc,Huyện Giồng Riềng,Tỉnh Kiên Giang,Tỉnh An Giang,Xã Thạnh Hưng,Xã,30910
Xã Thạnh Phước,Huyện Giồng Riềng,Tỉnh Kiên Giang,Tỉnh An Giang,Xã Thạnh Hưng,Xã,30910
Xã Vĩnh Phú,Huyện Giồng Riềng,Tỉnh Kiên Giang,Tỉnh An Giang,Xã Long Thạnh,Xã,30943
Xã Vĩnh Thạnh,Huyện Giồng Riềng,Tỉnh Kiên Giang,Tỉnh An Giang,Xã Long Thạnh,Xã,30943
Thị trấn Gò Quao,Huyện Gò Quao,Tỉnh Kiên Giang,Tỉnh An Giang,Xã Gò Quao,Xã,30952
Xã Thới Quản,Huyện Gò Quao,Tỉnh Kiên Giang,Tỉnh An Giang,Xã Định Hòa,Xã,30958
Xã Thủy Liễu,Huyện Gò Quao,Tỉnh Kiên Giang,Tỉnh An Giang,Xã Định Hòa,Xã,30958
Xã Vĩnh Hòa Hưng Bắc,Huyện Gò Quao,Tỉnh Kiên Giang,Tỉnh An Giang,Xã Vĩnh Hòa Hưng,Xã,30970
Xã Vĩnh Hòa Hưng Nam,Huyện Gò Quao,Tỉnh Kiên Giang,Tỉnh An Giang,Xã Vĩnh Hòa Hưng,Xã,30970
Xã Vĩnh Phước A,Huyện Gò Quao,Tỉnh Kiên Giang,Tỉnh An Giang,Xã Vĩnh Tuy,Xã,30982
Xã Vĩnh Phước B,Huyện Gò Quao,Tỉnh Kiên Giang,Tỉnh An Giang,Xã Gò Quao,Xã,30952
Xã Vĩnh Thắng,Huyện Gò Quao,Tỉnh Kiên Giang,Tỉnh An Giang,Xã Vĩnh Tuy,Xã,30982
Xã Vĩnh Tuy,Huyện Gò Quao,Tỉnh Kiên Giang,Tỉnh An Giang,Xã Vĩnh Tuy,Xã,30982
Xã Định An,Huyện Gò Quao,Tỉnh Kiên Giang,Tỉnh An Giang,Xã Gò Quao,Xã,30952
Xã Định Hòa,Huyện Gò Quao,Tỉnh Kiên Giang,Tỉnh An Giang,Xã Định Hòa,Xã,30958
Thị trấn Hòn Đất,Huyện Hòn Đất,Tỉnh Kiên Giang,Tỉnh An Giang,Xã Hòn Đất,Xã,30817
Thị trấn Sóc Sơn,Huyện Hòn Đất,Tỉnh Kiên Giang,Tỉnh An Giang,Xã Mỹ Thuận,Xã,30838
Xã Bình Giang,Huyện Hòn Đất,Tỉnh Kiên Giang,Tỉnh An Giang,Xã Bình Giang,Xã,30826
Xã Bình Sơn,Huyện Hòn Đất,Tỉnh Kiên Giang,Tỉnh An Giang,Xã Bình Sơn,Xã,30823
Xã Lình Huỳnh,Huyện Hòn Đất,Tỉnh Kiên Giang,Tỉnh An Giang,Xã Hòn Đất,Xã,30817
Xã Mỹ Hiệp Sơn,Huyện Hòn Đất,Tỉnh Kiên Giang,Tỉnh An Giang,Xã Mỹ Thuận,Xã,30838
Xã Mỹ Lâm,Huyện Hòn Đất,Tỉnh Kiên Giang,Tỉnh An Giang,Phường Vĩnh Thông,Phường,30760
Xã Mỹ Phước,Huyện Hòn Đất,Tỉnh Kiên Giang,Tỉnh An Giang,Xã Mỹ Thuận,Xã,30838
Xã Mỹ Thuận,Huyện Hòn Đất,Tỉnh Kiên Giang,Tỉnh An Giang,Xã Mỹ Thuận,Xã,30838
Xã Mỹ Thái,Huyện Hòn Đất,Tỉnh Kiên Giang,Tỉnh An Giang,Xã Sơn Kiên,Xã,30835
Xã Nam Thái Sơn,Huyện Hòn Đất,Tỉnh Kiên Giang,Tỉnh An Giang,Xã Hòn Đất,Xã,30817
Xã Sơn Bình,Huyện Hòn Đất,Tỉnh Kiên Giang,Tỉnh An Giang,Xã Sơn Kiên,Xã,30835
Xã Sơn Kiên,Huyện Hòn Đất,Tỉnh Kiên Giang,Tỉnh An Giang,Xã Sơn Kiên,Xã,30835
Xã Thổ Sơn,Huyện Hòn Đất,Tỉnh Kiên Giang,Tỉnh An Giang,Xã Hòn Đất,Xã,30817
Xã An Sơn,Huyện Kiên Hải,Tỉnh Kiên Giang,Tỉnh An Giang,Đặc khu Kiên Hải,Đặc khu,31108
Xã Hòn Tre,Huyện Kiên Hải,Tỉnh Kiên Giang,Tỉnh An Giang,Đặc khu Kiên Hải,Đặc khu,31108
Xã Lại Sơn,Huyện Kiên Hải,Tỉnh Kiên Giang,Tỉnh An Giang,Đặc khu Kiên Hải,Đặc khu,31108
Xã Nam Du,Huyện Kiên Hải,Tỉnh Kiên Giang,Tỉnh An Giang,Đặc khu Kiên Hải,Đặc khu,31108
Thị trấn Kiên Lương,Huyện Kiên Lương,Tỉnh Kiên Giang,Tỉnh An Giang,Xã Kiên Lương,Xã,30787
Xã Bình An,Huyện Kiên Lương,Tỉnh Kiên Giang,Tỉnh An Giang,Xã Kiên Lương,Xã,30787
Xã Bình Trị,Huyện Kiên Lương,Tỉnh Kiên Giang,Tỉnh An Giang,Xã Kiên Lương,Xã,30787
Xã Dương Hòa,Huyện Kiên Lương,Tỉnh Kiên Giang,Tỉnh An Giang,Phường Tô Châu,Phường,30766
Xã Hòa Điền,Huyện Kiên Lương,Tỉnh Kiên Giang,Tỉnh An Giang,Xã Hòa Điền,Xã,30790
Xã Hòn Nghệ,Huyện Kiên Lương,Tỉnh Kiên Giang,Tỉnh An Giang,Xã Hòn Nghệ,Xã,30814
Xã Kiên Bình,Huyện Kiên Lương,Tỉnh Kiên Giang,Tỉnh An Giang,Xã Hòa Điền,Xã,30790
Xã Sơn Hải,Huyện Kiên Lương,Tỉnh Kiên Giang,Tỉnh An Giang,Xã Sơn Hải,Xã,30811
Thị trấn Tân Hiệp,Huyện Tân Hiệp,Tỉnh Kiên Giang,Tỉnh An Giang,Xã Tân Hiệp,Xã,30850
Xã Thạnh Trị,Huyện Tân Hiệp,Tỉnh Kiên Giang,Tỉnh An Giang,Xã Thạnh Đông,Xã,30874
Xã Thạnh Đông,Huyện Tân Hiệp,Tỉnh Kiên Giang,Tỉnh An Giang,Xã Tân Hiệp,Xã,30850
Xã Thạnh Đông A,Huyện Tân Hiệp,Tỉnh Kiên Giang,Tỉnh An Giang,Xã Thạnh Đông,Xã,30874
Xã Thạnh Đông B,Huyện Tân Hiệp,Tỉnh Kiên Giang,Tỉnh An Giang,Xã Tân Hiệp,Xã,30850
Xã Tân An,Huyện Tân Hiệp,Tỉnh Kiên Giang,Tỉnh An Giang,Xã Tân Hội,Xã,30856
Xã Tân Hiệp A,Huyện Tân Hiệp,Tỉnh Kiên Giang,Tỉnh An Giang,Xã Thạnh Đông,Xã,30874
Xã Tân Hiệp B,Huyện Tân Hiệp,Tỉnh Kiên Giang,Tỉnh An Giang,Xã Tân Hiệp,Xã,30850
Xã Tân Hòa,Huyện Tân Hiệp,Tỉnh Kiên Giang,Tỉnh An Giang,Xã Tân Hội,Xã,30856
Xã Tân Hội,Huyện Tân Hiệp,Tỉnh Kiên Giang,Tỉnh An Giang,Xã Tân Hội,Xã,30856
Xã Tân Thành,Huyện Tân Hiệp,Tỉnh Kiên Giang,Tỉnh An Giang,Xã Tân Hội,Xã,30856
Xã An Minh Bắc,Huyện U Minh Thượng,Tỉnh Kiên Giang,Tỉnh An Giang,Xã U Minh Thượng,Xã,31027
Xã Hòa Chánh,Huyện U Minh Thượng,Tỉnh Kiên Giang,Tỉnh An Giang,Xã Vĩnh Hòa,Xã,31012
Xã Minh Thuận,Huyện U Minh Thượng,Tỉnh Kiên Giang,Tỉnh An Giang,Xã U Minh Thượng,Xã,31027
Xã Thạnh Yên,Huyện U Minh Thượng,Tỉnh Kiên Giang,Tỉnh An Giang,Xã Vĩnh Hòa,Xã,31012
Xã Thạnh Yên A,Huyện U Minh Thượng,Tỉnh Kiên Giang,Tỉnh An Giang,Xã Vĩnh Hòa,Xã,31012
Xã Vĩnh Hòa,Huyện U Minh Thượng,Tỉnh Kiên Giang,Tỉnh An Giang,Xã Vĩnh Hòa,Xã,31012
Thị trấn Vĩnh Thuận,Huyện Vĩnh Thuận,Tỉnh Kiên Giang,Tỉnh An Giang,Xã Vĩnh Phong,Xã,31051
Xã Bình Minh,Huyện Vĩnh Thuận,Tỉnh Kiên Giang,Tỉnh An Giang,Xã Vĩnh Bình,Xã,31064
Xã Phong Đông,Huyện Vĩnh Thuận,Tỉnh Kiên Giang,Tỉnh An Giang,Xã Vĩnh Phong,Xã,31051
Xã Tân Thuận,Huyện Vĩnh Thuận,Tỉnh Kiên Giang,Tỉnh An Giang,Xã Vĩnh Thuận,Xã,31069
Xã Vĩnh Bình Bắc,Huyện Vĩnh Thuận,Tỉnh Kiên Giang,Tỉnh An Giang,Xã Vĩnh Bình,Xã,31064
Xã Vĩnh Bình Nam,Huyện Vĩnh Thuận,Tỉnh Kiên Giang,Tỉnh An Giang,Xã Vĩnh Bình,Xã,31064
Xã Vĩnh Phong,Huyện Vĩnh Thuận,Tỉnh Kiên Giang,Tỉnh An Giang,Xã Vĩnh Phong,Xã,31051
Xã Vĩnh Thuận,Huyện Vĩnh Thuận,Tỉnh Kiên Giang,Tỉnh An Giang,Xã Vĩnh Thuận,Xã,31069
Phường Bình San,Thành phố Hà Tiên,Tỉnh Kiên Giang,Tỉnh An Giang,Phường Hà Tiên,Phường,30769
Phường Mỹ Đức,Thành phố Hà Tiên,Tỉnh Kiên Giang,Tỉnh An Giang,Phường Hà Tiên,Phường,30769
Phường Pháo Đài,Thành phố Hà Tiên,Tỉnh Kiên Giang,Tỉnh An Giang,Phường Hà Tiên,Phường,30769
Phường Tô Châu,Thành phố Hà Tiên,Tỉnh Kiên Giang,Tỉnh An Giang,Phường Tô Châu,Phường,30766
Phường Đông Hồ,Thành phố Hà Tiên,Tỉnh Kiên Giang,Tỉnh An Giang,Phường Hà Tiên,Phường,30769
Xã Thuận Yên,Thành phố Hà Tiên,Tỉnh Kiên Giang,Tỉnh An Giang,Phường Tô Châu,Phường,30766
Xã Tiên Hải,Thành phố Hà Tiên,Tỉnh Kiên Giang,Tỉnh An Giang,Xã Tiên Hải,Xã,30781
Phường An Thới,Thành phố Phú Quốc,Tỉnh Kiên Giang,Tỉnh An Giang,Đặc khu Phú Quốc,Đặc khu,31078
Phường Dương Đông,Thành phố Phú Quốc,Tỉnh Kiên Giang,Tỉnh An Giang,Đặc khu Phú Quốc,Đặc khu,31078
Xã Bãi Thơm,Thành phố Phú Quốc,Tỉnh Kiên Giang,Tỉnh An Giang,Đặc khu Phú Quốc,Đặc khu,31078
Xã Cửa Cạn,Thành phố Phú Quốc,Tỉnh Kiên Giang,Tỉnh An Giang,Đặc khu Phú Quốc,Đặc khu,31078
Xã Cửa Dương,Thành phố Phú Quốc,Tỉnh Kiên Giang,Tỉnh An Giang,Đặc khu Phú Quốc,Đặc khu,31078
Xã Dương Tơ,Thành phố Phú Quốc,Tỉnh Kiên Giang,Tỉnh An Giang,Đặc khu Phú Quốc,Đặc khu,31078
Xã Gành Dầu,Thành phố Phú Quốc,Tỉnh Kiên Giang,Tỉnh An Giang,Đặc khu Phú Quốc,Đặc khu,31078
Xã Hàm Ninh,Thành phố Phú Quốc,Tỉnh Kiên Giang,Tỉnh An Giang,Đặc khu Phú Quốc,Đặc khu,31078
Xã Thổ Châu,Thành phố Phú Quốc,Tỉnh Kiên Giang,Tỉnh An Giang,Đặc khu Thổ Châu,Đặc khu,31105
Phường An Bình,Thành phố Rạch Giá,Tỉnh Kiên Giang,Tỉnh An Giang,Phường Rạch Giá,Phường,30742
Phường An Hòa,Thành phố Rạch Giá,Tỉnh Kiên Giang,Tỉnh An Giang,Phường Rạch Giá,Phường,30742
Phường Rạch Sỏi,Thành phố Rạch Giá,Tỉnh Kiên Giang,Tỉnh An Giang,Phường Rạch Giá,Phường,30742
Phường Vĩnh Hiệp,Thành phố Rạch Giá,Tỉnh Kiên Giang,Tỉnh An Giang,Phường Rạch Giá,Phường,30742
Phường Vĩnh Lạc,Thành phố Rạch Giá,Tỉnh Kiên Giang,Tỉnh An Giang,Phường Rạch Giá,Phường,30742
Phường Vĩnh Lợi,Thành phố Rạch Giá,Tỉnh Kiên Giang,Tỉnh An Giang,Phường Rạch Giá,Phường,30742
Phường Vĩnh Quang,Thành phố Rạch Giá,Tỉnh Kiên Giang,Tỉnh An Giang,Phường Rạch Giá,Phường,30742
Phường Vĩnh Thanh,Thành phố Rạch Giá,Tỉnh Kiên Giang,Tỉnh An Giang,Phường Rạch Giá,Phường,30742
Phường Vĩnh Thanh Vân,Thành phố Rạch Giá,Tỉnh Kiên Giang,Tỉnh An Giang,Phường Rạch Giá,Phường,30742
Phường Vĩnh Thông,Thành phố Rạch Giá,Tỉnh Kiên Giang,Tỉnh An Giang,Phường Vĩnh Thông,Phường,30760
Xã Phi Thông,Thành phố Rạch Giá,Tỉnh Kiên Giang,Tỉnh An Giang,Phường Vĩnh Thông,Phường,30760
Thị trấn Bắc Lý,Huyện Hiệp Hòa,Tỉnh Bắc Giang,Tỉnh Bắc Ninh,Xã Xuân Cẩm,Xã,7870
Thị trấn Thắng,Huyện Hiệp Hòa,Tỉnh Bắc Giang,Tỉnh Bắc Ninh,Xã Hiệp Hòa,Xã,7840
Xã Châu Minh,Huyện Hiệp Hòa,Tỉnh Bắc Giang,Tỉnh Bắc Ninh,Xã Xuân Cẩm,Xã,7870
Xã Danh Thắng,Huyện Hiệp Hòa,Tỉnh Bắc Giang,Tỉnh Bắc Ninh,Xã Hiệp Hòa,Xã,7840
Xã Hoàng Vân,Huyện Hiệp Hòa,Tỉnh Bắc Giang,Tỉnh Bắc Ninh,Xã Hoàng Vân,Xã,7822
Xã Hùng Thái,Huyện Hiệp Hòa,Tỉnh Bắc Giang,Tỉnh Bắc Ninh,Xã Hợp Thịnh,Xã,7864
Xã Hương Lâm,Huyện Hiệp Hòa,Tỉnh Bắc Giang,Tỉnh Bắc Ninh,Xã Xuân Cẩm,Xã,7870
Xã Hợp Thịnh,Huyện Hiệp Hòa,Tỉnh Bắc Giang,Tỉnh Bắc Ninh,Xã Hợp Thịnh,Xã,7864
Xã Lương Phong,Huyện Hiệp Hòa,Tỉnh Bắc Giang,Tỉnh Bắc Ninh,Xã Hiệp Hòa,Xã,7840
Xã Mai Trung,Huyện Hiệp Hòa,Tỉnh Bắc Giang,Tỉnh Bắc Ninh,Xã Hợp Thịnh,Xã,7864
Xã Mai Đình,Huyện Hiệp Hòa,Tỉnh Bắc Giang,Tỉnh Bắc Ninh,Xã Xuân Cẩm,Xã,7870
Xã Ngọc Sơn,Huyện Hiệp Hòa,Tỉnh Bắc Giang,Tỉnh Bắc Ninh,Xã Hoàng Vân,Xã,7822
Xã Sơn Thịnh,Huyện Hiệp Hòa,Tỉnh Bắc Giang,Tỉnh Bắc Ninh,Xã Hợp Thịnh,Xã,7864
Xã Thường Thắng,Huyện Hiệp Hòa,Tỉnh Bắc Giang,Tỉnh Bắc Ninh,Xã Hợp Thịnh,Xã,7864
Xã Toàn Thắng,Huyện Hiệp Hòa,Tỉnh Bắc Giang,Tỉnh Bắc Ninh,Xã Hoàng Vân,Xã,7822
Xã Xuân Cẩm,Huyện Hiệp Hòa,Tỉnh Bắc Giang,Tỉnh Bắc Ninh,Xã Xuân Cẩm,Xã,7870
Xã Đoan Bái,Huyện Hiệp Hòa,Tỉnh Bắc Giang,Tỉnh Bắc Ninh,Xã Hiệp Hòa,Xã,7840
Xã Đông Lỗ,Huyện Hiệp Hòa,Tỉnh Bắc Giang,Tỉnh Bắc Ninh,Xã Hiệp Hòa,Xã,7840
Xã Đồng Tiến,Huyện Hiệp Hòa,Tỉnh Bắc Giang,Tỉnh Bắc Ninh,Xã Hoàng Vân,Xã,7822
Thị trấn Kép,Huyện Lạng Giang,Tỉnh Bắc Giang,Tỉnh Bắc Ninh,Xã Kép,Xã,7399
Thị trấn Vôi,Huyện Lạng Giang,Tỉnh Bắc Giang,Tỉnh Bắc Ninh,Xã Lạng Giang,Xã,7375
Xã An Hà,Huyện Lạng Giang,Tỉnh Bắc Giang,Tỉnh Bắc Ninh,Xã Tiên Lục,Xã,7381
Xã Dương Đức,Huyện Lạng Giang,Tỉnh Bắc Giang,Tỉnh Bắc Ninh,Xã Mỹ Thái,Xã,7420
Xã Hương Lạc,Huyện Lạng Giang,Tỉnh Bắc Giang,Tỉnh Bắc Ninh,Xã Lạng Giang,Xã,7375
Xã Hương Sơn,Huyện Lạng Giang,Tỉnh Bắc Giang,Tỉnh Bắc Ninh,Xã Kép,Xã,7399
Xã Mỹ Thái,Huyện Lạng Giang,Tỉnh Bắc Giang,Tỉnh Bắc Ninh,Xã Mỹ Thái,Xã,7420
Xã Nghĩa Hòa,Huyện Lạng Giang,Tỉnh Bắc Giang,Tỉnh Bắc Ninh,Xã Tiên Lục,Xã,7381
Xã Nghĩa Hưng,Huyện Lạng Giang,Tỉnh Bắc Giang,Tỉnh Bắc Ninh,Xã Tiên Lục,Xã,7381
Xã Quang Thịnh,Huyện Lạng Giang,Tỉnh Bắc Giang,Tỉnh Bắc Ninh,Xã Kép,Xã,7399
Xã Thái Đào,Huyện Lạng Giang,Tỉnh Bắc Giang,Tỉnh Bắc Ninh,Xã Tân Dĩnh,Xã,7432
Xã Tiên Lục,Huyện Lạng Giang,Tỉnh Bắc Giang,Tỉnh Bắc Ninh,Xã Tiên Lục,Xã,7381
Xã Tân Dĩnh,Huyện Lạng Giang,Tỉnh Bắc Giang,Tỉnh Bắc Ninh,Xã Tân Dĩnh,Xã,7432
Xã Tân Hưng,Huyện Lạng Giang,Tỉnh Bắc Giang,Tỉnh Bắc Ninh,Xã Lạng Giang,Xã,7375
Xã Tân Thanh,Huyện Lạng Giang,Tỉnh Bắc Giang,Tỉnh Bắc Ninh,Xã Mỹ Thái,Xã,7420
Xã Xuân Hương,Huyện Lạng Giang,Tỉnh Bắc Giang,Tỉnh Bắc Ninh,Xã Mỹ Thái,Xã,7420
Xã Xương Lâm,Huyện Lạng Giang,Tỉnh Bắc Giang,Tỉnh Bắc Ninh,Xã Lạng Giang,Xã,7375
Xã Đào Mỹ,Huyện Lạng Giang,Tỉnh Bắc Giang,Tỉnh Bắc Ninh,Xã Tiên Lục,Xã,7381
Xã Đại Lâm,Huyện Lạng Giang,Tỉnh Bắc Giang,Tỉnh Bắc Ninh,Xã Tân Dĩnh,Xã,7432
Thị trấn Phương Sơn,Huyện Lục Nam,Tỉnh Bắc Giang,Tỉnh Bắc Ninh,Xã Lục Nam,Xã,7444
Thị trấn Đồi Ngô,Huyện Lục Nam,Tỉnh Bắc Giang,Tỉnh Bắc Ninh,Xã Lục Nam,Xã,7444
Xã Bình Sơn,Huyện Lục Nam,Tỉnh Bắc Giang,Tỉnh Bắc Ninh,Xã Lục Sơn,Xã,7492
Xã Bảo Sơn,Huyện Lục Nam,Tỉnh Bắc Giang,Tỉnh Bắc Ninh,Xã Bảo Đài,Xã,7462
Xã Bảo Đài,Huyện Lục Nam,Tỉnh Bắc Giang,Tỉnh Bắc Ninh,Xã Bảo Đài,Xã,7462
Xã Bắc Lũng,Huyện Lục Nam,Tỉnh Bắc Giang,Tỉnh Bắc Ninh,Xã Bắc Lũng,Xã,7498
Xã Chu Điện,Huyện Lục Nam,Tỉnh Bắc Giang,Tỉnh Bắc Ninh,Xã Lục Nam,Xã,7444
Xã Cương Sơn,Huyện Lục Nam,Tỉnh Bắc Giang,Tỉnh Bắc Ninh,Xã Lục Nam,Xã,7444
Xã Cẩm Lý,Huyện Lục Nam,Tỉnh Bắc Giang,Tỉnh Bắc Ninh,Xã Cẩm Lý,Xã,7519
Xã Huyền Sơn,Huyện Lục Nam,Tỉnh Bắc Giang,Tỉnh Bắc Ninh,Xã Nghĩa Phương,Xã,7486
Xã Khám Lạng,Huyện Lục Nam,Tỉnh Bắc Giang,Tỉnh Bắc Ninh,Xã Bắc Lũng,Xã,7498
Xã Lan Mẫu,Huyện Lục Nam,Tỉnh Bắc Giang,Tỉnh Bắc Ninh,Xã Bắc Lũng,Xã,7498
Xã Lục Sơn,Huyện Lục Nam,Tỉnh Bắc Giang,Tỉnh Bắc Ninh,Xã Lục Sơn,Xã,7492
Xã Nghĩa Phương,Huyện Lục Nam,Tỉnh Bắc Giang,Tỉnh Bắc Ninh,Xã Nghĩa Phương,Xã,7486
Xã Tam Dị,Huyện Lục Nam,Tỉnh Bắc Giang,Tỉnh Bắc Ninh,Xã Bảo Đài,Xã,7462
Xã Thanh Lâm,Huyện Lục Nam,Tỉnh Bắc Giang,Tỉnh Bắc Ninh,Xã Bảo Đài,Xã,7462
Xã Tiên Nha,Huyện Lục Nam,Tỉnh Bắc Giang,Tỉnh Bắc Ninh,Xã Lục Nam,Xã,7444
Xã Trường Giang,Huyện Lục Nam,Tỉnh Bắc Giang,Tỉnh Bắc Ninh,Xã Nghĩa Phương,Xã,7486
Xã Trường Sơn,Huyện Lục Nam,Tỉnh Bắc Giang,Tỉnh Bắc Ninh,Xã Trường Sơn,Xã,7489
Xã Vô Tranh,Huyện Lục Nam,Tỉnh Bắc Giang,Tỉnh Bắc Ninh,Xã Trường Sơn,Xã,7489
Xã Yên Sơn,Huyện Lục Nam,Tỉnh Bắc Giang,Tỉnh Bắc Ninh,Xã Bắc Lũng,Xã,7498
Xã Đan Hội,Huyện Lục Nam,Tỉnh Bắc Giang,Tỉnh Bắc Ninh,Xã Cẩm Lý,Xã,7519
Xã Đông Hưng,Huyện Lục Nam,Tỉnh Bắc Giang,Tỉnh Bắc Ninh,Xã Đông Phú,Xã,7450
Xã Đông Phú,Huyện Lục Nam,Tỉnh Bắc Giang,Tỉnh Bắc Ninh,Xã Đông Phú,Xã,7450
Thị trấn Biển Động,Huyện Lục Ngạn,Tỉnh Bắc Giang,Tỉnh Bắc Ninh,Xã Biển Động,Xã,7573
Thị trấn Phì Điền,Huyện Lục Ngạn,Tỉnh Bắc Giang,Tỉnh Bắc Ninh,Xã Lục Ngạn,Xã,7582
Xã Biên Sơn,Huyện Lục Ngạn,Tỉnh Bắc Giang,Tỉnh Bắc Ninh,Xã Biên Sơn,Xã,7537
Xã Cấm Sơn,Huyện Lục Ngạn,Tỉnh Bắc Giang,Tỉnh Bắc Ninh,Xã Tân Sơn,Xã,7531
Xã Giáp Sơn,Huyện Lục Ngạn,Tỉnh Bắc Giang,Tỉnh Bắc Ninh,Xã Lục Ngạn,Xã,7582
Xã Hộ Đáp,Huyện Lục Ngạn,Tỉnh Bắc Giang,Tỉnh Bắc Ninh,Xã Sơn Hải,Xã,7543
Xã Kim Sơn,Huyện Lục Ngạn,Tỉnh Bắc Giang,Tỉnh Bắc Ninh,Xã Biển Động,Xã,7573
Xã Phong Minh,Huyện Lục Ngạn,Tỉnh Bắc Giang,Tỉnh Bắc Ninh,Xã Sa Lý,Xã,7534
Xã Phong Vân,Huyện Lục Ngạn,Tỉnh Bắc Giang,Tỉnh Bắc Ninh,Xã Biên Sơn,Xã,7537
Xã Phú Nhuận,Huyện Lục Ngạn,Tỉnh Bắc Giang,Tỉnh Bắc Ninh,Xã Biển Động,Xã,7573
Xã Sa Lý,Huyện Lục Ngạn,Tỉnh Bắc Giang,Tỉnh Bắc Ninh,Xã Sa Lý,Xã,7534
Xã Sơn Hải,Huyện Lục Ngạn,Tỉnh Bắc Giang,Tỉnh Bắc Ninh,Xã Sơn Hải,Xã,7543
Xã Tân Hoa,Huyện Lục Ngạn,Tỉnh Bắc Giang,Tỉnh Bắc Ninh,Xã Lục Ngạn,Xã,7582
Xã Tân Lập,Huyện Lục Ngạn,Tỉnh Bắc Giang,Tỉnh Bắc Ninh,Xã Đèo Gia,Xã,7594
Xã Tân Mộc,Huyện Lục Ngạn,Tỉnh Bắc Giang,Tỉnh Bắc Ninh,Xã Nam Dương,Xã,7603
Xã Tân Quang,Huyện Lục Ngạn,Tỉnh Bắc Giang,Tỉnh Bắc Ninh,Xã Lục Ngạn,Xã,7582
Xã Tân Sơn,Huyện Lục Ngạn,Tỉnh Bắc Giang,Tỉnh Bắc Ninh,Xã Tân Sơn,Xã,7531
Xã Đèo Gia,Huyện Lục Ngạn,Tỉnh Bắc Giang,Tỉnh Bắc Ninh,Xã Đèo Gia,Xã,7594
Xã Đồng Cốc,Huyện Lục Ngạn,Tỉnh Bắc Giang,Tỉnh Bắc Ninh,Xã Lục Ngạn,Xã,7582
Thị trấn An Châu,Huyện Sơn Động,Tỉnh Bắc Giang,Tỉnh Bắc Ninh,Xã Sơn Động,Xã,7615
Thị trấn Tây Yên Tử,Huyện Sơn Động,Tỉnh Bắc Giang,Tỉnh Bắc Ninh,Xã Tây Yên Tử,Xã,7616
Xã An Bá,Huyện Sơn Động,Tỉnh Bắc Giang,Tỉnh Bắc Ninh,Xã Sơn Động,Xã,7615
Xã An Lạc,Huyện Sơn Động,Tỉnh Bắc Giang,Tỉnh Bắc Ninh,Xã An Lạc,Xã,7654
Xã Cẩm Đàn,Huyện Sơn Động,Tỉnh Bắc Giang,Tỉnh Bắc Ninh,Xã Yên Định,Xã,7642
Xã Dương Hưu,Huyện Sơn Động,Tỉnh Bắc Giang,Tỉnh Bắc Ninh,Xã Dương Hưu,Xã,7672
Xã Giáo Liêm,Huyện Sơn Động,Tỉnh Bắc Giang,Tỉnh Bắc Ninh,Xã Đại Sơn,Xã,7627
Xã Hữu Sản,Huyện Sơn Động,Tỉnh Bắc Giang,Tỉnh Bắc Ninh,Xã Vân Sơn,Xã,7621
Xã Long Sơn,Huyện Sơn Động,Tỉnh Bắc Giang,Tỉnh Bắc Ninh,Xã Dương Hưu,Xã,7672
Xã Lệ Viễn,Huyện Sơn Động,Tỉnh Bắc Giang,Tỉnh Bắc Ninh,Xã An Lạc,Xã,7654
Xã Phúc Sơn,Huyện Sơn Động,Tỉnh Bắc Giang,Tỉnh Bắc Ninh,Xã Đại Sơn,Xã,7627
Xã Thanh Luận,Huyện Sơn Động,Tỉnh Bắc Giang,Tỉnh Bắc Ninh,Xã Tây Yên Tử,Xã,7616
Xã Tuấn Đạo,Huyện Sơn Động,Tỉnh Bắc Giang,Tỉnh Bắc Ninh,Xã Tuấn Đạo,Xã,7663
Xã Vân Sơn,Huyện Sơn Động,Tỉnh Bắc Giang,Tỉnh Bắc Ninh,Xã Vân Sơn,Xã,7621
Xã Vĩnh An,Huyện Sơn Động,Tỉnh Bắc Giang,Tỉnh Bắc Ninh,Xã Sơn Động,Xã,7615
Xã Yên Định,Huyện Sơn Động,Tỉnh Bắc Giang,Tỉnh Bắc Ninh,Xã Yên Định,Xã,7642
Xã Đại Sơn,Huyện Sơn Động,Tỉnh Bắc Giang,Tỉnh Bắc Ninh,Xã Đại Sơn,Xã,7627
Thị trấn Cao Thượng,Huyện Tân Yên,Tỉnh Bắc Giang,Tỉnh Bắc Ninh,Xã Tân Yên,Xã,7339
Thị trấn Nhã Nam,Huyện Tân Yên,Tỉnh Bắc Giang,Tỉnh Bắc Ninh,Xã Nhã Nam,Xã,7306
Xã An Dương,Huyện Tân Yên,Tỉnh Bắc Giang,Tỉnh Bắc Ninh,Xã Nhã Nam,Xã,7306
Xã Cao Xá,Huyện Tân Yên,Tỉnh Bắc Giang,Tỉnh Bắc Ninh,Xã Tân Yên,Xã,7339
Xã Hợp Đức,Huyện Tân Yên,Tỉnh Bắc Giang,Tỉnh Bắc Ninh,Xã Phúc Hòa,Xã,7330
Xã Lam Sơn,Huyện Tân Yên,Tỉnh Bắc Giang,Tỉnh Bắc Ninh,Xã Quang Trung,Xã,7333
Xã Liên Chung,Huyện Tân Yên,Tỉnh Bắc Giang,Tỉnh Bắc Ninh,Xã Phúc Hòa,Xã,7330
Xã Liên Sơn,Huyện Tân Yên,Tỉnh Bắc Giang,Tỉnh Bắc Ninh,Xã Nhã Nam,Xã,7306
Xã Ngọc Châu,Huyện Tân Yên,Tỉnh Bắc Giang,Tỉnh Bắc Ninh,Xã Ngọc Thiện,Xã,7351
Xã Ngọc Lý,Huyện Tân Yên,Tỉnh Bắc Giang,Tỉnh Bắc Ninh,Xã Tân Yên,Xã,7339
Xã Ngọc Thiện,Huyện Tân Yên,Tỉnh Bắc Giang,Tỉnh Bắc Ninh,Xã Ngọc Thiện,Xã,7351
Xã Ngọc Vân,Huyện Tân Yên,Tỉnh Bắc Giang,Tỉnh Bắc Ninh,Xã Ngọc Thiện,Xã,7351
Xã Phúc Hòa,Huyện Tân Yên,Tỉnh Bắc Giang,Tỉnh Bắc Ninh,Xã Phúc Hòa,Xã,7330
Xã Quang Trung,Huyện Tân Yên,Tỉnh Bắc Giang,Tỉnh Bắc Ninh,Xã Quang Trung,Xã,7333
Xã Quế Nham,Huyện Tân Yên,Tỉnh Bắc Giang,Tỉnh Bắc Ninh,Phường Đa Mai,Phường,7228
Xã Song Vân,Huyện Tân Yên,Tỉnh Bắc Giang,Tỉnh Bắc Ninh,Xã Ngọc Thiện,Xã,7351
Xã Tân Trung,Huyện Tân Yên,Tỉnh Bắc Giang,Tỉnh Bắc Ninh,Xã Nhã Nam,Xã,7306
Xã Việt Lập,Huyện Tân Yên,Tỉnh Bắc Giang,Tỉnh Bắc Ninh,Xã Tân Yên,Xã,7339
Xã Việt Ngọc,Huyện Tân Yên,Tỉnh Bắc Giang,Tỉnh Bắc Ninh,Xã Ngọc Thiện,Xã,7351
Thị trấn Bố Hạ,Huyện Yên Thế,Tỉnh Bắc Giang,Tỉnh Bắc Ninh,Xã Bố Hạ,Xã,7294
Thị trấn Phồn Xương,Huyện Yên Thế,Tỉnh Bắc Giang,Tỉnh Bắc Ninh,Xã Yên Thế,Xã,7288
Xã An Thượng,Huyện Yên Thế,Tỉnh Bắc Giang,Tỉnh Bắc Ninh,Xã Tam Tiến,Xã,7264
Xã Canh Nậu,Huyện Yên Thế,Tỉnh Bắc Giang,Tỉnh Bắc Ninh,Xã Xuân Lương,Xã,7246
Xã Hương Vĩ,Huyện Yên Thế,Tỉnh Bắc Giang,Tỉnh Bắc Ninh,Xã Bố Hạ,Xã,7294
Xã Tam Tiến,Huyện Yên Thế,Tỉnh Bắc Giang,Tỉnh Bắc Ninh,Xã Tam Tiến,Xã,7264
Xã Tiến Thắng,Huyện Yên Thế,Tỉnh Bắc Giang,Tỉnh Bắc Ninh,Xã Tam Tiến,Xã,7264
Xã Tân Hiệp,Huyện Yên Thế,Tỉnh Bắc Giang,Tỉnh Bắc Ninh,Xã Yên Thế,Xã,7288
Xã Tân Sỏi,Huyện Yên Thế,Tỉnh Bắc Giang,Tỉnh Bắc Ninh,Xã Yên Thế,Xã,7288
Xã Xuân Lương,Huyện Yên Thế,Tỉnh Bắc Giang,Tỉnh Bắc Ninh,Xã Xuân Lương,Xã,7246
Xã Đông Sơn,Huyện Yên Thế,Tỉnh Bắc Giang,Tỉnh Bắc Ninh,Xã Bố Hạ,Xã,7294
Xã Đồng Hưu,Huyện Yên Thế,Tỉnh Bắc Giang,Tỉnh Bắc Ninh,Xã Đồng Kỳ,Xã,7282
Xã Đồng Kỳ,Huyện Yên Thế,Tỉnh Bắc Giang,Tỉnh Bắc Ninh,Xã Đồng Kỳ,Xã,7282
Xã Đồng Lạc,Huyện Yên Thế,Tỉnh Bắc Giang,Tỉnh Bắc Ninh,Xã Yên Thế,Xã,7288
Xã Đồng Tiến,Huyện Yên Thế,Tỉnh Bắc Giang,Tỉnh Bắc Ninh,Xã Xuân Lương,Xã,7246
Xã Đồng Tâm,Huyện Yên Thế,Tỉnh Bắc Giang,Tỉnh Bắc Ninh,Xã Yên Thế,Xã,7288
Xã Đồng Vương,Huyện Yên Thế,Tỉnh Bắc Giang,Tỉnh Bắc Ninh,Xã Đồng Kỳ,Xã,7282
Phường Cảnh Thụy,Thành phố Bắc Giang,Tỉnh Bắc Giang,Tỉnh Bắc Ninh,Phường Cảnh Thụy,Phường,7738
Phường Dĩnh Kế,Thành phố Bắc Giang,Tỉnh Bắc Giang,Tỉnh Bắc Ninh,Phường Bắc Giang,Phường,7210
Phường Dĩnh Trì,Thành phố Bắc Giang,Tỉnh Bắc Giang,Tỉnh Bắc Ninh,Phường Bắc Giang,Phường,7210
Phường Hoàng Văn Thụ,Thành phố Bắc Giang,Tỉnh Bắc Giang,Tỉnh Bắc Ninh,Phường Bắc Giang,Phường,7210
Phường Hương Gián,Thành phố Bắc Giang,Tỉnh Bắc Giang,Tỉnh Bắc Ninh,Phường Tân Tiến,Phường,7699
Phường Mỹ Độ,Thành phố Bắc Giang,Tỉnh Bắc Giang,Tỉnh Bắc Ninh,Phường Đa Mai,Phường,7228
Phường Ngô Quyền,Thành phố Bắc Giang,Tỉnh Bắc Giang,Tỉnh Bắc Ninh,Phường Bắc Giang,Phường,7210
Phường Nham Biền,Thành phố Bắc Giang,Tỉnh Bắc Giang,Tỉnh Bắc Ninh,Phường Yên Dũng,Phường,7681
Phường Nội Hoàng,Thành phố Bắc Giang,Tỉnh Bắc Giang,Tỉnh Bắc Ninh,Phường Tiền Phong,Phường,7696
Phường Song Khê,Thành phố Bắc Giang,Tỉnh Bắc Giang,Tỉnh Bắc Ninh,Phường Tiền Phong,Phường,7696
Phường Song Mai,Thành phố Bắc Giang,Tỉnh Bắc Giang,Tỉnh Bắc Ninh,Phường Đa Mai,Phường,7228
Phường Thọ Xương,Thành phố Bắc Giang,Tỉnh Bắc Giang,Tỉnh Bắc Ninh,Phường Bắc Giang,Phường,7210
Phường Tiền Phong,Thành phố Bắc Giang,Tỉnh Bắc Giang,Tỉnh Bắc Ninh,Phường Tiền Phong,Phường,7696
Phường Trần Phú,Thành phố Bắc Giang,Tỉnh Bắc Giang,Tỉnh Bắc Ninh,Phường Bắc Giang,Phường,7210
Phường Tân An,Thành phố Bắc Giang,Tỉnh Bắc Giang,Tỉnh Bắc Ninh,Phường Tân An,Phường,7682
Phường Tân Liễu,Thành phố Bắc Giang,Tỉnh Bắc Giang,Tỉnh Bắc Ninh,Phường Yên Dũng,Phường,7681
Phường Tân Mỹ,Thành phố Bắc Giang,Tỉnh Bắc Giang,Tỉnh Bắc Ninh,Phường Đa Mai,Phường,7228
Phường Tân Tiến,Thành phố Bắc Giang,Tỉnh Bắc Giang,Tỉnh Bắc Ninh,Phường Tân Tiến,Phường,7699
Phường Xương Giang,Thành phố Bắc Giang,Tỉnh Bắc Giang,Tỉnh Bắc Ninh,Phường Bắc Giang,Phường,7210
Phường Đa Mai,Thành phố Bắc Giang,Tỉnh Bắc Giang,Tỉnh Bắc Ninh,Phường Đa Mai,Phường,7228
Phường Đồng Sơn,Thành phố Bắc Giang,Tỉnh Bắc Giang,Tỉnh Bắc Ninh,Phường Tiền Phong,Phường,7696
Xã Lãng Sơn,Thành phố Bắc Giang,Tỉnh Bắc Giang,Tỉnh Bắc Ninh,Phường Tân An,Phường,7682
Xã Quỳnh Sơn,Thành phố Bắc Giang,Tỉnh Bắc Giang,Tỉnh Bắc Ninh,Phường Tân An,Phường,7682
Xã Tiến Dũng,Thành phố Bắc Giang,Tỉnh Bắc Giang,Tỉnh Bắc Ninh,Phường Cảnh Thụy,Phường,7738
Xã Trí Yên,Thành phố Bắc Giang,Tỉnh Bắc Giang,Tỉnh Bắc Ninh,Phường Tân An,Phường,7682
Xã Tư Mại,Thành phố Bắc Giang,Tỉnh Bắc Giang,Tỉnh Bắc Ninh,Phường Cảnh Thụy,Phường,7738
Xã Xuân Phú,Thành phố Bắc Giang,Tỉnh Bắc Giang,Tỉnh Bắc Ninh,Phường Tân Tiến,Phường,7699
Xã Yên Lư,Thành phố Bắc Giang,Tỉnh Bắc Giang,Tỉnh Bắc Ninh,Phường Yên Dũng,Phường,7681
Xã Đồng Phúc,Thành phố Bắc Giang,Tỉnh Bắc Giang,Tỉnh Bắc Ninh,Xã Đồng Việt,Xã,7735
Xã Đồng Việt,Thành phố Bắc Giang,Tỉnh Bắc Giang,Tỉnh Bắc Ninh,Xã Đồng Việt,Xã,7735
Xã Đức Giang,Thành phố Bắc Giang,Tỉnh Bắc Giang,Tỉnh Bắc Ninh,Xã Đồng Việt,Xã,7735
Phường Bích Động,Thị Xã Việt Yên,Tỉnh Bắc Giang,Tỉnh Bắc Ninh,Phường Việt Yên,Phường,7777
Phường Hồng Thái,Thị Xã Việt Yên,Tỉnh Bắc Giang,Tỉnh Bắc Ninh,Phường Việt Yên,Phường,7777
Phường Ninh Sơn,Thị Xã Việt Yên,Tỉnh Bắc Giang,Tỉnh Bắc Ninh,Phường Vân Hà,Phường,7798
Phường Nếnh,Thị Xã Việt Yên,Tỉnh Bắc Giang,Tỉnh Bắc Ninh,Phường Nếnh,Phường,7795
Phường Quang Châu,Thị Xã Việt Yên,Tỉnh Bắc Giang,Tỉnh Bắc Ninh,Phường Nếnh,Phường,7795
Phường Quảng Minh,Thị Xã Việt Yên,Tỉnh Bắc Giang,Tỉnh Bắc Ninh,Phường Vân Hà,Phường,7798
Phường Tăng Tiến,Thị Xã Việt Yên,Tỉnh Bắc Giang,Tỉnh Bắc Ninh,Phường Nếnh,Phường,7795
Phường Tự Lạn,Thị Xã Việt Yên,Tỉnh Bắc Giang,Tỉnh Bắc Ninh,Phường Tự Lạn,Phường,7774
Phường Vân Trung,Thị Xã Việt Yên,Tỉnh Bắc Giang,Tỉnh Bắc Ninh,Phường Nếnh,Phường,7795
Xã Hương Mai,Thị Xã Việt Yên,Tỉnh Bắc Giang,Tỉnh Bắc Ninh,Phường Tự Lạn,Phường,7774
Xã Minh Đức,Thị Xã Việt Yên,Tỉnh Bắc Giang,Tỉnh Bắc Ninh,Phường Việt Yên,Phường,7777
Xã Nghĩa Trung,Thị Xã Việt Yên,Tỉnh Bắc Giang,Tỉnh Bắc Ninh,Phường Việt Yên,Phường,7777
Xã Thượng Lan,Thị Xã Việt Yên,Tỉnh Bắc Giang,Tỉnh Bắc Ninh,Phường Tự Lạn,Phường,7774
Xã Tiên Sơn,Thị Xã Việt Yên,Tỉnh Bắc Giang,Tỉnh Bắc Ninh,Phường Vân Hà,Phường,7798
Xã Trung Sơn,Thị Xã Việt Yên,Tỉnh Bắc Giang,Tỉnh Bắc Ninh,Phường Vân Hà,Phường,7798
Xã Việt Tiến,Thị Xã Việt Yên,Tỉnh Bắc Giang,Tỉnh Bắc Ninh,Phường Tự Lạn,Phường,7774
Xã Vân Hà,Thị Xã Việt Yên,Tỉnh Bắc Giang,Tỉnh Bắc Ninh,Phường Vân Hà,Phường,7798
Phường Chũ,Thị xã Chũ,Tỉnh Bắc Giang,Tỉnh Bắc Ninh,Phường Chũ,Phường,7525
Phường Hồng Giang,Thị xã Chũ,Tỉnh Bắc Giang,Tỉnh Bắc Ninh,Phường Chũ,Phường,7525
Phường Phượng Sơn,Thị xã Chũ,Tỉnh Bắc Giang,Tỉnh Bắc Ninh,Phường Phượng Sơn,Phường,7612
Phường Thanh Hải,Thị xã Chũ,Tỉnh Bắc Giang,Tỉnh Bắc Ninh,Phường Chũ,Phường,7525
Phường Trù Hựu,Thị xã Chũ,Tỉnh Bắc Giang,Tỉnh Bắc Ninh,Phường Chũ,Phường,7525
Xã Kiên Lao,Thị xã Chũ,Tỉnh Bắc Giang,Tỉnh Bắc Ninh,Xã Kiên Lao,Xã,7552
Xã Kiên Thành,Thị xã Chũ,Tỉnh Bắc Giang,Tỉnh Bắc Ninh,Xã Kiên Lao,Xã,7552
Xã Mỹ An,Thị xã Chũ,Tỉnh Bắc Giang,Tỉnh Bắc Ninh,Phường Phượng Sơn,Phường,7612
Xã Nam Dương,Thị xã Chũ,Tỉnh Bắc Giang,Tỉnh Bắc Ninh,Xã Nam Dương,Xã,7603
Xã Quý Sơn,Thị xã Chũ,Tỉnh Bắc Giang,Tỉnh Bắc Ninh,Phường Phượng Sơn,Phường,7612
Thị trấn Gia Bình,Huyện Gia Bình,Tỉnh Bắc Ninh,Tỉnh Bắc Ninh,Xã Gia Bình,Xã,9454
Thị trấn Nhân Thắng,Huyện Gia Bình,Tỉnh Bắc Ninh,Tỉnh Bắc Ninh,Xã Nhân Thắng,Xã,9475
Xã Bình Dương,Huyện Gia Bình,Tỉnh Bắc Ninh,Tỉnh Bắc Ninh,Xã Nhân Thắng,Xã,9475
Xã Cao Đức,Huyện Gia Bình,Tỉnh Bắc Ninh,Tỉnh Bắc Ninh,Xã Cao Đức,Xã,9466
Xã Giang Sơn,Huyện Gia Bình,Tỉnh Bắc Ninh,Tỉnh Bắc Ninh,Xã Đông Cứu,Xã,9487
Xã Lãng Ngâm,Huyện Gia Bình,Tỉnh Bắc Ninh,Tỉnh Bắc Ninh,Xã Đông Cứu,Xã,9487
Xã Quỳnh Phú,Huyện Gia Bình,Tỉnh Bắc Ninh,Tỉnh Bắc Ninh,Xã Gia Bình,Xã,9454
Xã Song Giang,Huyện Gia Bình,Tỉnh Bắc Ninh,Tỉnh Bắc Ninh,Xã Đại Lai,Xã,9469
Xã Thái Bảo,Huyện Gia Bình,Tỉnh Bắc Ninh,Tỉnh Bắc Ninh,Xã Nhân Thắng,Xã,9475
Xã Vạn Ninh,Huyện Gia Bình,Tỉnh Bắc Ninh,Tỉnh Bắc Ninh,Xã Cao Đức,Xã,9466
Xã Xuân Lai,Huyện Gia Bình,Tỉnh Bắc Ninh,Tỉnh Bắc Ninh,Xã Gia Bình,Xã,9454
Xã Đông Cứu,Huyện Gia Bình,Tỉnh Bắc Ninh,Tỉnh Bắc Ninh,Xã Đông Cứu,Xã,9487
Xã Đại Bái,Huyện Gia Bình,Tỉnh Bắc Ninh,Tỉnh Bắc Ninh,Xã Gia Bình,Xã,9454
Xã Đại Lai,Huyện Gia Bình,Tỉnh Bắc Ninh,Tỉnh Bắc Ninh,Xã Đại Lai,Xã,9469
Thị trấn Thứa,Huyện Lương Tài,Tỉnh Bắc Ninh,Tỉnh Bắc Ninh,Xã Lương Tài,Xã,9496
Xã An Thịnh,Huyện Lương Tài,Tỉnh Bắc Ninh,Tỉnh Bắc Ninh,Xã Trung Kênh,Xã,9499
Xã An Tập,Huyện Lương Tài,Tỉnh Bắc Ninh,Tỉnh Bắc Ninh,Xã Trung Kênh,Xã,9499
Xã Bình Định,Huyện Lương Tài,Tỉnh Bắc Ninh,Tỉnh Bắc Ninh,Xã Lâm Thao,Xã,9529
Xã Lâm Thao,Huyện Lương Tài,Tỉnh Bắc Ninh,Tỉnh Bắc Ninh,Xã Lâm Thao,Xã,9529
Xã Phú Hòa,Huyện Lương Tài,Tỉnh Bắc Ninh,Tỉnh Bắc Ninh,Xã Lương Tài,Xã,9496
Xã Phú Lương,Huyện Lương Tài,Tỉnh Bắc Ninh,Tỉnh Bắc Ninh,Xã Trung Chính,Xã,9523
Xã Quang Minh,Huyện Lương Tài,Tỉnh Bắc Ninh,Tỉnh Bắc Ninh,Xã Trung Chính,Xã,9523
Xã Quảng Phú,Huyện Lương Tài,Tỉnh Bắc Ninh,Tỉnh Bắc Ninh,Xã Lâm Thao,Xã,9529
Xã Trung Chính,Huyện Lương Tài,Tỉnh Bắc Ninh,Tỉnh Bắc Ninh,Xã Trung Chính,Xã,9523
Xã Trung Kênh,Huyện Lương Tài,Tỉnh Bắc Ninh,Tỉnh Bắc Ninh,Xã Trung Kênh,Xã,9499
Xã Tân Lãng,Huyện Lương Tài,Tỉnh Bắc Ninh,Tỉnh Bắc Ninh,Xã Lương Tài,Xã,9496
Thị trấn Lim,Huyện Tiên Du,Tỉnh Bắc Ninh,Tỉnh Bắc Ninh,Xã Tiên Du,Xã,9319
Xã Cảnh Hưng,Huyện Tiên Du,Tỉnh Bắc Ninh,Tỉnh Bắc Ninh,Xã Phật Tích,Xã,9349
Xã Hiên Vân,Huyện Tiên Du,Tỉnh Bắc Ninh,Tỉnh Bắc Ninh,Xã Liên Bão,Xã,9334
Xã Hoàn Sơn,Huyện Tiên Du,Tỉnh Bắc Ninh,Tỉnh Bắc Ninh,Xã Đại Đồng,Xã,9340
Xã Liên Bão,Huyện Tiên Du,Tỉnh Bắc Ninh,Tỉnh Bắc Ninh,Xã Liên Bão,Xã,9334
Xã Lạc Vệ,Huyện Tiên Du,Tỉnh Bắc Ninh,Tỉnh Bắc Ninh,Xã Tân Chi,Xã,9343
Xã Minh Đạo,Huyện Tiên Du,Tỉnh Bắc Ninh,Tỉnh Bắc Ninh,Xã Phật Tích,Xã,9349
Xã Nội Duệ,Huyện Tiên Du,Tỉnh Bắc Ninh,Tỉnh Bắc Ninh,Xã Tiên Du,Xã,9319
Xã Phú Lâm,Huyện Tiên Du,Tỉnh Bắc Ninh,Tỉnh Bắc Ninh,Xã Tiên Du,Xã,9319
Xã Phật Tích,Huyện Tiên Du,Tỉnh Bắc Ninh,Tỉnh Bắc Ninh,Xã Phật Tích,Xã,9349
Xã Tri Phương,Huyện Tiên Du,Tỉnh Bắc Ninh,Tỉnh Bắc Ninh,Xã Đại Đồng,Xã,9340
Xã Tân Chi,Huyện Tiên Du,Tỉnh Bắc Ninh,Tỉnh Bắc Ninh,Xã Tân Chi,Xã,9343
Xã Việt Đoàn,Huyện Tiên Du,Tỉnh Bắc Ninh,Tỉnh Bắc Ninh,Xã Liên Bão,Xã,9334
Xã Đại Đồng,Huyện Tiên Du,Tỉnh Bắc Ninh,Tỉnh Bắc Ninh,Xã Đại Đồng,Xã,9340
Thị trấn Chờ,Huyện Yên Phong,Tỉnh Bắc Ninh,Tỉnh Bắc Ninh,Xã Yên Phong,Xã,9193
Xã Dũng Liệt,Huyện Yên Phong,Tỉnh Bắc Ninh,Tỉnh Bắc Ninh,Xã Yên Trung,Xã,9205
Xã Hòa Tiến,Huyện Yên Phong,Tỉnh Bắc Ninh,Tỉnh Bắc Ninh,Xã Tam Giang,Xã,9202
Xã Long Châu,Huyện Yên Phong,Tỉnh Bắc Ninh,Tỉnh Bắc Ninh,Xã Yên Phong,Xã,9193
Xã Tam Giang,Huyện Yên Phong,Tỉnh Bắc Ninh,Tỉnh Bắc Ninh,Xã Tam Giang,Xã,9202
Xã Tam Đa,Huyện Yên Phong,Tỉnh Bắc Ninh,Tỉnh Bắc Ninh,Xã Tam Đa,Xã,9208
Xã Thụy Hòa,Huyện Yên Phong,Tỉnh Bắc Ninh,Tỉnh Bắc Ninh,Xã Tam Đa,Xã,9208
Xã Trung Nghĩa,Huyện Yên Phong,Tỉnh Bắc Ninh,Tỉnh Bắc Ninh,Xã Yên Phong,Xã,9193
Xã Văn Môn,Huyện Yên Phong,Tỉnh Bắc Ninh,Tỉnh Bắc Ninh,Xã Văn Môn,Xã,9238
Xã Yên Phụ,Huyện Yên Phong,Tỉnh Bắc Ninh,Tỉnh Bắc Ninh,Xã Văn Môn,Xã,9238
Xã Yên Trung,Huyện Yên Phong,Tỉnh Bắc Ninh,Tỉnh Bắc Ninh,Xã Yên Trung,Xã,9205
Xã Đông Phong,Huyện Yên Phong,Tỉnh Bắc Ninh,Tỉnh Bắc Ninh,Xã Tam Đa,Xã,9208
Xã Đông Thọ,Huyện Yên Phong,Tỉnh Bắc Ninh,Tỉnh Bắc Ninh,Xã Văn Môn,Xã,9238
Xã Đông Tiến,Huyện Yên Phong,Tỉnh Bắc Ninh,Tỉnh Bắc Ninh,Xã Yên Phong,Xã,9193
Phường Hòa Long,Thành phố Bắc Ninh,Tỉnh Bắc Ninh,Tỉnh Bắc Ninh,Phường Kinh Bắc,Phường,9187
Phường Hạp Lĩnh,Thành phố Bắc Ninh,Tỉnh Bắc Ninh,Tỉnh Bắc Ninh,Phường Hạp Lĩnh,Phường,9325
Phường Khúc Xuyên,Thành phố Bắc Ninh,Tỉnh Bắc Ninh,Tỉnh Bắc Ninh,Phường Kinh Bắc,Phường,9187
Phường Khắc Niệm,Thành phố Bắc Ninh,Tỉnh Bắc Ninh,Tỉnh Bắc Ninh,Phường Hạp Lĩnh,Phường,9325
Phường Kim Chân,Thành phố Bắc Ninh,Tỉnh Bắc Ninh,Tỉnh Bắc Ninh,Phường Vũ Ninh,Phường,9169
Phường Kinh Bắc,Thành phố Bắc Ninh,Tỉnh Bắc Ninh,Tỉnh Bắc Ninh,Phường Kinh Bắc,Phường,9187
Phường Nam Sơn,Thành phố Bắc Ninh,Tỉnh Bắc Ninh,Tỉnh Bắc Ninh,Phường Nam Sơn,Phường,9286
Phường Phong Khê,Thành phố Bắc Ninh,Tỉnh Bắc Ninh,Tỉnh Bắc Ninh,Phường Võ Cường,Phường,9190
Phường Suối Hoa,Thành phố Bắc Ninh,Tỉnh Bắc Ninh,Tỉnh Bắc Ninh,Phường Kinh Bắc,Phường,9187
Phường Thị Cầu,Thành phố Bắc Ninh,Tỉnh Bắc Ninh,Tỉnh Bắc Ninh,Phường Vũ Ninh,Phường,9169
Phường Tiền Ninh Vệ,Thành phố Bắc Ninh,Tỉnh Bắc Ninh,Tỉnh Bắc Ninh,Phường Kinh Bắc,Phường,9187
Phường Vân Dương,Thành phố Bắc Ninh,Tỉnh Bắc Ninh,Tỉnh Bắc Ninh,Phường Nam Sơn,Phường,9286
Phường Võ Cường,Thành phố Bắc Ninh,Tỉnh Bắc Ninh,Tỉnh Bắc Ninh,Phường Võ Cường,Phường,9190
Phường Vũ Ninh,Thành phố Bắc Ninh,Tỉnh Bắc Ninh,Tỉnh Bắc Ninh,Phường Vũ Ninh,Phường,9169
Phường Vạn An,Thành phố Bắc Ninh,Tỉnh Bắc Ninh,Tỉnh Bắc Ninh,Phường Kinh Bắc,Phường,9187
Phường Đáp Cầu,Thành phố Bắc Ninh,Tỉnh Bắc Ninh,Tỉnh Bắc Ninh,Phường Vũ Ninh,Phường,9169
Phường Đại Phúc,Thành phố Bắc Ninh,Tỉnh Bắc Ninh,Tỉnh Bắc Ninh,Phường Võ Cường,Phường,9190
Phường Châu Khê,Thành phố Từ Sơn,Tỉnh Bắc Ninh,Tỉnh Bắc Ninh,Phường Phù Khê,Phường,9379
Phường Hương Mạc,Thành phố Từ Sơn,Tỉnh Bắc Ninh,Tỉnh Bắc Ninh,Phường Phù Khê,Phường,9379
Phường Phù Chẩn,Thành phố Từ Sơn,Tỉnh Bắc Ninh,Tỉnh Bắc Ninh,Phường Từ Sơn,Phường,9367
Phường Phù Khê,Thành phố Từ Sơn,Tỉnh Bắc Ninh,Tỉnh Bắc Ninh,Phường Phù Khê,Phường,9379
Phường Tam Sơn,Thành phố Từ Sơn,Tỉnh Bắc Ninh,Tỉnh Bắc Ninh,Phường Tam Sơn,Phường,9370
Phường Trang Hạ,Thành phố Từ Sơn,Tỉnh Bắc Ninh,Tỉnh Bắc Ninh,Phường Đồng Nguyên,Phường,9385
Phường Tân Hồng,Thành phố Từ Sơn,Tỉnh Bắc Ninh,Tỉnh Bắc Ninh,Phường Từ Sơn,Phường,9367
Phường Tương Giang,Thành phố Từ Sơn,Tỉnh Bắc Ninh,Tỉnh Bắc Ninh,Phường Tam Sơn,Phường,9370
Phường Đình Bảng,Thành phố Từ Sơn,Tỉnh Bắc Ninh,Tỉnh Bắc Ninh,Phường Từ Sơn,Phường,9367
Phường Đông Ngàn,Thành phố Từ Sơn,Tỉnh Bắc Ninh,Tỉnh Bắc Ninh,Phường Từ Sơn,Phường,9367
Phường Đồng Kỵ,Thành phố Từ Sơn,Tỉnh Bắc Ninh,Tỉnh Bắc Ninh,Phường Đồng Nguyên,Phường,9385
Phường Đồng Nguyên,Thành phố Từ Sơn,Tỉnh Bắc Ninh,Tỉnh Bắc Ninh,Phường Đồng Nguyên,Phường,9385
Phường Bằng An,Thị xã Quế Võ,Tỉnh Bắc Ninh,Tỉnh Bắc Ninh,Phường Quế Võ,Phường,9247
Phường Bồng Lai,Thị xã Quế Võ,Tỉnh Bắc Ninh,Tỉnh Bắc Ninh,Phường Bồng Lai,Phường,9295
Phường Cách Bi,Thị xã Quế Võ,Tỉnh Bắc Ninh,Tỉnh Bắc Ninh,Phường Bồng Lai,Phường,9295
Phường Nhân Hòa,Thị xã Quế Võ,Tỉnh Bắc Ninh,Tỉnh Bắc Ninh,Phường Nhân Hòa,Phường,9253
Phường Phù Lương,Thị xã Quế Võ,Tỉnh Bắc Ninh,Tỉnh Bắc Ninh,Phường Đào Viên,Phường,9301
Phường Phương Liễu,Thị xã Quế Võ,Tỉnh Bắc Ninh,Tỉnh Bắc Ninh,Phường Phương Liễu,Phường,9265
Phường Phượng Mao,Thị xã Quế Võ,Tỉnh Bắc Ninh,Tỉnh Bắc Ninh,Phường Phương Liễu,Phường,9265
Phường Phố Mới,Thị xã Quế Võ,Tỉnh Bắc Ninh,Tỉnh Bắc Ninh,Phường Quế Võ,Phường,9247
Phường Quế Tân,Thị xã Quế Võ,Tỉnh Bắc Ninh,Tỉnh Bắc Ninh,Phường Quế Võ,Phường,9247
Phường Việt Hùng,Thị xã Quế Võ,Tỉnh Bắc Ninh,Tỉnh Bắc Ninh,Phường Quế Võ,Phường,9247
Phường Đại Xuân,Thị xã Quế Võ,Tỉnh Bắc Ninh,Tỉnh Bắc Ninh,Phường Nhân Hòa,Phường,9253
Xã Chi Lăng,Thị xã Quế Võ,Tỉnh Bắc Ninh,Tỉnh Bắc Ninh,Xã Chi Lăng,Xã,9313
Xã Châu Phong,Thị xã Quế Võ,Tỉnh Bắc Ninh,Tỉnh Bắc Ninh,Xã Phù Lãng,Xã,9292
Xã Mộ Đạo,Thị xã Quế Võ,Tỉnh Bắc Ninh,Tỉnh Bắc Ninh,Phường Bồng Lai,Phường,9295
Xã Ngọc Xá,Thị xã Quế Võ,Tỉnh Bắc Ninh,Tỉnh Bắc Ninh,Phường Đào Viên,Phường,9301
Xã Phù Lãng,Thị xã Quế Võ,Tỉnh Bắc Ninh,Tỉnh Bắc Ninh,Xã Phù Lãng,Xã,9292
Xã Việt Thống,Thị xã Quế Võ,Tỉnh Bắc Ninh,Tỉnh Bắc Ninh,Phường Nhân Hòa,Phường,9253
Xã Yên Giả,Thị xã Quế Võ,Tỉnh Bắc Ninh,Tỉnh Bắc Ninh,Xã Chi Lăng,Xã,9313
Xã Đào Viên,Thị xã Quế Võ,Tỉnh Bắc Ninh,Tỉnh Bắc Ninh,Phường Đào Viên,Phường,9301
Xã Đức Long,Thị xã Quế Võ,Tỉnh Bắc Ninh,Tỉnh Bắc Ninh,Xã Phù Lãng,Xã,9292
Phường An Bình,Thị xã Thuận Thành,Tỉnh Bắc Ninh,Tỉnh Bắc Ninh,Phường Mão Điền,Phường,9409
Phường Gia Đông,Thị xã Thuận Thành,Tỉnh Bắc Ninh,Tỉnh Bắc Ninh,Phường Thuận Thành,Phường,9400
Phường Hà Mãn,Thị xã Thuận Thành,Tỉnh Bắc Ninh,Tỉnh Bắc Ninh,Phường Song Liễu,Phường,9433
Phường Hồ,Thị xã Thuận Thành,Tỉnh Bắc Ninh,Tỉnh Bắc Ninh,Phường Thuận Thành,Phường,9400
Phường Ninh Xá,Thị xã Thuận Thành,Tỉnh Bắc Ninh,Tỉnh Bắc Ninh,Phường Ninh Xá,Phường,9445
Phường Song Hồ,Thị xã Thuận Thành,Tỉnh Bắc Ninh,Tỉnh Bắc Ninh,Phường Thuận Thành,Phường,9400
Phường Thanh Khương,Thị xã Thuận Thành,Tỉnh Bắc Ninh,Tỉnh Bắc Ninh,Phường Trí Quả,Phường,9427
Phường Trí Quả,Thị xã Thuận Thành,Tỉnh Bắc Ninh,Tỉnh Bắc Ninh,Phường Trí Quả,Phường,9427
Phường Trạm Lộ,Thị xã Thuận Thành,Tỉnh Bắc Ninh,Tỉnh Bắc Ninh,Phường Trạm Lộ,Phường,9430
Phường Xuân Lâm,Thị xã Thuận Thành,Tỉnh Bắc Ninh,Tỉnh Bắc Ninh,Phường Song Liễu,Phường,9433
Xã Hoài Thượng,Thị xã Thuận Thành,Tỉnh Bắc Ninh,Tỉnh Bắc Ninh,Phường Mão Điền,Phường,9409
Xã Mão Điền,Thị xã Thuận Thành,Tỉnh Bắc Ninh,Tỉnh Bắc Ninh,Phường Mão Điền,Phường,9409
Xã Nghĩa Đạo,Thị xã Thuận Thành,Tỉnh Bắc Ninh,Tỉnh Bắc Ninh,Phường Trạm Lộ,Phường,9430
Xã Nguyệt Đức,Thị xã Thuận Thành,Tỉnh Bắc Ninh,Tỉnh Bắc Ninh,Phường Ninh Xá,Phường,9445
Xã Ngũ Thái,Thị xã Thuận Thành,Tỉnh Bắc Ninh,Tỉnh Bắc Ninh,Phường Song Liễu,Phường,9433
Xã Song Liễu,Thị xã Thuận Thành,Tỉnh Bắc Ninh,Tỉnh Bắc Ninh,Phường Song Liễu,Phường,9433
Xã Đình Tổ,Thị xã Thuận Thành,Tỉnh Bắc Ninh,Tỉnh Bắc Ninh,Phường Trí Quả,Phường,9427
Xã Đại Đồng Thành,Thị xã Thuận Thành,Tỉnh Bắc Ninh,Tỉnh Bắc Ninh,Phường Thuận Thành,Phường,9400
Thị trấn Pác Miầu,Huyện Bảo Lâm,Tỉnh Cao Bằng,Tỉnh Cao Bằng,Xã Bảo Lâm,Xã,1290
Xã Lý Bôn,Huyện Bảo Lâm,Tỉnh Cao Bằng,Tỉnh Cao Bằng,Xã Lý Bôn,Xã,1294
Xã Mông Ân,Huyện Bảo Lâm,Tỉnh Cao Bằng,Tỉnh Cao Bằng,Xã Bảo Lâm,Xã,1290
Xã Nam Cao,Huyện Bảo Lâm,Tỉnh Cao Bằng,Tỉnh Cao Bằng,Xã Nam Quang,Xã,1297
Xã Nam Quang,Huyện Bảo Lâm,Tỉnh Cao Bằng,Tỉnh Cao Bằng,Xã Nam Quang,Xã,1297
Xã Quảng Lâm,Huyện Bảo Lâm,Tỉnh Cao Bằng,Tỉnh Cao Bằng,Xã Quảng Lâm,Xã,1304
Xã Thái Học,Huyện Bảo Lâm,Tỉnh Cao Bằng,Tỉnh Cao Bằng,Xã Yên Thổ,Xã,1318
Xã Thái Sơn,Huyện Bảo Lâm,Tỉnh Cao Bằng,Tỉnh Cao Bằng,Xã Yên Thổ,Xã,1318
Xã Thạch Lâm,Huyện Bảo Lâm,Tỉnh Cao Bằng,Tỉnh Cao Bằng,Xã Quảng Lâm,Xã,1304
Xã Vĩnh Phong,Huyện Bảo Lâm,Tỉnh Cao Bằng,Tỉnh Cao Bằng,Xã Bảo Lâm,Xã,1290
Xã Vĩnh Quang,Huyện Bảo Lâm,Tỉnh Cao Bằng,Tỉnh Cao Bằng,Xã Lý Bôn,Xã,1294
Xã Yên Thổ,Huyện Bảo Lâm,Tỉnh Cao Bằng,Tỉnh Cao Bằng,Xã Yên Thổ,Xã,1318
Xã Đức Hạnh,Huyện Bảo Lâm,Tỉnh Cao Bằng,Tỉnh Cao Bằng,Xã Cốc Pàng,Xã,1324
Thị trấn Bảo Lạc,Huyện Bảo Lạc,Tỉnh Cao Bằng,Tỉnh Cao Bằng,Xã Bảo Lạc,Xã,1321
Xã Bảo Toàn,Huyện Bảo Lạc,Tỉnh Cao Bằng,Tỉnh Cao Bằng,Xã Bảo Lạc,Xã,1321
Xã Cô Ba,Huyện Bảo Lạc,Tỉnh Cao Bằng,Tỉnh Cao Bằng,Xã Cô Ba,Xã,1327
Xã Cốc Pàng,Huyện Bảo Lạc,Tỉnh Cao Bằng,Tỉnh Cao Bằng,Xã Cốc Pàng,Xã,1324
Xã Huy Giáp,Huyện Bảo Lạc,Tỉnh Cao Bằng,Tỉnh Cao Bằng,Xã Huy Giáp,Xã,1354
Xã Hưng Thịnh,Huyện Bảo Lạc,Tỉnh Cao Bằng,Tỉnh Cao Bằng,Xã Hưng Đạo,Xã,1351
Xã Hưng Đạo,Huyện Bảo Lạc,Tỉnh Cao Bằng,Tỉnh Cao Bằng,Xã Hưng Đạo,Xã,1351
Xã Hồng An,Huyện Bảo Lạc,Tỉnh Cao Bằng,Tỉnh Cao Bằng,Xã Xuân Trường,Xã,1339
Xã Hồng Trị,Huyện Bảo Lạc,Tỉnh Cao Bằng,Tỉnh Cao Bằng,Xã Bảo Lạc,Xã,1321
Xã Khánh Xuân,Huyện Bảo Lạc,Tỉnh Cao Bằng,Tỉnh Cao Bằng,Xã Khánh Xuân,Xã,1336
Xã Kim Cúc,Huyện Bảo Lạc,Tỉnh Cao Bằng,Tỉnh Cao Bằng,Xã Hưng Đạo,Xã,1351
Xã Phan Thanh,Huyện Bảo Lạc,Tỉnh Cao Bằng,Tỉnh Cao Bằng,Xã Khánh Xuân,Xã,1336
Xã Sơn Lập,Huyện Bảo Lạc,Tỉnh Cao Bằng,Tỉnh Cao Bằng,Xã Sơn Lộ,Xã,1360
Xã Sơn Lộ,Huyện Bảo Lạc,Tỉnh Cao Bằng,Tỉnh Cao Bằng,Xã Sơn Lộ,Xã,1360
Xã Thượng Hà,Huyện Bảo Lạc,Tỉnh Cao Bằng,Tỉnh Cao Bằng,Xã Cô Ba,Xã,1327
Xã Xuân Trường,Huyện Bảo Lạc,Tỉnh Cao Bằng,Tỉnh Cao Bằng,Xã Xuân Trường,Xã,1339
Xã Đình Phùng,Huyện Bảo Lạc,Tỉnh Cao Bằng,Tỉnh Cao Bằng,Xã Huy Giáp,Xã,1354
Thị trấn Thông Nông,Huyện Hà Quảng,Tỉnh Cao Bằng,Tỉnh Cao Bằng,Xã Thông Nông,Xã,1363
Thị trấn Xuân Hòa,Huyện Hà Quảng,Tỉnh Cao Bằng,Tỉnh Cao Bằng,Xã Trường Hà,Xã,1392
Xã Cải Viên,Huyện Hà Quảng,Tỉnh Cao Bằng,Tỉnh Cao Bằng,Xã Tổng Cọt,Xã,1414
Xã Cần Nông,Huyện Hà Quảng,Tỉnh Cao Bằng,Tỉnh Cao Bằng,Xã Cần Yên,Xã,1366
Xã Cần Yên,Huyện Hà Quảng,Tỉnh Cao Bằng,Tỉnh Cao Bằng,Xã Cần Yên,Xã,1366
Xã Hồng Sỹ,Huyện Hà Quảng,Tỉnh Cao Bằng,Tỉnh Cao Bằng,Xã Hà Quảng,Xã,1438
Xã Lũng Nặm,Huyện Hà Quảng,Tỉnh Cao Bằng,Tỉnh Cao Bằng,Xã Lũng Nặm,Xã,1393
Xã Lương Can,Huyện Hà Quảng,Tỉnh Cao Bằng,Tỉnh Cao Bằng,Xã Thông Nông,Xã,1363
Xã Lương Thông,Huyện Hà Quảng,Tỉnh Cao Bằng,Tỉnh Cao Bằng,Xã Cần Yên,Xã,1366
Xã Mã Ba,Huyện Hà Quảng,Tỉnh Cao Bằng,Tỉnh Cao Bằng,Xã Hà Quảng,Xã,1438
Xã Ngọc Đào,Huyện Hà Quảng,Tỉnh Cao Bằng,Tỉnh Cao Bằng,Xã Hà Quảng,Xã,1438
Xã Ngọc Động,Huyện Hà Quảng,Tỉnh Cao Bằng,Tỉnh Cao Bằng,Xã Thanh Long,Xã,1387
Xã Nội Thôn,Huyện Hà Quảng,Tỉnh Cao Bằng,Tỉnh Cao Bằng,Xã Tổng Cọt,Xã,1414
Xã Quý Quân,Huyện Hà Quảng,Tỉnh Cao Bằng,Tỉnh Cao Bằng,Xã Trường Hà,Xã,1392
Xã Sóc Hà,Huyện Hà Quảng,Tỉnh Cao Bằng,Tỉnh Cao Bằng,Xã Trường Hà,Xã,1392
Xã Thanh Long,Huyện Hà Quảng,Tỉnh Cao Bằng,Tỉnh Cao Bằng,Xã Thanh Long,Xã,1387
Xã Thượng Thôn,Huyện Hà Quảng,Tỉnh Cao Bằng,Tỉnh Cao Bằng,Xã Lũng Nặm,Xã,1393
Xã Trường Hà,Huyện Hà Quảng,Tỉnh Cao Bằng,Tỉnh Cao Bằng,Xã Trường Hà,Xã,1392
Xã Tổng Cọt,Huyện Hà Quảng,Tỉnh Cao Bằng,Tỉnh Cao Bằng,Xã Tổng Cọt,Xã,1414
Xã Yên Sơn,Huyện Hà Quảng,Tỉnh Cao Bằng,Tỉnh Cao Bằng,Xã Thanh Long,Xã,1387
Xã Đa Thông,Huyện Hà Quảng,Tỉnh Cao Bằng,Tỉnh Cao Bằng,Xã Thông Nông,Xã,1363
Thị trấn Nước Hai,Huyện Hòa An,Tỉnh Cao Bằng,Tỉnh Cao Bằng,Xã Hòa An,Xã,1654
Xã Bình Dương,Huyện Hòa An,Tỉnh Cao Bằng,Tỉnh Cao Bằng,Xã Bạch Đằng,Xã,1708
Xã Bạch Đằng,Huyện Hòa An,Tỉnh Cao Bằng,Tỉnh Cao Bằng,Xã Bạch Đằng,Xã,1708
Xã Dân Chủ,Huyện Hòa An,Tỉnh Cao Bằng,Tỉnh Cao Bằng,Xã Nam Tuấn,Xã,1660
Xã Hoàng Tung,Huyện Hòa An,Tỉnh Cao Bằng,Tỉnh Cao Bằng,Phường Thục Phán,Phường,1273
Xã Hồng Nam,Huyện Hòa An,Tỉnh Cao Bằng,Tỉnh Cao Bằng,Xã Kim Đồng,Xã,1792
Xã Hồng Việt,Huyện Hòa An,Tỉnh Cao Bằng,Tỉnh Cao Bằng,Xã Hòa An,Xã,1654
Xã Lê Chung,Huyện Hòa An,Tỉnh Cao Bằng,Tỉnh Cao Bằng,Phường Tân Giang,Phường,1288
Xã Nam Tuấn,Huyện Hòa An,Tỉnh Cao Bằng,Tỉnh Cao Bằng,Xã Nam Tuấn,Xã,1660
Xã Nguyễn Huệ,Huyện Hòa An,Tỉnh Cao Bằng,Tỉnh Cao Bằng,Xã Nguyễn Huệ,Xã,1699
Xã Ngũ Lão,Huyện Hòa An,Tỉnh Cao Bằng,Tỉnh Cao Bằng,Xã Nguyễn Huệ,Xã,1699
Xã Quang Trung,Huyện Hòa An,Tỉnh Cao Bằng,Tỉnh Cao Bằng,Xã Nguyễn Huệ,Xã,1699
Xã Trương Lương,Huyện Hòa An,Tỉnh Cao Bằng,Tỉnh Cao Bằng,Xã Minh Tâm,Xã,1747
Xã Đại Tiến,Huyện Hòa An,Tỉnh Cao Bằng,Tỉnh Cao Bằng,Xã Hòa An,Xã,1654
Xã Đức Long,Huyện Hòa An,Tỉnh Cao Bằng,Tỉnh Cao Bằng,Xã Nam Tuấn,Xã,1660
Thị trấn Thanh Nhật,Huyện Hạ Lang,Tỉnh Cao Bằng,Tỉnh Cao Bằng,Xã Hạ Lang,Xã,1558
Xã An Lạc,Huyện Hạ Lang,Tỉnh Cao Bằng,Tỉnh Cao Bằng,Xã Vinh Quý,Xã,1561
Xã Cô Ngân,Huyện Hạ Lang,Tỉnh Cao Bằng,Tỉnh Cao Bằng,Xã Vinh Quý,Xã,1561
Xã Kim Loan,Huyện Hạ Lang,Tỉnh Cao Bằng,Tỉnh Cao Bằng,Xã Vinh Quý,Xã,1561
Xã Lý Quốc,Huyện Hạ Lang,Tỉnh Cao Bằng,Tỉnh Cao Bằng,Xã Lý Quốc,Xã,1537
Xã Minh Long,Huyện Hạ Lang,Tỉnh Cao Bằng,Tỉnh Cao Bằng,Xã Lý Quốc,Xã,1537
Xã Quang Long,Huyện Hạ Lang,Tỉnh Cao Bằng,Tỉnh Cao Bằng,Xã Quang Long,Xã,1552
Xã Thắng Lợi,Huyện Hạ Lang,Tỉnh Cao Bằng,Tỉnh Cao Bằng,Xã Quang Long,Xã,1552
Xã Thị Hoa,Huyện Hạ Lang,Tỉnh Cao Bằng,Tỉnh Cao Bằng,Xã Hạ Lang,Xã,1558
Xã Thống Nhất,Huyện Hạ Lang,Tỉnh Cao Bằng,Tỉnh Cao Bằng,Xã Hạ Lang,Xã,1558
Xã Vinh Quý,Huyện Hạ Lang,Tỉnh Cao Bằng,Tỉnh Cao Bằng,Xã Vinh Quý,Xã,1561
Xã Đồng Loan,Huyện Hạ Lang,Tỉnh Cao Bằng,Tỉnh Cao Bằng,Xã Lý Quốc,Xã,1537
Xã Đức Quang,Huyện Hạ Lang,Tỉnh Cao Bằng,Tỉnh Cao Bằng,Xã Quang Long,Xã,1552
Thị trấn Nguyên Bình,Huyện Nguyên Bình,Tỉnh Cao Bằng,Tỉnh Cao Bằng,Xã Nguyên Bình,Xã,1726
Thị trấn Tĩnh Túc,Huyện Nguyên Bình,Tỉnh Cao Bằng,Tỉnh Cao Bằng,Xã Tĩnh Túc,Xã,1729
Xã Ca Thành,Huyện Nguyên Bình,Tỉnh Cao Bằng,Tỉnh Cao Bằng,Xã Ca Thành,Xã,1738
Xã Hoa Thám,Huyện Nguyên Bình,Tỉnh Cao Bằng,Tỉnh Cao Bằng,Xã Tam Kim,Xã,1774
Xã Hưng Đạo,Huyện Nguyên Bình,Tỉnh Cao Bằng,Tỉnh Cao Bằng,Xã Tam Kim,Xã,1774
Xã Mai Long,Huyện Nguyên Bình,Tỉnh Cao Bằng,Tỉnh Cao Bằng,Xã Phan Thanh,Xã,1768
Xã Minh Tâm,Huyện Nguyên Bình,Tỉnh Cao Bằng,Tỉnh Cao Bằng,Xã Minh Tâm,Xã,1747
Xã Phan Thanh,Huyện Nguyên Bình,Tỉnh Cao Bằng,Tỉnh Cao Bằng,Xã Phan Thanh,Xã,1768
Xã Quang Thành,Huyện Nguyên Bình,Tỉnh Cao Bằng,Tỉnh Cao Bằng,Xã Thành Công,Xã,1777
Xã Tam Kim,Huyện Nguyên Bình,Tỉnh Cao Bằng,Tỉnh Cao Bằng,Xã Tam Kim,Xã,1774
Xã Thành Công,Huyện Nguyên Bình,Tỉnh Cao Bằng,Tỉnh Cao Bằng,Xã Thành Công,Xã,1777
Xã Thể Dục,Huyện Nguyên Bình,Tỉnh Cao Bằng,Tỉnh Cao Bằng,Xã Nguyên Bình,Xã,1726
Xã Thịnh Vượng,Huyện Nguyên Bình,Tỉnh Cao Bằng,Tỉnh Cao Bằng,Xã Bạch Đằng,Xã,1708
Xã Triệu Nguyên,Huyện Nguyên Bình,Tỉnh Cao Bằng,Tỉnh Cao Bằng,Xã Tĩnh Túc,Xã,1729
Xã Vũ Minh,Huyện Nguyên Bình,Tỉnh Cao Bằng,Tỉnh Cao Bằng,Xã Nguyên Bình,Xã,1726
Xã Vũ Nông,Huyện Nguyên Bình,Tỉnh Cao Bằng,Tỉnh Cao Bằng,Xã Tĩnh Túc,Xã,1729
Xã Yên Lạc,Huyện Nguyên Bình,Tỉnh Cao Bằng,Tỉnh Cao Bằng,Xã Ca Thành,Xã,1738
Thị trấn Hòa Thuận,Huyện Quảng Hòa,Tỉnh Cao Bằng,Tỉnh Cao Bằng,Xã Phục Hòa,Xã,1648
Thị trấn Quảng Uyên,Huyện Quảng Hòa,Tỉnh Cao Bằng,Tỉnh Cao Bằng,Xã Quảng Uyên,Xã,1576
Thị trấn Tà Lùng,Huyện Quảng Hòa,Tỉnh Cao Bằng,Tỉnh Cao Bằng,Xã Phục Hòa,Xã,1648
Xã Bế Văn Đàn,Huyện Quảng Hòa,Tỉnh Cao Bằng,Tỉnh Cao Bằng,Xã Bế Văn Đàn,Xã,1636
Xã Cai Bộ,Huyện Quảng Hòa,Tỉnh Cao Bằng,Tỉnh Cao Bằng,Xã Độc Lập,Xã,1594
Xã Chí Thảo,Huyện Quảng Hòa,Tỉnh Cao Bằng,Tỉnh Cao Bằng,Xã Quảng Uyên,Xã,1576
Xã Cách Linh,Huyện Quảng Hòa,Tỉnh Cao Bằng,Tỉnh Cao Bằng,Xã Bế Văn Đàn,Xã,1636
Xã Hạnh Phúc,Huyện Quảng Hòa,Tỉnh Cao Bằng,Tỉnh Cao Bằng,Xã Hạnh Phúc,Xã,1618
Xã Hồng Quang,Huyện Quảng Hòa,Tỉnh Cao Bằng,Tỉnh Cao Bằng,Xã Bế Văn Đàn,Xã,1636
Xã Mỹ Hưng,Huyện Quảng Hòa,Tỉnh Cao Bằng,Tỉnh Cao Bằng,Xã Phục Hòa,Xã,1648
Xã Ngọc Động,Huyện Quảng Hòa,Tỉnh Cao Bằng,Tỉnh Cao Bằng,Xã Hạnh Phúc,Xã,1618
Xã Phi Hải,Huyện Quảng Hòa,Tỉnh Cao Bằng,Tỉnh Cao Bằng,Xã Quảng Uyên,Xã,1576
Xã Phúc Sen,Huyện Quảng Hòa,Tỉnh Cao Bằng,Tỉnh Cao Bằng,Xã Quảng Uyên,Xã,1576
Xã Quảng Hưng,Huyện Quảng Hòa,Tỉnh Cao Bằng,Tỉnh Cao Bằng,Xã Độc Lập,Xã,1594
Xã Quốc Toản,Huyện Quảng Hòa,Tỉnh Cao Bằng,Tỉnh Cao Bằng,Xã Trà Lĩnh,Xã,1447
Xã Tiên Thành,Huyện Quảng Hòa,Tỉnh Cao Bằng,Tỉnh Cao Bằng,Xã Thạch An,Xã,1807
Xã Tự Do,Huyện Quảng Hòa,Tỉnh Cao Bằng,Tỉnh Cao Bằng,Xã Hạnh Phúc,Xã,1618
Xã Đại Sơn,Huyện Quảng Hòa,Tỉnh Cao Bằng,Tỉnh Cao Bằng,Xã Phục Hòa,Xã,1648
Xã Độc Lập,Huyện Quảng Hòa,Tỉnh Cao Bằng,Tỉnh Cao Bằng,Xã Độc Lập,Xã,1594
Thị trấn Đông Khê,Huyện Thạch An,Tỉnh Cao Bằng,Tỉnh Cao Bằng,Xã Đông Khê,Xã,1786
Xã Canh Tân,Huyện Thạch An,Tỉnh Cao Bằng,Tỉnh Cao Bằng,Xã Canh Tân,Xã,1789
Xã Kim Đồng,Huyện Thạch An,Tỉnh Cao Bằng,Tỉnh Cao Bằng,Xã Kim Đồng,Xã,1792
Xã Lê Lai,Huyện Thạch An,Tỉnh Cao Bằng,Tỉnh Cao Bằng,Xã Thạch An,Xã,1807
Xã Lê Lợi,Huyện Thạch An,Tỉnh Cao Bằng,Tỉnh Cao Bằng,Xã Đức Long,Xã,1822
Xã Minh Khai,Huyện Thạch An,Tỉnh Cao Bằng,Tỉnh Cao Bằng,Xã Minh Khai,Xã,1795
Xã Quang Trọng,Huyện Thạch An,Tỉnh Cao Bằng,Tỉnh Cao Bằng,Xã Minh Khai,Xã,1795
Xã Thái Cường,Huyện Thạch An,Tỉnh Cao Bằng,Tỉnh Cao Bằng,Xã Kim Đồng,Xã,1792
Xã Thụy Hùng,Huyện Thạch An,Tỉnh Cao Bằng,Tỉnh Cao Bằng,Xã Đức Long,Xã,1822
Xã Trọng Con,Huyện Thạch An,Tỉnh Cao Bằng,Tỉnh Cao Bằng,Xã Đông Khê,Xã,1786
Xã Vân Trình,Huyện Thạch An,Tỉnh Cao Bằng,Tỉnh Cao Bằng,Xã Thạch An,Xã,1807
Xã Đức Long,Huyện Thạch An,Tỉnh Cao Bằng,Tỉnh Cao Bằng,Xã Đức Long,Xã,1822
Xã Đức Thông,Huyện Thạch An,Tỉnh Cao Bằng,Tỉnh Cao Bằng,Xã Canh Tân,Xã,1789
Xã Đức Xuân,Huyện Thạch An,Tỉnh Cao Bằng,Tỉnh Cao Bằng,Xã Đông Khê,Xã,1786
Thị trấn Trà Lĩnh,Huyện Trùng Khánh,Tỉnh Cao Bằng,Tỉnh Cao Bằng,Xã Trà Lĩnh,Xã,1447
Thị trấn Trùng Khánh,Huyện Trùng Khánh,Tỉnh Cao Bằng,Tỉnh Cao Bằng,Xã Trùng Khánh,Xã,1477
Xã Cao Chương,Huyện Trùng Khánh,Tỉnh Cao Bằng,Tỉnh Cao Bằng,Xã Trà Lĩnh,Xã,1447
Xã Cao Thăng,Huyện Trùng Khánh,Tỉnh Cao Bằng,Tỉnh Cao Bằng,Xã Đoài Dương,Xã,1525
Xã Chí Viễn,Huyện Trùng Khánh,Tỉnh Cao Bằng,Tỉnh Cao Bằng,Xã Đàm Thủy,Xã,1501
Xã Khâm Thành,Huyện Trùng Khánh,Tỉnh Cao Bằng,Tỉnh Cao Bằng,Xã Trùng Khánh,Xã,1477
Xã Lăng Hiếu,Huyện Trùng Khánh,Tỉnh Cao Bằng,Tỉnh Cao Bằng,Xã Trùng Khánh,Xã,1477
Xã Ngọc Côn,Huyện Trùng Khánh,Tỉnh Cao Bằng,Tỉnh Cao Bằng,Xã Đình Phong,Xã,1489
Xã Ngọc Khê,Huyện Trùng Khánh,Tỉnh Cao Bằng,Tỉnh Cao Bằng,Xã Đình Phong,Xã,1489
Xã Phong Châu,Huyện Trùng Khánh,Tỉnh Cao Bằng,Tỉnh Cao Bằng,Xã Đàm Thủy,Xã,1501
Xã Phong Nặm,Huyện Trùng Khánh,Tỉnh Cao Bằng,Tỉnh Cao Bằng,Xã Đình Phong,Xã,1489
Xã Quang Hán,Huyện Trùng Khánh,Tỉnh Cao Bằng,Tỉnh Cao Bằng,Xã Quang Hán,Xã,1456
Xã Quang Trung,Huyện Trùng Khánh,Tỉnh Cao Bằng,Tỉnh Cao Bằng,Xã Quang Trung,Xã,1465
Xã Quang Vinh,Huyện Trùng Khánh,Tỉnh Cao Bằng,Tỉnh Cao Bằng,Xã Quang Hán,Xã,1456
Xã Tri Phương,Huyện Trùng Khánh,Tỉnh Cao Bằng,Tỉnh Cao Bằng,Xã Quang Trung,Xã,1465
Xã Trung Phúc,Huyện Trùng Khánh,Tỉnh Cao Bằng,Tỉnh Cao Bằng,Xã Đoài Dương,Xã,1525
Xã Xuân Nội,Huyện Trùng Khánh,Tỉnh Cao Bằng,Tỉnh Cao Bằng,Xã Quang Trung,Xã,1465
Xã Đoài Dương,Huyện Trùng Khánh,Tỉnh Cao Bằng,Tỉnh Cao Bằng,Xã Đoài Dương,Xã,1525
Xã Đàm Thủy,Huyện Trùng Khánh,Tỉnh Cao Bằng,Tỉnh Cao Bằng,Xã Đàm Thủy,Xã,1501
Xã Đình Phong,Huyện Trùng Khánh,Tỉnh Cao Bằng,Tỉnh Cao Bằng,Xã Đình Phong,Xã,1489
Xã Đức Hồng,Huyện Trùng Khánh,Tỉnh Cao Bằng,Tỉnh Cao Bằng,Xã Trùng Khánh,Xã,1477
Phường Duyệt Trung,Thành phố Cao Bằng,Tỉnh Cao Bằng,Tỉnh Cao Bằng,Phường Tân Giang,Phường,1288
Phường Hòa Chung,Thành phố Cao Bằng,Tỉnh Cao Bằng,Tỉnh Cao Bằng,Phường Tân Giang,Phường,1288
Phường Hợp Giang,Thành phố Cao Bằng,Tỉnh Cao Bằng,Tỉnh Cao Bằng,Phường Thục Phán,Phường,1273
Phường Ngọc Xuân,Thành phố Cao Bằng,Tỉnh Cao Bằng,Tỉnh Cao Bằng,Phường Nùng Trí Cao,Phường,1279
Phường Sông Bằng,Thành phố Cao Bằng,Tỉnh Cao Bằng,Tỉnh Cao Bằng,Phường Nùng Trí Cao,Phường,1279
Phường Sông Hiến,Thành phố Cao Bằng,Tỉnh Cao Bằng,Tỉnh Cao Bằng,Phường Thục Phán,Phường,1273
Phường Tân Giang,Thành phố Cao Bằng,Tỉnh Cao Bằng,Tỉnh Cao Bằng,Phường Tân Giang,Phường,1288
Phường Đề Thám,Thành phố Cao Bằng,Tỉnh Cao Bằng,Tỉnh Cao Bằng,Phường Thục Phán,Phường,1273
Xã Chu Trinh,Thành phố Cao Bằng,Tỉnh Cao Bằng,Tỉnh Cao Bằng,Phường Tân Giang,Phường,1288
Xã Hưng Đạo,Thành phố Cao Bằng,Tỉnh Cao Bằng,Tỉnh Cao Bằng,Phường Thục Phán,Phường,1273
Xã Vĩnh Quang,Thành phố Cao Bằng,Tỉnh Cao Bằng,Tỉnh Cao Bằng,Phường Nùng Trí Cao,Phường,1279
Thị trấn Hòa Bình,Huyện Hòa Bình,Tỉnh Bạc Liêu,Tỉnh Cà Mau,Xã Hòa Bình,Xã,31891
Xã Minh Diệu,Huyện Hòa Bình,Tỉnh Bạc Liêu,Tỉnh Cà Mau,Xã Vĩnh Mỹ,Xã,31918
Xã Vĩnh Bình,Huyện Hòa Bình,Tỉnh Bạc Liêu,Tỉnh Cà Mau,Xã Vĩnh Mỹ,Xã,31918
Xã Vĩnh Hậu,Huyện Hòa Bình,Tỉnh Bạc Liêu,Tỉnh Cà Mau,Xã Vĩnh Hậu,Xã,31927
Xã Vĩnh Hậu A,Huyện Hòa Bình,Tỉnh Bạc Liêu,Tỉnh Cà Mau,Xã Vĩnh Hậu,Xã,31927
Xã Vĩnh Mỹ A,Huyện Hòa Bình,Tỉnh Bạc Liêu,Tỉnh Cà Mau,Xã Hòa Bình,Xã,31891
Xã Vĩnh Mỹ B,Huyện Hòa Bình,Tỉnh Bạc Liêu,Tỉnh Cà Mau,Xã Vĩnh Mỹ,Xã,31918
Xã Vĩnh Thịnh,Huyện Hòa Bình,Tỉnh Bạc Liêu,Tỉnh Cà Mau,Xã Vĩnh Hậu,Xã,31927
Thị trấn Ngan Dừa,Huyện Hồng Dân,Tỉnh Bạc Liêu,Tỉnh Cà Mau,Xã Hồng Dân,Xã,31843
Xã Lộc Ninh,Huyện Hồng Dân,Tỉnh Bạc Liêu,Tỉnh Cà Mau,Xã Hồng Dân,Xã,31843
Xã Ninh Hòa,Huyện Hồng Dân,Tỉnh Bạc Liêu,Tỉnh Cà Mau,Xã Hồng Dân,Xã,31843
Xã Ninh Quới,Huyện Hồng Dân,Tỉnh Bạc Liêu,Tỉnh Cà Mau,Xã Ninh Quới,Xã,31849
Xã Ninh Quới A,Huyện Hồng Dân,Tỉnh Bạc Liêu,Tỉnh Cà Mau,Xã Ninh Quới,Xã,31849
Xã Ninh Thạnh Lợi,Huyện Hồng Dân,Tỉnh Bạc Liêu,Tỉnh Cà Mau,Xã Ninh Thạnh Lợi,Xã,31864
Xã Ninh Thạnh Lợi A,Huyện Hồng Dân,Tỉnh Bạc Liêu,Tỉnh Cà Mau,Xã Ninh Thạnh Lợi,Xã,31864
Xã Vĩnh Lộc,Huyện Hồng Dân,Tỉnh Bạc Liêu,Tỉnh Cà Mau,Xã Vĩnh Lộc,Xã,31858
Xã Vĩnh Lộc A,Huyện Hồng Dân,Tỉnh Bạc Liêu,Tỉnh Cà Mau,Xã Vĩnh Lộc,Xã,31858
Thị trấn Phước Long,Huyện Phước Long,Tỉnh Bạc Liêu,Tỉnh Cà Mau,Xã Phước Long,Xã,31867
Xã Hưng Phú,Huyện Phước Long,Tỉnh Bạc Liêu,Tỉnh Cà Mau,Xã Vĩnh Thanh,Xã,31882
Xã Phong Thạnh Tây A,Huyện Phước Long,Tỉnh Bạc Liêu,Tỉnh Cà Mau,Xã Phong Hiệp,Xã,31885
Xã Phong Thạnh Tây B,Huyện Phước Long,Tỉnh Bạc Liêu,Tỉnh Cà Mau,Xã Phong Hiệp,Xã,31885
Xã Phước Long,Huyện Phước Long,Tỉnh Bạc Liêu,Tỉnh Cà Mau,Xã Vĩnh Phước,Xã,31876
Xã Vĩnh Phú Tây,Huyện Phước Long,Tỉnh Bạc Liêu,Tỉnh Cà Mau,Xã Vĩnh Phước,Xã,31876
Xã Vĩnh Phú Đông,Huyện Phước Long,Tỉnh Bạc Liêu,Tỉnh Cà Mau,Xã Phước Long,Xã,31867
Xã Vĩnh Thanh,Huyện Phước Long,Tỉnh Bạc Liêu,Tỉnh Cà Mau,Xã Vĩnh Thanh,Xã,31882
Thị trấn Châu Hưng,Huyện Vĩnh Lợi,Tỉnh Bạc Liêu,Tỉnh Cà Mau,Xã Vĩnh Lợi,Xã,31900
Xã Châu Hưng A,Huyện Vĩnh Lợi,Tỉnh Bạc Liêu,Tỉnh Cà Mau,Xã Vĩnh Lợi,Xã,31900
Xã Châu Thới,Huyện Vĩnh Lợi,Tỉnh Bạc Liêu,Tỉnh Cà Mau,Xã Châu Thới,Xã,31894
Xã Hưng Hội,Huyện Vĩnh Lợi,Tỉnh Bạc Liêu,Tỉnh Cà Mau,Xã Hưng Hội,Xã,31906
Xã Hưng Thành,Huyện Vĩnh Lợi,Tỉnh Bạc Liêu,Tỉnh Cà Mau,Xã Hưng Hội,Xã,31906
Xã Long Thạnh,Huyện Vĩnh Lợi,Tỉnh Bạc Liêu,Tỉnh Cà Mau,Xã Hòa Bình,Xã,31891
Xã Vĩnh Hưng,Huyện Vĩnh Lợi,Tỉnh Bạc Liêu,Tỉnh Cà Mau,Xã Châu Thới,Xã,31894
Xã Vĩnh Hưng A,Huyện Vĩnh Lợi,Tỉnh Bạc Liêu,Tỉnh Cà Mau,Xã Châu Thới,Xã,31894
Thị trấn Gành Hào,Huyện Đông Hải,Tỉnh Bạc Liêu,Tỉnh Cà Mau,Xã Gành Hào,Xã,31972
Xã An Phúc,Huyện Đông Hải,Tỉnh Bạc Liêu,Tỉnh Cà Mau,Xã Định Thành,Xã,31993
Xã An Trạch,Huyện Đông Hải,Tỉnh Bạc Liêu,Tỉnh Cà Mau,Xã An Trạch,Xã,31988
Xã An Trạch A,Huyện Đông Hải,Tỉnh Bạc Liêu,Tỉnh Cà Mau,Xã An Trạch,Xã,31988
Xã Long Điền,Huyện Đông Hải,Tỉnh Bạc Liêu,Tỉnh Cà Mau,Xã Long Điền,Xã,31985
Xã Long Điền Tây,Huyện Đông Hải,Tỉnh Bạc Liêu,Tỉnh Cà Mau,Xã Gành Hào,Xã,31972
Xã Long Điền Đông,Huyện Đông Hải,Tỉnh Bạc Liêu,Tỉnh Cà Mau,Xã Đông Hải,Xã,31975
Xã Long Điền Đông A,Huyện Đông Hải,Tỉnh Bạc Liêu,Tỉnh Cà Mau,Xã Đông Hải,Xã,31975
Xã Điền Hải,Huyện Đông Hải,Tỉnh Bạc Liêu,Tỉnh Cà Mau,Xã Long Điền,Xã,31985
Xã Định Thành,Huyện Đông Hải,Tỉnh Bạc Liêu,Tỉnh Cà Mau,Xã Định Thành,Xã,31993
Xã Định Thành A,Huyện Đông Hải,Tỉnh Bạc Liêu,Tỉnh Cà Mau,Xã Định Thành,Xã,31993
Phường 1,Thành phố Bạc Liêu,Tỉnh Bạc Liêu,Tỉnh Cà Mau,Phường Bạc Liêu,Phường,31825
Phường 2,Thành phố Bạc Liêu,Tỉnh Bạc Liêu,Tỉnh Cà Mau,Phường Bạc Liêu,Phường,31825
Phường 3,Thành phố Bạc Liêu,Tỉnh Bạc Liêu,Tỉnh Cà Mau,Phường Bạc Liêu,Phường,31825
Phường 5,Thành phố Bạc Liêu,Tỉnh Bạc Liêu,Tỉnh Cà Mau,Phường Vĩnh Trạch,Phường,31834
Phường 7,Thành phố Bạc Liêu,Tỉnh Bạc Liêu,Tỉnh Cà Mau,Phường Bạc Liêu,Phường,31825
Phường 8,Thành phố Bạc Liêu,Tỉnh Bạc Liêu,Tỉnh Cà Mau,Phường Bạc Liêu,Phường,31825
Phường Nhà Mát,Thành phố Bạc Liêu,Tỉnh Bạc Liêu,Tỉnh Cà Mau,Phường Hiệp Thành,Phường,31840
Xã Hiệp Thành,Thành phố Bạc Liêu,Tỉnh Bạc Liêu,Tỉnh Cà Mau,Phường Hiệp Thành,Phường,31840
Xã Vĩnh Trạch,Thành phố Bạc Liêu,Tỉnh Bạc Liêu,Tỉnh Cà Mau,Phường Vĩnh Trạch,Phường,31834
Xã Vĩnh Trạch Đông,Thành phố Bạc Liêu,Tỉnh Bạc Liêu,Tỉnh Cà Mau,Phường Hiệp Thành,Phường,31840
Phường 1,Thị xã Giá Rai,Tỉnh Bạc Liêu,Tỉnh Cà Mau,Phường Giá Rai,Phường,31942
Phường Hộ Phòng,Thị xã Giá Rai,Tỉnh Bạc Liêu,Tỉnh Cà Mau,Phường Giá Rai,Phường,31942
Phường Láng Tròn,Thị xã Giá Rai,Tỉnh Bạc Liêu,Tỉnh Cà Mau,Phường Láng Tròn,Phường,31951
Xã Phong Thạnh,Thị xã Giá Rai,Tỉnh Bạc Liêu,Tỉnh Cà Mau,Phường Giá Rai,Phường,31942
Xã Phong Thạnh A,Thị xã Giá Rai,Tỉnh Bạc Liêu,Tỉnh Cà Mau,Phường Giá Rai,Phường,31942
Xã Phong Thạnh Tây,Thị xã Giá Rai,Tỉnh Bạc Liêu,Tỉnh Cà Mau,Xã Phong Thạnh,Xã,31957
Xã Phong Thạnh Đông,Thị xã Giá Rai,Tỉnh Bạc Liêu,Tỉnh Cà Mau,Phường Láng Tròn,Phường,31951
Xã Phong Tân,Thị xã Giá Rai,Tỉnh Bạc Liêu,Tỉnh Cà Mau,Phường Láng Tròn,Phường,31951
Xã Tân Phong,Thị xã Giá Rai,Tỉnh Bạc Liêu,Tỉnh Cà Mau,Xã Phong Thạnh,Xã,31957
Xã Tân Thạnh,Thị xã Giá Rai,Tỉnh Bạc Liêu,Tỉnh Cà Mau,Xã Phong Thạnh,Xã,31957
Thị trấn Cái Nước,Huyện Cái Nước,Tỉnh Cà Mau,Tỉnh Cà Mau,Xã Cái Nước,Xã,32128
Xã Hòa Mỹ,Huyện Cái Nước,Tỉnh Cà Mau,Tỉnh Cà Mau,Xã Hưng Mỹ,Xã,32140
Xã Hòa Mỹ,Huyện Cái Nước,Tỉnh Cà Mau,Tỉnh Cà Mau,Xã Phú Mỹ,Xã,32214
Xã Hòa Mỹ,Huyện Cái Nước,Tỉnh Cà Mau,Tỉnh Cà Mau,Xã Tân Hưng,Xã,32137
Xã Hưng Mỹ,Huyện Cái Nước,Tỉnh Cà Mau,Tỉnh Cà Mau,Xã Hưng Mỹ,Xã,32140
Xã Lương Thế Trân,Huyện Cái Nước,Tỉnh Cà Mau,Tỉnh Cà Mau,Xã Lương Thế Trân,Xã,32134
Xã Phú Hưng,Huyện Cái Nước,Tỉnh Cà Mau,Tỉnh Cà Mau,Xã Lương Thế Trân,Xã,32134
Xã Thạnh Phú,Huyện Cái Nước,Tỉnh Cà Mau,Tỉnh Cà Mau,Xã Lương Thế Trân,Xã,32134
Xã Trần Thới,Huyện Cái Nước,Tỉnh Cà Mau,Tỉnh Cà Mau,Xã Cái Nước,Xã,32128
Xã Tân Hưng,Huyện Cái Nước,Tỉnh Cà Mau,Tỉnh Cà Mau,Xã Tân Hưng,Xã,32137
Xã Tân Hưng Đông,Huyện Cái Nước,Tỉnh Cà Mau,Tỉnh Cà Mau,Xã Cái Nước,Xã,32128
Xã Tân Hưng Đông,Huyện Cái Nước,Tỉnh Cà Mau,Tỉnh Cà Mau,Xã Hưng Mỹ,Xã,32140
Xã Đông Hưng,Huyện Cái Nước,Tỉnh Cà Mau,Tỉnh Cà Mau,Xã Cái Nước,Xã,32128
Xã Đông Hưng,Huyện Cái Nước,Tỉnh Cà Mau,Tỉnh Cà Mau,Xã Tân Hưng,Xã,32137
Xã Đông Thới,Huyện Cái Nước,Tỉnh Cà Mau,Tỉnh Cà Mau,Xã Cái Nước,Xã,32128
Xã Đông Thới,Huyện Cái Nước,Tỉnh Cà Mau,Tỉnh Cà Mau,Xã Tân Hưng,Xã,32137
Thị trấn Rạch Gốc,Huyện Ngọc Hiển,Tỉnh Cà Mau,Tỉnh Cà Mau,Xã Phan Ngọc Hiển,Xã,32244
Xã Tam Giang Tây,Huyện Ngọc Hiển,Tỉnh Cà Mau,Tỉnh Cà Mau,Xã Tân Ân,Xã,32236
Xã Tân Ân,Huyện Ngọc Hiển,Tỉnh Cà Mau,Tỉnh Cà Mau,Xã Đất Mũi,Xã,32248
Xã Tân Ân,Huyện Ngọc Hiển,Tỉnh Cà Mau,Tỉnh Cà Mau,Xã Phan Ngọc Hiển,Xã,32244
Xã Tân Ân Tây,Huyện Ngọc Hiển,Tỉnh Cà Mau,Tỉnh Cà Mau,Xã Tân Ân,Xã,32236
Xã Viên An,Huyện Ngọc Hiển,Tỉnh Cà Mau,Tỉnh Cà Mau,Xã Đất Mới,Xã,32201
Xã Viên An,Huyện Ngọc Hiển,Tỉnh Cà Mau,Tỉnh Cà Mau,Xã Đất Mũi,Xã,32248
Xã Viên An Đông,Huyện Ngọc Hiển,Tỉnh Cà Mau,Tỉnh Cà Mau,Xã Phan Ngọc Hiển,Xã,32244
Xã Đất Mũi,Huyện Ngọc Hiển,Tỉnh Cà Mau,Tỉnh Cà Mau,Xã Đất Mũi,Xã,32248
Thị Trấn Năm Căn,Huyện Năm Căn,Tỉnh Cà Mau,Tỉnh Cà Mau,Xã Đất Mới,Xã,32201
Thị Trấn Năm Căn,Huyện Năm Căn,Tỉnh Cà Mau,Tỉnh Cà Mau,Xã Năm Căn,Xã,32191
Xã Hiệp Tùng,Huyện Năm Căn,Tỉnh Cà Mau,Tỉnh Cà Mau,Xã Tam Giang,Xã,32206
Xã Hàm Rồng,Huyện Năm Căn,Tỉnh Cà Mau,Tỉnh Cà Mau,Xã Đất Mới,Xã,32201
Xã Hàm Rồng,Huyện Năm Căn,Tỉnh Cà Mau,Tỉnh Cà Mau,Xã Năm Căn,Xã,32191
Xã Hàng Vịnh,Huyện Năm Căn,Tỉnh Cà Mau,Tỉnh Cà Mau,Xã Năm Căn,Xã,32191
Xã Lâm Hải,Huyện Năm Căn,Tỉnh Cà Mau,Tỉnh Cà Mau,Xã Đất Mới,Xã,32201
Xã Tam Giang,Huyện Năm Căn,Tỉnh Cà Mau,Tỉnh Cà Mau,Xã Tam Giang,Xã,32206
Xã Tam Giang Đông,Huyện Năm Căn,Tỉnh Cà Mau,Tỉnh Cà Mau,Xã Tam Giang,Xã,32206
Xã Đất Mới,Huyện Năm Căn,Tỉnh Cà Mau,Tỉnh Cà Mau,Xã Đất Mới,Xã,32201
Thị trấn Cái Đôi Vàm,Huyện Phú Tân,Tỉnh Cà Mau,Tỉnh Cà Mau,Xã Cái Đôi Vàm,Xã,32212
Xã Nguyễn Việt Khái,Huyện Phú Tân,Tỉnh Cà Mau,Tỉnh Cà Mau,Xã Cái Đôi Vàm,Xã,32212
Xã Phú Mỹ,Huyện Phú Tân,Tỉnh Cà Mau,Tỉnh Cà Mau,Xã Phú Mỹ,Xã,32214
Xã Phú Thuận,Huyện Phú Tân,Tỉnh Cà Mau,Tỉnh Cà Mau,Xã Phú Mỹ,Xã,32214
Xã Phú Tân,Huyện Phú Tân,Tỉnh Cà Mau,Tỉnh Cà Mau,Xã Phú Tân,Xã,32218
Xã Rạch Chèo,Huyện Phú Tân,Tỉnh Cà Mau,Tỉnh Cà Mau,Xã Nguyễn Việt Khái,Xã,32227
Xã Tân Hưng Tây,Huyện Phú Tân,Tỉnh Cà Mau,Tỉnh Cà Mau,Xã Nguyễn Việt Khái,Xã,32227
Xã Tân Hải,Huyện Phú Tân,Tỉnh Cà Mau,Tỉnh Cà Mau,Xã Phú Tân,Xã,32218
Xã Việt Thắng,Huyện Phú Tân,Tỉnh Cà Mau,Tỉnh Cà Mau,Xã Nguyễn Việt Khái,Xã,32227
Thị trấn Thới Bình,Huyện Thới Bình,Tỉnh Cà Mau,Tỉnh Cà Mau,Xã Thới Bình,Xã,32065
Xã Biển Bạch,Huyện Thới Bình,Tỉnh Cà Mau,Tỉnh Cà Mau,Xã Biển Bạch,Xã,32069
Xã Biển Bạch Đông,Huyện Thới Bình,Tỉnh Cà Mau,Tỉnh Cà Mau,Xã Biển Bạch,Xã,32069
Xã Hồ Thị Kỷ,Huyện Thới Bình,Tỉnh Cà Mau,Tỉnh Cà Mau,Xã Hồ Thị Kỷ,Xã,32092
Xã Thới Bình,Huyện Thới Bình,Tỉnh Cà Mau,Tỉnh Cà Mau,Xã Thới Bình,Xã,32065
Xã Trí Lực,Huyện Thới Bình,Tỉnh Cà Mau,Tỉnh Cà Mau,Xã Trí Phải,Xã,32071
Xã Trí Phải,Huyện Thới Bình,Tỉnh Cà Mau,Tỉnh Cà Mau,Xã Trí Phải,Xã,32071
Xã Tân Bằng,Huyện Thới Bình,Tỉnh Cà Mau,Tỉnh Cà Mau,Xã Biển Bạch,Xã,32069
Xã Tân Lộc,Huyện Thới Bình,Tỉnh Cà Mau,Tỉnh Cà Mau,Xã Tân Lộc,Xã,32083
Xã Tân Lộc Bắc,Huyện Thới Bình,Tỉnh Cà Mau,Tỉnh Cà Mau,Xã Tân Lộc,Xã,32083
Xã Tân Lộc Đông,Huyện Thới Bình,Tỉnh Cà Mau,Tỉnh Cà Mau,Xã Tân Lộc,Xã,32083
Xã Tân Phú,Huyện Thới Bình,Tỉnh Cà Mau,Tỉnh Cà Mau,Xã Trí Phải,Xã,32071
Thị trấn Sông Đốc,Huyện Trần Văn Thời,Tỉnh Cà Mau,Tỉnh Cà Mau,Xã Sông Đốc,Xã,32098
Thị trấn Trần Văn Thời,Huyện Trần Văn Thời,Tỉnh Cà Mau,Tỉnh Cà Mau,Xã Trần Văn Thời,Xã,32095
Xã Khánh Bình,Huyện Trần Văn Thời,Tỉnh Cà Mau,Tỉnh Cà Mau,Xã Khánh Bình,Xã,32110
Xã Khánh Bình Tây,Huyện Trần Văn Thời,Tỉnh Cà Mau,Tỉnh Cà Mau,Xã Đá Bạc,Xã,32104
Xã Khánh Bình Tây Bắc,Huyện Trần Văn Thời,Tỉnh Cà Mau,Tỉnh Cà Mau,Xã Đá Bạc,Xã,32104
Xã Khánh Bình Đông,Huyện Trần Văn Thời,Tỉnh Cà Mau,Tỉnh Cà Mau,Xã Khánh Bình,Xã,32110
Xã Khánh Hưng,Huyện Trần Văn Thời,Tỉnh Cà Mau,Tỉnh Cà Mau,Xã Khánh Hưng,Xã,32119
Xã Khánh Hải,Huyện Trần Văn Thời,Tỉnh Cà Mau,Tỉnh Cà Mau,Xã Khánh Hưng,Xã,32119
Xã Khánh Lộc,Huyện Trần Văn Thời,Tỉnh Cà Mau,Tỉnh Cà Mau,Xã Trần Văn Thời,Xã,32095
Xã Lợi An,Huyện Trần Văn Thời,Tỉnh Cà Mau,Tỉnh Cà Mau,Phường Lý Văn Lâm,Phường,32014
Xã Lợi An,Huyện Trần Văn Thời,Tỉnh Cà Mau,Tỉnh Cà Mau,Xã Lương Thế Trân,Xã,32134
Xã Lợi An,Huyện Trần Văn Thời,Tỉnh Cà Mau,Tỉnh Cà Mau,Xã Trần Văn Thời,Xã,32095
Xã Phong Lạc,Huyện Trần Văn Thời,Tỉnh Cà Mau,Tỉnh Cà Mau,Xã Trần Văn Thời,Xã,32095
Xã Phong Điền,Huyện Trần Văn Thời,Tỉnh Cà Mau,Tỉnh Cà Mau,Xã Sông Đốc,Xã,32098
Xã Phong Điền,Huyện Trần Văn Thời,Tỉnh Cà Mau,Tỉnh Cà Mau,Xã Trần Văn Thời,Xã,32095
Xã Trần Hợi,Huyện Trần Văn Thời,Tỉnh Cà Mau,Tỉnh Cà Mau,Xã Đá Bạc,Xã,32104
Xã Trần Hợi,Huyện Trần Văn Thời,Tỉnh Cà Mau,Tỉnh Cà Mau,Xã Trần Văn Thời,Xã,32095
Thị trấn U Minh,Huyện U Minh,Tỉnh Cà Mau,Tỉnh Cà Mau,Xã Nguyễn Phích,Xã,32044
Xã Khánh An,Huyện U Minh,Tỉnh Cà Mau,Tỉnh Cà Mau,Xã Khánh An,Xã,32059
Xã Khánh Hòa,Huyện U Minh,Tỉnh Cà Mau,Tỉnh Cà Mau,Xã U Minh,Xã,32047
Xã Khánh Hội,Huyện U Minh,Tỉnh Cà Mau,Tỉnh Cà Mau,Xã Khánh Lâm,Xã,32062
Xã Khánh Lâm,Huyện U Minh,Tỉnh Cà Mau,Tỉnh Cà Mau,Xã Khánh Lâm,Xã,32062
Xã Khánh Lâm,Huyện U Minh,Tỉnh Cà Mau,Tỉnh Cà Mau,Xã U Minh,Xã,32047
Xã Khánh Thuận,Huyện U Minh,Tỉnh Cà Mau,Tỉnh Cà Mau,Xã Nguyễn Phích,Xã,32044
Xã Khánh Thuận,Huyện U Minh,Tỉnh Cà Mau,Tỉnh Cà Mau,Xã U Minh,Xã,32047
Xã Khánh Tiến,Huyện U Minh,Tỉnh Cà Mau,Tỉnh Cà Mau,Xã U Minh,Xã,32047
Xã Nguyễn Phích,Huyện U Minh,Tỉnh Cà Mau,Tỉnh Cà Mau,Xã Khánh An,Xã,32059
Xã Nguyễn Phích,Huyện U Minh,Tỉnh Cà Mau,Tỉnh Cà Mau,Xã Khánh Lâm,Xã,32062
Xã Nguyễn Phích,Huyện U Minh,Tỉnh Cà Mau,Tỉnh Cà Mau,Xã Nguyễn Phích,Xã,32044
Thị trấn Đầm Dơi,Huyện Đầm Dơi,Tỉnh Cà Mau,Tỉnh Cà Mau,Xã Đầm Dơi,Xã,32152
Xã Nguyễn Huân,Huyện Đầm Dơi,Tỉnh Cà Mau,Tỉnh Cà Mau,Xã Tân Tiến,Xã,32188
Xã Ngọc Chánh,Huyện Đầm Dơi,Tỉnh Cà Mau,Tỉnh Cà Mau,Xã Thanh Tùng,Xã,32185
Xã Quách Phẩm,Huyện Đầm Dơi,Tỉnh Cà Mau,Tỉnh Cà Mau,Xã Quách Phẩm,Xã,32182
Xã Quách Phẩm Bắc,Huyện Đầm Dơi,Tỉnh Cà Mau,Tỉnh Cà Mau,Xã Quách Phẩm,Xã,32182
Xã Thanh Tùng,Huyện Đầm Dơi,Tỉnh Cà Mau,Tỉnh Cà Mau,Xã Thanh Tùng,Xã,32185
Xã Trần Phán,Huyện Đầm Dơi,Tỉnh Cà Mau,Tỉnh Cà Mau,Xã Trần Phán,Xã,32161
Xã Tân Duyệt,Huyện Đầm Dơi,Tỉnh Cà Mau,Tỉnh Cà Mau,Xã Đầm Dơi,Xã,32152
Xã Tân Dân,Huyện Đầm Dơi,Tỉnh Cà Mau,Tỉnh Cà Mau,Xã Đầm Dơi,Xã,32152
Xã Tân Thuận,Huyện Đầm Dơi,Tỉnh Cà Mau,Tỉnh Cà Mau,Xã Tân Thuận,Xã,32167
Xã Tân Tiến,Huyện Đầm Dơi,Tỉnh Cà Mau,Tỉnh Cà Mau,Xã Tân Tiến,Xã,32188
Xã Tân Trung,Huyện Đầm Dơi,Tỉnh Cà Mau,Tỉnh Cà Mau,Xã Trần Phán,Xã,32161
Xã Tân Đức,Huyện Đầm Dơi,Tỉnh Cà Mau,Tỉnh Cà Mau,Xã Tân Thuận,Xã,32167
Xã Tạ An Khương,Huyện Đầm Dơi,Tỉnh Cà Mau,Tỉnh Cà Mau,Xã Đầm Dơi,Xã,32152
Xã Tạ An Khương,Huyện Đầm Dơi,Tỉnh Cà Mau,Tỉnh Cà Mau,Xã Tạ An Khương,Xã,32155
Xã Tạ An Khương Nam,Huyện Đầm Dơi,Tỉnh Cà Mau,Tỉnh Cà Mau,Xã Tạ An Khương,Xã,32155
Xã Tạ An Khương Đông,Huyện Đầm Dơi,Tỉnh Cà Mau,Tỉnh Cà Mau,Xã Tạ An Khương,Xã,32155
Phường 1,Thành phố Cà Mau,Tỉnh Cà Mau,Tỉnh Cà Mau,Phường An Xuyên,Phường,32002
Phường 2,Thành phố Cà Mau,Tỉnh Cà Mau,Tỉnh Cà Mau,Phường An Xuyên,Phường,32002
Phường 5,Thành phố Cà Mau,Tỉnh Cà Mau,Tỉnh Cà Mau,Phường Tân Thành,Phường,32025
Phường 6,Thành phố Cà Mau,Tỉnh Cà Mau,Tỉnh Cà Mau,Phường Hòa Thành,Phường,32041
Phường 6,Thành phố Cà Mau,Tỉnh Cà Mau,Tỉnh Cà Mau,Phường Tân Thành,Phường,32025
Phường 7,Thành phố Cà Mau,Tỉnh Cà Mau,Tỉnh Cà Mau,Phường Hòa Thành,Phường,32041
Phường 7,Thành phố Cà Mau,Tỉnh Cà Mau,Tỉnh Cà Mau,Phường Tân Thành,Phường,32025
Phường 8,Thành phố Cà Mau,Tỉnh Cà Mau,Tỉnh Cà Mau,Phường Lý Văn Lâm,Phường,32014
Phường 9,Thành phố Cà Mau,Tỉnh Cà Mau,Tỉnh Cà Mau,Phường An Xuyên,Phường,32002
Phường Tân Thành,Thành phố Cà Mau,Tỉnh Cà Mau,Tỉnh Cà Mau,Phường Tân Thành,Phường,32025
Phường Tân Xuyên,Thành phố Cà Mau,Tỉnh Cà Mau,Tỉnh Cà Mau,Phường An Xuyên,Phường,32002
Xã An Xuyên,Thành phố Cà Mau,Tỉnh Cà Mau,Tỉnh Cà Mau,Phường An Xuyên,Phường,32002
Xã Hòa Thành,Thành phố Cà Mau,Tỉnh Cà Mau,Tỉnh Cà Mau,Phường Hòa Thành,Phường,32041
Xã Hòa Tân,Thành phố Cà Mau,Tỉnh Cà Mau,Tỉnh Cà Mau,Phường Hòa Thành,Phường,32041
Xã Lý Văn Lâm,Thành phố Cà Mau,Tỉnh Cà Mau,Tỉnh Cà Mau,Phường Lý Văn Lâm,Phường,32014
Xã Tân Thành,Thành phố Cà Mau,Tỉnh Cà Mau,Tỉnh Cà Mau,Phường Tân Thành,Phường,32025
Xã Tắc Vân,Thành phố Cà Mau,Tỉnh Cà Mau,Tỉnh Cà Mau,Phường Hòa Thành,Phường,32041
Xã Tắc Vân,Thành phố Cà Mau,Tỉnh Cà Mau,Tỉnh Cà Mau,Phường Tân Thành,Phường,32025
Xã Định Bình,Thành phố Cà Mau,Tỉnh Cà Mau,Tỉnh Cà Mau,Phường Hòa Thành,Phường,32041
Xã Định Bình,Thành phố Cà Mau,Tỉnh Cà Mau,Tỉnh Cà Mau,Phường Tân Thành,Phường,32025
Thị trấn An Lão,Huyện An Lão,Tỉnh Bình Định,Tỉnh Gia Lai,Xã An Lão,Xã,21609
Xã An Dũng,Huyện An Lão,Tỉnh Bình Định,Tỉnh Gia Lai,Xã An Vinh,Xã,21616
Xã An Hòa,Huyện An Lão,Tỉnh Bình Định,Tỉnh Gia Lai,Xã An Hòa,Xã,21628
Xã An Hưng,Huyện An Lão,Tỉnh Bình Định,Tỉnh Gia Lai,Xã An Lão,Xã,21609
Xã An Nghĩa,Huyện An Lão,Tỉnh Bình Định,Tỉnh Gia Lai,Xã An Hòa,Xã,21628
Xã An Nghĩa,Huyện An Lão,Tỉnh Bình Định,Tỉnh Gia Lai,Xã An Toàn,Xã,21622
Xã An Quang,Huyện An Lão,Tỉnh Bình Định,Tỉnh Gia Lai,Xã An Hòa,Xã,21628
Xã An Toàn,Huyện An Lão,Tỉnh Bình Định,Tỉnh Gia Lai,Xã An Toàn,Xã,21622
Xã An Trung,Huyện An Lão,Tỉnh Bình Định,Tỉnh Gia Lai,Xã An Vinh,Xã,21616
Xã An Tân,Huyện An Lão,Tỉnh Bình Định,Tỉnh Gia Lai,Xã An Lão,Xã,21609
Xã An Vinh,Huyện An Lão,Tỉnh Bình Định,Tỉnh Gia Lai,Xã An Vinh,Xã,21616
Thị trấn Tăng Bạt Hổ,Huyện Hoài Ân,Tỉnh Bình Định,Tỉnh Gia Lai,Xã Hoài Ân,Xã,21688
Xã Bok Tới,Huyện Hoài Ân,Tỉnh Bình Định,Tỉnh Gia Lai,Xã Kim Sơn,Xã,21727
Xã Ân Hảo Tây,Huyện Hoài Ân,Tỉnh Bình Định,Tỉnh Gia Lai,Xã Ân Hảo,Xã,21697
Xã Ân Hảo Đông,Huyện Hoài Ân,Tỉnh Bình Định,Tỉnh Gia Lai,Xã Ân Hảo,Xã,21697
Xã Ân Hữu,Huyện Hoài Ân,Tỉnh Bình Định,Tỉnh Gia Lai,Xã Ân Tường,Xã,21715
Xã Ân Mỹ,Huyện Hoài Ân,Tỉnh Bình Định,Tỉnh Gia Lai,Xã Ân Hảo,Xã,21697
Xã Ân Nghĩa,Huyện Hoài Ân,Tỉnh Bình Định,Tỉnh Gia Lai,Xã Kim Sơn,Xã,21727
Xã Ân Phong,Huyện Hoài Ân,Tỉnh Bình Định,Tỉnh Gia Lai,Xã Hoài Ân,Xã,21688
Xã Ân Sơn,Huyện Hoài Ân,Tỉnh Bình Định,Tỉnh Gia Lai,Xã Vạn Đức,Xã,21703
Xã Ân Thạnh,Huyện Hoài Ân,Tỉnh Bình Định,Tỉnh Gia Lai,Xã Vạn Đức,Xã,21703
Xã Ân Tín,Huyện Hoài Ân,Tỉnh Bình Định,Tỉnh Gia Lai,Xã Vạn Đức,Xã,21703
Xã Ân Tường Tây,Huyện Hoài Ân,Tỉnh Bình Định,Tỉnh Gia Lai,Xã Ân Tường,Xã,21715
Xã Ân Tường Đông,Huyện Hoài Ân,Tỉnh Bình Định,Tỉnh Gia Lai,Xã Hoài Ân,Xã,21688
Xã Ân Đức,Huyện Hoài Ân,Tỉnh Bình Định,Tỉnh Gia Lai,Xã Hoài Ân,Xã,21688
Xã Đak Mang,Huyện Hoài Ân,Tỉnh Bình Định,Tỉnh Gia Lai,Xã Ân Tường,Xã,21715
Thị trấn Cát Khánh,Huyện Phù Cát,Tỉnh Bình Định,Tỉnh Gia Lai,Xã Đề Gi,Xã,21859
Thị trấn Cát Tiến,Huyện Phù Cát,Tỉnh Bình Định,Tỉnh Gia Lai,Xã Cát Tiến,Xã,21880
Thị trấn Ngô Mây,Huyện Phù Cát,Tỉnh Bình Định,Tỉnh Gia Lai,Xã Phù Cát,Xã,21853
Xã Cát Chánh,Huyện Phù Cát,Tỉnh Bình Định,Tỉnh Gia Lai,Xã Ngô Mây,Xã,21901
Xã Cát Hanh,Huyện Phù Cát,Tỉnh Bình Định,Tỉnh Gia Lai,Xã Hòa Hội,Xã,21871
Xã Cát Hiệp,Huyện Phù Cát,Tỉnh Bình Định,Tỉnh Gia Lai,Xã Hòa Hội,Xã,21871
Xã Cát Hưng,Huyện Phù Cát,Tỉnh Bình Định,Tỉnh Gia Lai,Xã Ngô Mây,Xã,21901
Xã Cát Hải,Huyện Phù Cát,Tỉnh Bình Định,Tỉnh Gia Lai,Xã Cát Tiến,Xã,21880
Xã Cát Lâm,Huyện Phù Cát,Tỉnh Bình Định,Tỉnh Gia Lai,Xã Hội Sơn,Xã,21868
Xã Cát Minh,Huyện Phù Cát,Tỉnh Bình Định,Tỉnh Gia Lai,Xã Đề Gi,Xã,21859
Xã Cát Nhơn,Huyện Phù Cát,Tỉnh Bình Định,Tỉnh Gia Lai,Xã Xuân An,Xã,21892
Xã Cát Sơn,Huyện Phù Cát,Tỉnh Bình Định,Tỉnh Gia Lai,Xã Hội Sơn,Xã,21868
Xã Cát Thành,Huyện Phù Cát,Tỉnh Bình Định,Tỉnh Gia Lai,Xã Cát Tiến,Xã,21880
Xã Cát Thắng,Huyện Phù Cát,Tỉnh Bình Định,Tỉnh Gia Lai,Xã Ngô Mây,Xã,21901
Xã Cát Trinh,Huyện Phù Cát,Tỉnh Bình Định,Tỉnh Gia Lai,Xã Phù Cát,Xã,21853
Xã Cát Tài,Huyện Phù Cát,Tỉnh Bình Định,Tỉnh Gia Lai,Xã Đề Gi,Xã,21859
Xã Cát Tân,Huyện Phù Cát,Tỉnh Bình Định,Tỉnh Gia Lai,Xã Phù Cát,Xã,21853
Xã Cát Tường,Huyện Phù Cát,Tỉnh Bình Định,Tỉnh Gia Lai,Xã Xuân An,Xã,21892
Thị trấn Bình Dương,Huyện Phù Mỹ,Tỉnh Bình Định,Tỉnh Gia Lai,Xã Bình Dương,Xã,21733
Thị trấn Phù Mỹ,Huyện Phù Mỹ,Tỉnh Bình Định,Tỉnh Gia Lai,Xã Phù Mỹ,Xã,21730
Xã Mỹ An,Huyện Phù Mỹ,Tỉnh Bình Định,Tỉnh Gia Lai,Xã Phù Mỹ Đông,Xã,21751
Xã Mỹ Chánh,Huyện Phù Mỹ,Tỉnh Bình Định,Tỉnh Gia Lai,Xã An Lương,Xã,21769
Xã Mỹ Chánh Tây,Huyện Phù Mỹ,Tỉnh Bình Định,Tỉnh Gia Lai,Xã Phù Mỹ,Xã,21730
Xã Mỹ Châu,Huyện Phù Mỹ,Tỉnh Bình Định,Tỉnh Gia Lai,Xã Phù Mỹ Bắc,Xã,21739
Xã Mỹ Cát,Huyện Phù Mỹ,Tỉnh Bình Định,Tỉnh Gia Lai,Xã An Lương,Xã,21769
Xã Mỹ Hiệp,Huyện Phù Mỹ,Tỉnh Bình Định,Tỉnh Gia Lai,Xã Phù Mỹ Nam,Xã,21775
Xã Mỹ Hòa,Huyện Phù Mỹ,Tỉnh Bình Định,Tỉnh Gia Lai,Xã Phù Mỹ Tây,Xã,21757
Xã Mỹ Lộc,Huyện Phù Mỹ,Tỉnh Bình Định,Tỉnh Gia Lai,Xã Phù Mỹ Bắc,Xã,21739
Xã Mỹ Lợi,Huyện Phù Mỹ,Tỉnh Bình Định,Tỉnh Gia Lai,Xã Bình Dương,Xã,21733
Xã Mỹ Phong,Huyện Phù Mỹ,Tỉnh Bình Định,Tỉnh Gia Lai,Xã Bình Dương,Xã,21733
Xã Mỹ Quang,Huyện Phù Mỹ,Tỉnh Bình Định,Tỉnh Gia Lai,Xã Phù Mỹ,Xã,21730
Xã Mỹ Thành,Huyện Phù Mỹ,Tỉnh Bình Định,Tỉnh Gia Lai,Xã An Lương,Xã,21769
Xã Mỹ Thắng,Huyện Phù Mỹ,Tỉnh Bình Định,Tỉnh Gia Lai,Xã Phù Mỹ Đông,Xã,21751
Xã Mỹ Thọ,Huyện Phù Mỹ,Tỉnh Bình Định,Tỉnh Gia Lai,Xã Phù Mỹ Đông,Xã,21751
Xã Mỹ Trinh,Huyện Phù Mỹ,Tỉnh Bình Định,Tỉnh Gia Lai,Xã Phù Mỹ Tây,Xã,21757
Xã Mỹ Tài,Huyện Phù Mỹ,Tỉnh Bình Định,Tỉnh Gia Lai,Xã Phù Mỹ Nam,Xã,21775
Xã Mỹ Đức,Huyện Phù Mỹ,Tỉnh Bình Định,Tỉnh Gia Lai,Xã Phù Mỹ Bắc,Xã,21739
Thị trấn Diêu Trì,Huyện Tuy Phước,Tỉnh Bình Định,Tỉnh Gia Lai,Xã Tuy Phước,Xã,21952
Thị trấn Tuy Phước,Huyện Tuy Phước,Tỉnh Bình Định,Tỉnh Gia Lai,Xã Tuy Phước,Xã,21952
Xã Phước An,Huyện Tuy Phước,Tỉnh Bình Định,Tỉnh Gia Lai,Xã Tuy Phước Tây,Xã,21985
Xã Phước Hiệp,Huyện Tuy Phước,Tỉnh Bình Định,Tỉnh Gia Lai,Xã Tuy Phước Bắc,Xã,21964
Xã Phước Hòa,Huyện Tuy Phước,Tỉnh Bình Định,Tỉnh Gia Lai,Xã Tuy Phước Đông,Xã,21970
Xã Phước Hưng,Huyện Tuy Phước,Tỉnh Bình Định,Tỉnh Gia Lai,Xã Tuy Phước Bắc,Xã,21964
Xã Phước Lộc,Huyện Tuy Phước,Tỉnh Bình Định,Tỉnh Gia Lai,Xã Tuy Phước,Xã,21952
Xã Phước Nghĩa,Huyện Tuy Phước,Tỉnh Bình Định,Tỉnh Gia Lai,Xã Tuy Phước,Xã,21952
Xã Phước Quang,Huyện Tuy Phước,Tỉnh Bình Định,Tỉnh Gia Lai,Xã Tuy Phước Bắc,Xã,21964
Xã Phước Sơn,Huyện Tuy Phước,Tỉnh Bình Định,Tỉnh Gia Lai,Xã Tuy Phước Đông,Xã,21970
Xã Phước Thuận,Huyện Tuy Phước,Tỉnh Bình Định,Tỉnh Gia Lai,Xã Tuy Phước,Xã,21952
Xã Phước Thành,Huyện Tuy Phước,Tỉnh Bình Định,Tỉnh Gia Lai,Xã Tuy Phước Tây,Xã,21985
Xã Phước Thắng,Huyện Tuy Phước,Tỉnh Bình Định,Tỉnh Gia Lai,Xã Tuy Phước Đông,Xã,21970
Thị trấn Phú Phong,Huyện Tây Sơn,Tỉnh Bình Định,Tỉnh Gia Lai,Xã Tây Sơn,Xã,21808
Xã Bình Hòa,Huyện Tây Sơn,Tỉnh Bình Định,Tỉnh Gia Lai,Xã Bình An,Xã,21829
Xã Bình Nghi,Huyện Tây Sơn,Tỉnh Bình Định,Tỉnh Gia Lai,Xã Tây Sơn,Xã,21808
Xã Bình Thuận,Huyện Tây Sơn,Tỉnh Bình Định,Tỉnh Gia Lai,Xã Bình Hiệp,Xã,21817
Xã Bình Thành,Huyện Tây Sơn,Tỉnh Bình Định,Tỉnh Gia Lai,Xã Bình An,Xã,21829
Xã Bình Tân,Huyện Tây Sơn,Tỉnh Bình Định,Tỉnh Gia Lai,Xã Bình Hiệp,Xã,21817
Xã Bình Tường,Huyện Tây Sơn,Tỉnh Bình Định,Tỉnh Gia Lai,Xã Bình Phú,Xã,21835
Xã Tây An,Huyện Tây Sơn,Tỉnh Bình Định,Tỉnh Gia Lai,Xã Bình Hiệp,Xã,21817
Xã Tây Bình,Huyện Tây Sơn,Tỉnh Bình Định,Tỉnh Gia Lai,Xã Bình An,Xã,21829
Xã Tây Giang,Huyện Tây Sơn,Tỉnh Bình Định,Tỉnh Gia Lai,Xã Bình Khê,Xã,21820
Xã Tây Phú,Huyện Tây Sơn,Tỉnh Bình Định,Tỉnh Gia Lai,Xã Bình Phú,Xã,21835
Xã Tây Thuận,Huyện Tây Sơn,Tỉnh Bình Định,Tỉnh Gia Lai,Xã Bình Khê,Xã,21820
Xã Tây Vinh,Huyện Tây Sơn,Tỉnh Bình Định,Tỉnh Gia Lai,Xã Bình An,Xã,21829
Xã Tây Xuân,Huyện Tây Sơn,Tỉnh Bình Định,Tỉnh Gia Lai,Xã Tây Sơn,Xã,21808
Xã Vĩnh An,Huyện Tây Sơn,Tỉnh Bình Định,Tỉnh Gia Lai,Xã Bình Phú,Xã,21835
Thị trấn Vân Canh,Huyện Vân Canh,Tỉnh Bình Định,Tỉnh Gia Lai,Xã Vân Canh,Xã,21994
Xã Canh Hiển,Huyện Vân Canh,Tỉnh Bình Định,Tỉnh Gia Lai,Xã Canh Vinh,Xã,22006
Xã Canh Hiệp,Huyện Vân Canh,Tỉnh Bình Định,Tỉnh Gia Lai,Xã Canh Vinh,Xã,22006
Xã Canh Hiệp,Huyện Vân Canh,Tỉnh Bình Định,Tỉnh Gia Lai,Xã Vân Canh,Xã,21994
Xã Canh Hòa,Huyện Vân Canh,Tỉnh Bình Định,Tỉnh Gia Lai,Xã Vân Canh,Xã,21994
Xã Canh Liên,Huyện Vân Canh,Tỉnh Bình Định,Tỉnh Gia Lai,Xã Canh Liên,Xã,21997
Xã Canh Liên,Huyện Vân Canh,Tỉnh Bình Định,Tỉnh Gia Lai,Xã Canh Vinh,Xã,22006
Xã Canh Thuận,Huyện Vân Canh,Tỉnh Bình Định,Tỉnh Gia Lai,Xã Vân Canh,Xã,21994
Xã Canh Vinh,Huyện Vân Canh,Tỉnh Bình Định,Tỉnh Gia Lai,Xã Canh Vinh,Xã,22006
Thị trấn Vĩnh Thạnh,Huyện Vĩnh Thạnh,Tỉnh Bình Định,Tỉnh Gia Lai,Xã Vĩnh Thạnh,Xã,21786
Xã Vĩnh Hiệp,Huyện Vĩnh Thạnh,Tỉnh Bình Định,Tỉnh Gia Lai,Xã Vĩnh Thịnh,Xã,21796
Xã Vĩnh Hòa,Huyện Vĩnh Thạnh,Tỉnh Bình Định,Tỉnh Gia Lai,Xã Vĩnh Quang,Xã,21805
Xã Vĩnh Hảo,Huyện Vĩnh Thạnh,Tỉnh Bình Định,Tỉnh Gia Lai,Xã Vĩnh Thạnh,Xã,21786
Xã Vĩnh Kim,Huyện Vĩnh Thạnh,Tỉnh Bình Định,Tỉnh Gia Lai,Xã Vĩnh Sơn,Xã,21787
Xã Vĩnh Quang,Huyện Vĩnh Thạnh,Tỉnh Bình Định,Tỉnh Gia Lai,Xã Vĩnh Quang,Xã,21805
Xã Vĩnh Sơn,Huyện Vĩnh Thạnh,Tỉnh Bình Định,Tỉnh Gia Lai,Xã Vĩnh Sơn,Xã,21787
Xã Vĩnh Thuận,Huyện Vĩnh Thạnh,Tỉnh Bình Định,Tỉnh Gia Lai,Xã Vĩnh Quang,Xã,21805
Xã Vĩnh Thịnh,Huyện Vĩnh Thạnh,Tỉnh Bình Định,Tỉnh Gia Lai,Xã Vĩnh Thịnh,Xã,21796
Phường Bùi Thị Xuân,Thành phố Quy Nhơn,Tỉnh Bình Định,Tỉnh Gia Lai,Phường Quy Nhơn Tây,Phường,21589
Phường Ghềnh Ráng,Thành phố Quy Nhơn,Tỉnh Bình Định,Tỉnh Gia Lai,Phường Quy Nhơn Nam,Phường,21592
Phường Hải Cảng,Thành phố Quy Nhơn,Tỉnh Bình Định,Tỉnh Gia Lai,Phường Quy Nhơn,Phường,21583
Phường Nguyễn Văn Cừ,Thành phố Quy Nhơn,Tỉnh Bình Định,Tỉnh Gia Lai,Phường Quy Nhơn Nam,Phường,21592
Phường Ngô Mây,Thành phố Quy Nhơn,Tỉnh Bình Định,Tỉnh Gia Lai,Phường Quy Nhơn Nam,Phường,21592
Phường Nhơn Bình,Thành phố Quy Nhơn,Tỉnh Bình Định,Tỉnh Gia Lai,Phường Quy Nhơn Đông,Phường,21601
Phường Nhơn Phú,Thành phố Quy Nhơn,Tỉnh Bình Định,Tỉnh Gia Lai,Phường Quy Nhơn Bắc,Phường,21553
Phường Quang Trung,Thành phố Quy Nhơn,Tỉnh Bình Định,Tỉnh Gia Lai,Phường Quy Nhơn Nam,Phường,21592
Phường Thị Nại,Thành phố Quy Nhơn,Tỉnh Bình Định,Tỉnh Gia Lai,Phường Quy Nhơn,Phường,21583
Phường Trần Phú,Thành phố Quy Nhơn,Tỉnh Bình Định,Tỉnh Gia Lai,Phường Quy Nhơn,Phường,21583
Phường Trần Quang Diệu,Thành phố Quy Nhơn,Tỉnh Bình Định,Tỉnh Gia Lai,Phường Quy Nhơn Bắc,Phường,21553
Phường Đống Đa,Thành phố Quy Nhơn,Tỉnh Bình Định,Tỉnh Gia Lai,Phường Quy Nhơn,Phường,21583
Xã Nhơn Châu,Thành phố Quy Nhơn,Tỉnh Bình Định,Tỉnh Gia Lai,Xã Nhơn Châu,Xã,21607
Xã Nhơn Hải,Thành phố Quy Nhơn,Tỉnh Bình Định,Tỉnh Gia Lai,Phường Quy Nhơn Đông,Phường,21601
Xã Nhơn Hội,Thành phố Quy Nhơn,Tỉnh Bình Định,Tỉnh Gia Lai,Phường Quy Nhơn Đông,Phường,21601
Xã Nhơn Lý,Thành phố Quy Nhơn,Tỉnh Bình Định,Tỉnh Gia Lai,Phường Quy Nhơn Đông,Phường,21601
Xã Phước Mỹ,Thành phố Quy Nhơn,Tỉnh Bình Định,Tỉnh Gia Lai,Phường Quy Nhơn Tây,Phường,21589
Phường Bình Định,Thị xã An Nhơn,Tỉnh Bình Định,Tỉnh Gia Lai,Phường Bình Định,Phường,21907
Phường Nhơn Hòa,Thị xã An Nhơn,Tỉnh Bình Định,Tỉnh Gia Lai,Phường An Nhơn Nam,Phường,21943
Phường Nhơn Hưng,Thị xã An Nhơn,Tỉnh Bình Định,Tỉnh Gia Lai,Phường An Nhơn Đông,Phường,21934
Phường Nhơn Thành,Thị xã An Nhơn,Tỉnh Bình Định,Tỉnh Gia Lai,Phường An Nhơn Bắc,Phường,21925
Phường Đập Đá,Thị xã An Nhơn,Tỉnh Bình Định,Tỉnh Gia Lai,Phường An Nhơn,Phường,21910
Xã Nhơn An,Thị xã An Nhơn,Tỉnh Bình Định,Tỉnh Gia Lai,Phường An Nhơn Đông,Phường,21934
Xã Nhơn Hạnh,Thị xã An Nhơn,Tỉnh Bình Định,Tỉnh Gia Lai,Phường An Nhơn Bắc,Phường,21925
Xã Nhơn Hậu,Thị xã An Nhơn,Tỉnh Bình Định,Tỉnh Gia Lai,Phường An Nhơn,Phường,21910
Xã Nhơn Khánh,Thị xã An Nhơn,Tỉnh Bình Định,Tỉnh Gia Lai,Phường Bình Định,Phường,21907
Xã Nhơn Lộc,Thị xã An Nhơn,Tỉnh Bình Định,Tỉnh Gia Lai,Xã An Nhơn Tây,Xã,21940
Xã Nhơn Mỹ,Thị xã An Nhơn,Tỉnh Bình Định,Tỉnh Gia Lai,Phường An Nhơn,Phường,21910
Xã Nhơn Phong,Thị xã An Nhơn,Tỉnh Bình Định,Tỉnh Gia Lai,Phường An Nhơn Bắc,Phường,21925
Xã Nhơn Phúc,Thị xã An Nhơn,Tỉnh Bình Định,Tỉnh Gia Lai,Phường Bình Định,Phường,21907
Xã Nhơn Thọ,Thị xã An Nhơn,Tỉnh Bình Định,Tỉnh Gia Lai,Phường An Nhơn Nam,Phường,21943
Xã Nhơn Tân,Thị xã An Nhơn,Tỉnh Bình Định,Tỉnh Gia Lai,Xã An Nhơn Tây,Xã,21940
Phường Bồng Sơn,Thị xã Hoài Nhơn,Tỉnh Bình Định,Tỉnh Gia Lai,Phường Bồng Sơn,Phường,21640
Phường Hoài Hương,Thị xã Hoài Nhơn,Tỉnh Bình Định,Tỉnh Gia Lai,Phường Hoài Nhơn Đông,Phường,21670
Phường Hoài Hảo,Thị xã Hoài Nhơn,Tỉnh Bình Định,Tỉnh Gia Lai,Phường Hoài Nhơn Tây,Phường,21661
Phường Hoài Thanh,Thị xã Hoài Nhơn,Tỉnh Bình Định,Tỉnh Gia Lai,Phường Hoài Nhơn,Phường,21664
Phường Hoài Thanh Tây,Thị xã Hoài Nhơn,Tỉnh Bình Định,Tỉnh Gia Lai,Phường Hoài Nhơn,Phường,21664
Phường Hoài Tân,Thị xã Hoài Nhơn,Tỉnh Bình Định,Tỉnh Gia Lai,Phường Hoài Nhơn Nam,Phường,21673
Phường Hoài Xuân,Thị xã Hoài Nhơn,Tỉnh Bình Định,Tỉnh Gia Lai,Phường Hoài Nhơn Nam,Phường,21673
Phường Hoài Đức,Thị xã Hoài Nhơn,Tỉnh Bình Định,Tỉnh Gia Lai,Phường Bồng Sơn,Phường,21640
Phường Tam Quan,Thị xã Hoài Nhơn,Tỉnh Bình Định,Tỉnh Gia Lai,Phường Tam Quan,Phường,21637
Phường Tam Quan Bắc,Thị xã Hoài Nhơn,Tỉnh Bình Định,Tỉnh Gia Lai,Phường Hoài Nhơn Bắc,Phường,21655
Phường Tam Quan Nam,Thị xã Hoài Nhơn,Tỉnh Bình Định,Tỉnh Gia Lai,Phường Hoài Nhơn,Phường,21664
Xã Hoài Châu,Thị xã Hoài Nhơn,Tỉnh Bình Định,Tỉnh Gia Lai,Phường Tam Quan,Phường,21637
Xã Hoài Châu Bắc,Thị xã Hoài Nhơn,Tỉnh Bình Định,Tỉnh Gia Lai,Phường Hoài Nhơn Bắc,Phường,21655
Xã Hoài Hải,Thị xã Hoài Nhơn,Tỉnh Bình Định,Tỉnh Gia Lai,Phường Hoài Nhơn Đông,Phường,21670
Xã Hoài Mỹ,Thị xã Hoài Nhơn,Tỉnh Bình Định,Tỉnh Gia Lai,Phường Hoài Nhơn Đông,Phường,21670
Xã Hoài Phú,Thị xã Hoài Nhơn,Tỉnh Bình Định,Tỉnh Gia Lai,Phường Hoài Nhơn Tây,Phường,21661
Xã Hoài Sơn,Thị xã Hoài Nhơn,Tỉnh Bình Định,Tỉnh Gia Lai,Phường Hoài Nhơn Bắc,Phường,21655
Thị trấn Chư Prông,Huyện Chư Prông,Tỉnh Gia Lai,Tỉnh Gia Lai,Xã Chư Prông,Xã,23887
Xã Bàu Cạn,Huyện Chư Prông,Tỉnh Gia Lai,Tỉnh Gia Lai,Xã Bàu Cạn,Xã,23896
Xã Bình Giáo,Huyện Chư Prông,Tỉnh Gia Lai,Tỉnh Gia Lai,Xã Bàu Cạn,Xã,23896
Xã Ia Bang,Huyện Chư Prông,Tỉnh Gia Lai,Tỉnh Gia Lai,Xã Ia Tôr,Xã,23908
Xã Ia Boòng,Huyện Chư Prông,Tỉnh Gia Lai,Tỉnh Gia Lai,Xã Ia Boòng,Xã,23911
Xã Ia Băng,Huyện Chư Prông,Tỉnh Gia Lai,Tỉnh Gia Lai,Xã Ia Tôr,Xã,23908
Xã Ia Drăng,Huyện Chư Prông,Tỉnh Gia Lai,Tỉnh Gia Lai,Xã Chư Prông,Xã,23887
Xã Ia Ga,Huyện Chư Prông,Tỉnh Gia Lai,Tỉnh Gia Lai,Xã Ia Pia,Xã,23926
Xã Ia Kly,Huyện Chư Prông,Tỉnh Gia Lai,Tỉnh Gia Lai,Xã Chư Prông,Xã,23887
Xã Ia Lâu,Huyện Chư Prông,Tỉnh Gia Lai,Tỉnh Gia Lai,Xã Ia Lâu,Xã,23935
Xã Ia Me,Huyện Chư Prông,Tỉnh Gia Lai,Tỉnh Gia Lai,Xã Ia Boòng,Xã,23911
Xã Ia Mơ,Huyện Chư Prông,Tỉnh Gia Lai,Tỉnh Gia Lai,Xã Ia Mơ,Xã,23938
Xã Ia O,Huyện Chư Prông,Tỉnh Gia Lai,Tỉnh Gia Lai,Xã Ia Boòng,Xã,23911
Xã Ia Phìn,Huyện Chư Prông,Tỉnh Gia Lai,Tỉnh Gia Lai,Xã Chư Prông,Xã,23887
Xã Ia Pia,Huyện Chư Prông,Tỉnh Gia Lai,Tỉnh Gia Lai,Xã Ia Pia,Xã,23926
Xã Ia Piơr,Huyện Chư Prông,Tỉnh Gia Lai,Tỉnh Gia Lai,Xã Ia Lâu,Xã,23935
Xã Ia Púch,Huyện Chư Prông,Tỉnh Gia Lai,Tỉnh Gia Lai,Xã Ia Púch,Xã,23917
Xã Ia Tôr,Huyện Chư Prông,Tỉnh Gia Lai,Tỉnh Gia Lai,Xã Ia Tôr,Xã,23908
Xã Ia Vê,Huyện Chư Prông,Tỉnh Gia Lai,Tỉnh Gia Lai,Xã Ia Pia,Xã,23926
Xã Thăng Hưng,Huyện Chư Prông,Tỉnh Gia Lai,Tỉnh Gia Lai,Xã Bàu Cạn,Xã,23896
Thị trấn Ia Ly,Huyện Chư Păh,Tỉnh Gia Lai,Tỉnh Gia Lai,Xã Ia Ly,Xã,23734
Thị trấn Phú Hòa,Huyện Chư Păh,Tỉnh Gia Lai,Tỉnh Gia Lai,Xã Chư Păh,Xã,23722
Xã Chư Đang Ya,Huyện Chư Păh,Tỉnh Gia Lai,Tỉnh Gia Lai,Xã Biển Hồ,Xã,23590
Xã Hà Tây,Huyện Chư Păh,Tỉnh Gia Lai,Tỉnh Gia Lai,Xã Ia Khươl,Xã,23728
Xã Hòa Phú,Huyện Chư Păh,Tỉnh Gia Lai,Tỉnh Gia Lai,Xã Chư Păh,Xã,23722
Xã Ia Ka,Huyện Chư Păh,Tỉnh Gia Lai,Tỉnh Gia Lai,Xã Ia Phí,Xã,23749
Xã Ia Khươl,Huyện Chư Păh,Tỉnh Gia Lai,Tỉnh Gia Lai,Xã Ia Khươl,Xã,23728
Xã Ia Kreng,Huyện Chư Păh,Tỉnh Gia Lai,Tỉnh Gia Lai,Xã Ia Ly,Xã,23734
Xã Ia Mơ Nông,Huyện Chư Păh,Tỉnh Gia Lai,Tỉnh Gia Lai,Xã Ia Ly,Xã,23734
Xã Ia Nhin,Huyện Chư Păh,Tỉnh Gia Lai,Tỉnh Gia Lai,Xã Ia Phí,Xã,23749
Xã Ia Phí,Huyện Chư Păh,Tỉnh Gia Lai,Tỉnh Gia Lai,Xã Ia Phí,Xã,23749
Xã Nghĩa Hòa,Huyện Chư Păh,Tỉnh Gia Lai,Tỉnh Gia Lai,Xã Chư Păh,Xã,23722
Xã Nghĩa Hưng,Huyện Chư Păh,Tỉnh Gia Lai,Tỉnh Gia Lai,Xã Biển Hồ,Xã,23590
Xã Đăk Tơ Ver,Huyện Chư Păh,Tỉnh Gia Lai,Tỉnh Gia Lai,Xã Ia Khươl,Xã,23728
Thị trấn Nhơn Hòa,Huyện Chư Pưh,Tỉnh Gia Lai,Tỉnh Gia Lai,Xã Chư Pưh,Xã,23942
Xã Chư Don,Huyện Chư Pưh,Tỉnh Gia Lai,Tỉnh Gia Lai,Xã Chư Pưh,Xã,23942
Xã Ia BLứ,Huyện Chư Pưh,Tỉnh Gia Lai,Tỉnh Gia Lai,Xã Ia Le,Xã,23986
Xã Ia Dreng,Huyện Chư Pưh,Tỉnh Gia Lai,Tỉnh Gia Lai,Xã Ia Hrú,Xã,23971
Xã Ia Hla,Huyện Chư Pưh,Tỉnh Gia Lai,Tỉnh Gia Lai,Xã Ia Ko,Xã,23977
Xã Ia Hrú,Huyện Chư Pưh,Tỉnh Gia Lai,Tỉnh Gia Lai,Xã Ia Hrú,Xã,23971
Xã Ia Le,Huyện Chư Pưh,Tỉnh Gia Lai,Tỉnh Gia Lai,Xã Ia Le,Xã,23986
Xã Ia Phang,Huyện Chư Pưh,Tỉnh Gia Lai,Tỉnh Gia Lai,Xã Chư Pưh,Xã,23942
Xã Ia Rong,Huyện Chư Pưh,Tỉnh Gia Lai,Tỉnh Gia Lai,Xã Ia Hrú,Xã,23971
Thị trấn Chư Sê,Huyện Chư Sê,Tỉnh Gia Lai,Tỉnh Gia Lai,Xã Chư Sê,Xã,23941
Xã AL Bá,Huyện Chư Sê,Tỉnh Gia Lai,Tỉnh Gia Lai,Xã Al Bá,Xã,23954
Xã AYun,Huyện Chư Sê,Tỉnh Gia Lai,Tỉnh Gia Lai,Xã Al Bá,Xã,23954
Xã Bar Măih,Huyện Chư Sê,Tỉnh Gia Lai,Tỉnh Gia Lai,Xã Bờ Ngoong,Xã,23947
Xã Bờ Ngoong,Huyện Chư Sê,Tỉnh Gia Lai,Tỉnh Gia Lai,Xã Bờ Ngoong,Xã,23947
Xã Chư Pơng,Huyện Chư Sê,Tỉnh Gia Lai,Tỉnh Gia Lai,Xã Bờ Ngoong,Xã,23947
Xã Dun,Huyện Chư Sê,Tỉnh Gia Lai,Tỉnh Gia Lai,Xã Chư Sê,Xã,23941
Xã HBông,Huyện Chư Sê,Tỉnh Gia Lai,Tỉnh Gia Lai,Xã Ia Hrú,Xã,23971
Xã Ia Blang,Huyện Chư Sê,Tỉnh Gia Lai,Tỉnh Gia Lai,Xã Chư Sê,Xã,23941
Xã Ia Glai,Huyện Chư Sê,Tỉnh Gia Lai,Tỉnh Gia Lai,Xã Chư Sê,Xã,23941
Xã Ia HLốp,Huyện Chư Sê,Tỉnh Gia Lai,Tỉnh Gia Lai,Xã Ia Ko,Xã,23977
Xã Ia Ko,Huyện Chư Sê,Tỉnh Gia Lai,Tỉnh Gia Lai,Xã Ia Ko,Xã,23977
Xã Ia Pal,Huyện Chư Sê,Tỉnh Gia Lai,Tỉnh Gia Lai,Xã Chư Sê,Xã,23941
Xã Ia Tiêm,Huyện Chư Sê,Tỉnh Gia Lai,Tỉnh Gia Lai,Xã Bờ Ngoong,Xã,23947
Xã Kông HTok,Huyện Chư Sê,Tỉnh Gia Lai,Tỉnh Gia Lai,Xã Al Bá,Xã,23954
Thị trấn Ia Kha,Huyện Ia Grai,Tỉnh Gia Lai,Tỉnh Gia Lai,Xã Ia Grai,Xã,23764
Xã Ia Bă,Huyện Ia Grai,Tỉnh Gia Lai,Tỉnh Gia Lai,Xã Ia Grai,Xã,23764
Xã Ia Chia,Huyện Ia Grai,Tỉnh Gia Lai,Tỉnh Gia Lai,Xã Ia Chia,Xã,23788
Xã Ia Dêr,Huyện Ia Grai,Tỉnh Gia Lai,Tỉnh Gia Lai,Xã Ia Hrung,Xã,23767
Xã Ia Grăng,Huyện Ia Grai,Tỉnh Gia Lai,Tỉnh Gia Lai,Xã Ia Grai,Xã,23764
Xã Ia Hrung,Huyện Ia Grai,Tỉnh Gia Lai,Tỉnh Gia Lai,Xã Ia Hrung,Xã,23767
Xã Ia Khai,Huyện Ia Grai,Tỉnh Gia Lai,Tỉnh Gia Lai,Xã Ia Krái,Xã,23776
Xã Ia Krăi,Huyện Ia Grai,Tỉnh Gia Lai,Tỉnh Gia Lai,Xã Ia Krái,Xã,23776
Xã Ia O,Huyện Ia Grai,Tỉnh Gia Lai,Tỉnh Gia Lai,Xã Ia O,Xã,23782
Xã Ia Pếch,Huyện Ia Grai,Tỉnh Gia Lai,Tỉnh Gia Lai,Xã Gào,Xã,23611
Xã Ia Sao,Huyện Ia Grai,Tỉnh Gia Lai,Tỉnh Gia Lai,Xã Ia Hrung,Xã,23767
Xã Ia Tô,Huyện Ia Grai,Tỉnh Gia Lai,Tỉnh Gia Lai,Xã Ia Krái,Xã,23776
Xã Ia Yok,Huyện Ia Grai,Tỉnh Gia Lai,Tỉnh Gia Lai,Xã Ia Hrung,Xã,23767
Xã Chư Mố,Huyện Ia Pa,Tỉnh Gia Lai,Tỉnh Gia Lai,Xã Ia Tul,Xã,24028
Xã Chư Răng,Huyện Ia Pa,Tỉnh Gia Lai,Tỉnh Gia Lai,Xã Pờ Tó,Xã,24013
Xã Ia Broăi,Huyện Ia Pa,Tỉnh Gia Lai,Tỉnh Gia Lai,Xã Ia Tul,Xã,24028
Xã Ia KDăm,Huyện Ia Pa,Tỉnh Gia Lai,Tỉnh Gia Lai,Xã Ia Tul,Xã,24028
Xã Ia Mrơn,Huyện Ia Pa,Tỉnh Gia Lai,Tỉnh Gia Lai,Xã Ia Pa,Xã,24022
Xã Ia Trok,Huyện Ia Pa,Tỉnh Gia Lai,Tỉnh Gia Lai,Xã Ia Pa,Xã,24022
Xã Ia Tul,Huyện Ia Pa,Tỉnh Gia Lai,Tỉnh Gia Lai,Xã Ia Tul,Xã,24028
Xã Kim Tân,Huyện Ia Pa,Tỉnh Gia Lai,Tỉnh Gia Lai,Xã Ia Pa,Xã,24022
Xã Pờ Tó,Huyện Ia Pa,Tỉnh Gia Lai,Tỉnh Gia Lai,Xã Pờ Tó,Xã,24013
Thị trấn KBang,Huyện KBang,Tỉnh Gia Lai,Tỉnh Gia Lai,Xã Kbang,Xã,23638
Xã KRong,Huyện KBang,Tỉnh Gia Lai,Tỉnh Gia Lai,Xã Krong,Xã,23650
Xã Kon Pne,Huyện KBang,Tỉnh Gia Lai,Tỉnh Gia Lai,Xã Đak Rong,Xã,23644
Xã Kông Bơ La,Huyện KBang,Tỉnh Gia Lai,Tỉnh Gia Lai,Xã Kông Bơ La,Xã,23674
Xã Kông Lơng Khơng,Huyện KBang,Tỉnh Gia Lai,Tỉnh Gia Lai,Xã Tơ Tung,Xã,23668
Xã Lơ Ku,Huyện KBang,Tỉnh Gia Lai,Tỉnh Gia Lai,Xã Kbang,Xã,23638
Xã Nghĩa An,Huyện KBang,Tỉnh Gia Lai,Tỉnh Gia Lai,Xã Kông Bơ La,Xã,23674
Xã Sơ Pai,Huyện KBang,Tỉnh Gia Lai,Tỉnh Gia Lai,Xã Sơn Lang,Xã,23647
Xã Sơn Lang,Huyện KBang,Tỉnh Gia Lai,Tỉnh Gia Lai,Xã Sơn Lang,Xã,23647
Xã Tơ Tung,Huyện KBang,Tỉnh Gia Lai,Tỉnh Gia Lai,Xã Tơ Tung,Xã,23668
Xã Đak SMar,Huyện KBang,Tỉnh Gia Lai,Tỉnh Gia Lai,Xã Kbang,Xã,23638
Xã Đông,Huyện KBang,Tỉnh Gia Lai,Tỉnh Gia Lai,Xã Kông Bơ La,Xã,23674
Xã Đăk Rong,Huyện KBang,Tỉnh Gia Lai,Tỉnh Gia Lai,Xã Đak Rong,Xã,23644
Thị trấn Phú Túc,Huyện Krông Pa,Tỉnh Gia Lai,Tỉnh Gia Lai,Xã Phú Túc,Xã,24076
Xã Chư Drăng,Huyện Krông Pa,Tỉnh Gia Lai,Tỉnh Gia Lai,Xã Uar,Xã,24109
Xã Chư Gu,Huyện Krông Pa,Tỉnh Gia Lai,Tỉnh Gia Lai,Xã Ia Rsai,Xã,24112
Xã Chư Ngọc,Huyện Krông Pa,Tỉnh Gia Lai,Tỉnh Gia Lai,Xã Phú Túc,Xã,24076
Xã Chư Rcăm,Huyện Krông Pa,Tỉnh Gia Lai,Tỉnh Gia Lai,Xã Ia Rsai,Xã,24112
Xã Ia HDreh,Huyện Krông Pa,Tỉnh Gia Lai,Tỉnh Gia Lai,Xã Ia Dreh,Xã,24100
Xã Ia Mlăh,Huyện Krông Pa,Tỉnh Gia Lai,Tỉnh Gia Lai,Xã Phú Túc,Xã,24076
Xã Ia RMok,Huyện Krông Pa,Tỉnh Gia Lai,Tỉnh Gia Lai,Xã Ia Dreh,Xã,24100
Xã Ia RSai,Huyện Krông Pa,Tỉnh Gia Lai,Tỉnh Gia Lai,Xã Ia Rsai,Xã,24112
Xã Ia RSươm,Huyện Krông Pa,Tỉnh Gia Lai,Tỉnh Gia Lai,Xã Uar,Xã,24109
Xã Krông Năng,Huyện Krông Pa,Tỉnh Gia Lai,Tỉnh Gia Lai,Xã Ia Dreh,Xã,24100
Xã Phú Cần,Huyện Krông Pa,Tỉnh Gia Lai,Tỉnh Gia Lai,Xã Phú Túc,Xã,24076
Xã Uar,Huyện Krông Pa,Tỉnh Gia Lai,Tỉnh Gia Lai,Xã Uar,Xã,24109
Xã Đất Bằng,Huyện Krông Pa,Tỉnh Gia Lai,Tỉnh Gia Lai,Xã Phú Túc,Xã,24076
Thị trấn Kông Chro,Huyện Kông Chro,Tỉnh Gia Lai,Tỉnh Gia Lai,Xã Kông Chro,Xã,23824
Xã An Trung,Huyện Kông Chro,Tỉnh Gia Lai,Tỉnh Gia Lai,Xã Chư Krey,Xã,23830
Xã Chơ Long,Huyện Kông Chro,Tỉnh Gia Lai,Tỉnh Gia Lai,Xã Chơ Long,Xã,23851
Xã Chư Krey,Huyện Kông Chro,Tỉnh Gia Lai,Tỉnh Gia Lai,Xã Chư Krey,Xã,23830
Xã Kông Yang,Huyện Kông Chro,Tỉnh Gia Lai,Tỉnh Gia Lai,Xã Ya Ma,Xã,23833
Xã SRó,Huyện Kông Chro,Tỉnh Gia Lai,Tỉnh Gia Lai,Xã SRó,Xã,23839
Xã Ya Ma,Huyện Kông Chro,Tỉnh Gia Lai,Tỉnh Gia Lai,Xã Ya Ma,Xã,23833
Xã Yang Nam,Huyện Kông Chro,Tỉnh Gia Lai,Tỉnh Gia Lai,Xã Kông Chro,Xã,23824
Xã Yang Trung,Huyện Kông Chro,Tỉnh Gia Lai,Tỉnh Gia Lai,Xã Kông Chro,Xã,23824
Xã Đăk Kơ Ning,Huyện Kông Chro,Tỉnh Gia Lai,Tỉnh Gia Lai,Xã SRó,Xã,23839
Xã Đăk Pling,Huyện Kông Chro,Tỉnh Gia Lai,Tỉnh Gia Lai,Xã Đăk Song,Xã,23842
Xã Đăk Pơ Pho,Huyện Kông Chro,Tỉnh Gia Lai,Tỉnh Gia Lai,Xã Chơ Long,Xã,23851
Xã Đăk Song,Huyện Kông Chro,Tỉnh Gia Lai,Tỉnh Gia Lai,Xã Đăk Song,Xã,23842
Xã Đăk Tơ Pang,Huyện Kông Chro,Tỉnh Gia Lai,Tỉnh Gia Lai,Xã Ya Ma,Xã,23833
Thị trấn Kon Dơng,Huyện Mang Yang,Tỉnh Gia Lai,Tỉnh Gia Lai,Xã Mang Yang,Xã,23794
Xã Ayun,Huyện Mang Yang,Tỉnh Gia Lai,Tỉnh Gia Lai,Xã Ayun,Xã,23798
Xã Hra,Huyện Mang Yang,Tỉnh Gia Lai,Tỉnh Gia Lai,Xã Hra,Xã,23799
Xã Kon Chiêng,Huyện Mang Yang,Tỉnh Gia Lai,Tỉnh Gia Lai,Xã Kon Chiêng,Xã,23818
Xã Kon Thụp,Huyện Mang Yang,Tỉnh Gia Lai,Tỉnh Gia Lai,Xã Lơ Pang,Xã,23812
Xã Lơ Pang,Huyện Mang Yang,Tỉnh Gia Lai,Tỉnh Gia Lai,Xã Lơ Pang,Xã,23812
Xã Đak Djrăng,Huyện Mang Yang,Tỉnh Gia Lai,Tỉnh Gia Lai,Xã Mang Yang,Xã,23794
Xã Đak Jơ Ta,Huyện Mang Yang,Tỉnh Gia Lai,Tỉnh Gia Lai,Xã Ayun,Xã,23798
Xã Đak Ta Ley,Huyện Mang Yang,Tỉnh Gia Lai,Tỉnh Gia Lai,Xã Hra,Xã,23799
Xã Đê Ar,Huyện Mang Yang,Tỉnh Gia Lai,Tỉnh Gia Lai,Xã Lơ Pang,Xã,23812
Xã Đăk Trôi,Huyện Mang Yang,Tỉnh Gia Lai,Tỉnh Gia Lai,Xã Kon Chiêng,Xã,23818
Xã Đăk Yă,Huyện Mang Yang,Tỉnh Gia Lai,Tỉnh Gia Lai,Xã Mang Yang,Xã,23794
Thị trấn Phú Thiện,Huyện Phú Thiện,Tỉnh Gia Lai,Tỉnh Gia Lai,Xã Phú Thiện,Xã,24043
Xã Ayun Hạ,Huyện Phú Thiện,Tỉnh Gia Lai,Tỉnh Gia Lai,Xã Chư A Thai,Xã,24049
Xã Chrôh Pơnan,Huyện Phú Thiện,Tỉnh Gia Lai,Tỉnh Gia Lai,Xã Ia Hiao,Xã,24061
Xã Chư A Thai,Huyện Phú Thiện,Tỉnh Gia Lai,Tỉnh Gia Lai,Xã Chư A Thai,Xã,24049
Xã Ia Ake,Huyện Phú Thiện,Tỉnh Gia Lai,Tỉnh Gia Lai,Xã Chư A Thai,Xã,24049
Xã Ia Hiao,Huyện Phú Thiện,Tỉnh Gia Lai,Tỉnh Gia Lai,Xã Ia Hiao,Xã,24061
Xã Ia Peng,Huyện Phú Thiện,Tỉnh Gia Lai,Tỉnh Gia Lai,Xã Ia Hiao,Xã,24061
Xã Ia Piar,Huyện Phú Thiện,Tỉnh Gia Lai,Tỉnh Gia Lai,Xã Phú Thiện,Xã,24043
Xã Ia Sol,Huyện Phú Thiện,Tỉnh Gia Lai,Tỉnh Gia Lai,Xã Phú Thiện,Xã,24043
Xã Ia Yeng,Huyện Phú Thiện,Tỉnh Gia Lai,Tỉnh Gia Lai,Xã Phú Thiện,Xã,24043
Thị trấn Đak Đoa,Huyện Đak Đoa,Tỉnh Gia Lai,Tỉnh Gia Lai,Xã Đak Đoa,Xã,23677
Xã A Dơk,Huyện Đak Đoa,Tỉnh Gia Lai,Tỉnh Gia Lai,Xã Ia Băng,Xã,23710
Xã Glar,Huyện Đak Đoa,Tỉnh Gia Lai,Tỉnh Gia Lai,Xã Đak Đoa,Xã,23677
Xã HNol,Huyện Đak Đoa,Tỉnh Gia Lai,Tỉnh Gia Lai,Xã KDang,Xã,23714
Xã Hneng,Huyện Đak Đoa,Tỉnh Gia Lai,Tỉnh Gia Lai,Xã Kon Gang,Xã,23701
Xã Hà Bầu,Huyện Đak Đoa,Tỉnh Gia Lai,Tỉnh Gia Lai,Xã Biển Hồ,Xã,23590
Xã Hà Đông,Huyện Đak Đoa,Tỉnh Gia Lai,Tỉnh Gia Lai,Xã Đak Sơmei,Xã,23683
Xã Hải Yang,Huyện Đak Đoa,Tỉnh Gia Lai,Tỉnh Gia Lai,Xã Mang Yang,Xã,23794
Xã Ia Băng,Huyện Đak Đoa,Tỉnh Gia Lai,Tỉnh Gia Lai,Xã Ia Băng,Xã,23710
Xã Ia Pết,Huyện Đak Đoa,Tỉnh Gia Lai,Tỉnh Gia Lai,Xã Ia Băng,Xã,23710
Xã KDang,Huyện Đak Đoa,Tỉnh Gia Lai,Tỉnh Gia Lai,Xã KDang,Xã,23714
Xã Kon Gang,Huyện Đak Đoa,Tỉnh Gia Lai,Tỉnh Gia Lai,Xã Kon Gang,Xã,23701
Xã Nam Yang,Huyện Đak Đoa,Tỉnh Gia Lai,Tỉnh Gia Lai,Xã Kon Gang,Xã,23701
Xã Trang,Huyện Đak Đoa,Tỉnh Gia Lai,Tỉnh Gia Lai,Xã KDang,Xã,23714
Xã Tân Bình,Huyện Đak Đoa,Tỉnh Gia Lai,Tỉnh Gia Lai,Xã Đak Đoa,Xã,23677
Xã Đak Krong,Huyện Đak Đoa,Tỉnh Gia Lai,Tỉnh Gia Lai,Xã Kon Gang,Xã,23701
Xã Đak Sơmei,Huyện Đak Đoa,Tỉnh Gia Lai,Tỉnh Gia Lai,Xã Đak Sơmei,Xã,23683
Thị trấn Đak Pơ,Huyện Đăk Pơ,Tỉnh Gia Lai,Tỉnh Gia Lai,Xã Đak Pơ,Xã,23995
Xã An Thành,Huyện Đăk Pơ,Tỉnh Gia Lai,Tỉnh Gia Lai,Xã Đak Pơ,Xã,23995
Xã Cư An,Huyện Đăk Pơ,Tỉnh Gia Lai,Tỉnh Gia Lai,Phường An Bình,Phường,23614
Xã Hà Tam,Huyện Đăk Pơ,Tỉnh Gia Lai,Tỉnh Gia Lai,Xã Đak Pơ,Xã,23995
Xã Phú An,Huyện Đăk Pơ,Tỉnh Gia Lai,Tỉnh Gia Lai,Xã Ya Hội,Xã,24007
Xã Tân An,Huyện Đăk Pơ,Tỉnh Gia Lai,Tỉnh Gia Lai,Phường An Bình,Phường,23614
Xã Ya Hội,Huyện Đăk Pơ,Tỉnh Gia Lai,Tỉnh Gia Lai,Xã Ya Hội,Xã,24007
Xã Yang Bắc,Huyện Đăk Pơ,Tỉnh Gia Lai,Tỉnh Gia Lai,Xã Đak Pơ,Xã,23995
Thị trấn Chư Ty,Huyện Đức Cơ,Tỉnh Gia Lai,Tỉnh Gia Lai,Xã Đức Cơ,Xã,23857
Xã Ia Din,Huyện Đức Cơ,Tỉnh Gia Lai,Tỉnh Gia Lai,Xã Ia Krêl,Xã,23866
Xã Ia Dom,Huyện Đức Cơ,Tỉnh Gia Lai,Tỉnh Gia Lai,Xã Ia Dom,Xã,23872
Xã Ia Dơk,Huyện Đức Cơ,Tỉnh Gia Lai,Tỉnh Gia Lai,Xã Ia Dơk,Xã,23869
Xã Ia Kla,Huyện Đức Cơ,Tỉnh Gia Lai,Tỉnh Gia Lai,Xã Ia Dơk,Xã,23869
Xã Ia Kriêng,Huyện Đức Cơ,Tỉnh Gia Lai,Tỉnh Gia Lai,Xã Đức Cơ,Xã,23857
Xã Ia Krêl,Huyện Đức Cơ,Tỉnh Gia Lai,Tỉnh Gia Lai,Xã Ia Krêl,Xã,23866
Xã Ia Lang,Huyện Đức Cơ,Tỉnh Gia Lai,Tỉnh Gia Lai,Xã Ia Krêl,Xã,23866
Xã Ia Nan,Huyện Đức Cơ,Tỉnh Gia Lai,Tỉnh Gia Lai,Xã Ia Nan,Xã,23884
Xã Ia Pnôn,Huyện Đức Cơ,Tỉnh Gia Lai,Tỉnh Gia Lai,Xã Ia Pnôn,Xã,23881
Phường Chi Lăng,Thành phố Pleiku,Tỉnh Gia Lai,Tỉnh Gia Lai,Phường Hội Phú,Phường,23586
Phường Diên Hồng,Thành phố Pleiku,Tỉnh Gia Lai,Tỉnh Gia Lai,Phường Diên Hồng,Phường,23563
Phường Hoa Lư,Thành phố Pleiku,Tỉnh Gia Lai,Tỉnh Gia Lai,Phường Pleiku,Phường,23575
Phường Hội Phú,Thành phố Pleiku,Tỉnh Gia Lai,Tỉnh Gia Lai,Phường Hội Phú,Phường,23586
Phường Hội Thương,Thành phố Pleiku,Tỉnh Gia Lai,Tỉnh Gia Lai,Phường Pleiku,Phường,23575
Phường Ia Kring,Thành phố Pleiku,Tỉnh Gia Lai,Tỉnh Gia Lai,Phường Diên Hồng,Phường,23563
Phường Phù Đổng,Thành phố Pleiku,Tỉnh Gia Lai,Tỉnh Gia Lai,Phường Pleiku,Phường,23575
Phường Thắng Lợi,Thành phố Pleiku,Tỉnh Gia Lai,Tỉnh Gia Lai,Phường An Phú,Phường,23602
Phường Thống Nhất,Thành phố Pleiku,Tỉnh Gia Lai,Tỉnh Gia Lai,Phường Thống Nhất,Phường,23584
Phường Trà Bá,Thành phố Pleiku,Tỉnh Gia Lai,Tỉnh Gia Lai,Phường Hội Phú,Phường,23586
Phường Tây Sơn,Thành phố Pleiku,Tỉnh Gia Lai,Tỉnh Gia Lai,Phường Pleiku,Phường,23575
Phường Yên Thế,Thành phố Pleiku,Tỉnh Gia Lai,Tỉnh Gia Lai,Phường Thống Nhất,Phường,23584
Phường Yên Đỗ,Thành phố Pleiku,Tỉnh Gia Lai,Tỉnh Gia Lai,Phường Diên Hồng,Phường,23563
Phường Đống Đa,Thành phố Pleiku,Tỉnh Gia Lai,Tỉnh Gia Lai,Phường Thống Nhất,Phường,23584
Xã An Phú,Thành phố Pleiku,Tỉnh Gia Lai,Tỉnh Gia Lai,Phường An Phú,Phường,23602
Xã Biển Hồ,Thành phố Pleiku,Tỉnh Gia Lai,Tỉnh Gia Lai,Xã Biển Hồ,Xã,23590
Xã Chư Á,Thành phố Pleiku,Tỉnh Gia Lai,Tỉnh Gia Lai,Phường An Phú,Phường,23602
Xã Diên Phú,Thành phố Pleiku,Tỉnh Gia Lai,Tỉnh Gia Lai,Phường Diên Hồng,Phường,23563
Xã Gào,Thành phố Pleiku,Tỉnh Gia Lai,Tỉnh Gia Lai,Xã Gào,Xã,23611
Xã Ia Kênh,Thành phố Pleiku,Tỉnh Gia Lai,Tỉnh Gia Lai,Xã Gào,Xã,23611
Xã Trà Đa,Thành phố Pleiku,Tỉnh Gia Lai,Tỉnh Gia Lai,Phường Pleiku,Phường,23575
Phường An Bình,Thị xã An Khê,Tỉnh Gia Lai,Tỉnh Gia Lai,Phường An Bình,Phường,23614
Phường An Phú,Thị xã An Khê,Tỉnh Gia Lai,Tỉnh Gia Lai,Phường An Khê,Phường,23617
Phường An Phước,Thị xã An Khê,Tỉnh Gia Lai,Tỉnh Gia Lai,Phường An Khê,Phường,23617
Phường An Tân,Thị xã An Khê,Tỉnh Gia Lai,Tỉnh Gia Lai,Phường An Khê,Phường,23617
Phường Ngô Mây,Thị xã An Khê,Tỉnh Gia Lai,Tỉnh Gia Lai,Phường An Khê,Phường,23617
Phường Tây Sơn,Thị xã An Khê,Tỉnh Gia Lai,Tỉnh Gia Lai,Phường An Khê,Phường,23617
Xã Cửu An,Thị xã An Khê,Tỉnh Gia Lai,Tỉnh Gia Lai,Xã Cửu An,Xã,23629
Xã Song An,Thị xã An Khê,Tỉnh Gia Lai,Tỉnh Gia Lai,Xã Cửu An,Xã,23629
Xã Thành An,Thị xã An Khê,Tỉnh Gia Lai,Tỉnh Gia Lai,Phường An Khê,Phường,23617
Xã Tú An,Thị xã An Khê,Tỉnh Gia Lai,Tỉnh Gia Lai,Xã Cửu An,Xã,23629
Xã Xuân An,Thị xã An Khê,Tỉnh Gia Lai,Tỉnh Gia Lai,Xã Cửu An,Xã,23629
Phường Cheo Reo,Thị xã Ayun Pa,Tỉnh Gia Lai,Tỉnh Gia Lai,Phường Ayun Pa,Phường,24044
Phường Hòa Bình,Thị xã Ayun Pa,Tỉnh Gia Lai,Tỉnh Gia Lai,Phường Ayun Pa,Phường,24044
Phường Sông Bờ,Thị xã Ayun Pa,Tỉnh Gia Lai,Tỉnh Gia Lai,Phường Ayun Pa,Phường,24044
Phường Đoàn Kết,Thị xã Ayun Pa,Tỉnh Gia Lai,Tỉnh Gia Lai,Phường Ayun Pa,Phường,24044
Xã Chư Băh,Thị xã Ayun Pa,Tỉnh Gia Lai,Tỉnh Gia Lai,Xã Ia Rbol,Xã,24065
Xã Ia RBol,Thị xã Ayun Pa,Tỉnh Gia Lai,Tỉnh Gia Lai,Xã Ia Rbol,Xã,24065
Xã Ia RTô,Thị xã Ayun Pa,Tỉnh Gia Lai,Tỉnh Gia Lai,Xã Ia Sao,Xã,24073
Xã Ia Sao,Thị xã Ayun Pa,Tỉnh Gia Lai,Tỉnh Gia Lai,Xã Ia Sao,Xã,24073
Thị trấn Nghèn,Huyện Can Lộc,Tỉnh Hà Tĩnh,Tỉnh Hà Tĩnh,Xã Can Lộc,Xã,18406
Thị trấn Đồng Lộc,Huyện Can Lộc,Tỉnh Hà Tĩnh,Tỉnh Hà Tĩnh,Xã Đồng Lộc,Xã,18484
Xã Gia Hanh,Huyện Can Lộc,Tỉnh Hà Tĩnh,Tỉnh Hà Tĩnh,Xã Gia Hanh,Xã,18466
Xã Khánh Vĩnh Yên,Huyện Can Lộc,Tỉnh Hà Tĩnh,Tỉnh Hà Tĩnh,Xã Gia Hanh,Xã,18466
Xã Kim Song Trường,Huyện Can Lộc,Tỉnh Hà Tĩnh,Tỉnh Hà Tĩnh,Xã Trường Lưu,Xã,18436
Xã Mỹ Lộc,Huyện Can Lộc,Tỉnh Hà Tĩnh,Tỉnh Hà Tĩnh,Xã Đồng Lộc,Xã,18484
Xã Phú Lộc,Huyện Can Lộc,Tỉnh Hà Tĩnh,Tỉnh Hà Tĩnh,Xã Trường Lưu,Xã,18436
Xã Quang Lộc,Huyện Can Lộc,Tỉnh Hà Tĩnh,Tỉnh Hà Tĩnh,Xã Xuân Lộc,Xã,18481
Xã Sơn Lộc,Huyện Can Lộc,Tỉnh Hà Tĩnh,Tỉnh Hà Tĩnh,Xã Xuân Lộc,Xã,18481
Xã Thanh Lộc,Huyện Can Lộc,Tỉnh Hà Tĩnh,Tỉnh Hà Tĩnh,Xã Gia Hanh,Xã,18466
Xã Thiên Lộc,Huyện Can Lộc,Tỉnh Hà Tĩnh,Tỉnh Hà Tĩnh,Xã Can Lộc,Xã,18406
Xã Thuần Thiện,Huyện Can Lộc,Tỉnh Hà Tĩnh,Tỉnh Hà Tĩnh,Xã Tùng Lộc,Xã,18418
Xã Thường Nga,Huyện Can Lộc,Tỉnh Hà Tĩnh,Tỉnh Hà Tĩnh,Xã Trường Lưu,Xã,18436
Xã Thượng Lộc,Huyện Can Lộc,Tỉnh Hà Tĩnh,Tỉnh Hà Tĩnh,Xã Đồng Lộc,Xã,18484
Xã Tùng Lộc,Huyện Can Lộc,Tỉnh Hà Tĩnh,Tỉnh Hà Tĩnh,Xã Tùng Lộc,Xã,18418
Xã Vượng Lộc,Huyện Can Lộc,Tỉnh Hà Tĩnh,Tỉnh Hà Tĩnh,Xã Can Lộc,Xã,18406
Xã Xuân Lộc,Huyện Can Lộc,Tỉnh Hà Tĩnh,Tỉnh Hà Tĩnh,Xã Xuân Lộc,Xã,18481
Thị trấn Cẩm Xuyên,Huyện Cẩm Xuyên,Tỉnh Hà Tĩnh,Tỉnh Hà Tĩnh,Xã Cẩm Xuyên,Xã,18673
Thị trấn Thiên Cầm,Huyện Cẩm Xuyên,Tỉnh Hà Tĩnh,Tỉnh Hà Tĩnh,Xã Thiên Cầm,Xã,18676
Xã Cẩm Duệ,Huyện Cẩm Xuyên,Tỉnh Hà Tĩnh,Tỉnh Hà Tĩnh,Xã Cẩm Duệ,Xã,18739
Xã Cẩm Dương,Huyện Cẩm Xuyên,Tỉnh Hà Tĩnh,Tỉnh Hà Tĩnh,Xã Yên Hòa,Xã,18682
Xã Cẩm Hà,Huyện Cẩm Xuyên,Tỉnh Hà Tĩnh,Tỉnh Hà Tĩnh,Xã Cẩm Hưng,Xã,18736
Xã Cẩm Hưng,Huyện Cẩm Xuyên,Tỉnh Hà Tĩnh,Tỉnh Hà Tĩnh,Xã Cẩm Hưng,Xã,18736
Xã Cẩm Lĩnh,Huyện Cẩm Xuyên,Tỉnh Hà Tĩnh,Tỉnh Hà Tĩnh,Xã Cẩm Trung,Xã,18742
Xã Cẩm Lạc,Huyện Cẩm Xuyên,Tỉnh Hà Tĩnh,Tỉnh Hà Tĩnh,Xã Cẩm Lạc,Xã,18748
Xã Cẩm Lộc,Huyện Cẩm Xuyên,Tỉnh Hà Tĩnh,Tỉnh Hà Tĩnh,Xã Cẩm Trung,Xã,18742
Xã Cẩm Minh,Huyện Cẩm Xuyên,Tỉnh Hà Tĩnh,Tỉnh Hà Tĩnh,Xã Cẩm Lạc,Xã,18748
Xã Cẩm Mỹ,Huyện Cẩm Xuyên,Tỉnh Hà Tĩnh,Tỉnh Hà Tĩnh,Xã Cẩm Duệ,Xã,18739
Xã Cẩm Nhượng,Huyện Cẩm Xuyên,Tỉnh Hà Tĩnh,Tỉnh Hà Tĩnh,Xã Thiên Cầm,Xã,18676
Xã Cẩm Quan,Huyện Cẩm Xuyên,Tỉnh Hà Tĩnh,Tỉnh Hà Tĩnh,Xã Cẩm Xuyên,Xã,18673
Xã Cẩm Quang,Huyện Cẩm Xuyên,Tỉnh Hà Tĩnh,Tỉnh Hà Tĩnh,Xã Cẩm Xuyên,Xã,18673
Xã Cẩm Sơn,Huyện Cẩm Xuyên,Tỉnh Hà Tĩnh,Tỉnh Hà Tĩnh,Xã Cẩm Lạc,Xã,18748
Xã Cẩm Thành,Huyện Cẩm Xuyên,Tỉnh Hà Tĩnh,Tỉnh Hà Tĩnh,Xã Cẩm Bình,Xã,18685
Xã Cẩm Thạch,Huyện Cẩm Xuyên,Tỉnh Hà Tĩnh,Tỉnh Hà Tĩnh,Xã Cẩm Duệ,Xã,18739
Xã Cẩm Thịnh,Huyện Cẩm Xuyên,Tỉnh Hà Tĩnh,Tỉnh Hà Tĩnh,Xã Cẩm Hưng,Xã,18736
Xã Cẩm Trung,Huyện Cẩm Xuyên,Tỉnh Hà Tĩnh,Tỉnh Hà Tĩnh,Xã Cẩm Trung,Xã,18742
Xã Nam Phúc Thăng,Huyện Cẩm Xuyên,Tỉnh Hà Tĩnh,Tỉnh Hà Tĩnh,Xã Thiên Cầm,Xã,18676
Xã Yên Hòa,Huyện Cẩm Xuyên,Tỉnh Hà Tĩnh,Tỉnh Hà Tĩnh,Xã Yên Hòa,Xã,18682
Thị trấn Hương Khê,Huyện Hương Khê,Tỉnh Hà Tĩnh,Tỉnh Hà Tĩnh,Xã Hương Khê,Xã,18496
Xã Gia Phố,Huyện Hương Khê,Tỉnh Hà Tĩnh,Tỉnh Hà Tĩnh,Xã Hương Phố,Xã,18532
Xã Hà Linh,Huyện Hương Khê,Tỉnh Hà Tĩnh,Tỉnh Hà Tĩnh,Xã Hà Linh,Xã,18502
Xã Hòa Hải,Huyện Hương Khê,Tỉnh Hà Tĩnh,Tỉnh Hà Tĩnh,Xã Hương Bình,Xã,18523
Xã Hương Bình,Huyện Hương Khê,Tỉnh Hà Tĩnh,Tỉnh Hà Tĩnh,Xã Hương Bình,Xã,18523
Xã Hương Giang,Huyện Hương Khê,Tỉnh Hà Tĩnh,Tỉnh Hà Tĩnh,Xã Hương Phố,Xã,18532
Xã Hương Liên,Huyện Hương Khê,Tỉnh Hà Tĩnh,Tỉnh Hà Tĩnh,Xã Phúc Trạch,Xã,18547
Xã Hương Long,Huyện Hương Khê,Tỉnh Hà Tĩnh,Tỉnh Hà Tĩnh,Xã Hương Khê,Xã,18496
Xã Hương Lâm,Huyện Hương Khê,Tỉnh Hà Tĩnh,Tỉnh Hà Tĩnh,Xã Hương Xuân,Xã,18544
Xã Hương Thủy,Huyện Hương Khê,Tỉnh Hà Tĩnh,Tỉnh Hà Tĩnh,Xã Hương Phố,Xã,18532
Xã Hương Trà,Huyện Hương Khê,Tỉnh Hà Tĩnh,Tỉnh Hà Tĩnh,Xã Hương Đô,Xã,18550
Xã Hương Trạch,Huyện Hương Khê,Tỉnh Hà Tĩnh,Tỉnh Hà Tĩnh,Xã Phúc Trạch,Xã,18547
Xã Hương Vĩnh,Huyện Hương Khê,Tỉnh Hà Tĩnh,Tỉnh Hà Tĩnh,Xã Hương Xuân,Xã,18544
Xã Hương Xuân,Huyện Hương Khê,Tỉnh Hà Tĩnh,Tỉnh Hà Tĩnh,Xã Hương Xuân,Xã,18544
Xã Hương Đô,Huyện Hương Khê,Tỉnh Hà Tĩnh,Tỉnh Hà Tĩnh,Xã Hương Đô,Xã,18550
Xã Lộc Yên,Huyện Hương Khê,Tỉnh Hà Tĩnh,Tỉnh Hà Tĩnh,Xã Hương Đô,Xã,18550
Xã Phú Gia,Huyện Hương Khê,Tỉnh Hà Tĩnh,Tỉnh Hà Tĩnh,Xã Hương Khê,Xã,18496
Xã Phúc Trạch,Huyện Hương Khê,Tỉnh Hà Tĩnh,Tỉnh Hà Tĩnh,Xã Phúc Trạch,Xã,18547
Xã Phúc Đồng,Huyện Hương Khê,Tỉnh Hà Tĩnh,Tỉnh Hà Tĩnh,Xã Hương Bình,Xã,18523
Xã Điền Mỹ,Huyện Hương Khê,Tỉnh Hà Tĩnh,Tỉnh Hà Tĩnh,Xã Hà Linh,Xã,18502
Thị trấn Phố Châu,Huyện Hương Sơn,Tỉnh Hà Tĩnh,Tỉnh Hà Tĩnh,Xã Hương Sơn,Xã,18133
Thị trấn Tây Sơn,Huyện Hương Sơn,Tỉnh Hà Tĩnh,Tỉnh Hà Tĩnh,Xã Sơn Tây,Xã,18172
Xã An Hòa Thịnh,Huyện Hương Sơn,Tỉnh Hà Tĩnh,Tỉnh Hà Tĩnh,Xã Sơn Tiến,Xã,18163
Xã Châu Bình,Huyện Hương Sơn,Tỉnh Hà Tĩnh,Tỉnh Hà Tĩnh,Xã Tứ Mỹ,Xã,18202
Xã Hàm Trường,Huyện Hương Sơn,Tỉnh Hà Tĩnh,Tỉnh Hà Tĩnh,Xã Kim Hoa,Xã,18223
Xã Kim Hoa,Huyện Hương Sơn,Tỉnh Hà Tĩnh,Tỉnh Hà Tĩnh,Xã Kim Hoa,Xã,18223
Xã Mỹ Long,Huyện Hương Sơn,Tỉnh Hà Tĩnh,Tỉnh Hà Tĩnh,Xã Tứ Mỹ,Xã,18202
Xã Quang Diệm,Huyện Hương Sơn,Tỉnh Hà Tĩnh,Tỉnh Hà Tĩnh,Xã Sơn Giang,Xã,18184
Xã Sơn Bằng,Huyện Hương Sơn,Tỉnh Hà Tĩnh,Tỉnh Hà Tĩnh,Xã Hương Sơn,Xã,18133
Xã Sơn Giang,Huyện Hương Sơn,Tỉnh Hà Tĩnh,Tỉnh Hà Tĩnh,Xã Sơn Giang,Xã,18184
Xã Sơn Hồng,Huyện Hương Sơn,Tỉnh Hà Tĩnh,Tỉnh Hà Tĩnh,Xã Sơn Hồng,Xã,18160
Xã Sơn Kim 1,Huyện Hương Sơn,Tỉnh Hà Tĩnh,Tỉnh Hà Tĩnh,Xã Sơn Kim 1,Xã,18196
Xã Sơn Kim 2,Huyện Hương Sơn,Tỉnh Hà Tĩnh,Tỉnh Hà Tĩnh,Xã Sơn Kim 2,Xã,18199
Xã Sơn Lâm,Huyện Hương Sơn,Tỉnh Hà Tĩnh,Tỉnh Hà Tĩnh,Xã Sơn Giang,Xã,18184
Xã Sơn Lĩnh,Huyện Hương Sơn,Tỉnh Hà Tĩnh,Tỉnh Hà Tĩnh,Xã Sơn Hồng,Xã,18160
Xã Sơn Lễ,Huyện Hương Sơn,Tỉnh Hà Tĩnh,Tỉnh Hà Tĩnh,Xã Sơn Tiến,Xã,18163
Xã Sơn Ninh,Huyện Hương Sơn,Tỉnh Hà Tĩnh,Tỉnh Hà Tĩnh,Xã Hương Sơn,Xã,18133
Xã Sơn Phú,Huyện Hương Sơn,Tỉnh Hà Tĩnh,Tỉnh Hà Tĩnh,Xã Hương Sơn,Xã,18133
Xã Sơn Tiến,Huyện Hương Sơn,Tỉnh Hà Tĩnh,Tỉnh Hà Tĩnh,Xã Sơn Tiến,Xã,18163
Xã Sơn Trung,Huyện Hương Sơn,Tỉnh Hà Tĩnh,Tỉnh Hà Tĩnh,Xã Hương Sơn,Xã,18133
Xã Sơn Tây,Huyện Hương Sơn,Tỉnh Hà Tĩnh,Tỉnh Hà Tĩnh,Xã Sơn Tây,Xã,18172
Xã Tân Mỹ Hà,Huyện Hương Sơn,Tỉnh Hà Tĩnh,Tỉnh Hà Tĩnh,Xã Tứ Mỹ,Xã,18202
Thị trấn Kỳ Đồng,Huyện Kỳ Anh,Tỉnh Hà Tĩnh,Tỉnh Hà Tĩnh,Xã Kỳ Anh,Xã,18775
Xã Kỳ Bắc,Huyện Kỳ Anh,Tỉnh Hà Tĩnh,Tỉnh Hà Tĩnh,Xã Kỳ Xuân,Xã,18766
Xã Kỳ Châu,Huyện Kỳ Anh,Tỉnh Hà Tĩnh,Tỉnh Hà Tĩnh,Phường Sông Trí,Phường,18754
Xã Kỳ Giang,Huyện Kỳ Anh,Tỉnh Hà Tĩnh,Tỉnh Hà Tĩnh,Xã Kỳ Anh,Xã,18775
Xã Kỳ Hải,Huyện Kỳ Anh,Tỉnh Hà Tĩnh,Tỉnh Hà Tĩnh,Phường Hải Ninh,Phường,18781
Xã Kỳ Khang,Huyện Kỳ Anh,Tỉnh Hà Tĩnh,Tỉnh Hà Tĩnh,Xã Kỳ Khang,Xã,18790
Xã Kỳ Lạc,Huyện Kỳ Anh,Tỉnh Hà Tĩnh,Tỉnh Hà Tĩnh,Xã Kỳ Lạc,Xã,18838
Xã Kỳ Phong,Huyện Kỳ Anh,Tỉnh Hà Tĩnh,Tỉnh Hà Tĩnh,Xã Kỳ Xuân,Xã,18766
Xã Kỳ Phú,Huyện Kỳ Anh,Tỉnh Hà Tĩnh,Tỉnh Hà Tĩnh,Xã Kỳ Anh,Xã,18775
Xã Kỳ Sơn,Huyện Kỳ Anh,Tỉnh Hà Tĩnh,Tỉnh Hà Tĩnh,Xã Kỳ Thượng,Xã,18844
Xã Kỳ Thư,Huyện Kỳ Anh,Tỉnh Hà Tĩnh,Tỉnh Hà Tĩnh,Xã Kỳ Khang,Xã,18790
Xã Kỳ Thượng,Huyện Kỳ Anh,Tỉnh Hà Tĩnh,Tỉnh Hà Tĩnh,Xã Kỳ Thượng,Xã,18844
Xã Kỳ Thọ,Huyện Kỳ Anh,Tỉnh Hà Tĩnh,Tỉnh Hà Tĩnh,Xã Kỳ Khang,Xã,18790
Xã Kỳ Tiến,Huyện Kỳ Anh,Tỉnh Hà Tĩnh,Tỉnh Hà Tĩnh,Xã Kỳ Anh,Xã,18775
Xã Kỳ Trung,Huyện Kỳ Anh,Tỉnh Hà Tĩnh,Tỉnh Hà Tĩnh,Xã Kỳ Văn,Xã,18787
Xã Kỳ Tân,Huyện Kỳ Anh,Tỉnh Hà Tĩnh,Tỉnh Hà Tĩnh,Xã Kỳ Hoa,Xã,18814
Xã Kỳ Tây,Huyện Kỳ Anh,Tỉnh Hà Tĩnh,Tỉnh Hà Tĩnh,Xã Kỳ Văn,Xã,18787
Xã Kỳ Văn,Huyện Kỳ Anh,Tỉnh Hà Tĩnh,Tỉnh Hà Tĩnh,Xã Kỳ Văn,Xã,18787
Xã Kỳ Xuân,Huyện Kỳ Anh,Tỉnh Hà Tĩnh,Tỉnh Hà Tĩnh,Xã Kỳ Xuân,Xã,18766
Xã Lâm Hợp,Huyện Kỳ Anh,Tỉnh Hà Tĩnh,Tỉnh Hà Tĩnh,Xã Kỳ Lạc,Xã,18838
Thị trấn Tiên Điền,Huyện Nghi Xuân,Tỉnh Hà Tĩnh,Tỉnh Hà Tĩnh,Xã Tiên Điền,Xã,18373
Thị trấn Xuân An,Huyện Nghi Xuân,Tỉnh Hà Tĩnh,Tỉnh Hà Tĩnh,Xã Nghi Xuân,Xã,18352
Xã Cương Gián,Huyện Nghi Xuân,Tỉnh Hà Tĩnh,Tỉnh Hà Tĩnh,Xã Cổ Đạm,Xã,18394
Xã Cổ Đạm,Huyện Nghi Xuân,Tỉnh Hà Tĩnh,Tỉnh Hà Tĩnh,Xã Cổ Đạm,Xã,18394
Xã Xuân Giang,Huyện Nghi Xuân,Tỉnh Hà Tĩnh,Tỉnh Hà Tĩnh,Xã Nghi Xuân,Xã,18352
Xã Xuân Hải,Huyện Nghi Xuân,Tỉnh Hà Tĩnh,Tỉnh Hà Tĩnh,Xã Đan Hải,Xã,18364
Xã Xuân Hồng,Huyện Nghi Xuân,Tỉnh Hà Tĩnh,Tỉnh Hà Tĩnh,Xã Nghi Xuân,Xã,18352
Xã Xuân Hội,Huyện Nghi Xuân,Tỉnh Hà Tĩnh,Tỉnh Hà Tĩnh,Xã Đan Hải,Xã,18364
Xã Xuân Lam,Huyện Nghi Xuân,Tỉnh Hà Tĩnh,Tỉnh Hà Tĩnh,Phường Bắc Hồng Lĩnh,Phường,18115
Xã Xuân Liên,Huyện Nghi Xuân,Tỉnh Hà Tĩnh,Tỉnh Hà Tĩnh,Xã Cổ Đạm,Xã,18394
Xã Xuân Lĩnh,Huyện Nghi Xuân,Tỉnh Hà Tĩnh,Tỉnh Hà Tĩnh,Xã Nghi Xuân,Xã,18352
Xã Xuân Mỹ,Huyện Nghi Xuân,Tỉnh Hà Tĩnh,Tỉnh Hà Tĩnh,Xã Tiên Điền,Xã,18373
Xã Xuân Phổ,Huyện Nghi Xuân,Tỉnh Hà Tĩnh,Tỉnh Hà Tĩnh,Xã Đan Hải,Xã,18364
Xã Xuân Thành,Huyện Nghi Xuân,Tỉnh Hà Tĩnh,Tỉnh Hà Tĩnh,Xã Tiên Điền,Xã,18373
Xã Xuân Viên,Huyện Nghi Xuân,Tỉnh Hà Tĩnh,Tỉnh Hà Tĩnh,Xã Nghi Xuân,Xã,18352
Xã Xuân Yên,Huyện Nghi Xuân,Tỉnh Hà Tĩnh,Tỉnh Hà Tĩnh,Xã Tiên Điền,Xã,18373
Xã Đan Trường,Huyện Nghi Xuân,Tỉnh Hà Tĩnh,Tỉnh Hà Tĩnh,Xã Đan Hải,Xã,18364
Thị trấn Lộc Hà,Huyện Thạch Hà,Tỉnh Hà Tĩnh,Tỉnh Hà Tĩnh,Xã Lộc Hà,Xã,18568
Thị trấn Thạch Hà,Huyện Thạch Hà,Tỉnh Hà Tĩnh,Tỉnh Hà Tĩnh,Xã Thạch Hà,Xã,18562
Xã Bình An,Huyện Thạch Hà,Tỉnh Hà Tĩnh,Tỉnh Hà Tĩnh,Xã Lộc Hà,Xã,18568
Xã Hồng Lộc,Huyện Thạch Hà,Tỉnh Hà Tĩnh,Tỉnh Hà Tĩnh,Xã Hồng Lộc,Xã,18409
Xã Lưu Vĩnh Sơn,Huyện Thạch Hà,Tỉnh Hà Tĩnh,Tỉnh Hà Tĩnh,Xã Toàn Lưu,Xã,18634
Xã Mai Phụ,Huyện Thạch Hà,Tỉnh Hà Tĩnh,Tỉnh Hà Tĩnh,Xã Mai Phụ,Xã,18583
Xã Nam Điền,Huyện Thạch Hà,Tỉnh Hà Tĩnh,Tỉnh Hà Tĩnh,Xã Thạch Xuân,Xã,18667
Xã Ngọc Sơn,Huyện Thạch Hà,Tỉnh Hà Tĩnh,Tỉnh Hà Tĩnh,Xã Toàn Lưu,Xã,18634
Xã Phù Lưu,Huyện Thạch Hà,Tỉnh Hà Tĩnh,Tỉnh Hà Tĩnh,Xã Mai Phụ,Xã,18583
Xã Thạch Châu,Huyện Thạch Hà,Tỉnh Hà Tĩnh,Tỉnh Hà Tĩnh,Xã Mai Phụ,Xã,18583
Xã Thạch Kim,Huyện Thạch Hà,Tỉnh Hà Tĩnh,Tỉnh Hà Tĩnh,Xã Lộc Hà,Xã,18568
Xã Thạch Kênh,Huyện Thạch Hà,Tỉnh Hà Tĩnh,Tỉnh Hà Tĩnh,Xã Đông Kinh,Xã,18586
Xã Thạch Liên,Huyện Thạch Hà,Tỉnh Hà Tĩnh,Tỉnh Hà Tĩnh,Xã Đông Kinh,Xã,18586
Xã Thạch Long,Huyện Thạch Hà,Tỉnh Hà Tĩnh,Tỉnh Hà Tĩnh,Xã Thạch Hà,Xã,18562
Xã Thạch Mỹ,Huyện Thạch Hà,Tỉnh Hà Tĩnh,Tỉnh Hà Tĩnh,Xã Mai Phụ,Xã,18583
Xã Thạch Ngọc,Huyện Thạch Hà,Tỉnh Hà Tĩnh,Tỉnh Hà Tĩnh,Xã Việt Xuyên,Xã,18601
Xã Thạch Sơn,Huyện Thạch Hà,Tỉnh Hà Tĩnh,Tỉnh Hà Tĩnh,Xã Thạch Hà,Xã,18562
Xã Thạch Xuân,Huyện Thạch Hà,Tỉnh Hà Tĩnh,Tỉnh Hà Tĩnh,Xã Thạch Xuân,Xã,18667
Xã Thịnh Lộc,Huyện Thạch Hà,Tỉnh Hà Tĩnh,Tỉnh Hà Tĩnh,Xã Lộc Hà,Xã,18568
Xã Tân Lộc,Huyện Thạch Hà,Tỉnh Hà Tĩnh,Tỉnh Hà Tĩnh,Xã Hồng Lộc,Xã,18409
Xã Việt Tiến,Huyện Thạch Hà,Tỉnh Hà Tĩnh,Tỉnh Hà Tĩnh,Xã Việt Xuyên,Xã,18601
Xã Ích Hậu,Huyện Thạch Hà,Tỉnh Hà Tĩnh,Tỉnh Hà Tĩnh,Xã Đông Kinh,Xã,18586
Thị trấn Vũ Quang,Huyện Vũ Quang,Tỉnh Hà Tĩnh,Tỉnh Hà Tĩnh,Xã Vũ Quang,Xã,18313
Xã Hương Minh,Huyện Vũ Quang,Tỉnh Hà Tĩnh,Tỉnh Hà Tĩnh,Xã Vũ Quang,Xã,18313
Xã Quang Thọ,Huyện Vũ Quang,Tỉnh Hà Tĩnh,Tỉnh Hà Tĩnh,Xã Vũ Quang,Xã,18313
Xã Thọ Điền,Huyện Vũ Quang,Tỉnh Hà Tĩnh,Tỉnh Hà Tĩnh,Xã Vũ Quang,Xã,18313
Xã Ân Phú,Huyện Vũ Quang,Tỉnh Hà Tĩnh,Tỉnh Hà Tĩnh,Xã Mai Hoa,Xã,18322
Xã Đức Bồng,Huyện Vũ Quang,Tỉnh Hà Tĩnh,Tỉnh Hà Tĩnh,Xã Thượng Đức,Xã,18328
Xã Đức Giang,Huyện Vũ Quang,Tỉnh Hà Tĩnh,Tỉnh Hà Tĩnh,Xã Mai Hoa,Xã,18322
Xã Đức Hương,Huyện Vũ Quang,Tỉnh Hà Tĩnh,Tỉnh Hà Tĩnh,Xã Thượng Đức,Xã,18328
Xã Đức Liên,Huyện Vũ Quang,Tỉnh Hà Tĩnh,Tỉnh Hà Tĩnh,Xã Thượng Đức,Xã,18328
Xã Đức Lĩnh,Huyện Vũ Quang,Tỉnh Hà Tĩnh,Tỉnh Hà Tĩnh,Xã Mai Hoa,Xã,18322
Thị trấn Đức Thọ,Huyện Đức Thọ,Tỉnh Hà Tĩnh,Tỉnh Hà Tĩnh,Xã Đức Thọ,Xã,18229
Xã An Dũng,Huyện Đức Thọ,Tỉnh Hà Tĩnh,Tỉnh Hà Tĩnh,Xã Đức Thịnh,Xã,18277
Xã Bùi La Nhân,Huyện Đức Thọ,Tỉnh Hà Tĩnh,Tỉnh Hà Tĩnh,Xã Đức Quang,Xã,18262
Xã Hòa Lạc,Huyện Đức Thọ,Tỉnh Hà Tĩnh,Tỉnh Hà Tĩnh,Xã Đức Thọ,Xã,18229
Xã Liên Minh,Huyện Đức Thọ,Tỉnh Hà Tĩnh,Tỉnh Hà Tĩnh,Xã Đức Minh,Xã,18244
Xã Lâm Trung Thủy,Huyện Đức Thọ,Tỉnh Hà Tĩnh,Tỉnh Hà Tĩnh,Xã Đức Thịnh,Xã,18277
Xã Quang Vĩnh,Huyện Đức Thọ,Tỉnh Hà Tĩnh,Tỉnh Hà Tĩnh,Xã Đức Quang,Xã,18262
Xã Thanh Bình Thịnh,Huyện Đức Thọ,Tỉnh Hà Tĩnh,Tỉnh Hà Tĩnh,Xã Đức Thịnh,Xã,18277
Xã Trường Sơn,Huyện Đức Thọ,Tỉnh Hà Tĩnh,Tỉnh Hà Tĩnh,Xã Đức Minh,Xã,18244
Xã Tân Dân,Huyện Đức Thọ,Tỉnh Hà Tĩnh,Tỉnh Hà Tĩnh,Xã Đức Thọ,Xã,18229
Xã Tân Hương,Huyện Đức Thọ,Tỉnh Hà Tĩnh,Tỉnh Hà Tĩnh,Xã Đức Đồng,Xã,18304
Xã Tùng Châu,Huyện Đức Thọ,Tỉnh Hà Tĩnh,Tỉnh Hà Tĩnh,Xã Đức Minh,Xã,18244
Xã Tùng Ảnh,Huyện Đức Thọ,Tỉnh Hà Tĩnh,Tỉnh Hà Tĩnh,Xã Đức Thọ,Xã,18229
Xã Yên Hồ,Huyện Đức Thọ,Tỉnh Hà Tĩnh,Tỉnh Hà Tĩnh,Xã Đức Quang,Xã,18262
Xã Đức Lạng,Huyện Đức Thọ,Tỉnh Hà Tĩnh,Tỉnh Hà Tĩnh,Xã Đức Đồng,Xã,18304
Xã Đức Đồng,Huyện Đức Thọ,Tỉnh Hà Tĩnh,Tỉnh Hà Tĩnh,Xã Đức Đồng,Xã,18304
Phường Bắc Hà,Thành phố Hà Tĩnh,Tỉnh Hà Tĩnh,Tỉnh Hà Tĩnh,Phường Thành Sen,Phường,18073
Phường Hà Huy Tập,Thành phố Hà Tĩnh,Tỉnh Hà Tĩnh,Tỉnh Hà Tĩnh,Phường Thành Sen,Phường,18073
Phường Nam Hà,Thành phố Hà Tĩnh,Tỉnh Hà Tĩnh,Tỉnh Hà Tĩnh,Phường Thành Sen,Phường,18073
Phường Thạch Hưng,Thành phố Hà Tĩnh,Tỉnh Hà Tĩnh,Tỉnh Hà Tĩnh,Phường Thành Sen,Phường,18073
Phường Thạch Hạ,Thành phố Hà Tĩnh,Tỉnh Hà Tĩnh,Tỉnh Hà Tĩnh,Phường Trần Phú,Phường,18100
Phường Thạch Quý,Thành phố Hà Tĩnh,Tỉnh Hà Tĩnh,Tỉnh Hà Tĩnh,Phường Thành Sen,Phường,18073
Phường Thạch Trung,Thành phố Hà Tĩnh,Tỉnh Hà Tĩnh,Tỉnh Hà Tĩnh,Phường Trần Phú,Phường,18100
Phường Trần Phú,Thành phố Hà Tĩnh,Tỉnh Hà Tĩnh,Tỉnh Hà Tĩnh,Phường Thành Sen,Phường,18073
Phường Tân Giang,Thành phố Hà Tĩnh,Tỉnh Hà Tĩnh,Tỉnh Hà Tĩnh,Phường Thành Sen,Phường,18073
Phường Văn Yên,Thành phố Hà Tĩnh,Tỉnh Hà Tĩnh,Tỉnh Hà Tĩnh,Phường Thành Sen,Phường,18073
Phường Đại Nài,Thành phố Hà Tĩnh,Tỉnh Hà Tĩnh,Tỉnh Hà Tĩnh,Phường Hà Huy Tập,Phường,18652
Phường Đại Nài,Thành phố Hà Tĩnh,Tỉnh Hà Tĩnh,Tỉnh Hà Tĩnh,Phường Thành Sen,Phường,18073
Phường Đồng Môn,Thành phố Hà Tĩnh,Tỉnh Hà Tĩnh,Tỉnh Hà Tĩnh,Phường Trần Phú,Phường,18100
Xã Cẩm Bình,Thành phố Hà Tĩnh,Tỉnh Hà Tĩnh,Tỉnh Hà Tĩnh,Xã Cẩm Bình,Xã,18685
Xã Cẩm Vịnh,Thành phố Hà Tĩnh,Tỉnh Hà Tĩnh,Tỉnh Hà Tĩnh,Xã Cẩm Bình,Xã,18685
Xã Hộ Độ,Thành phố Hà Tĩnh,Tỉnh Hà Tĩnh,Tỉnh Hà Tĩnh,Phường Trần Phú,Phường,18100
Xã Thạch Bình,Thành phố Hà Tĩnh,Tỉnh Hà Tĩnh,Tỉnh Hà Tĩnh,Xã Cẩm Bình,Xã,18685
Xã Thạch Hải,Thành phố Hà Tĩnh,Tỉnh Hà Tĩnh,Tỉnh Hà Tĩnh,Xã Thạch Khê,Xã,18604
Xã Thạch Hội,Thành phố Hà Tĩnh,Tỉnh Hà Tĩnh,Tỉnh Hà Tĩnh,Xã Đồng Tiến,Xã,18619
Xã Thạch Khê,Thành phố Hà Tĩnh,Tỉnh Hà Tĩnh,Tỉnh Hà Tĩnh,Xã Thạch Khê,Xã,18604
Xã Thạch Lạc,Thành phố Hà Tĩnh,Tỉnh Hà Tĩnh,Tỉnh Hà Tĩnh,Xã Thạch Lạc,Xã,18628
Xã Thạch Thắng,Thành phố Hà Tĩnh,Tỉnh Hà Tĩnh,Tỉnh Hà Tĩnh,Xã Thạch Lạc,Xã,18628
Xã Thạch Trị,Thành phố Hà Tĩnh,Tỉnh Hà Tĩnh,Tỉnh Hà Tĩnh,Xã Đồng Tiến,Xã,18619
Xã Thạch Văn,Thành phố Hà Tĩnh,Tỉnh Hà Tĩnh,Tỉnh Hà Tĩnh,Xã Đồng Tiến,Xã,18619
Xã Thạch Đài,Thành phố Hà Tĩnh,Tỉnh Hà Tĩnh,Tỉnh Hà Tĩnh,Phường Hà Huy Tập,Phường,18652
Xã Tân Lâm Hương,Thành phố Hà Tĩnh,Tỉnh Hà Tĩnh,Tỉnh Hà Tĩnh,Phường Hà Huy Tập,Phường,18652
Xã Tượng Sơn,Thành phố Hà Tĩnh,Tỉnh Hà Tĩnh,Tỉnh Hà Tĩnh,Xã Thạch Lạc,Xã,18628
Xã Đỉnh Bàn,Thành phố Hà Tĩnh,Tỉnh Hà Tĩnh,Tỉnh Hà Tĩnh,Xã Thạch Khê,Xã,18604
Phường Bắc Hồng,Thị xã Hồng Lĩnh,Tỉnh Hà Tĩnh,Tỉnh Hà Tĩnh,Phường Bắc Hồng Lĩnh,Phường,18115
Phường Nam Hồng,Thị xã Hồng Lĩnh,Tỉnh Hà Tĩnh,Tỉnh Hà Tĩnh,Phường Nam Hồng Lĩnh,Phường,18118
Phường Trung Lương,Thị xã Hồng Lĩnh,Tỉnh Hà Tĩnh,Tỉnh Hà Tĩnh,Phường Bắc Hồng Lĩnh,Phường,18115
Phường Đậu Liêu,Thị xã Hồng Lĩnh,Tỉnh Hà Tĩnh,Tỉnh Hà Tĩnh,Phường Nam Hồng Lĩnh,Phường,18118
Phường Đức Thuận,Thị xã Hồng Lĩnh,Tỉnh Hà Tĩnh,Tỉnh Hà Tĩnh,Phường Bắc Hồng Lĩnh,Phường,18115
Xã Thuận Lộc,Thị xã Hồng Lĩnh,Tỉnh Hà Tĩnh,Tỉnh Hà Tĩnh,Phường Nam Hồng Lĩnh,Phường,18118
Phường Hưng Trí,Thị xã Kỳ Anh,Tỉnh Hà Tĩnh,Tỉnh Hà Tĩnh,Phường Sông Trí,Phường,18754
Phường Kỳ Liên,Thị xã Kỳ Anh,Tỉnh Hà Tĩnh,Tỉnh Hà Tĩnh,Phường Hoành Sơn,Phường,18832
Phường Kỳ Long,Thị xã Kỳ Anh,Tỉnh Hà Tĩnh,Tỉnh Hà Tĩnh,Phường Vũng Áng,Phường,18823
Phường Kỳ Nam,Thị xã Kỳ Anh,Tỉnh Hà Tĩnh,Tỉnh Hà Tĩnh,Phường Hoành Sơn,Phường,18832
Phường Kỳ Ninh,Thị xã Kỳ Anh,Tỉnh Hà Tĩnh,Tỉnh Hà Tĩnh,Phường Hải Ninh,Phường,18781
Phường Kỳ Phương,Thị xã Kỳ Anh,Tỉnh Hà Tĩnh,Tỉnh Hà Tĩnh,Phường Hoành Sơn,Phường,18832
Phường Kỳ Thịnh,Thị xã Kỳ Anh,Tỉnh Hà Tĩnh,Tỉnh Hà Tĩnh,Phường Vũng Áng,Phường,18823
Phường Kỳ Trinh,Thị xã Kỳ Anh,Tỉnh Hà Tĩnh,Tỉnh Hà Tĩnh,Phường Sông Trí,Phường,18754
Xã Kỳ Hoa,Thị xã Kỳ Anh,Tỉnh Hà Tĩnh,Tỉnh Hà Tĩnh,Xã Kỳ Hoa,Xã,18814
Xã Kỳ Hà,Thị xã Kỳ Anh,Tỉnh Hà Tĩnh,Tỉnh Hà Tĩnh,Phường Hải Ninh,Phường,18781
Xã Kỳ Lợi,Thị xã Kỳ Anh,Tỉnh Hà Tĩnh,Tỉnh Hà Tĩnh,Phường Hoành Sơn,Phường,18832
Xã Kỳ Lợi,Thị xã Kỳ Anh,Tỉnh Hà Tĩnh,Tỉnh Hà Tĩnh,Phường Sông Trí,Phường,18754
Xã Kỳ Lợi,Thị xã Kỳ Anh,Tỉnh Hà Tĩnh,Tỉnh Hà Tĩnh,Phường Vũng Áng,Phường,18823
Thị trấn Khoái Châu,Huyện Khoái Châu,Tỉnh Hưng Yên,Tỉnh Hưng Yên,Xã Khoái Châu,Xã,12205
Xã An Vĩ,Huyện Khoái Châu,Tỉnh Hưng Yên,Tỉnh Hưng Yên,Xã Triệu Việt Vương,Xã,12223
Xã Bình Minh,Huyện Khoái Châu,Tỉnh Hưng Yên,Tỉnh Hưng Yên,Xã Mễ Sở,Xã,12049
Xã Chí Minh,Huyện Khoái Châu,Tỉnh Hưng Yên,Tỉnh Hưng Yên,Xã Chí Minh,Xã,12271
Xã Dân Tiến,Huyện Khoái Châu,Tỉnh Hưng Yên,Tỉnh Hưng Yên,Xã Việt Tiến,Xã,12238
Xã Liên Khê,Huyện Khoái Châu,Tỉnh Hưng Yên,Tỉnh Hưng Yên,Xã Khoái Châu,Xã,12205
Xã Nguyễn Huệ,Huyện Khoái Châu,Tỉnh Hưng Yên,Tỉnh Hưng Yên,Xã Chí Minh,Xã,12271
Xã Phùng Hưng,Huyện Khoái Châu,Tỉnh Hưng Yên,Tỉnh Hưng Yên,Xã Khoái Châu,Xã,12205
Xã Phạm Hồng Thái,Huyện Khoái Châu,Tỉnh Hưng Yên,Tỉnh Hưng Yên,Xã Triệu Việt Vương,Xã,12223
Xã Thuần Hưng,Huyện Khoái Châu,Tỉnh Hưng Yên,Tỉnh Hưng Yên,Xã Chí Minh,Xã,12271
Xã Tân Châu,Huyện Khoái Châu,Tỉnh Hưng Yên,Tỉnh Hưng Yên,Xã Châu Ninh,Xã,12247
Xã Tân Dân,Huyện Khoái Châu,Tỉnh Hưng Yên,Tỉnh Hưng Yên,Xã Triệu Việt Vương,Xã,12223
Xã Tứ Dân,Huyện Khoái Châu,Tỉnh Hưng Yên,Tỉnh Hưng Yên,Xã Châu Ninh,Xã,12247
Xã Việt Hòa,Huyện Khoái Châu,Tỉnh Hưng Yên,Tỉnh Hưng Yên,Xã Việt Tiến,Xã,12238
Xã Ông Đình,Huyện Khoái Châu,Tỉnh Hưng Yên,Tỉnh Hưng Yên,Xã Triệu Việt Vương,Xã,12223
Xã Đông Kết,Huyện Khoái Châu,Tỉnh Hưng Yên,Tỉnh Hưng Yên,Xã Khoái Châu,Xã,12205
Xã Đông Ninh,Huyện Khoái Châu,Tỉnh Hưng Yên,Tỉnh Hưng Yên,Xã Châu Ninh,Xã,12247
Xã Đông Tảo,Huyện Khoái Châu,Tỉnh Hưng Yên,Tỉnh Hưng Yên,Xã Hoàn Long,Xã,12070
Xã Đại Tập,Huyện Khoái Châu,Tỉnh Hưng Yên,Tỉnh Hưng Yên,Xã Châu Ninh,Xã,12247
Xã Đồng Tiến,Huyện Khoái Châu,Tỉnh Hưng Yên,Tỉnh Hưng Yên,Xã Việt Tiến,Xã,12238
Thị trấn Lương Bằng,Huyện Kim Động,Tỉnh Hưng Yên,Tỉnh Hưng Yên,Xã Lương Bằng,Xã,12280
Xã Chính Nghĩa,Huyện Kim Động,Tỉnh Hưng Yên,Tỉnh Hưng Yên,Xã Lương Bằng,Xã,12280
Xã Diên Hồng,Huyện Kim Động,Tỉnh Hưng Yên,Tỉnh Hưng Yên,Xã Lương Bằng,Xã,12280
Xã Hiệp Cường,Huyện Kim Động,Tỉnh Hưng Yên,Tỉnh Hưng Yên,Xã Hiệp Cường,Xã,12322
Xã Hùng An,Huyện Kim Động,Tỉnh Hưng Yên,Tỉnh Hưng Yên,Xã Hiệp Cường,Xã,12322
Xã Mai Động,Huyện Kim Động,Tỉnh Hưng Yên,Tỉnh Hưng Yên,Xã Đức Hợp,Xã,12313
Xã Nghĩa Dân,Huyện Kim Động,Tỉnh Hưng Yên,Tỉnh Hưng Yên,Xã Nghĩa Dân,Xã,12286
Xã Ngọc Thanh,Huyện Kim Động,Tỉnh Hưng Yên,Tỉnh Hưng Yên,Phường Sơn Nam,Phường,11983
Xã Ngọc Thanh,Huyện Kim Động,Tỉnh Hưng Yên,Tỉnh Hưng Yên,Xã Hiệp Cường,Xã,12322
Xã Phú Thọ,Huyện Kim Động,Tỉnh Hưng Yên,Tỉnh Hưng Yên,Xã Đức Hợp,Xã,12313
Xã Phạm Ngũ Lão,Huyện Kim Động,Tỉnh Hưng Yên,Tỉnh Hưng Yên,Xã Lương Bằng,Xã,12280
Xã Song Mai,Huyện Kim Động,Tỉnh Hưng Yên,Tỉnh Hưng Yên,Xã Hiệp Cường,Xã,12322
Xã Toàn Thắng,Huyện Kim Động,Tỉnh Hưng Yên,Tỉnh Hưng Yên,Xã Nghĩa Dân,Xã,12286
Xã Vĩnh Xá,Huyện Kim Động,Tỉnh Hưng Yên,Tỉnh Hưng Yên,Xã Nghĩa Dân,Xã,12286
Xã Đồng Thanh,Huyện Kim Động,Tỉnh Hưng Yên,Tỉnh Hưng Yên,Xã Nghĩa Dân,Xã,12286
Xã Đức Hợp,Huyện Kim Động,Tỉnh Hưng Yên,Tỉnh Hưng Yên,Xã Đức Hợp,Xã,12313
Thị trấn Trần Cao,Huyện Phù Cừ,Tỉnh Hưng Yên,Tỉnh Hưng Yên,Xã Quang Hưng,Xã,12391
Xã Minh Hoàng,Huyện Phù Cừ,Tỉnh Hưng Yên,Tỉnh Hưng Yên,Xã Đoàn Đào,Xã,12406
Xã Minh Tân,Huyện Phù Cừ,Tỉnh Hưng Yên,Tỉnh Hưng Yên,Xã Quang Hưng,Xã,12391
Xã Nguyên Hòa,Huyện Phù Cừ,Tỉnh Hưng Yên,Tỉnh Hưng Yên,Xã Tống Trân,Xã,12427
Xã Nhật Quang,Huyện Phù Cừ,Tỉnh Hưng Yên,Tỉnh Hưng Yên,Xã Tiên Tiến,Xã,12424
Xã Phan Sào Nam,Huyện Phù Cừ,Tỉnh Hưng Yên,Tỉnh Hưng Yên,Xã Đoàn Đào,Xã,12406
Xã Quang Hưng,Huyện Phù Cừ,Tỉnh Hưng Yên,Tỉnh Hưng Yên,Xã Quang Hưng,Xã,12391
Xã Tam Đa,Huyện Phù Cừ,Tỉnh Hưng Yên,Tỉnh Hưng Yên,Xã Tống Trân,Xã,12427
Xã Tiên Tiến,Huyện Phù Cừ,Tỉnh Hưng Yên,Tỉnh Hưng Yên,Xã Tiên Tiến,Xã,12424
Xã Tống Phan,Huyện Phù Cừ,Tỉnh Hưng Yên,Tỉnh Hưng Yên,Xã Quang Hưng,Xã,12391
Xã Tống Trân,Huyện Phù Cừ,Tỉnh Hưng Yên,Tỉnh Hưng Yên,Xã Tống Trân,Xã,12427
Xã Đoàn Đào,Huyện Phù Cừ,Tỉnh Hưng Yên,Tỉnh Hưng Yên,Xã Đoàn Đào,Xã,12406
Xã Đình Cao,Huyện Phù Cừ,Tỉnh Hưng Yên,Tỉnh Hưng Yên,Xã Tiên Tiến,Xã,12424
Thị trấn Vương,Huyện Tiên Lữ,Tỉnh Hưng Yên,Tỉnh Hưng Yên,Xã Hoàng Hoa Thám,Xã,12337
Xã An Viên,Huyện Tiên Lữ,Tỉnh Hưng Yên,Tỉnh Hưng Yên,Xã Hoàng Hoa Thám,Xã,12337
Xã Cương Chính,Huyện Tiên Lữ,Tỉnh Hưng Yên,Tỉnh Hưng Yên,Xã Tiên Hoa,Xã,12361
Xã Hưng Đạo,Huyện Tiên Lữ,Tỉnh Hưng Yên,Tỉnh Hưng Yên,Xã Hoàng Hoa Thám,Xã,12337
Xã Hải Thắng,Huyện Tiên Lữ,Tỉnh Hưng Yên,Tỉnh Hưng Yên,Xã Tiên Lữ,Xã,12364
Xã Lệ Xá,Huyện Tiên Lữ,Tỉnh Hưng Yên,Tỉnh Hưng Yên,Xã Tiên Hoa,Xã,12361
Xã Nhật Tân,Huyện Tiên Lữ,Tỉnh Hưng Yên,Tỉnh Hưng Yên,Xã Hoàng Hoa Thám,Xã,12337
Xã Thiện Phiến,Huyện Tiên Lữ,Tỉnh Hưng Yên,Tỉnh Hưng Yên,Xã Tiên Lữ,Xã,12364
Xã Thụy Lôi,Huyện Tiên Lữ,Tỉnh Hưng Yên,Tỉnh Hưng Yên,Xã Tiên Lữ,Xã,12364
Xã Thủ Sỹ,Huyện Tiên Lữ,Tỉnh Hưng Yên,Tỉnh Hưng Yên,Xã Tân Hưng,Xã,11977
Xã Trung Dũng,Huyện Tiên Lữ,Tỉnh Hưng Yên,Tỉnh Hưng Yên,Xã Tiên Hoa,Xã,12361
Thị trấn Văn Giang,Huyện Văn Giang,Tỉnh Hưng Yên,Tỉnh Hưng Yên,Xã Văn Giang,Xã,12019
Xã Cửu Cao,Huyện Văn Giang,Tỉnh Hưng Yên,Tỉnh Hưng Yên,Xã Phụng Công,Xã,12025
Xã Liên Nghĩa,Huyện Văn Giang,Tỉnh Hưng Yên,Tỉnh Hưng Yên,Xã Văn Giang,Xã,12019
Xã Long Hưng,Huyện Văn Giang,Tỉnh Hưng Yên,Tỉnh Hưng Yên,Xã Nghĩa Trụ,Xã,12031
Xã Mễ Sở,Huyện Văn Giang,Tỉnh Hưng Yên,Tỉnh Hưng Yên,Xã Mễ Sở,Xã,12049
Xã Nghĩa Trụ,Huyện Văn Giang,Tỉnh Hưng Yên,Tỉnh Hưng Yên,Xã Nghĩa Trụ,Xã,12031
Xã Phụng Công,Huyện Văn Giang,Tỉnh Hưng Yên,Tỉnh Hưng Yên,Xã Phụng Công,Xã,12025
Xã Thắng Lợi,Huyện Văn Giang,Tỉnh Hưng Yên,Tỉnh Hưng Yên,Xã Mễ Sở,Xã,12049
Xã Tân Tiến,Huyện Văn Giang,Tỉnh Hưng Yên,Tỉnh Hưng Yên,Xã Văn Giang,Xã,12019
Xã Vĩnh Khúc,Huyện Văn Giang,Tỉnh Hưng Yên,Tỉnh Hưng Yên,Xã Nghĩa Trụ,Xã,12031
Xã Xuân Quan,Huyện Văn Giang,Tỉnh Hưng Yên,Tỉnh Hưng Yên,Xã Phụng Công,Xã,12025
Thị trấn Như Quỳnh,Huyện Văn Lâm,Tỉnh Hưng Yên,Tỉnh Hưng Yên,Xã Như Quỳnh,Xã,12004
Xã Chỉ Đạo,Huyện Văn Lâm,Tỉnh Hưng Yên,Tỉnh Hưng Yên,Xã Lạc Đạo,Xã,11992
Xã Lương Tài,Huyện Văn Lâm,Tỉnh Hưng Yên,Tỉnh Hưng Yên,Xã Đại Đồng,Xã,11995
Xã Lạc Hồng,Huyện Văn Lâm,Tỉnh Hưng Yên,Tỉnh Hưng Yên,Xã Như Quỳnh,Xã,12004
Xã Lạc Đạo,Huyện Văn Lâm,Tỉnh Hưng Yên,Tỉnh Hưng Yên,Xã Đại Đồng,Xã,11995
Xã Lạc Đạo,Huyện Văn Lâm,Tỉnh Hưng Yên,Tỉnh Hưng Yên,Xã Lạc Đạo,Xã,11992
Xã Minh Hải,Huyện Văn Lâm,Tỉnh Hưng Yên,Tỉnh Hưng Yên,Xã Lạc Đạo,Xã,11992
Xã Trưng Trắc,Huyện Văn Lâm,Tỉnh Hưng Yên,Tỉnh Hưng Yên,Xã Như Quỳnh,Xã,12004
Xã Tân Quang,Huyện Văn Lâm,Tỉnh Hưng Yên,Tỉnh Hưng Yên,Xã Như Quỳnh,Xã,12004
Xã Việt Hưng,Huyện Văn Lâm,Tỉnh Hưng Yên,Tỉnh Hưng Yên,Xã Đại Đồng,Xã,11995
Xã Đình Dù,Huyện Văn Lâm,Tỉnh Hưng Yên,Tỉnh Hưng Yên,Xã Đại Đồng,Xã,11995
Xã Đình Dù,Huyện Văn Lâm,Tỉnh Hưng Yên,Tỉnh Hưng Yên,Xã Như Quỳnh,Xã,12004
Xã Đại Đồng,Huyện Văn Lâm,Tỉnh Hưng Yên,Tỉnh Hưng Yên,Xã Đại Đồng,Xã,11995
Thị trấn Yên Mỹ,Huyện Yên Mỹ,Tỉnh Hưng Yên,Tỉnh Hưng Yên,Xã Yên Mỹ,Xã,12073
Xã Hoàn Long,Huyện Yên Mỹ,Tỉnh Hưng Yên,Tỉnh Hưng Yên,Xã Hoàn Long,Xã,12070
Xã Liêu Xá,Huyện Yên Mỹ,Tỉnh Hưng Yên,Tỉnh Hưng Yên,Xã Nguyễn Văn Linh,Xã,12064
Xã Nguyễn Văn Linh,Huyện Yên Mỹ,Tỉnh Hưng Yên,Tỉnh Hưng Yên,Xã Nguyễn Văn Linh,Xã,12064
Xã Ngọc Long,Huyện Yên Mỹ,Tỉnh Hưng Yên,Tỉnh Hưng Yên,Xã Nguyễn Văn Linh,Xã,12064
Xã Thanh Long,Huyện Yên Mỹ,Tỉnh Hưng Yên,Tỉnh Hưng Yên,Xã Việt Yên,Xã,12091
Xã Trung Hòa,Huyện Yên Mỹ,Tỉnh Hưng Yên,Tỉnh Hưng Yên,Xã Yên Mỹ,Xã,12073
Xã Tân Lập,Huyện Yên Mỹ,Tỉnh Hưng Yên,Tỉnh Hưng Yên,Xã Yên Mỹ,Xã,12073
Xã Tân Minh,Huyện Yên Mỹ,Tỉnh Hưng Yên,Tỉnh Hưng Yên,Xã Yên Mỹ,Xã,12073
Xã Việt Yên,Huyện Yên Mỹ,Tỉnh Hưng Yên,Tỉnh Hưng Yên,Xã Việt Yên,Xã,12091
Xã Yên Phú,Huyện Yên Mỹ,Tỉnh Hưng Yên,Tỉnh Hưng Yên,Xã Việt Yên,Xã,12091
Xã Đồng Than,Huyện Yên Mỹ,Tỉnh Hưng Yên,Tỉnh Hưng Yên,Xã Hoàn Long,Xã,12070
Thị trấn Ân Thi,Huyện Ân Thi,Tỉnh Hưng Yên,Tỉnh Hưng Yên,Xã Ân Thi,Xã,12142
Xã Bãi Sậy,Huyện Ân Thi,Tỉnh Hưng Yên,Tỉnh Hưng Yên,Xã Phạm Ngũ Lão,Xã,12148
Xã Bắc Sơn,Huyện Ân Thi,Tỉnh Hưng Yên,Tỉnh Hưng Yên,Xã Phạm Ngũ Lão,Xã,12148
Xã Cẩm Ninh,Huyện Ân Thi,Tỉnh Hưng Yên,Tỉnh Hưng Yên,Xã Nguyễn Trãi,Xã,12184
Xã Hoàng Hoa Thám,Huyện Ân Thi,Tỉnh Hưng Yên,Tỉnh Hưng Yên,Xã Ân Thi,Xã,12142
Xã Hạ Lễ,Huyện Ân Thi,Tỉnh Hưng Yên,Tỉnh Hưng Yên,Xã Hồng Quang,Xã,12196
Xã Hồ Tùng Mậu,Huyện Ân Thi,Tỉnh Hưng Yên,Tỉnh Hưng Yên,Xã Hồng Quang,Xã,12196
Xã Hồng Quang,Huyện Ân Thi,Tỉnh Hưng Yên,Tỉnh Hưng Yên,Xã Hồng Quang,Xã,12196
Xã Nguyễn Trãi,Huyện Ân Thi,Tỉnh Hưng Yên,Tỉnh Hưng Yên,Xã Nguyễn Trãi,Xã,12184
Xã Phù Ủng,Huyện Ân Thi,Tỉnh Hưng Yên,Tỉnh Hưng Yên,Xã Phạm Ngũ Lão,Xã,12148
Xã Quang Vinh,Huyện Ân Thi,Tỉnh Hưng Yên,Tỉnh Hưng Yên,Xã Ân Thi,Xã,12142
Xã Quảng Lãng,Huyện Ân Thi,Tỉnh Hưng Yên,Tỉnh Hưng Yên,Xã Xuân Trúc,Xã,12166
Xã Tiền Phong,Huyện Ân Thi,Tỉnh Hưng Yên,Tỉnh Hưng Yên,Xã Hồng Quang,Xã,12196
Xã Vân Du,Huyện Ân Thi,Tỉnh Hưng Yên,Tỉnh Hưng Yên,Xã Xuân Trúc,Xã,12166
Xã Xuân Trúc,Huyện Ân Thi,Tỉnh Hưng Yên,Tỉnh Hưng Yên,Xã Xuân Trúc,Xã,12166
Xã Đa Lộc,Huyện Ân Thi,Tỉnh Hưng Yên,Tỉnh Hưng Yên,Xã Nguyễn Trãi,Xã,12184
Xã Đào Dương,Huyện Ân Thi,Tỉnh Hưng Yên,Tỉnh Hưng Yên,Xã Phạm Ngũ Lão,Xã,12148
Xã Đặng Lễ,Huyện Ân Thi,Tỉnh Hưng Yên,Tỉnh Hưng Yên,Xã Nguyễn Trãi,Xã,12184
Phường An Tảo,Thành phố Hưng Yên,Tỉnh Hưng Yên,Tỉnh Hưng Yên,Phường Phố Hiến,Phường,11953
Phường Hiến Nam,Thành phố Hưng Yên,Tỉnh Hưng Yên,Tỉnh Hưng Yên,Phường Phố Hiến,Phường,11953
Phường Hồng Châu,Thành phố Hưng Yên,Tỉnh Hưng Yên,Tỉnh Hưng Yên,Phường Hồng Châu,Phường,11980
Phường Lam Sơn,Thành phố Hưng Yên,Tỉnh Hưng Yên,Tỉnh Hưng Yên,Phường Sơn Nam,Phường,11983
Phường Lê Lợi,Thành phố Hưng Yên,Tỉnh Hưng Yên,Tỉnh Hưng Yên,Phường Phố Hiến,Phường,11953
Phường Minh Khai,Thành phố Hưng Yên,Tỉnh Hưng Yên,Tỉnh Hưng Yên,Phường Phố Hiến,Phường,11953
Xã Bảo Khê,Thành phố Hưng Yên,Tỉnh Hưng Yên,Tỉnh Hưng Yên,Phường Sơn Nam,Phường,11983
Xã Hoàng Hanh,Thành phố Hưng Yên,Tỉnh Hưng Yên,Tỉnh Hưng Yên,Phường Hồng Châu,Phường,11980
Xã Hùng Cường,Thành phố Hưng Yên,Tỉnh Hưng Yên,Tỉnh Hưng Yên,Phường Sơn Nam,Phường,11983
Xã Liên Phương,Thành phố Hưng Yên,Tỉnh Hưng Yên,Tỉnh Hưng Yên,Phường Phố Hiến,Phường,11953
Xã Phú Cường,Thành phố Hưng Yên,Tỉnh Hưng Yên,Tỉnh Hưng Yên,Phường Sơn Nam,Phường,11983
Xã Phương Nam,Thành phố Hưng Yên,Tỉnh Hưng Yên,Tỉnh Hưng Yên,Xã Tân Hưng,Xã,11977
Xã Quảng Châu,Thành phố Hưng Yên,Tỉnh Hưng Yên,Tỉnh Hưng Yên,Phường Hồng Châu,Phường,11980
Xã Trung Nghĩa,Thành phố Hưng Yên,Tỉnh Hưng Yên,Tỉnh Hưng Yên,Phường Phố Hiến,Phường,11953
Xã Tân Hưng,Thành phố Hưng Yên,Tỉnh Hưng Yên,Tỉnh Hưng Yên,Xã Tân Hưng,Xã,11977
Phường Bạch Sam,Thị xã Mỹ Hào,Tỉnh Hưng Yên,Tỉnh Hưng Yên,Phường Thượng Hồng,Phường,12127
Phường Bần Yên Nhân,Thị xã Mỹ Hào,Tỉnh Hưng Yên,Tỉnh Hưng Yên,Phường Mỹ Hào,Phường,12103
Phường Dị Sử,Thị xã Mỹ Hào,Tỉnh Hưng Yên,Tỉnh Hưng Yên,Phường Đường Hào,Phường,12133
Phường Minh Đức,Thị xã Mỹ Hào,Tỉnh Hưng Yên,Tỉnh Hưng Yên,Phường Thượng Hồng,Phường,12127
Phường Nhân Hòa,Thị xã Mỹ Hào,Tỉnh Hưng Yên,Tỉnh Hưng Yên,Phường Mỹ Hào,Phường,12103
Phường Phan Đình Phùng,Thị xã Mỹ Hào,Tỉnh Hưng Yên,Tỉnh Hưng Yên,Phường Mỹ Hào,Phường,12103
Phường Phùng Chí Kiên,Thị xã Mỹ Hào,Tỉnh Hưng Yên,Tỉnh Hưng Yên,Phường Đường Hào,Phường,12133
Xã Cẩm Xá,Thị xã Mỹ Hào,Tỉnh Hưng Yên,Tỉnh Hưng Yên,Phường Mỹ Hào,Phường,12103
Xã Dương Quang,Thị xã Mỹ Hào,Tỉnh Hưng Yên,Tỉnh Hưng Yên,Phường Thượng Hồng,Phường,12127
Xã Hòa Phong,Thị xã Mỹ Hào,Tỉnh Hưng Yên,Tỉnh Hưng Yên,Phường Thượng Hồng,Phường,12127
Xã Hưng Long,Thị xã Mỹ Hào,Tỉnh Hưng Yên,Tỉnh Hưng Yên,Phường Đường Hào,Phường,12133
Xã Ngọc Lâm,Thị xã Mỹ Hào,Tỉnh Hưng Yên,Tỉnh Hưng Yên,Phường Đường Hào,Phường,12133
Xã Xuân Dục,Thị xã Mỹ Hào,Tỉnh Hưng Yên,Tỉnh Hưng Yên,Phường Đường Hào,Phường,12133
Thị trấn Hưng Hà,Huyện Hưng Hà,Tỉnh Thái Bình,Tỉnh Hưng Yên,Xã Hưng Hà,Xã,12586
Thị trấn Hưng Nhân,Huyện Hưng Hà,Tỉnh Thái Bình,Tỉnh Hưng Yên,Xã Long Hưng,Xã,12613
Xã Bắc Sơn,Huyện Hưng Hà,Tỉnh Thái Bình,Tỉnh Hưng Yên,Xã Thần Khê,Xã,12631
Xã Canh Tân,Huyện Hưng Hà,Tỉnh Thái Bình,Tỉnh Hưng Yên,Xã Ngự Thiên,Xã,12595
Xã Chi Lăng,Huyện Hưng Hà,Tỉnh Thái Bình,Tỉnh Hưng Yên,Xã Thần Khê,Xã,12631
Xã Chí Hòa,Huyện Hưng Hà,Tỉnh Thái Bình,Tỉnh Hưng Yên,Xã Hồng Minh,Xã,12685
Xã Cộng Hòa,Huyện Hưng Hà,Tỉnh Thái Bình,Tỉnh Hưng Yên,Xã Ngự Thiên,Xã,12595
Xã Duyên Hải,Huyện Hưng Hà,Tỉnh Thái Bình,Tỉnh Hưng Yên,Xã Diên Hà,Xã,12619
Xã Hòa Bình,Huyện Hưng Hà,Tỉnh Thái Bình,Tỉnh Hưng Yên,Xã Hưng Hà,Xã,12586
Xã Hòa Tiến,Huyện Hưng Hà,Tỉnh Thái Bình,Tỉnh Hưng Yên,Xã Ngự Thiên,Xã,12595
Xã Hồng An,Huyện Hưng Hà,Tỉnh Thái Bình,Tỉnh Hưng Yên,Xã Lê Quý Đôn,Xã,12676
Xã Hồng Lĩnh,Huyện Hưng Hà,Tỉnh Thái Bình,Tỉnh Hưng Yên,Xã Hưng Hà,Xã,12586
Xã Hồng Minh,Huyện Hưng Hà,Tỉnh Thái Bình,Tỉnh Hưng Yên,Xã Hồng Minh,Xã,12685
Xã Kim Trung,Huyện Hưng Hà,Tỉnh Thái Bình,Tỉnh Hưng Yên,Xã Hưng Hà,Xã,12586
Xã Liên Hiệp,Huyện Hưng Hà,Tỉnh Thái Bình,Tỉnh Hưng Yên,Xã Long Hưng,Xã,12613
Xã Minh Hòa,Huyện Hưng Hà,Tỉnh Thái Bình,Tỉnh Hưng Yên,Xã Hồng Minh,Xã,12685
Xã Minh Khai,Huyện Hưng Hà,Tỉnh Thái Bình,Tỉnh Hưng Yên,Xã Hưng Hà,Xã,12586
Xã Minh Tân,Huyện Hưng Hà,Tỉnh Thái Bình,Tỉnh Hưng Yên,Xã Lê Quý Đôn,Xã,12676
Xã Phúc Khánh,Huyện Hưng Hà,Tỉnh Thái Bình,Tỉnh Hưng Yên,Xã Tiên La,Xã,12634
Xã Quang Trung,Huyện Hưng Hà,Tỉnh Thái Bình,Tỉnh Hưng Yên,Xã Diên Hà,Xã,12619
Xã Thái Hưng,Huyện Hưng Hà,Tỉnh Thái Bình,Tỉnh Hưng Yên,Xã Long Hưng,Xã,12613
Xã Thái Phương,Huyện Hưng Hà,Tỉnh Thái Bình,Tỉnh Hưng Yên,Xã Tiên La,Xã,12634
Xã Thống Nhất,Huyện Hưng Hà,Tỉnh Thái Bình,Tỉnh Hưng Yên,Xã Hưng Hà,Xã,12586
Xã Tiến Đức,Huyện Hưng Hà,Tỉnh Thái Bình,Tỉnh Hưng Yên,Xã Long Hưng,Xã,12613
Xã Tân Hòa,Huyện Hưng Hà,Tỉnh Thái Bình,Tỉnh Hưng Yên,Xã Ngự Thiên,Xã,12595
Xã Tân Lễ,Huyện Hưng Hà,Tỉnh Thái Bình,Tỉnh Hưng Yên,Xã Long Hưng,Xã,12613
Xã Tân Tiến,Huyện Hưng Hà,Tỉnh Thái Bình,Tỉnh Hưng Yên,Xã Tiên La,Xã,12634
Xã Tây Đô,Huyện Hưng Hà,Tỉnh Thái Bình,Tỉnh Hưng Yên,Xã Thần Khê,Xã,12631
Xã Văn Cẩm,Huyện Hưng Hà,Tỉnh Thái Bình,Tỉnh Hưng Yên,Xã Diên Hà,Xã,12619
Xã Văn Lang,Huyện Hưng Hà,Tỉnh Thái Bình,Tỉnh Hưng Yên,Xã Hưng Hà,Xã,12586
Xã Đoan Hùng,Huyện Hưng Hà,Tỉnh Thái Bình,Tỉnh Hưng Yên,Xã Tiên La,Xã,12634
Xã Đông Đô,Huyện Hưng Hà,Tỉnh Thái Bình,Tỉnh Hưng Yên,Xã Thần Khê,Xã,12631
Xã Độc Lập,Huyện Hưng Hà,Tỉnh Thái Bình,Tỉnh Hưng Yên,Xã Lê Quý Đôn,Xã,12676
Thị trấn Kiến Xương,Huyện Kiến Xương,Tỉnh Thái Bình,Tỉnh Hưng Yên,Xã Kiến Xương,Xã,13075
Xã An Bình,Huyện Kiến Xương,Tỉnh Thái Bình,Tỉnh Hưng Yên,Xã Bình Nguyên,Xã,13096
Xã Bình Minh,Huyện Kiến Xương,Tỉnh Thái Bình,Tỉnh Hưng Yên,Xã Kiến Xương,Xã,13075
Xã Bình Nguyên,Huyện Kiến Xương,Tỉnh Thái Bình,Tỉnh Hưng Yên,Xã Bình Nguyên,Xã,13096
Xã Bình Thanh,Huyện Kiến Xương,Tỉnh Thái Bình,Tỉnh Hưng Yên,Xã Bình Thanh,Xã,13183
Xã Bình Định,Huyện Kiến Xương,Tỉnh Thái Bình,Tỉnh Hưng Yên,Xã Bình Định,Xã,13186
Xã Hòa Bình,Huyện Kiến Xương,Tỉnh Thái Bình,Tỉnh Hưng Yên,Xã Quang Lịch,Xã,13132
Xã Hồng Thái,Huyện Kiến Xương,Tỉnh Thái Bình,Tỉnh Hưng Yên,Xã Trà Giang,Xã,13093
Xã Hồng Tiến,Huyện Kiến Xương,Tỉnh Thái Bình,Tỉnh Hưng Yên,Xã Bình Định,Xã,13186
Xã Hồng Vũ,Huyện Kiến Xương,Tỉnh Thái Bình,Tỉnh Hưng Yên,Xã Hồng Vũ,Xã,13159
Xã Lê Lợi,Huyện Kiến Xương,Tỉnh Thái Bình,Tỉnh Hưng Yên,Xã Lê Lợi,Xã,13120
Xã Minh Quang,Huyện Kiến Xương,Tỉnh Thái Bình,Tỉnh Hưng Yên,Xã Bình Thanh,Xã,13183
Xã Minh Tân,Huyện Kiến Xương,Tỉnh Thái Bình,Tỉnh Hưng Yên,Xã Bình Thanh,Xã,13183
Xã Nam Bình,Huyện Kiến Xương,Tỉnh Thái Bình,Tỉnh Hưng Yên,Xã Bình Định,Xã,13186
Xã Quang Bình,Huyện Kiến Xương,Tỉnh Thái Bình,Tỉnh Hưng Yên,Xã Kiến Xương,Xã,13075
Xã Quang Lịch,Huyện Kiến Xương,Tỉnh Thái Bình,Tỉnh Hưng Yên,Xã Quang Lịch,Xã,13132
Xã Quang Minh,Huyện Kiến Xương,Tỉnh Thái Bình,Tỉnh Hưng Yên,Xã Kiến Xương,Xã,13075
Xã Quang Trung,Huyện Kiến Xương,Tỉnh Thái Bình,Tỉnh Hưng Yên,Xã Kiến Xương,Xã,13075
Xã Quốc Tuấn,Huyện Kiến Xương,Tỉnh Thái Bình,Tỉnh Hưng Yên,Xã Trà Giang,Xã,13093
Xã Thanh Tân,Huyện Kiến Xương,Tỉnh Thái Bình,Tỉnh Hưng Yên,Xã Bình Nguyên,Xã,13096
Xã Thống Nhất,Huyện Kiến Xương,Tỉnh Thái Bình,Tỉnh Hưng Yên,Xã Lê Lợi,Xã,13120
Xã Trà Giang,Huyện Kiến Xương,Tỉnh Thái Bình,Tỉnh Hưng Yên,Xã Trà Giang,Xã,13093
Xã Tây Sơn,Huyện Kiến Xương,Tỉnh Thái Bình,Tỉnh Hưng Yên,Phường Trần Lãm,Phường,12454
Xã Vũ An,Huyện Kiến Xương,Tỉnh Thái Bình,Tỉnh Hưng Yên,Xã Vũ Quý,Xã,13141
Xã Vũ Công,Huyện Kiến Xương,Tỉnh Thái Bình,Tỉnh Hưng Yên,Xã Hồng Vũ,Xã,13159
Xã Vũ Lễ,Huyện Kiến Xương,Tỉnh Thái Bình,Tỉnh Hưng Yên,Xã Quang Lịch,Xã,13132
Xã Vũ Ninh,Huyện Kiến Xương,Tỉnh Thái Bình,Tỉnh Hưng Yên,Xã Vũ Quý,Xã,13141
Xã Vũ Quý,Huyện Kiến Xương,Tỉnh Thái Bình,Tỉnh Hưng Yên,Xã Vũ Quý,Xã,13141
Xã Vũ Trung,Huyện Kiến Xương,Tỉnh Thái Bình,Tỉnh Hưng Yên,Xã Vũ Quý,Xã,13141
Thị trấn An Bài,Huyện Quỳnh Phụ,Tỉnh Thái Bình,Tỉnh Hưng Yên,Xã Phụ Dực,Xã,12523
Thị trấn Quỳnh Côi,Huyện Quỳnh Phụ,Tỉnh Thái Bình,Tỉnh Hưng Yên,Xã Quỳnh Phụ,Xã,12472
Xã An Cầu,Huyện Quỳnh Phụ,Tỉnh Thái Bình,Tỉnh Hưng Yên,Xã Đồng Bằng,Xã,12526
Xã An Dục,Huyện Quỳnh Phụ,Tỉnh Thái Bình,Tỉnh Hưng Yên,Xã Tân Tiến,Xã,12583
Xã An Hiệp,Huyện Quỳnh Phụ,Tỉnh Thái Bình,Tỉnh Hưng Yên,Xã A Sào,Xã,12499
Xã An Khê,Huyện Quỳnh Phụ,Tỉnh Thái Bình,Tỉnh Hưng Yên,Xã A Sào,Xã,12499
Xã An Lễ,Huyện Quỳnh Phụ,Tỉnh Thái Bình,Tỉnh Hưng Yên,Xã Đồng Bằng,Xã,12526
Xã An Mỹ,Huyện Quỳnh Phụ,Tỉnh Thái Bình,Tỉnh Hưng Yên,Xã Phụ Dực,Xã,12523
Xã An Ninh,Huyện Quỳnh Phụ,Tỉnh Thái Bình,Tỉnh Hưng Yên,Xã Phụ Dực,Xã,12523
Xã An Quý,Huyện Quỳnh Phụ,Tỉnh Thái Bình,Tỉnh Hưng Yên,Xã Đồng Bằng,Xã,12526
Xã An Thanh,Huyện Quỳnh Phụ,Tỉnh Thái Bình,Tỉnh Hưng Yên,Xã Phụ Dực,Xã,12523
Xã An Thái,Huyện Quỳnh Phụ,Tỉnh Thái Bình,Tỉnh Hưng Yên,Xã A Sào,Xã,12499
Xã An Tràng,Huyện Quỳnh Phụ,Tỉnh Thái Bình,Tỉnh Hưng Yên,Xã Tân Tiến,Xã,12583
Xã An Vinh,Huyện Quỳnh Phụ,Tỉnh Thái Bình,Tỉnh Hưng Yên,Xã Quỳnh An,Xã,12577
Xã An Vũ,Huyện Quỳnh Phụ,Tỉnh Thái Bình,Tỉnh Hưng Yên,Xã Phụ Dực,Xã,12523
Xã An Đồng,Huyện Quỳnh Phụ,Tỉnh Thái Bình,Tỉnh Hưng Yên,Xã A Sào,Xã,12499
Xã An Ấp,Huyện Quỳnh Phụ,Tỉnh Thái Bình,Tỉnh Hưng Yên,Xã Đồng Bằng,Xã,12526
Xã Châu Sơn,Huyện Quỳnh Phụ,Tỉnh Thái Bình,Tỉnh Hưng Yên,Xã Nguyễn Du,Xã,12532
Xã Quỳnh Giao,Huyện Quỳnh Phụ,Tỉnh Thái Bình,Tỉnh Hưng Yên,Xã Minh Thọ,Xã,12511
Xã Quỳnh Hoa,Huyện Quỳnh Phụ,Tỉnh Thái Bình,Tỉnh Hưng Yên,Xã Minh Thọ,Xã,12511
Xã Quỳnh Hoàng,Huyện Quỳnh Phụ,Tỉnh Thái Bình,Tỉnh Hưng Yên,Xã Ngọc Lâm,Xã,12517
Xã Quỳnh Hưng,Huyện Quỳnh Phụ,Tỉnh Thái Bình,Tỉnh Hưng Yên,Xã Quỳnh Phụ,Xã,12472
Xã Quỳnh Hải,Huyện Quỳnh Phụ,Tỉnh Thái Bình,Tỉnh Hưng Yên,Xã Quỳnh Phụ,Xã,12472
Xã Quỳnh Hồng,Huyện Quỳnh Phụ,Tỉnh Thái Bình,Tỉnh Hưng Yên,Xã Quỳnh Phụ,Xã,12472
Xã Quỳnh Hội,Huyện Quỳnh Phụ,Tỉnh Thái Bình,Tỉnh Hưng Yên,Xã Quỳnh Phụ,Xã,12472
Xã Quỳnh Khê,Huyện Quỳnh Phụ,Tỉnh Thái Bình,Tỉnh Hưng Yên,Xã Nguyễn Du,Xã,12532
Xã Quỳnh Lâm,Huyện Quỳnh Phụ,Tỉnh Thái Bình,Tỉnh Hưng Yên,Xã Ngọc Lâm,Xã,12517
Xã Quỳnh Minh,Huyện Quỳnh Phụ,Tỉnh Thái Bình,Tỉnh Hưng Yên,Xã Minh Thọ,Xã,12511
Xã Quỳnh Mỹ,Huyện Quỳnh Phụ,Tỉnh Thái Bình,Tỉnh Hưng Yên,Xã Quỳnh Phụ,Xã,12472
Xã Quỳnh Nguyên,Huyện Quỳnh Phụ,Tỉnh Thái Bình,Tỉnh Hưng Yên,Xã Nguyễn Du,Xã,12532
Xã Quỳnh Ngọc,Huyện Quỳnh Phụ,Tỉnh Thái Bình,Tỉnh Hưng Yên,Xã Ngọc Lâm,Xã,12517
Xã Quỳnh Thọ,Huyện Quỳnh Phụ,Tỉnh Thái Bình,Tỉnh Hưng Yên,Xã Minh Thọ,Xã,12511
Xã Trang Bảo Xá,Huyện Quỳnh Phụ,Tỉnh Thái Bình,Tỉnh Hưng Yên,Xã Quỳnh An,Xã,12577
Xã Đông Hải,Huyện Quỳnh Phụ,Tỉnh Thái Bình,Tỉnh Hưng Yên,Xã Quỳnh An,Xã,12577
Xã Đồng Tiến,Huyện Quỳnh Phụ,Tỉnh Thái Bình,Tỉnh Hưng Yên,Xã Tân Tiến,Xã,12583
Thị trấn Diêm Điền,Huyện Thái Thụy,Tỉnh Thái Bình,Tỉnh Hưng Yên,Xã Thái Thụy,Xã,12826
Xã An Tân,Huyện Thái Thụy,Tỉnh Thái Bình,Tỉnh Hưng Yên,Xã Đông Thụy Anh,Xã,12862
Xã Dương Hồng Thủy,Huyện Thái Thụy,Tỉnh Thái Bình,Tỉnh Hưng Yên,Xã Bắc Thái Ninh,Xã,12916
Xã Dương Phúc,Huyện Thái Thụy,Tỉnh Thái Bình,Tỉnh Hưng Yên,Xã Thụy Anh,Xã,12865
Xã Hòa An,Huyện Thái Thụy,Tỉnh Thái Bình,Tỉnh Hưng Yên,Xã Thái Ninh,Xã,12922
Xã Hồng Dũng,Huyện Thái Thụy,Tỉnh Thái Bình,Tỉnh Hưng Yên,Xã Đông Thụy Anh,Xã,12862
Xã Mỹ Lộc,Huyện Thái Thụy,Tỉnh Thái Bình,Tỉnh Hưng Yên,Xã Đông Thái Ninh,Xã,12943
Xã Sơn Hà,Huyện Thái Thụy,Tỉnh Thái Bình,Tỉnh Hưng Yên,Xã Tây Thái Ninh,Xã,12919
Xã Thuần Thành,Huyện Thái Thụy,Tỉnh Thái Bình,Tỉnh Hưng Yên,Xã Nam Thái Ninh,Xã,12961
Xã Thái Giang,Huyện Thái Thụy,Tỉnh Thái Bình,Tỉnh Hưng Yên,Xã Tây Thái Ninh,Xã,12919
Xã Thái Hưng,Huyện Thái Thụy,Tỉnh Thái Bình,Tỉnh Hưng Yên,Xã Thái Ninh,Xã,12922
Xã Thái Nguyên,Huyện Thái Thụy,Tỉnh Thái Bình,Tỉnh Hưng Yên,Xã Thái Ninh,Xã,12922
Xã Thái Phúc,Huyện Thái Thụy,Tỉnh Thái Bình,Tỉnh Hưng Yên,Xã Bắc Thái Ninh,Xã,12916
Xã Thái Thượng,Huyện Thái Thụy,Tỉnh Thái Bình,Tỉnh Hưng Yên,Xã Thái Ninh,Xã,12922
Xã Thái Thịnh,Huyện Thái Thụy,Tỉnh Thái Bình,Tỉnh Hưng Yên,Xã Nam Thái Ninh,Xã,12961
Xã Thái Thọ,Huyện Thái Thụy,Tỉnh Thái Bình,Tỉnh Hưng Yên,Xã Nam Thái Ninh,Xã,12961
Xã Thái Xuyên,Huyện Thái Thụy,Tỉnh Thái Bình,Tỉnh Hưng Yên,Xã Đông Thái Ninh,Xã,12943
Xã Thái Đô,Huyện Thái Thụy,Tỉnh Thái Bình,Tỉnh Hưng Yên,Xã Đông Thái Ninh,Xã,12943
Xã Thụy Bình,Huyện Thái Thụy,Tỉnh Thái Bình,Tỉnh Hưng Yên,Xã Thái Thụy,Xã,12826
Xã Thụy Chính,Huyện Thái Thụy,Tỉnh Thái Bình,Tỉnh Hưng Yên,Xã Tây Thụy Anh,Xã,12850
Xã Thụy Duyên,Huyện Thái Thụy,Tỉnh Thái Bình,Tỉnh Hưng Yên,Xã Nam Thụy Anh,Xã,12904
Xã Thụy Dân,Huyện Thái Thụy,Tỉnh Thái Bình,Tỉnh Hưng Yên,Xã Tây Thụy Anh,Xã,12850
Xã Thụy Hưng,Huyện Thái Thụy,Tỉnh Thái Bình,Tỉnh Hưng Yên,Xã Thụy Anh,Xã,12865
Xã Thụy Hải,Huyện Thái Thụy,Tỉnh Thái Bình,Tỉnh Hưng Yên,Xã Thái Thụy,Xã,12826
Xã Thụy Liên,Huyện Thái Thụy,Tỉnh Thái Bình,Tỉnh Hưng Yên,Xã Thái Thụy,Xã,12826
Xã Thụy Ninh,Huyện Thái Thụy,Tỉnh Thái Bình,Tỉnh Hưng Yên,Xã Tây Thụy Anh,Xã,12850
Xã Thụy Phong,Huyện Thái Thụy,Tỉnh Thái Bình,Tỉnh Hưng Yên,Xã Nam Thụy Anh,Xã,12904
Xã Thụy Quỳnh,Huyện Thái Thụy,Tỉnh Thái Bình,Tỉnh Hưng Yên,Xã Bắc Thụy Anh,Xã,12859
Xã Thụy Sơn,Huyện Thái Thụy,Tỉnh Thái Bình,Tỉnh Hưng Yên,Xã Thụy Anh,Xã,12865
Xã Thụy Thanh,Huyện Thái Thụy,Tỉnh Thái Bình,Tỉnh Hưng Yên,Xã Nam Thụy Anh,Xã,12904
Xã Thụy Trình,Huyện Thái Thụy,Tỉnh Thái Bình,Tỉnh Hưng Yên,Xã Thái Thụy,Xã,12826
Xã Thụy Trường,Huyện Thái Thụy,Tỉnh Thái Bình,Tỉnh Hưng Yên,Xã Đông Thụy Anh,Xã,12862
Xã Thụy Việt,Huyện Thái Thụy,Tỉnh Thái Bình,Tỉnh Hưng Yên,Xã Bắc Thụy Anh,Xã,12859
Xã Thụy Văn,Huyện Thái Thụy,Tỉnh Thái Bình,Tỉnh Hưng Yên,Xã Bắc Thụy Anh,Xã,12859
Xã Thụy Xuân,Huyện Thái Thụy,Tỉnh Thái Bình,Tỉnh Hưng Yên,Xã Đông Thụy Anh,Xã,12862
Xã Tân Học,Huyện Thái Thụy,Tỉnh Thái Bình,Tỉnh Hưng Yên,Xã Đông Thái Ninh,Xã,12943
Thị trấn Tiền Hải,Huyện Tiền Hải,Tỉnh Thái Bình,Tỉnh Hưng Yên,Xã Tiền Hải,Xã,12970
Xã An Ninh,Huyện Tiền Hải,Tỉnh Thái Bình,Tỉnh Hưng Yên,Xã Tiền Hải,Xã,12970
Xã Bắc Hải,Huyện Tiền Hải,Tỉnh Thái Bình,Tỉnh Hưng Yên,Xã Tây Tiền Hải,Xã,13039
Xã Nam Chính,Huyện Tiền Hải,Tỉnh Thái Bình,Tỉnh Hưng Yên,Xã Nam Cường,Xã,13057
Xã Nam Cường,Huyện Tiền Hải,Tỉnh Thái Bình,Tỉnh Hưng Yên,Xã Nam Cường,Xã,13057
Xã Nam Hà,Huyện Tiền Hải,Tỉnh Thái Bình,Tỉnh Hưng Yên,Xã Nam Tiền Hải,Xã,13063
Xã Nam Hưng,Huyện Tiền Hải,Tỉnh Thái Bình,Tỉnh Hưng Yên,Xã Hưng Phú,Xã,13066
Xã Nam Hải,Huyện Tiền Hải,Tỉnh Thái Bình,Tỉnh Hưng Yên,Xã Nam Tiền Hải,Xã,13063
Xã Nam Hồng,Huyện Tiền Hải,Tỉnh Thái Bình,Tỉnh Hưng Yên,Xã Nam Tiền Hải,Xã,13063
Xã Nam Phú,Huyện Tiền Hải,Tỉnh Thái Bình,Tỉnh Hưng Yên,Xã Hưng Phú,Xã,13066
Xã Nam Thịnh,Huyện Tiền Hải,Tỉnh Thái Bình,Tỉnh Hưng Yên,Xã Nam Cường,Xã,13057
Xã Nam Tiến,Huyện Tiền Hải,Tỉnh Thái Bình,Tỉnh Hưng Yên,Xã Nam Cường,Xã,13057
Xã Nam Trung,Huyện Tiền Hải,Tỉnh Thái Bình,Tỉnh Hưng Yên,Xã Hưng Phú,Xã,13066
Xã Phương Công,Huyện Tiền Hải,Tỉnh Thái Bình,Tỉnh Hưng Yên,Xã Tây Tiền Hải,Xã,13039
Xã Tây Giang,Huyện Tiền Hải,Tỉnh Thái Bình,Tỉnh Hưng Yên,Xã Ái Quốc,Xã,13021
Xã Tây Lương,Huyện Tiền Hải,Tỉnh Thái Bình,Tỉnh Hưng Yên,Xã Tiền Hải,Xã,12970
Xã Tây Ninh,Huyện Tiền Hải,Tỉnh Thái Bình,Tỉnh Hưng Yên,Xã Tiền Hải,Xã,12970
Xã Vân Trường,Huyện Tiền Hải,Tỉnh Thái Bình,Tỉnh Hưng Yên,Xã Tây Tiền Hải,Xã,13039
Xã Vũ Lăng,Huyện Tiền Hải,Tỉnh Thái Bình,Tỉnh Hưng Yên,Xã Tiền Hải,Xã,12970
Xã Ái Quốc,Huyện Tiền Hải,Tỉnh Thái Bình,Tỉnh Hưng Yên,Xã Ái Quốc,Xã,13021
Xã Đông Cơ,Huyện Tiền Hải,Tỉnh Thái Bình,Tỉnh Hưng Yên,Xã Đồng Châu,Xã,13003
Xã Đông Hoàng,Huyện Tiền Hải,Tỉnh Thái Bình,Tỉnh Hưng Yên,Xã Đồng Châu,Xã,13003
Xã Đông Long,Huyện Tiền Hải,Tỉnh Thái Bình,Tỉnh Hưng Yên,Xã Đông Tiền Hải,Xã,12988
Xã Đông Lâm,Huyện Tiền Hải,Tỉnh Thái Bình,Tỉnh Hưng Yên,Xã Đồng Châu,Xã,13003
Xã Đông Minh,Huyện Tiền Hải,Tỉnh Thái Bình,Tỉnh Hưng Yên,Xã Đồng Châu,Xã,13003
Xã Đông Quang,Huyện Tiền Hải,Tỉnh Thái Bình,Tỉnh Hưng Yên,Xã Đông Tiền Hải,Xã,12988
Xã Đông Trà,Huyện Tiền Hải,Tỉnh Thái Bình,Tỉnh Hưng Yên,Xã Đông Tiền Hải,Xã,12988
Xã Đông Xuyên,Huyện Tiền Hải,Tỉnh Thái Bình,Tỉnh Hưng Yên,Xã Đông Tiền Hải,Xã,12988
Thị trấn Vũ Thư,Huyện Vũ Thư,Tỉnh Thái Bình,Tỉnh Hưng Yên,Xã Vũ Thư,Xã,13192
Xã Bách Thuận,Huyện Vũ Thư,Tỉnh Thái Bình,Tỉnh Hưng Yên,Xã Tân Thuận,Xã,13246
Xã Duy Nhất,Huyện Vũ Thư,Tỉnh Thái Bình,Tỉnh Hưng Yên,Xã Vũ Tiên,Xã,13279
Xã Dũng Nghĩa,Huyện Vũ Thư,Tỉnh Thái Bình,Tỉnh Hưng Yên,Xã Vũ Thư,Xã,13192
Xã Hiệp Hòa,Huyện Vũ Thư,Tỉnh Thái Bình,Tỉnh Hưng Yên,Xã Thư Trì,Xã,13222
Xã Hòa Bình,Huyện Vũ Thư,Tỉnh Thái Bình,Tỉnh Hưng Yên,Xã Vũ Thư,Xã,13192
Xã Hồng Lý,Huyện Vũ Thư,Tỉnh Thái Bình,Tỉnh Hưng Yên,Xã Vạn Xuân,Xã,13219
Xã Hồng Phong,Huyện Vũ Thư,Tỉnh Thái Bình,Tỉnh Hưng Yên,Xã Vũ Tiên,Xã,13279
Xã Minh Khai,Huyện Vũ Thư,Tỉnh Thái Bình,Tỉnh Hưng Yên,Xã Vũ Thư,Xã,13192
Xã Minh Lãng,Huyện Vũ Thư,Tỉnh Thái Bình,Tỉnh Hưng Yên,Xã Thư Trì,Xã,13222
Xã Minh Quang,Huyện Vũ Thư,Tỉnh Thái Bình,Tỉnh Hưng Yên,Xã Vũ Thư,Xã,13192
Xã Nguyên Xá,Huyện Vũ Thư,Tỉnh Thái Bình,Tỉnh Hưng Yên,Phường Vũ Phúc,Phường,12466
Xã Phúc Thành,Huyện Vũ Thư,Tỉnh Thái Bình,Tỉnh Hưng Yên,Phường Thái Bình,Phường,13225
Xã Song An,Huyện Vũ Thư,Tỉnh Thái Bình,Tỉnh Hưng Yên,Phường Vũ Phúc,Phường,12466
Xã Song Lãng,Huyện Vũ Thư,Tỉnh Thái Bình,Tỉnh Hưng Yên,Xã Thư Trì,Xã,13222
Xã Tam Quang,Huyện Vũ Thư,Tỉnh Thái Bình,Tỉnh Hưng Yên,Xã Vũ Thư,Xã,13192
Xã Trung An,Huyện Vũ Thư,Tỉnh Thái Bình,Tỉnh Hưng Yên,Phường Vũ Phúc,Phường,12466
Xã Tân Hòa,Huyện Vũ Thư,Tỉnh Thái Bình,Tỉnh Hưng Yên,Phường Thái Bình,Phường,13225
Xã Tân Lập,Huyện Vũ Thư,Tỉnh Thái Bình,Tỉnh Hưng Yên,Xã Tân Thuận,Xã,13246
Xã Tân Phong,Huyện Vũ Thư,Tỉnh Thái Bình,Tỉnh Hưng Yên,Phường Thái Bình,Phường,13225
Xã Tự Tân,Huyện Vũ Thư,Tỉnh Thái Bình,Tỉnh Hưng Yên,Xã Tân Thuận,Xã,13246
Xã Việt Hùng,Huyện Vũ Thư,Tỉnh Thái Bình,Tỉnh Hưng Yên,Xã Vạn Xuân,Xã,13219
Xã Việt Thuận,Huyện Vũ Thư,Tỉnh Thái Bình,Tỉnh Hưng Yên,Xã Thư Vũ,Xã,13264
Xã Vũ Hội,Huyện Vũ Thư,Tỉnh Thái Bình,Tỉnh Hưng Yên,Xã Thư Vũ,Xã,13264
Xã Vũ Tiến,Huyện Vũ Thư,Tỉnh Thái Bình,Tỉnh Hưng Yên,Xã Vũ Tiên,Xã,13279
Xã Vũ Vinh,Huyện Vũ Thư,Tỉnh Thái Bình,Tỉnh Hưng Yên,Xã Thư Vũ,Xã,13264
Xã Vũ Vân,Huyện Vũ Thư,Tỉnh Thái Bình,Tỉnh Hưng Yên,Xã Thư Vũ,Xã,13264
Xã Vũ Đoài,Huyện Vũ Thư,Tỉnh Thái Bình,Tỉnh Hưng Yên,Xã Vũ Tiên,Xã,13279
Xã Xuân Hòa,Huyện Vũ Thư,Tỉnh Thái Bình,Tỉnh Hưng Yên,Xã Vạn Xuân,Xã,13219
Xã Đồng Thanh,Huyện Vũ Thư,Tỉnh Thái Bình,Tỉnh Hưng Yên,Xã Vạn Xuân,Xã,13219
Thị trấn Đông Hưng,Huyện Đông Hưng,Tỉnh Thái Bình,Tỉnh Hưng Yên,Xã Đông Hưng,Xã,12688
Xã Hà Giang,Huyện Đông Hưng,Tỉnh Thái Bình,Tỉnh Hưng Yên,Xã Bắc Đông Quan,Xã,12745
Xã Hồng Bạch,Huyện Đông Hưng,Tỉnh Thái Bình,Tỉnh Hưng Yên,Xã Tiên Hưng,Xã,12754
Xã Hồng Giang,Huyện Đông Hưng,Tỉnh Thái Bình,Tỉnh Hưng Yên,Xã Nam Tiên Hưng,Xã,12763
Xã Hồng Việt,Huyện Đông Hưng,Tỉnh Thái Bình,Tỉnh Hưng Yên,Xã Tiên Hưng,Xã,12754
Xã Liên An Đô,Huyện Đông Hưng,Tỉnh Thái Bình,Tỉnh Hưng Yên,Xã Bắc Tiên Hưng,Xã,12700
Xã Liên Hoa,Huyện Đông Hưng,Tỉnh Thái Bình,Tỉnh Hưng Yên,Xã Nam Tiên Hưng,Xã,12763
Xã Lô Giang,Huyện Đông Hưng,Tỉnh Thái Bình,Tỉnh Hưng Yên,Xã Bắc Tiên Hưng,Xã,12700
Xã Minh Phú,Huyện Đông Hưng,Tỉnh Thái Bình,Tỉnh Hưng Yên,Xã Nam Tiên Hưng,Xã,12763
Xã Minh Tân,Huyện Đông Hưng,Tỉnh Thái Bình,Tỉnh Hưng Yên,Xã Tiên Hưng,Xã,12754
Xã Mê Linh,Huyện Đông Hưng,Tỉnh Thái Bình,Tỉnh Hưng Yên,Xã Bắc Tiên Hưng,Xã,12700
Xã Nguyên Xá,Huyện Đông Hưng,Tỉnh Thái Bình,Tỉnh Hưng Yên,Xã Đông Hưng,Xã,12688
Xã Phong Dương Tiến,Huyện Đông Hưng,Tỉnh Thái Bình,Tỉnh Hưng Yên,Xã Đông Tiên Hưng,Xã,12736
Xã Phú Châu,Huyện Đông Hưng,Tỉnh Thái Bình,Tỉnh Hưng Yên,Xã Đông Tiên Hưng,Xã,12736
Xã Phú Lương,Huyện Đông Hưng,Tỉnh Thái Bình,Tỉnh Hưng Yên,Xã Bắc Tiên Hưng,Xã,12700
Xã Thăng Long,Huyện Đông Hưng,Tỉnh Thái Bình,Tỉnh Hưng Yên,Xã Tiên Hưng,Xã,12754
Xã Trọng Quan,Huyện Đông Hưng,Tỉnh Thái Bình,Tỉnh Hưng Yên,Xã Nam Tiên Hưng,Xã,12763
Xã Xuân Quang Động,Huyện Đông Hưng,Tỉnh Thái Bình,Tỉnh Hưng Yên,Xã Nam Đông Hưng,Xã,12775
Xã Đông Các,Huyện Đông Hưng,Tỉnh Thái Bình,Tỉnh Hưng Yên,Xã Đông Hưng,Xã,12688
Xã Đông Cường,Huyện Đông Hưng,Tỉnh Thái Bình,Tỉnh Hưng Yên,Xã Bắc Đông Hưng,Xã,12694
Xã Đông Dương,Huyện Đông Hưng,Tỉnh Thái Bình,Tỉnh Hưng Yên,Phường Trà Lý,Phường,12817
Xã Đông Hoàng,Huyện Đông Hưng,Tỉnh Thái Bình,Tỉnh Hưng Yên,Xã Nam Đông Hưng,Xã,12775
Xã Đông Hợp,Huyện Đông Hưng,Tỉnh Thái Bình,Tỉnh Hưng Yên,Xã Đông Hưng,Xã,12688
Xã Đông Kinh,Huyện Đông Hưng,Tỉnh Thái Bình,Tỉnh Hưng Yên,Xã Bắc Đông Quan,Xã,12745
Xã Đông La,Huyện Đông Hưng,Tỉnh Thái Bình,Tỉnh Hưng Yên,Xã Đông Hưng,Xã,12688
Xã Đông Phương,Huyện Đông Hưng,Tỉnh Thái Bình,Tỉnh Hưng Yên,Xã Bắc Đông Hưng,Xã,12694
Xã Đông Quan,Huyện Đông Hưng,Tỉnh Thái Bình,Tỉnh Hưng Yên,Xã Đông Quan,Xã,12793
Xã Đông Sơn,Huyện Đông Hưng,Tỉnh Thái Bình,Tỉnh Hưng Yên,Xã Đông Hưng,Xã,12688
Xã Đông Tân,Huyện Đông Hưng,Tỉnh Thái Bình,Tỉnh Hưng Yên,Xã Đông Quan,Xã,12793
Xã Đông Vinh,Huyện Đông Hưng,Tỉnh Thái Bình,Tỉnh Hưng Yên,Xã Bắc Đông Quan,Xã,12745
Xã Đông Xá,Huyện Đông Hưng,Tỉnh Thái Bình,Tỉnh Hưng Yên,Xã Bắc Đông Hưng,Xã,12694
Xã Đông Á,Huyện Đông Hưng,Tỉnh Thái Bình,Tỉnh Hưng Yên,Xã Đông Quan,Xã,12793
Phường Bồ Xuyên,Thành phố Thái Bình,Tỉnh Thái Bình,Tỉnh Hưng Yên,Phường Thái Bình,Phường,13225
Phường Hoàng Diệu,Thành phố Thái Bình,Tỉnh Thái Bình,Tỉnh Hưng Yên,Phường Trà Lý,Phường,12817
Phường Kỳ Bá,Thành phố Thái Bình,Tỉnh Thái Bình,Tỉnh Hưng Yên,Phường Trần Lãm,Phường,12454
Phường Lê Hồng Phong,Thành phố Thái Bình,Tỉnh Thái Bình,Tỉnh Hưng Yên,Phường Thái Bình,Phường,13225
Phường Phú Khánh,Thành phố Thái Bình,Tỉnh Thái Bình,Tỉnh Hưng Yên,Phường Vũ Phúc,Phường,12466
Phường Quang Trung,Thành phố Thái Bình,Tỉnh Thái Bình,Tỉnh Hưng Yên,Phường Trần Hưng Đạo,Phường,12452
Phường Tiền Phong,Thành phố Thái Bình,Tỉnh Thái Bình,Tỉnh Hưng Yên,Phường Thái Bình,Phường,13225
Phường Trần Hưng Đạo,Thành phố Thái Bình,Tỉnh Thái Bình,Tỉnh Hưng Yên,Phường Trần Hưng Đạo,Phường,12452
Phường Trần Lãm,Thành phố Thái Bình,Tỉnh Thái Bình,Tỉnh Hưng Yên,Phường Trần Lãm,Phường,12454
Phường Đề Thám,Thành phố Thái Bình,Tỉnh Thái Bình,Tỉnh Hưng Yên,Phường Trần Hưng Đạo,Phường,12452
Xã Phú Xuân,Thành phố Thái Bình,Tỉnh Thái Bình,Tỉnh Hưng Yên,Phường Trần Hưng Đạo,Phường,12452
Xã Tân Bình,Thành phố Thái Bình,Tỉnh Thái Bình,Tỉnh Hưng Yên,Phường Thái Bình,Phường,13225
Xã Vũ Chính,Thành phố Thái Bình,Tỉnh Thái Bình,Tỉnh Hưng Yên,Phường Trần Lãm,Phường,12454
Xã Vũ Lạc,Thành phố Thái Bình,Tỉnh Thái Bình,Tỉnh Hưng Yên,Phường Trần Lãm,Phường,12454
Xã Vũ Phúc,Thành phố Thái Bình,Tỉnh Thái Bình,Tỉnh Hưng Yên,Phường Vũ Phúc,Phường,12466
Xã Vũ Đông,Thành phố Thái Bình,Tỉnh Thái Bình,Tỉnh Hưng Yên,Phường Trần Lãm,Phường,12454
Xã Đông Hòa,Thành phố Thái Bình,Tỉnh Thái Bình,Tỉnh Hưng Yên,Phường Trà Lý,Phường,12817
Xã Đông Mỹ,Thành phố Thái Bình,Tỉnh Thái Bình,Tỉnh Hưng Yên,Phường Trà Lý,Phường,12817
Xã Đông Thọ,Thành phố Thái Bình,Tỉnh Thái Bình,Tỉnh Hưng Yên,Phường Trà Lý,Phường,12817
Thị trấn Cam Đức,Huyện Cam Lâm,Tỉnh Khánh Hòa,Tỉnh Khánh Hòa,Xã Cam Lâm,Xã,22453
Xã Cam An Bắc,Huyện Cam Lâm,Tỉnh Khánh Hòa,Tỉnh Khánh Hòa,Xã Cam An,Xã,22465
Xã Cam An Bắc,Huyện Cam Lâm,Tỉnh Khánh Hòa,Tỉnh Khánh Hòa,Xã Cam Lâm,Xã,22453
Xã Cam An Nam,Huyện Cam Lâm,Tỉnh Khánh Hòa,Tỉnh Khánh Hòa,Xã Cam An,Xã,22465
Xã Cam An Nam,Huyện Cam Lâm,Tỉnh Khánh Hòa,Tỉnh Khánh Hòa,Xã Cam Lâm,Xã,22453
Xã Cam Hiệp Bắc,Huyện Cam Lâm,Tỉnh Khánh Hòa,Tỉnh Khánh Hòa,Xã Cam Hiệp,Xã,22435
Xã Cam Hiệp Bắc,Huyện Cam Lâm,Tỉnh Khánh Hòa,Tỉnh Khánh Hòa,Xã Cam Lâm,Xã,22453
Xã Cam Hiệp Nam,Huyện Cam Lâm,Tỉnh Khánh Hòa,Tỉnh Khánh Hòa,Xã Cam Hiệp,Xã,22435
Xã Cam Hiệp Nam,Huyện Cam Lâm,Tỉnh Khánh Hòa,Tỉnh Khánh Hòa,Xã Cam Lâm,Xã,22453
Xã Cam Hòa,Huyện Cam Lâm,Tỉnh Khánh Hòa,Tỉnh Khánh Hòa,Xã Cam Hiệp,Xã,22435
Xã Cam Hòa,Huyện Cam Lâm,Tỉnh Khánh Hòa,Tỉnh Khánh Hòa,Xã Cam Lâm,Xã,22453
Xã Cam Hòa,Huyện Cam Lâm,Tỉnh Khánh Hòa,Tỉnh Khánh Hòa,Xã Suối Dầu,Xã,22708
Xã Cam Hải Tây,Huyện Cam Lâm,Tỉnh Khánh Hòa,Tỉnh Khánh Hòa,Xã Cam Lâm,Xã,22453
Xã Cam Hải Đông,Huyện Cam Lâm,Tỉnh Khánh Hòa,Tỉnh Khánh Hòa,Xã Cam Lâm,Xã,22453
Xã Cam Phước Tây,Huyện Cam Lâm,Tỉnh Khánh Hòa,Tỉnh Khánh Hòa,Xã Cam An,Xã,22465
Xã Cam Thành Bắc,Huyện Cam Lâm,Tỉnh Khánh Hòa,Tỉnh Khánh Hòa,Xã Cam Lâm,Xã,22453
Xã Cam Tân,Huyện Cam Lâm,Tỉnh Khánh Hòa,Tỉnh Khánh Hòa,Xã Cam Hiệp,Xã,22435
Xã Cam Tân,Huyện Cam Lâm,Tỉnh Khánh Hòa,Tỉnh Khánh Hòa,Xã Cam Lâm,Xã,22453
Xã Cam Tân,Huyện Cam Lâm,Tỉnh Khánh Hòa,Tỉnh Khánh Hòa,Xã Suối Dầu,Xã,22708
Xã Suối Cát,Huyện Cam Lâm,Tỉnh Khánh Hòa,Tỉnh Khánh Hòa,Xã Suối Dầu,Xã,22708
Xã Suối Tân,Huyện Cam Lâm,Tỉnh Khánh Hòa,Tỉnh Khánh Hòa,Xã Cam Hiệp,Xã,22435
Xã Suối Tân,Huyện Cam Lâm,Tỉnh Khánh Hòa,Tỉnh Khánh Hòa,Xã Cam Lâm,Xã,22453
Xã Suối Tân,Huyện Cam Lâm,Tỉnh Khánh Hòa,Tỉnh Khánh Hòa,Xã Suối Dầu,Xã,22708
Xã Sơn Tân,Huyện Cam Lâm,Tỉnh Khánh Hòa,Tỉnh Khánh Hòa,Xã Cam Hiệp,Xã,22435
Thị trấn Diên Khánh,Huyện Diên Khánh,Tỉnh Khánh Hòa,Tỉnh Khánh Hòa,Xã Diên Khánh,Xã,22651
Xã Bình Lộc,Huyện Diên Khánh,Tỉnh Khánh Hòa,Tỉnh Khánh Hòa,Xã Suối Hiệp,Xã,22702
Xã Diên An,Huyện Diên Khánh,Tỉnh Khánh Hòa,Tỉnh Khánh Hòa,Xã Diên Khánh,Xã,22651
Xã Diên Hòa,Huyện Diên Khánh,Tỉnh Khánh Hòa,Tỉnh Khánh Hòa,Xã Diên Lạc,Xã,22678
Xã Diên Lâm,Huyện Diên Khánh,Tỉnh Khánh Hòa,Tỉnh Khánh Hòa,Xã Diên Lâm,Xã,22660
Xã Diên Lạc,Huyện Diên Khánh,Tỉnh Khánh Hòa,Tỉnh Khánh Hòa,Xã Diên Lạc,Xã,22678
Xã Diên Phú,Huyện Diên Khánh,Tỉnh Khánh Hòa,Tỉnh Khánh Hòa,Xã Diên Điền,Xã,22657
Xã Diên Phước,Huyện Diên Khánh,Tỉnh Khánh Hòa,Tỉnh Khánh Hòa,Xã Diên Thọ,Xã,22672
Xã Diên Sơn,Huyện Diên Khánh,Tỉnh Khánh Hòa,Tỉnh Khánh Hòa,Xã Diên Điền,Xã,22657
Xã Diên Thạnh,Huyện Diên Khánh,Tỉnh Khánh Hòa,Tỉnh Khánh Hòa,Xã Diên Lạc,Xã,22678
Xã Diên Thọ,Huyện Diên Khánh,Tỉnh Khánh Hòa,Tỉnh Khánh Hòa,Xã Diên Thọ,Xã,22672
Xã Diên Toàn,Huyện Diên Khánh,Tỉnh Khánh Hòa,Tỉnh Khánh Hòa,Xã Diên Khánh,Xã,22651
Xã Diên Tân,Huyện Diên Khánh,Tỉnh Khánh Hòa,Tỉnh Khánh Hòa,Xã Diên Thọ,Xã,22672
Xã Diên Điền,Huyện Diên Khánh,Tỉnh Khánh Hòa,Tỉnh Khánh Hòa,Xã Diên Điền,Xã,22657
Xã Suối Hiệp,Huyện Diên Khánh,Tỉnh Khánh Hòa,Tỉnh Khánh Hòa,Xã Suối Hiệp,Xã,22702
Xã Suối Tiên,Huyện Diên Khánh,Tỉnh Khánh Hòa,Tỉnh Khánh Hòa,Xã Suối Hiệp,Xã,22702
Xã Xuân Đồng,Huyện Diên Khánh,Tỉnh Khánh Hòa,Tỉnh Khánh Hòa,Xã Diên Lâm,Xã,22660
Thị trấn Tô Hạp,Huyện Khánh Sơn,Tỉnh Khánh Hòa,Tỉnh Khánh Hòa,Xã Khánh Sơn,Xã,22714
Xã Ba Cụm Bắc,Huyện Khánh Sơn,Tỉnh Khánh Hòa,Tỉnh Khánh Hòa,Xã Đông Khánh Sơn,Xã,22732
Xã Ba Cụm Nam,Huyện Khánh Sơn,Tỉnh Khánh Hòa,Tỉnh Khánh Hòa,Xã Đông Khánh Sơn,Xã,22732
Xã Sơn Bình,Huyện Khánh Sơn,Tỉnh Khánh Hòa,Tỉnh Khánh Hòa,Xã Khánh Sơn,Xã,22714
Xã Sơn Hiệp,Huyện Khánh Sơn,Tỉnh Khánh Hòa,Tỉnh Khánh Hòa,Xã Khánh Sơn,Xã,22714
Xã Sơn Lâm,Huyện Khánh Sơn,Tỉnh Khánh Hòa,Tỉnh Khánh Hòa,Xã Tây Khánh Sơn,Xã,22720
Xã Sơn Trung,Huyện Khánh Sơn,Tỉnh Khánh Hòa,Tỉnh Khánh Hòa,Xã Đông Khánh Sơn,Xã,22732
Xã Thành Sơn,Huyện Khánh Sơn,Tỉnh Khánh Hòa,Tỉnh Khánh Hòa,Xã Tây Khánh Sơn,Xã,22720
Thị trấn Khánh Vĩnh,Huyện Khánh Vĩnh,Tỉnh Khánh Hòa,Tỉnh Khánh Hòa,Xã Khánh Vĩnh,Xã,22609
Xã Cầu Bà,Huyện Khánh Vĩnh,Tỉnh Khánh Hòa,Tỉnh Khánh Hòa,Xã Nam Khánh Vĩnh,Xã,22648
Xã Giang Ly,Huyện Khánh Vĩnh,Tỉnh Khánh Hòa,Tỉnh Khánh Hòa,Xã Tây Khánh Vĩnh,Xã,22624
Xã Khánh Bình,Huyện Khánh Vĩnh,Tỉnh Khánh Hòa,Tỉnh Khánh Hòa,Xã Bắc Khánh Vĩnh,Xã,22615
Xã Khánh Hiệp,Huyện Khánh Vĩnh,Tỉnh Khánh Hòa,Tỉnh Khánh Hòa,Xã Trung Khánh Vĩnh,Xã,22612
Xã Khánh Nam,Huyện Khánh Vĩnh,Tỉnh Khánh Hòa,Tỉnh Khánh Hòa,Xã Tây Khánh Vĩnh,Xã,22624
Xã Khánh Phú,Huyện Khánh Vĩnh,Tỉnh Khánh Hòa,Tỉnh Khánh Hòa,Xã Khánh Vĩnh,Xã,22609
Xã Khánh Thành,Huyện Khánh Vĩnh,Tỉnh Khánh Hòa,Tỉnh Khánh Hòa,Xã Nam Khánh Vĩnh,Xã,22648
Xã Khánh Thượng,Huyện Khánh Vĩnh,Tỉnh Khánh Hòa,Tỉnh Khánh Hòa,Xã Tây Khánh Vĩnh,Xã,22624
Xã Khánh Trung,Huyện Khánh Vĩnh,Tỉnh Khánh Hòa,Tỉnh Khánh Hòa,Xã Trung Khánh Vĩnh,Xã,22612
Xã Khánh Đông,Huyện Khánh Vĩnh,Tỉnh Khánh Hòa,Tỉnh Khánh Hòa,Xã Bắc Khánh Vĩnh,Xã,22615
Xã Liên Sang,Huyện Khánh Vĩnh,Tỉnh Khánh Hòa,Tỉnh Khánh Hòa,Xã Nam Khánh Vĩnh,Xã,22648
Xã Sông Cầu,Huyện Khánh Vĩnh,Tỉnh Khánh Hòa,Tỉnh Khánh Hòa,Xã Khánh Vĩnh,Xã,22609
Xã Sơn Thái,Huyện Khánh Vĩnh,Tỉnh Khánh Hòa,Tỉnh Khánh Hòa,Xã Nam Khánh Vĩnh,Xã,22648
Thị trấn Trường Sa,Huyện Trường Sa,Tỉnh Khánh Hòa,Tỉnh Khánh Hòa,Đặc khu Trường Sa,Đặc khu,22736
Xã Sinh Tồn,Huyện Trường Sa,Tỉnh Khánh Hòa,Tỉnh Khánh Hòa,Đặc khu Trường Sa,Đặc khu,22736
Xã Song Tử Tây,Huyện Trường Sa,Tỉnh Khánh Hòa,Tỉnh Khánh Hòa,Đặc khu Trường Sa,Đặc khu,22736
Thị trấn Vạn Giã,Huyện Vạn Ninh,Tỉnh Khánh Hòa,Tỉnh Khánh Hòa,Xã Vạn Ninh,Xã,22489
Xã Vạn Bình,Huyện Vạn Ninh,Tỉnh Khánh Hòa,Tỉnh Khánh Hòa,Xã Vạn Thắng,Xã,22516
Xã Vạn Hưng,Huyện Vạn Ninh,Tỉnh Khánh Hòa,Tỉnh Khánh Hòa,Xã Vạn Hưng,Xã,22525
Xã Vạn Khánh,Huyện Vạn Ninh,Tỉnh Khánh Hòa,Tỉnh Khánh Hòa,Xã Tu Bông,Xã,22498
Xã Vạn Long,Huyện Vạn Ninh,Tỉnh Khánh Hòa,Tỉnh Khánh Hòa,Xã Tu Bông,Xã,22498
Xã Vạn Lương,Huyện Vạn Ninh,Tỉnh Khánh Hòa,Tỉnh Khánh Hòa,Xã Vạn Ninh,Xã,22489
Xã Vạn Phú,Huyện Vạn Ninh,Tỉnh Khánh Hòa,Tỉnh Khánh Hòa,Xã Vạn Ninh,Xã,22489
Xã Vạn Phước,Huyện Vạn Ninh,Tỉnh Khánh Hòa,Tỉnh Khánh Hòa,Xã Tu Bông,Xã,22498
Xã Vạn Thạnh,Huyện Vạn Ninh,Tỉnh Khánh Hòa,Tỉnh Khánh Hòa,Xã Đại Lãnh,Xã,22504
Xã Vạn Thắng,Huyện Vạn Ninh,Tỉnh Khánh Hòa,Tỉnh Khánh Hòa,Xã Vạn Thắng,Xã,22516
Xã Vạn Thọ,Huyện Vạn Ninh,Tỉnh Khánh Hòa,Tỉnh Khánh Hòa,Xã Đại Lãnh,Xã,22504
Xã Xuân Sơn,Huyện Vạn Ninh,Tỉnh Khánh Hòa,Tỉnh Khánh Hòa,Xã Vạn Hưng,Xã,22525
Xã Đại Lãnh,Huyện Vạn Ninh,Tỉnh Khánh Hòa,Tỉnh Khánh Hòa,Xã Đại Lãnh,Xã,22504
Phường Ba Ngòi,Thành phố Cam Ranh,Tỉnh Khánh Hòa,Tỉnh Khánh Hòa,Phường Ba Ngòi,Phường,22423
Phường Cam Linh,Thành phố Cam Ranh,Tỉnh Khánh Hòa,Tỉnh Khánh Hòa,Phường Cam Linh,Phường,22432
Phường Cam Lộc,Thành phố Cam Ranh,Tỉnh Khánh Hòa,Tỉnh Khánh Hòa,Phường Cam Ranh,Phường,22420
Phường Cam Lợi,Thành phố Cam Ranh,Tỉnh Khánh Hòa,Tỉnh Khánh Hòa,Phường Cam Linh,Phường,22432
Phường Cam Nghĩa,Thành phố Cam Ranh,Tỉnh Khánh Hòa,Tỉnh Khánh Hòa,Phường Bắc Cam Ranh,Phường,22411
Phường Cam Phú,Thành phố Cam Ranh,Tỉnh Khánh Hòa,Tỉnh Khánh Hòa,Phường Cam Ranh,Phường,22420
Phường Cam Phúc Bắc,Thành phố Cam Ranh,Tỉnh Khánh Hòa,Tỉnh Khánh Hòa,Phường Bắc Cam Ranh,Phường,22411
Phường Cam Phúc Nam,Thành phố Cam Ranh,Tỉnh Khánh Hòa,Tỉnh Khánh Hòa,Phường Cam Ranh,Phường,22420
Phường Cam Thuận,Thành phố Cam Ranh,Tỉnh Khánh Hòa,Tỉnh Khánh Hòa,Phường Cam Linh,Phường,22432
Xã Cam Bình,Thành phố Cam Ranh,Tỉnh Khánh Hòa,Tỉnh Khánh Hòa,Xã Nam Cam Ranh,Xã,22480
Xã Cam Lập,Thành phố Cam Ranh,Tỉnh Khánh Hòa,Tỉnh Khánh Hòa,Xã Nam Cam Ranh,Xã,22480
Xã Cam Phước Đông,Thành phố Cam Ranh,Tỉnh Khánh Hòa,Tỉnh Khánh Hòa,Phường Ba Ngòi,Phường,22423
Xã Cam Thành Nam,Thành phố Cam Ranh,Tỉnh Khánh Hòa,Tỉnh Khánh Hòa,Phường Bắc Cam Ranh,Phường,22411
Xã Cam Thịnh Tây,Thành phố Cam Ranh,Tỉnh Khánh Hòa,Tỉnh Khánh Hòa,Xã Nam Cam Ranh,Xã,22480
Xã Cam Thịnh Đông,Thành phố Cam Ranh,Tỉnh Khánh Hòa,Tỉnh Khánh Hòa,Xã Nam Cam Ranh,Xã,22480
Phường Lộc Thọ,Thành phố Nha Trang,Tỉnh Khánh Hòa,Tỉnh Khánh Hòa,Phường Nha Trang,Phường,22366
Phường Ngọc Hiệp,Thành phố Nha Trang,Tỉnh Khánh Hòa,Tỉnh Khánh Hòa,Phường Tây Nha Trang,Phường,22390
Phường Phương Sài,Thành phố Nha Trang,Tỉnh Khánh Hòa,Tỉnh Khánh Hòa,Phường Tây Nha Trang,Phường,22390
Phường Phước Hòa,Thành phố Nha Trang,Tỉnh Khánh Hòa,Tỉnh Khánh Hòa,Phường Nha Trang,Phường,22366
Phường Phước Hải,Thành phố Nha Trang,Tỉnh Khánh Hòa,Tỉnh Khánh Hòa,Phường Nam Nha Trang,Phường,22402
Phường Phước Long,Thành phố Nha Trang,Tỉnh Khánh Hòa,Tỉnh Khánh Hòa,Phường Nam Nha Trang,Phường,22402
Phường Tân Tiến,Thành phố Nha Trang,Tỉnh Khánh Hòa,Tỉnh Khánh Hòa,Phường Nha Trang,Phường,22366
Phường Vĩnh Hòa,Thành phố Nha Trang,Tỉnh Khánh Hòa,Tỉnh Khánh Hòa,Phường Bắc Nha Trang,Phường,22333
Phường Vĩnh Hải,Thành phố Nha Trang,Tỉnh Khánh Hòa,Tỉnh Khánh Hòa,Phường Bắc Nha Trang,Phường,22333
Phường Vĩnh Nguyên,Thành phố Nha Trang,Tỉnh Khánh Hòa,Tỉnh Khánh Hòa,Phường Nha Trang,Phường,22366
Phường Vĩnh Phước,Thành phố Nha Trang,Tỉnh Khánh Hòa,Tỉnh Khánh Hòa,Phường Bắc Nha Trang,Phường,22333
Phường Vĩnh Thọ,Thành phố Nha Trang,Tỉnh Khánh Hòa,Tỉnh Khánh Hòa,Phường Bắc Nha Trang,Phường,22333
Phường Vĩnh Trường,Thành phố Nha Trang,Tỉnh Khánh Hòa,Tỉnh Khánh Hòa,Phường Nam Nha Trang,Phường,22402
Phường Vạn Thạnh,Thành phố Nha Trang,Tỉnh Khánh Hòa,Tỉnh Khánh Hòa,Phường Nha Trang,Phường,22366
Xã Phước Đồng,Thành phố Nha Trang,Tỉnh Khánh Hòa,Tỉnh Khánh Hòa,Phường Nam Nha Trang,Phường,22402
Xã Vĩnh Hiệp,Thành phố Nha Trang,Tỉnh Khánh Hòa,Tỉnh Khánh Hòa,Phường Tây Nha Trang,Phường,22390
Xã Vĩnh Lương,Thành phố Nha Trang,Tỉnh Khánh Hòa,Tỉnh Khánh Hòa,Phường Bắc Nha Trang,Phường,22333
Xã Vĩnh Ngọc,Thành phố Nha Trang,Tỉnh Khánh Hòa,Tỉnh Khánh Hòa,Phường Tây Nha Trang,Phường,22390
Xã Vĩnh Phương,Thành phố Nha Trang,Tỉnh Khánh Hòa,Tỉnh Khánh Hòa,Phường Bắc Nha Trang,Phường,22333
Xã Vĩnh Thái,Thành phố Nha Trang,Tỉnh Khánh Hòa,Tỉnh Khánh Hòa,Phường Nam Nha Trang,Phường,22402
Xã Vĩnh Thạnh,Thành phố Nha Trang,Tỉnh Khánh Hòa,Tỉnh Khánh Hòa,Phường Tây Nha Trang,Phường,22390
Xã Vĩnh Trung,Thành phố Nha Trang,Tỉnh Khánh Hòa,Tỉnh Khánh Hòa,Phường Tây Nha Trang,Phường,22390
Phường Ninh Diêm,Thị xã Ninh Hòa,Tỉnh Khánh Hòa,Tỉnh Khánh Hòa,Phường Đông Ninh Hòa,Phường,22561
Phường Ninh Giang,Thị xã Ninh Hòa,Tỉnh Khánh Hòa,Tỉnh Khánh Hòa,Phường Hòa Thắng,Phường,22591
Phường Ninh Hiệp,Thị xã Ninh Hòa,Tỉnh Khánh Hòa,Tỉnh Khánh Hòa,Phường Ninh Hòa,Phường,22528
Phường Ninh Hà,Thị xã Ninh Hòa,Tỉnh Khánh Hòa,Tỉnh Khánh Hòa,Phường Hòa Thắng,Phường,22591
Phường Ninh Hải,Thị xã Ninh Hòa,Tỉnh Khánh Hòa,Tỉnh Khánh Hòa,Phường Đông Ninh Hòa,Phường,22561
Phường Ninh Thủy,Thị xã Ninh Hòa,Tỉnh Khánh Hòa,Tỉnh Khánh Hòa,Phường Đông Ninh Hòa,Phường,22561
Phường Ninh Đa,Thị xã Ninh Hòa,Tỉnh Khánh Hòa,Tỉnh Khánh Hòa,Phường Ninh Hòa,Phường,22528
Xã Ninh An,Thị xã Ninh Hòa,Tỉnh Khánh Hòa,Tỉnh Khánh Hòa,Xã Bắc Ninh Hòa,Xã,22546
Xã Ninh Bình,Thị xã Ninh Hòa,Tỉnh Khánh Hòa,Tỉnh Khánh Hòa,Xã Tân Định,Xã,22576
Xã Ninh Hưng,Thị xã Ninh Hòa,Tỉnh Khánh Hòa,Tỉnh Khánh Hòa,Xã Nam Ninh Hòa,Xã,22597
Xã Ninh Lộc,Thị xã Ninh Hòa,Tỉnh Khánh Hòa,Tỉnh Khánh Hòa,Xã Nam Ninh Hòa,Xã,22597
Xã Ninh Phú,Thị xã Ninh Hòa,Tỉnh Khánh Hòa,Tỉnh Khánh Hòa,Phường Hòa Thắng,Phường,22591
Xã Ninh Phước,Thị xã Ninh Hòa,Tỉnh Khánh Hòa,Tỉnh Khánh Hòa,Phường Đông Ninh Hòa,Phường,22561
Xã Ninh Phụng,Thị xã Ninh Hòa,Tỉnh Khánh Hòa,Tỉnh Khánh Hòa,Phường Ninh Hòa,Phường,22528
Xã Ninh Quang,Thị xã Ninh Hòa,Tỉnh Khánh Hòa,Tỉnh Khánh Hòa,Xã Tân Định,Xã,22576
Xã Ninh Sim,Thị xã Ninh Hòa,Tỉnh Khánh Hòa,Tỉnh Khánh Hòa,Xã Tây Ninh Hòa,Xã,22552
Xã Ninh Sơn,Thị xã Ninh Hòa,Tỉnh Khánh Hòa,Tỉnh Khánh Hòa,Xã Bắc Ninh Hòa,Xã,22546
Xã Ninh Thân,Thị xã Ninh Hòa,Tỉnh Khánh Hòa,Tỉnh Khánh Hòa,Xã Hòa Trí,Xã,22558
Xã Ninh Thượng,Thị xã Ninh Hòa,Tỉnh Khánh Hòa,Tỉnh Khánh Hòa,Xã Hòa Trí,Xã,22558
Xã Ninh Thọ,Thị xã Ninh Hòa,Tỉnh Khánh Hòa,Tỉnh Khánh Hòa,Xã Bắc Ninh Hòa,Xã,22546
Xã Ninh Trung,Thị xã Ninh Hòa,Tỉnh Khánh Hòa,Tỉnh Khánh Hòa,Xã Hòa Trí,Xã,22558
Xã Ninh Tân,Thị xã Ninh Hòa,Tỉnh Khánh Hòa,Tỉnh Khánh Hòa,Xã Nam Ninh Hòa,Xã,22597
Xã Ninh Tây,Thị xã Ninh Hòa,Tỉnh Khánh Hòa,Tỉnh Khánh Hòa,Xã Tây Ninh Hòa,Xã,22552
Xã Ninh Xuân,Thị xã Ninh Hòa,Tỉnh Khánh Hòa,Tỉnh Khánh Hòa,Xã Tân Định,Xã,22576
Xã Ninh Ích,Thị xã Ninh Hòa,Tỉnh Khánh Hòa,Tỉnh Khánh Hòa,Xã Nam Ninh Hòa,Xã,22597
Xã Ninh Đông,Thị xã Ninh Hòa,Tỉnh Khánh Hòa,Tỉnh Khánh Hòa,Phường Ninh Hòa,Phường,22528
Xã Phước Bình,Huyện Bác Ái,Tỉnh Ninh Thuận,Tỉnh Khánh Hòa,Xã Bác Ái Tây,Xã,22786
Xã Phước Chính,Huyện Bác Ái,Tỉnh Ninh Thuận,Tỉnh Khánh Hòa,Xã Bác Ái,Xã,22795
Xã Phước Hòa,Huyện Bác Ái,Tỉnh Ninh Thuận,Tỉnh Khánh Hòa,Xã Bác Ái Tây,Xã,22786
Xã Phước Thành,Huyện Bác Ái,Tỉnh Ninh Thuận,Tỉnh Khánh Hòa,Xã Bác Ái Đông,Xã,22801
Xã Phước Thắng,Huyện Bác Ái,Tỉnh Ninh Thuận,Tỉnh Khánh Hòa,Xã Bác Ái,Xã,22795
Xã Phước Tiến,Huyện Bác Ái,Tỉnh Ninh Thuận,Tỉnh Khánh Hòa,Xã Bác Ái,Xã,22795
Xã Phước Trung,Huyện Bác Ái,Tỉnh Ninh Thuận,Tỉnh Khánh Hòa,Xã Mỹ Sơn,Xã,22822
Xã Phước Tân,Huyện Bác Ái,Tỉnh Ninh Thuận,Tỉnh Khánh Hòa,Xã Bác Ái Tây,Xã,22786
Xã Phước Đại,Huyện Bác Ái,Tỉnh Ninh Thuận,Tỉnh Khánh Hòa,Xã Bác Ái Đông,Xã,22801
Thị trấn Khánh Hải,Huyện Ninh Hải,Tỉnh Ninh Thuận,Tỉnh Khánh Hòa,Phường Ninh Chử,Phường,22834
Xã Hộ Hải,Huyện Ninh Hải,Tỉnh Ninh Thuận,Tỉnh Khánh Hòa,Xã Xuân Hải,Xã,22861
Xã Nhơn Hải,Huyện Ninh Hải,Tỉnh Ninh Thuận,Tỉnh Khánh Hòa,Xã Vĩnh Hải,Xã,22846
Xã Phương Hải,Huyện Ninh Hải,Tỉnh Ninh Thuận,Tỉnh Khánh Hòa,Xã Ninh Hải,Xã,22852
Xã Thanh Hải,Huyện Ninh Hải,Tỉnh Ninh Thuận,Tỉnh Khánh Hòa,Xã Vĩnh Hải,Xã,22846
Xã Tri Hải,Huyện Ninh Hải,Tỉnh Ninh Thuận,Tỉnh Khánh Hòa,Xã Ninh Hải,Xã,22852
Xã Tân Hải,Huyện Ninh Hải,Tỉnh Ninh Thuận,Tỉnh Khánh Hòa,Xã Xuân Hải,Xã,22861
Xã Vĩnh Hải,Huyện Ninh Hải,Tỉnh Ninh Thuận,Tỉnh Khánh Hòa,Xã Vĩnh Hải,Xã,22846
Xã Xuân Hải,Huyện Ninh Hải,Tỉnh Ninh Thuận,Tỉnh Khánh Hòa,Xã Xuân Hải,Xã,22861
Thị trấn Phước Dân,Huyện Ninh Phước,Tỉnh Ninh Thuận,Tỉnh Khánh Hòa,Xã Ninh Phước,Xã,22870
Xã An Hải,Huyện Ninh Phước,Tỉnh Ninh Thuận,Tỉnh Khánh Hòa,Xã Phước Dinh,Xã,22888
Xã Phước Hải,Huyện Ninh Phước,Tỉnh Ninh Thuận,Tỉnh Khánh Hòa,Xã Ninh Phước,Xã,22870
Xã Phước Hậu,Huyện Ninh Phước,Tỉnh Ninh Thuận,Tỉnh Khánh Hòa,Xã Phước Hậu,Xã,22873
Xã Phước Hữu,Huyện Ninh Phước,Tỉnh Ninh Thuận,Tỉnh Khánh Hòa,Xã Phước Hữu,Xã,22891
Xã Phước Sơn,Huyện Ninh Phước,Tỉnh Ninh Thuận,Tỉnh Khánh Hòa,Xã Phước Hậu,Xã,22873
Xã Phước Thuận,Huyện Ninh Phước,Tỉnh Ninh Thuận,Tỉnh Khánh Hòa,Xã Ninh Phước,Xã,22870
Xã Phước Thái,Huyện Ninh Phước,Tỉnh Ninh Thuận,Tỉnh Khánh Hòa,Xã Phước Hữu,Xã,22891
Xã Phước Vinh,Huyện Ninh Phước,Tỉnh Ninh Thuận,Tỉnh Khánh Hòa,Xã Phước Hậu,Xã,22873
Thị trấn Tân Sơn,Huyện Ninh Sơn,Tỉnh Ninh Thuận,Tỉnh Khánh Hòa,Xã Ninh Sơn,Xã,22810
Xã Hòa Sơn,Huyện Ninh Sơn,Tỉnh Ninh Thuận,Tỉnh Khánh Hòa,Xã Anh Dũng,Xã,22828
Xã Lâm Sơn,Huyện Ninh Sơn,Tỉnh Ninh Thuận,Tỉnh Khánh Hòa,Xã Lâm Sơn,Xã,22813
Xã Lương Sơn,Huyện Ninh Sơn,Tỉnh Ninh Thuận,Tỉnh Khánh Hòa,Xã Lâm Sơn,Xã,22813
Xã Ma Nới,Huyện Ninh Sơn,Tỉnh Ninh Thuận,Tỉnh Khánh Hòa,Xã Anh Dũng,Xã,22828
Xã Mỹ Sơn,Huyện Ninh Sơn,Tỉnh Ninh Thuận,Tỉnh Khánh Hòa,Xã Mỹ Sơn,Xã,22822
Xã Nhơn Sơn,Huyện Ninh Sơn,Tỉnh Ninh Thuận,Tỉnh Khánh Hòa,Phường Đô Vinh,Phường,22738
Xã Quảng Sơn,Huyện Ninh Sơn,Tỉnh Ninh Thuận,Tỉnh Khánh Hòa,Xã Ninh Sơn,Xã,22810
Xã Bắc Phong,Huyện Thuận Bắc,Tỉnh Ninh Thuận,Tỉnh Khánh Hòa,Xã Thuận Bắc,Xã,22849
Xã Bắc Sơn,Huyện Thuận Bắc,Tỉnh Ninh Thuận,Tỉnh Khánh Hòa,Xã Ninh Hải,Xã,22852
Xã Công Hải,Huyện Thuận Bắc,Tỉnh Ninh Thuận,Tỉnh Khánh Hòa,Xã Công Hải,Xã,22840
Xã Lợi Hải,Huyện Thuận Bắc,Tỉnh Ninh Thuận,Tỉnh Khánh Hòa,Xã Thuận Bắc,Xã,22849
Xã Phước Chiến,Huyện Thuận Bắc,Tỉnh Ninh Thuận,Tỉnh Khánh Hòa,Xã Công Hải,Xã,22840
Xã Phước Kháng,Huyện Thuận Bắc,Tỉnh Ninh Thuận,Tỉnh Khánh Hòa,Xã Thuận Bắc,Xã,22849
Xã Cà Ná,Huyện Thuận Nam,Tỉnh Ninh Thuận,Tỉnh Khánh Hòa,Xã Cà Ná,Xã,22909
Xã Nhị Hà,Huyện Thuận Nam,Tỉnh Ninh Thuận,Tỉnh Khánh Hòa,Xã Phước Hà,Xã,22900
Xã Phước Dinh,Huyện Thuận Nam,Tỉnh Ninh Thuận,Tỉnh Khánh Hòa,Xã Phước Dinh,Xã,22888
Xã Phước Diêm,Huyện Thuận Nam,Tỉnh Ninh Thuận,Tỉnh Khánh Hòa,Xã Cà Ná,Xã,22909
Xã Phước Hà,Huyện Thuận Nam,Tỉnh Ninh Thuận,Tỉnh Khánh Hòa,Xã Phước Hà,Xã,22900
Xã Phước Minh,Huyện Thuận Nam,Tỉnh Ninh Thuận,Tỉnh Khánh Hòa,Xã Thuận Nam,Xã,22897
Xã Phước Nam,Huyện Thuận Nam,Tỉnh Ninh Thuận,Tỉnh Khánh Hòa,Xã Thuận Nam,Xã,22897
Xã Phước Ninh,Huyện Thuận Nam,Tỉnh Ninh Thuận,Tỉnh Khánh Hòa,Xã Thuận Nam,Xã,22897
Phường Bảo An,Thành phố Phan Rang - Tháp Chàm,Tỉnh Ninh Thuận,Tỉnh Khánh Hòa,Phường Bảo An,Phường,22741
Phường Kinh Dinh,Thành phố Phan Rang - Tháp Chàm,Tỉnh Ninh Thuận,Tỉnh Khánh Hòa,Phường Phan Rang,Phường,22759
Phường Mỹ Bình,Thành phố Phan Rang - Tháp Chàm,Tỉnh Ninh Thuận,Tỉnh Khánh Hòa,Phường Đông Hải,Phường,22780
Phường Mỹ Hải,Thành phố Phan Rang - Tháp Chàm,Tỉnh Ninh Thuận,Tỉnh Khánh Hòa,Phường Đông Hải,Phường,22780
Phường Mỹ Đông,Thành phố Phan Rang - Tháp Chàm,Tỉnh Ninh Thuận,Tỉnh Khánh Hòa,Phường Đông Hải,Phường,22780
Phường Phước Mỹ,Thành phố Phan Rang - Tháp Chàm,Tỉnh Ninh Thuận,Tỉnh Khánh Hòa,Phường Bảo An,Phường,22741
Phường Phủ Hà,Thành phố Phan Rang - Tháp Chàm,Tỉnh Ninh Thuận,Tỉnh Khánh Hòa,Phường Phan Rang,Phường,22759
Phường Văn Hải,Thành phố Phan Rang - Tháp Chàm,Tỉnh Ninh Thuận,Tỉnh Khánh Hòa,Phường Ninh Chử,Phường,22834
Phường Đài Sơn,Thành phố Phan Rang - Tháp Chàm,Tỉnh Ninh Thuận,Tỉnh Khánh Hòa,Phường Phan Rang,Phường,22759
Phường Đô Vinh,Thành phố Phan Rang - Tháp Chàm,Tỉnh Ninh Thuận,Tỉnh Khánh Hòa,Phường Đô Vinh,Phường,22738
Phường Đông Hải,Thành phố Phan Rang - Tháp Chàm,Tỉnh Ninh Thuận,Tỉnh Khánh Hòa,Phường Đông Hải,Phường,22780
Phường Đông Hải,Thành phố Phan Rang - Tháp Chàm,Tỉnh Ninh Thuận,Tỉnh Khánh Hòa,Xã Phước Dinh,Xã,22888
Phường Đạo Long,Thành phố Phan Rang - Tháp Chàm,Tỉnh Ninh Thuận,Tỉnh Khánh Hòa,Phường Phan Rang,Phường,22759
Xã Thành Hải,Thành phố Phan Rang - Tháp Chàm,Tỉnh Ninh Thuận,Tỉnh Khánh Hòa,Phường Bảo An,Phường,22741
Thị trấn Mường Tè,Huyện Mường Tè,Tỉnh Lai Châu,Tỉnh Lai Châu,Xã Bum Tở,Xã,3433
Xã Bum Nưa,Huyện Mường Tè,Tỉnh Lai Châu,Tỉnh Lai Châu,Xã Bum Nưa,Xã,3466
Xã Bum Tở,Huyện Mường Tè,Tỉnh Lai Châu,Tỉnh Lai Châu,Xã Bum Tở,Xã,3433
Xã Ka Lăng,Huyện Mường Tè,Tỉnh Lai Châu,Tỉnh Lai Châu,Xã Thu Lũm,Xã,3439
Xã Kan Hồ,Huyện Mường Tè,Tỉnh Lai Châu,Tỉnh Lai Châu,Xã Bum Tở,Xã,3433
Xã Mù Cả,Huyện Mường Tè,Tỉnh Lai Châu,Tỉnh Lai Châu,Xã Mù Cả,Xã,3451
Xã Mường Tè,Huyện Mường Tè,Tỉnh Lai Châu,Tỉnh Lai Châu,Xã Mường Tè,Xã,3445
Xã Nậm Khao,Huyện Mường Tè,Tỉnh Lai Châu,Tỉnh Lai Châu,Xã Mường Tè,Xã,3445
Xã Pa Vệ Sủ,Huyện Mường Tè,Tỉnh Lai Châu,Tỉnh Lai Châu,Xã Bum Nưa,Xã,3466
Xã Pa ủ,Huyện Mường Tè,Tỉnh Lai Châu,Tỉnh Lai Châu,Xã Pa Ủ,Xã,3442
Xã Thu Lũm,Huyện Mường Tè,Tỉnh Lai Châu,Tỉnh Lai Châu,Xã Thu Lũm,Xã,3439
Xã Tà Tổng,Huyện Mường Tè,Tỉnh Lai Châu,Tỉnh Lai Châu,Xã Tà Tổng,Xã,3463
Xã Tá Bạ,Huyện Mường Tè,Tỉnh Lai Châu,Tỉnh Lai Châu,Xã Pa Ủ,Xã,3442
Xã Vàng San,Huyện Mường Tè,Tỉnh Lai Châu,Tỉnh Lai Châu,Xã Hua Bum,Xã,3460
Thị trấn Nậm Nhùn,Huyện Nậm Nhùn,Tỉnh Lai Châu,Tỉnh Lai Châu,Xã Nậm Hàng,Xã,3434
Xã Hua Bum,Huyện Nậm Nhùn,Tỉnh Lai Châu,Tỉnh Lai Châu,Xã Hua Bum,Xã,3460
Xã Lê Lợi,Huyện Nậm Nhùn,Tỉnh Lai Châu,Tỉnh Lai Châu,Xã Lê Lợi,Xã,3487
Xã Mường Mô,Huyện Nậm Nhùn,Tỉnh Lai Châu,Tỉnh Lai Châu,Xã Mường Mô,Xã,3472
Xã Nậm Ban,Huyện Nậm Nhùn,Tỉnh Lai Châu,Tỉnh Lai Châu,Xã Pa Tần,Xã,3503
Xã Nậm Chà,Huyện Nậm Nhùn,Tỉnh Lai Châu,Tỉnh Lai Châu,Xã Mường Mô,Xã,3472
Xã Nậm Hàng,Huyện Nậm Nhùn,Tỉnh Lai Châu,Tỉnh Lai Châu,Xã Nậm Hàng,Xã,3434
Xã Nậm Manh,Huyện Nậm Nhùn,Tỉnh Lai Châu,Tỉnh Lai Châu,Xã Nậm Hàng,Xã,3434
Xã Nậm Pì,Huyện Nậm Nhùn,Tỉnh Lai Châu,Tỉnh Lai Châu,Xã Lê Lợi,Xã,3487
Xã Pú Đao,Huyện Nậm Nhùn,Tỉnh Lai Châu,Tỉnh Lai Châu,Xã Lê Lợi,Xã,3487
Xã Trung Chải,Huyện Nậm Nhùn,Tỉnh Lai Châu,Tỉnh Lai Châu,Xã Pa Tần,Xã,3503
Thị trấn Phong Thổ,Huyện Phong Thổ,Tỉnh Lai Châu,Tỉnh Lai Châu,Xã Phong Thổ,Xã,3549
Xã Bản Lang,Huyện Phong Thổ,Tỉnh Lai Châu,Tỉnh Lai Châu,Xã Khổng Lào,Xã,3583
Xã Dào San,Huyện Phong Thổ,Tỉnh Lai Châu,Tỉnh Lai Châu,Xã Dào San,Xã,3571
Xã Hoang Thèn,Huyện Phong Thổ,Tỉnh Lai Châu,Tỉnh Lai Châu,Xã Khổng Lào,Xã,3583
Xã Huổi Luông,Huyện Phong Thổ,Tỉnh Lai Châu,Tỉnh Lai Châu,Xã Phong Thổ,Xã,3549
Xã Khổng Lào,Huyện Phong Thổ,Tỉnh Lai Châu,Tỉnh Lai Châu,Xã Khổng Lào,Xã,3583
Xã Lản Nhì Thàng,Huyện Phong Thổ,Tỉnh Lai Châu,Tỉnh Lai Châu,Phường Đoàn Kết,Phường,3388
Xã Ma Li Pho,Huyện Phong Thổ,Tỉnh Lai Châu,Tỉnh Lai Châu,Xã Phong Thổ,Xã,3549
Xã Mù Sang,Huyện Phong Thổ,Tỉnh Lai Châu,Tỉnh Lai Châu,Xã Dào San,Xã,3571
Xã Mường So,Huyện Phong Thổ,Tỉnh Lai Châu,Tỉnh Lai Châu,Xã Phong Thổ,Xã,3549
Xã Mồ Sì San,Huyện Phong Thổ,Tỉnh Lai Châu,Tỉnh Lai Châu,Xã Sì Lở Lầu,Xã,3562
Xã Nậm Xe,Huyện Phong Thổ,Tỉnh Lai Châu,Tỉnh Lai Châu,Xã Sin Suối Hồ,Xã,3394
Xã Pa Vây Sử,Huyện Phong Thổ,Tỉnh Lai Châu,Tỉnh Lai Châu,Xã Sì Lở Lầu,Xã,3562
Xã Sin Suối Hồ,Huyện Phong Thổ,Tỉnh Lai Châu,Tỉnh Lai Châu,Xã Sin Suối Hồ,Xã,3394
Xã Sì Lở Lầu,Huyện Phong Thổ,Tỉnh Lai Châu,Tỉnh Lai Châu,Xã Sì Lở Lầu,Xã,3562
Xã Tung Qua Lìn,Huyện Phong Thổ,Tỉnh Lai Châu,Tỉnh Lai Châu,Xã Dào San,Xã,3571
Xã Vàng Ma Chải,Huyện Phong Thổ,Tỉnh Lai Châu,Tỉnh Lai Châu,Xã Sì Lở Lầu,Xã,3562
Thị trấn Sìn Hồ,Huyện Sìn Hồ,Tỉnh Lai Châu,Tỉnh Lai Châu,Xã Sìn Hồ,Xã,3478
Xã Chăn Nưa,Huyện Sìn Hồ,Tỉnh Lai Châu,Tỉnh Lai Châu,Xã Lê Lợi,Xã,3487
Xã Căn Co,Huyện Sìn Hồ,Tỉnh Lai Châu,Tỉnh Lai Châu,Xã Nậm Mạ,Xã,3538
Xã Hồng Thu,Huyện Sìn Hồ,Tỉnh Lai Châu,Tỉnh Lai Châu,Xã Hồng Thu,Xã,3508
Xã Làng Mô,Huyện Sìn Hồ,Tỉnh Lai Châu,Tỉnh Lai Châu,Xã Tủa Sín Chải,Xã,3529
Xã Lùng Thàng,Huyện Sìn Hồ,Tỉnh Lai Châu,Tỉnh Lai Châu,Xã Nậm Tăm,Xã,3517
Xã Ma Quai,Huyện Sìn Hồ,Tỉnh Lai Châu,Tỉnh Lai Châu,Xã Hồng Thu,Xã,3508
Xã Noong Hẻo,Huyện Sìn Hồ,Tỉnh Lai Châu,Tỉnh Lai Châu,Xã Pu Sam Cáp,Xã,3532
Xã Nậm Cha,Huyện Sìn Hồ,Tỉnh Lai Châu,Tỉnh Lai Châu,Xã Nậm Tăm,Xã,3517
Xã Nậm Cuổi,Huyện Sìn Hồ,Tỉnh Lai Châu,Tỉnh Lai Châu,Xã Nậm Cuổi,Xã,3544
Xã Nậm Hăn,Huyện Sìn Hồ,Tỉnh Lai Châu,Tỉnh Lai Châu,Xã Nậm Cuổi,Xã,3544
Xã Nậm Mạ,Huyện Sìn Hồ,Tỉnh Lai Châu,Tỉnh Lai Châu,Xã Nậm Mạ,Xã,3538
Xã Nậm Tăm,Huyện Sìn Hồ,Tỉnh Lai Châu,Tỉnh Lai Châu,Xã Nậm Tăm,Xã,3517
Xã Pa Khóa,Huyện Sìn Hồ,Tỉnh Lai Châu,Tỉnh Lai Châu,Xã Pu Sam Cáp,Xã,3532
Xã Pa Tần,Huyện Sìn Hồ,Tỉnh Lai Châu,Tỉnh Lai Châu,Xã Pa Tần,Xã,3503
Xã Phìn Hồ,Huyện Sìn Hồ,Tỉnh Lai Châu,Tỉnh Lai Châu,Xã Hồng Thu,Xã,3508
Xã Phăng Sô Lin,Huyện Sìn Hồ,Tỉnh Lai Châu,Tỉnh Lai Châu,Xã Sìn Hồ,Xã,3478
Xã Pu Sam Cáp,Huyện Sìn Hồ,Tỉnh Lai Châu,Tỉnh Lai Châu,Xã Pu Sam Cáp,Xã,3532
Xã Sà Dề Phìn,Huyện Sìn Hồ,Tỉnh Lai Châu,Tỉnh Lai Châu,Xã Sìn Hồ,Xã,3478
Xã Tả Ngảo,Huyện Sìn Hồ,Tỉnh Lai Châu,Tỉnh Lai Châu,Xã Tủa Sín Chải,Xã,3529
Xã Tả Phìn,Huyện Sìn Hồ,Tỉnh Lai Châu,Tỉnh Lai Châu,Xã Sìn Hồ,Xã,3478
Xã Tủa Sín Chải,Huyện Sìn Hồ,Tỉnh Lai Châu,Tỉnh Lai Châu,Xã Tủa Sín Chải,Xã,3529
Thị trấn Tam Đường,Huyện Tam Đường,Tỉnh Lai Châu,Tỉnh Lai Châu,Xã Bình Lư,Xã,3390
Xã Bình Lư,Huyện Tam Đường,Tỉnh Lai Châu,Tỉnh Lai Châu,Xã Bình Lư,Xã,3390
Xã Bản Bo,Huyện Tam Đường,Tỉnh Lai Châu,Tỉnh Lai Châu,Xã Bản Bo,Xã,3424
Xã Bản Giang,Huyện Tam Đường,Tỉnh Lai Châu,Tỉnh Lai Châu,Phường Tân Phong,Phường,3408
Xã Bản Hon,Huyện Tam Đường,Tỉnh Lai Châu,Tỉnh Lai Châu,Xã Khun Há,Xã,3430
Xã Giang Ma,Huyện Tam Đường,Tỉnh Lai Châu,Tỉnh Lai Châu,Xã Tả Lèng,Xã,3405
Xã Hồ Thầu,Huyện Tam Đường,Tỉnh Lai Châu,Tỉnh Lai Châu,Xã Tả Lèng,Xã,3405
Xã Khun Há,Huyện Tam Đường,Tỉnh Lai Châu,Tỉnh Lai Châu,Xã Khun Há,Xã,3430
Xã Nà Tăm,Huyện Tam Đường,Tỉnh Lai Châu,Tỉnh Lai Châu,Xã Bản Bo,Xã,3424
Xã Nùng Nàng,Huyện Tam Đường,Tỉnh Lai Châu,Tỉnh Lai Châu,Phường Tân Phong,Phường,3408
Xã Sơn Bình,Huyện Tam Đường,Tỉnh Lai Châu,Tỉnh Lai Châu,Xã Bình Lư,Xã,3390
Xã Thèn Sin,Huyện Tam Đường,Tỉnh Lai Châu,Tỉnh Lai Châu,Xã Sin Suối Hồ,Xã,3394
Xã Tả Lèng,Huyện Tam Đường,Tỉnh Lai Châu,Tỉnh Lai Châu,Xã Tả Lèng,Xã,3405
Thị trấn Than Uyên,Huyện Than Uyên,Tỉnh Lai Châu,Tỉnh Lai Châu,Xã Than Uyên,Xã,3595
Xã Hua Nà,Huyện Than Uyên,Tỉnh Lai Châu,Tỉnh Lai Châu,Xã Than Uyên,Xã,3595
Xã Khoen On,Huyện Than Uyên,Tỉnh Lai Châu,Tỉnh Lai Châu,Xã Khoen On,Xã,3640
Xã Mường Cang,Huyện Than Uyên,Tỉnh Lai Châu,Tỉnh Lai Châu,Xã Than Uyên,Xã,3595
Xã Mường Kim,Huyện Than Uyên,Tỉnh Lai Châu,Tỉnh Lai Châu,Xã Mường Kim,Xã,3637
Xã Mường Mít,Huyện Than Uyên,Tỉnh Lai Châu,Tỉnh Lai Châu,Xã Mường Than,Xã,3618
Xã Mường Than,Huyện Than Uyên,Tỉnh Lai Châu,Tỉnh Lai Châu,Xã Than Uyên,Xã,3595
Xã Pha Mu,Huyện Than Uyên,Tỉnh Lai Châu,Tỉnh Lai Châu,Xã Mường Kim,Xã,3637
Xã Phúc Than,Huyện Than Uyên,Tỉnh Lai Châu,Tỉnh Lai Châu,Xã Mường Than,Xã,3618
Xã Ta Gia,Huyện Than Uyên,Tỉnh Lai Châu,Tỉnh Lai Châu,Xã Khoen On,Xã,3640
Xã Tà Hừa,Huyện Than Uyên,Tỉnh Lai Châu,Tỉnh Lai Châu,Xã Mường Kim,Xã,3637
Xã Tà Mung,Huyện Than Uyên,Tỉnh Lai Châu,Tỉnh Lai Châu,Xã Mường Kim,Xã,3637
Thị trấn Tân Uyên,Huyện Tân Uyên,Tỉnh Lai Châu,Tỉnh Lai Châu,Xã Tân Uyên,Xã,3598
Xã Hố Mít,Huyện Tân Uyên,Tỉnh Lai Châu,Tỉnh Lai Châu,Xã Pắc Ta,Xã,3616
Xã Mường Khoa,Huyện Tân Uyên,Tỉnh Lai Châu,Tỉnh Lai Châu,Xã Mường Khoa,Xã,3601
Xã Nậm Cần,Huyện Tân Uyên,Tỉnh Lai Châu,Tỉnh Lai Châu,Xã Tân Uyên,Xã,3598
Xã Nậm Sỏ,Huyện Tân Uyên,Tỉnh Lai Châu,Tỉnh Lai Châu,Xã Nậm Sỏ,Xã,3613
Xã Phúc Khoa,Huyện Tân Uyên,Tỉnh Lai Châu,Tỉnh Lai Châu,Xã Mường Khoa,Xã,3601
Xã Pắc Ta,Huyện Tân Uyên,Tỉnh Lai Châu,Tỉnh Lai Châu,Xã Pắc Ta,Xã,3616
Xã Thân Thuộc,Huyện Tân Uyên,Tỉnh Lai Châu,Tỉnh Lai Châu,Xã Tân Uyên,Xã,3598
Xã Trung Đồng,Huyện Tân Uyên,Tỉnh Lai Châu,Tỉnh Lai Châu,Xã Tân Uyên,Xã,3598
Xã Tà Mít,Huyện Tân Uyên,Tỉnh Lai Châu,Tỉnh Lai Châu,Xã Nậm Sỏ,Xã,3613
Phường Quyết Thắng,Thành phố Lai Châu,Tỉnh Lai Châu,Tỉnh Lai Châu,Phường Đoàn Kết,Phường,3388
Phường Quyết Tiến,Thành phố Lai Châu,Tỉnh Lai Châu,Tỉnh Lai Châu,Phường Đoàn Kết,Phường,3388
Phường Tân Phong,Thành phố Lai Châu,Tỉnh Lai Châu,Tỉnh Lai Châu,Phường Tân Phong,Phường,3408
Phường Đoàn Kết,Thành phố Lai Châu,Tỉnh Lai Châu,Tỉnh Lai Châu,Phường Đoàn Kết,Phường,3388
Phường Đông Phong,Thành phố Lai Châu,Tỉnh Lai Châu,Tỉnh Lai Châu,Phường Tân Phong,Phường,3408
Xã San Thàng,Thành phố Lai Châu,Tỉnh Lai Châu,Tỉnh Lai Châu,Phường Tân Phong,Phường,3408
Xã Sùng Phài,Thành phố Lai Châu,Tỉnh Lai Châu,Tỉnh Lai Châu,Phường Đoàn Kết,Phường,3388
Thị trấn Bát Xát,Huyện Bát Xát,Tỉnh Lào Cai,Tỉnh Lào Cai,Xã Bát Xát,Xã,2683
Xã A Lù,Huyện Bát Xát,Tỉnh Lào Cai,Tỉnh Lào Cai,Xã Y Tý,Xã,2701
Xã A Mú Sung,Huyện Bát Xát,Tỉnh Lào Cai,Tỉnh Lào Cai,Xã A Mú Sung,Xã,2686
Xã Bản Qua,Huyện Bát Xát,Tỉnh Lào Cai,Tỉnh Lào Cai,Xã Bát Xát,Xã,2683
Xã Bản Vược,Huyện Bát Xát,Tỉnh Lào Cai,Tỉnh Lào Cai,Xã Bát Xát,Xã,2683
Xã Bản Xèo,Huyện Bát Xát,Tỉnh Lào Cai,Tỉnh Lào Cai,Xã Bản Xèo,Xã,2725
Xã Cốc Mỳ,Huyện Bát Xát,Tỉnh Lào Cai,Tỉnh Lào Cai,Xã Trịnh Tường,Xã,2695
Xã Dền Sáng,Huyện Bát Xát,Tỉnh Lào Cai,Tỉnh Lào Cai,Xã Dền Sáng,Xã,2707
Xã Dền Thàng,Huyện Bát Xát,Tỉnh Lào Cai,Tỉnh Lào Cai,Xã Dền Sáng,Xã,2707
Xã Mường Hum,Huyện Bát Xát,Tỉnh Lào Cai,Tỉnh Lào Cai,Xã Mường Hum,Xã,2728
Xã Mường Vi,Huyện Bát Xát,Tỉnh Lào Cai,Tỉnh Lào Cai,Xã Bản Xèo,Xã,2725
Xã Nậm Chạc,Huyện Bát Xát,Tỉnh Lào Cai,Tỉnh Lào Cai,Xã A Mú Sung,Xã,2686
Xã Nậm Pung,Huyện Bát Xát,Tỉnh Lào Cai,Tỉnh Lào Cai,Xã Mường Hum,Xã,2728
Xã Pa Cheo,Huyện Bát Xát,Tỉnh Lào Cai,Tỉnh Lào Cai,Xã Bản Xèo,Xã,2725
Xã Phìn Ngan,Huyện Bát Xát,Tỉnh Lào Cai,Tỉnh Lào Cai,Xã Bát Xát,Xã,2683
Xã Quang Kim,Huyện Bát Xát,Tỉnh Lào Cai,Tỉnh Lào Cai,Xã Bát Xát,Xã,2683
Xã Sàng Ma Sáo,Huyện Bát Xát,Tỉnh Lào Cai,Tỉnh Lào Cai,Xã Dền Sáng,Xã,2707
Xã Trung Lèng Hồ,Huyện Bát Xát,Tỉnh Lào Cai,Tỉnh Lào Cai,Xã Mường Hum,Xã,2728
Xã Trịnh Tường,Huyện Bát Xát,Tỉnh Lào Cai,Tỉnh Lào Cai,Xã Trịnh Tường,Xã,2695
Xã Tòng Sành,Huyện Bát Xát,Tỉnh Lào Cai,Tỉnh Lào Cai,Xã Cốc San,Xã,2746
Xã Y Tý,Huyện Bát Xát,Tỉnh Lào Cai,Tỉnh Lào Cai,Xã Y Tý,Xã,2701
Thị trấn Nông trường Phong Hải,Huyện Bảo Thắng,Tỉnh Lào Cai,Tỉnh Lào Cai,Xã Phong Hải,Xã,2902
Thị trấn Phố Lu,Huyện Bảo Thắng,Tỉnh Lào Cai,Tỉnh Lào Cai,Xã Bảo Thắng,Xã,2905
Thị trấn Tằng Loỏng,Huyện Bảo Thắng,Tỉnh Lào Cai,Tỉnh Lào Cai,Xã Tằng Loỏng,Xã,2908
Xã Bản Cầm,Huyện Bảo Thắng,Tỉnh Lào Cai,Tỉnh Lào Cai,Xã Phong Hải,Xã,2902
Xã Bản Phiệt,Huyện Bảo Thắng,Tỉnh Lào Cai,Tỉnh Lào Cai,Phường Lào Cai,Phường,2647
Xã Gia Phú,Huyện Bảo Thắng,Tỉnh Lào Cai,Tỉnh Lào Cai,Xã Gia Phú,Xã,2923
Xã Phong Niên,Huyện Bảo Thắng,Tỉnh Lào Cai,Tỉnh Lào Cai,Xã Xuân Quang,Xã,2926
Xã Phú Nhuận,Huyện Bảo Thắng,Tỉnh Lào Cai,Tỉnh Lào Cai,Xã Tằng Loỏng,Xã,2908
Xã Sơn Hà,Huyện Bảo Thắng,Tỉnh Lào Cai,Tỉnh Lào Cai,Xã Bảo Thắng,Xã,2905
Xã Sơn Hải,Huyện Bảo Thắng,Tỉnh Lào Cai,Tỉnh Lào Cai,Xã Bảo Thắng,Xã,2905
Xã Thái Niên,Huyện Bảo Thắng,Tỉnh Lào Cai,Tỉnh Lào Cai,Xã Bảo Thắng,Xã,2905
Xã Trì Quang,Huyện Bảo Thắng,Tỉnh Lào Cai,Tỉnh Lào Cai,Xã Xuân Quang,Xã,2926
Xã Xuân Giao,Huyện Bảo Thắng,Tỉnh Lào Cai,Tỉnh Lào Cai,Xã Gia Phú,Xã,2923
Xã Xuân Quang,Huyện Bảo Thắng,Tỉnh Lào Cai,Tỉnh Lào Cai,Xã Xuân Quang,Xã,2926
Thị trấn Phố Ràng,Huyện Bảo Yên,Tỉnh Lào Cai,Tỉnh Lào Cai,Xã Bảo Yên,Xã,2947
Xã Bảo Hà,Huyện Bảo Yên,Tỉnh Lào Cai,Tỉnh Lào Cai,Xã Bảo Hà,Xã,2989
Xã Cam Cọn,Huyện Bảo Yên,Tỉnh Lào Cai,Tỉnh Lào Cai,Xã Bảo Hà,Xã,2989
Xã Kim Sơn,Huyện Bảo Yên,Tỉnh Lào Cai,Tỉnh Lào Cai,Xã Bảo Hà,Xã,2989
Xã Lương Sơn,Huyện Bảo Yên,Tỉnh Lào Cai,Tỉnh Lào Cai,Xã Bảo Yên,Xã,2947
Xã Minh Tân,Huyện Bảo Yên,Tỉnh Lào Cai,Tỉnh Lào Cai,Xã Thượng Hà,Xã,2968
Xã Nghĩa Đô,Huyện Bảo Yên,Tỉnh Lào Cai,Tỉnh Lào Cai,Xã Nghĩa Đô,Xã,2953
Xã Phúc Khánh,Huyện Bảo Yên,Tỉnh Lào Cai,Tỉnh Lào Cai,Xã Phúc Khánh,Xã,2998
Xã Thượng Hà,Huyện Bảo Yên,Tỉnh Lào Cai,Tỉnh Lào Cai,Xã Thượng Hà,Xã,2968
Xã Tân Dương,Huyện Bảo Yên,Tỉnh Lào Cai,Tỉnh Lào Cai,Xã Xuân Hòa,Xã,2962
Xã Tân Tiến,Huyện Bảo Yên,Tỉnh Lào Cai,Tỉnh Lào Cai,Xã Nghĩa Đô,Xã,2953
Xã Việt Tiến,Huyện Bảo Yên,Tỉnh Lào Cai,Tỉnh Lào Cai,Xã Phúc Khánh,Xã,2998
Xã Vĩnh Yên,Huyện Bảo Yên,Tỉnh Lào Cai,Tỉnh Lào Cai,Xã Nghĩa Đô,Xã,2953
Xã Xuân Hòa,Huyện Bảo Yên,Tỉnh Lào Cai,Tỉnh Lào Cai,Xã Xuân Hòa,Xã,2962
Xã Xuân Thượng,Huyện Bảo Yên,Tỉnh Lào Cai,Tỉnh Lào Cai,Xã Bảo Yên,Xã,2947
Xã Yên Sơn,Huyện Bảo Yên,Tỉnh Lào Cai,Tỉnh Lào Cai,Xã Bảo Yên,Xã,2947
Xã Điện Quan,Huyện Bảo Yên,Tỉnh Lào Cai,Tỉnh Lào Cai,Xã Thượng Hà,Xã,2968
Thị trấn Bắc Hà,Huyện Bắc Hà,Tỉnh Lào Cai,Tỉnh Lào Cai,Xã Bắc Hà,Xã,2839
Xã Bản Cái,Huyện Bắc Hà,Tỉnh Lào Cai,Tỉnh Lào Cai,Xã Cốc Lầu,Xã,2896
Xã Bản Liền,Huyện Bắc Hà,Tỉnh Lào Cai,Tỉnh Lào Cai,Xã Bản Liền,Xã,2869
Xã Bản Phố,Huyện Bắc Hà,Tỉnh Lào Cai,Tỉnh Lào Cai,Xã Bắc Hà,Xã,2839
Xã Bảo Nhai,Huyện Bắc Hà,Tỉnh Lào Cai,Tỉnh Lào Cai,Xã Bảo Nhai,Xã,2890
Xã Cốc Ly,Huyện Bắc Hà,Tỉnh Lào Cai,Tỉnh Lào Cai,Xã Bảo Nhai,Xã,2890
Xã Cốc Lầu,Huyện Bắc Hà,Tỉnh Lào Cai,Tỉnh Lào Cai,Xã Cốc Lầu,Xã,2896
Xã Hoàng Thu Phố,Huyện Bắc Hà,Tỉnh Lào Cai,Tỉnh Lào Cai,Xã Bắc Hà,Xã,2839
Xã Lùng Cải,Huyện Bắc Hà,Tỉnh Lào Cai,Tỉnh Lào Cai,Xã Tả Củ Tỷ,Xã,2842
Xã Lùng Phình,Huyện Bắc Hà,Tỉnh Lào Cai,Tỉnh Lào Cai,Xã Lùng Phình,Xã,2848
Xã Na Hối,Huyện Bắc Hà,Tỉnh Lào Cai,Tỉnh Lào Cai,Xã Bắc Hà,Xã,2839
Xã Nậm Khánh,Huyện Bắc Hà,Tỉnh Lào Cai,Tỉnh Lào Cai,Xã Bản Liền,Xã,2869
Xã Nậm Lúc,Huyện Bắc Hà,Tỉnh Lào Cai,Tỉnh Lào Cai,Xã Cốc Lầu,Xã,2896
Xã Nậm Mòn,Huyện Bắc Hà,Tỉnh Lào Cai,Tỉnh Lào Cai,Xã Bắc Hà,Xã,2839
Xã Nậm Đét,Huyện Bắc Hà,Tỉnh Lào Cai,Tỉnh Lào Cai,Xã Bảo Nhai,Xã,2890
Xã Thải Giàng Phố,Huyện Bắc Hà,Tỉnh Lào Cai,Tỉnh Lào Cai,Xã Bắc Hà,Xã,2839
Xã Tả Củ Tỷ,Huyện Bắc Hà,Tỉnh Lào Cai,Tỉnh Lào Cai,Xã Tả Củ Tỷ,Xã,2842
Xã Tả Van Chư,Huyện Bắc Hà,Tỉnh Lào Cai,Tỉnh Lào Cai,Xã Lùng Phình,Xã,2848
Thị trấn Mường Khương,Huyện Mường Khương,Tỉnh Lào Cai,Tỉnh Lào Cai,Xã Mường Khương,Xã,2761
Xã Bản Lầu,Huyện Mường Khương,Tỉnh Lào Cai,Tỉnh Lào Cai,Xã Bản Lầu,Xã,2788
Xã Bản Sen,Huyện Mường Khương,Tỉnh Lào Cai,Tỉnh Lào Cai,Xã Bản Lầu,Xã,2788
Xã Cao Sơn,Huyện Mường Khương,Tỉnh Lào Cai,Tỉnh Lào Cai,Xã Cao Sơn,Xã,2782
Xã Dìn Chin,Huyện Mường Khương,Tỉnh Lào Cai,Tỉnh Lào Cai,Xã Pha Long,Xã,2752
Xã La Pan Tẩn,Huyện Mường Khương,Tỉnh Lào Cai,Tỉnh Lào Cai,Xã Cao Sơn,Xã,2782
Xã Lùng Khấu Nhin,Huyện Mường Khương,Tỉnh Lào Cai,Tỉnh Lào Cai,Xã Cao Sơn,Xã,2782
Xã Lùng Vai,Huyện Mường Khương,Tỉnh Lào Cai,Tỉnh Lào Cai,Xã Bản Lầu,Xã,2788
Xã Nấm Lư,Huyện Mường Khương,Tỉnh Lào Cai,Tỉnh Lào Cai,Xã Mường Khương,Xã,2761
Xã Nậm Chảy,Huyện Mường Khương,Tỉnh Lào Cai,Tỉnh Lào Cai,Xã Mường Khương,Xã,2761
Xã Pha Long,Huyện Mường Khương,Tỉnh Lào Cai,Tỉnh Lào Cai,Xã Pha Long,Xã,2752
Xã Thanh Bình,Huyện Mường Khương,Tỉnh Lào Cai,Tỉnh Lào Cai,Xã Mường Khương,Xã,2761
Xã Tung Chung Phố,Huyện Mường Khương,Tỉnh Lào Cai,Tỉnh Lào Cai,Xã Mường Khương,Xã,2761
Xã Tả Gia Khâu,Huyện Mường Khương,Tỉnh Lào Cai,Tỉnh Lào Cai,Xã Pha Long,Xã,2752
Xã Tả Ngài Chồ,Huyện Mường Khương,Tỉnh Lào Cai,Tỉnh Lào Cai,Xã Pha Long,Xã,2752
Xã Tả Thàng,Huyện Mường Khương,Tỉnh Lào Cai,Tỉnh Lào Cai,Xã Cao Sơn,Xã,2782
Thị trấn Si Ma Cai,Huyện Si Ma Cai,Tỉnh Lào Cai,Tỉnh Lào Cai,Xã Si Ma Cai,Xã,2809
Xã Bản Mế,Huyện Si Ma Cai,Tỉnh Lào Cai,Tỉnh Lào Cai,Xã Sín Chéng,Xã,2824
Xã Cán Cấu,Huyện Si Ma Cai,Tỉnh Lào Cai,Tỉnh Lào Cai,Xã Si Ma Cai,Xã,2809
Xã Lùng Thẩn,Huyện Si Ma Cai,Tỉnh Lào Cai,Tỉnh Lào Cai,Xã Lùng Phình,Xã,2848
Xã Nàn Sán,Huyện Si Ma Cai,Tỉnh Lào Cai,Tỉnh Lào Cai,Xã Si Ma Cai,Xã,2809
Xã Nàn Sín,Huyện Si Ma Cai,Tỉnh Lào Cai,Tỉnh Lào Cai,Xã Sín Chéng,Xã,2824
Xã Quan Hồ Thẩn,Huyện Si Ma Cai,Tỉnh Lào Cai,Tỉnh Lào Cai,Xã Si Ma Cai,Xã,2809
Xã Sán Chải,Huyện Si Ma Cai,Tỉnh Lào Cai,Tỉnh Lào Cai,Xã Si Ma Cai,Xã,2809
Xã Sín Chéng,Huyện Si Ma Cai,Tỉnh Lào Cai,Tỉnh Lào Cai,Xã Sín Chéng,Xã,2824
Xã Thào Chư Phìn,Huyện Si Ma Cai,Tỉnh Lào Cai,Tỉnh Lào Cai,Xã Sín Chéng,Xã,2824
Thị trấn Khánh Yên,Huyện Văn Bàn,Tỉnh Lào Cai,Tỉnh Lào Cai,Xã Văn Bàn,Xã,3082
Xã Chiềng Ken,Huyện Văn Bàn,Tỉnh Lào Cai,Tỉnh Lào Cai,Xã Chiềng Ken,Xã,3091
Xã Dương Quỳ,Huyện Văn Bàn,Tỉnh Lào Cai,Tỉnh Lào Cai,Xã Dương Quỳ,Xã,3106
Xã Dần Thàng,Huyện Văn Bàn,Tỉnh Lào Cai,Tỉnh Lào Cai,Xã Nậm Chày,Xã,3076
Xã Hòa Mạc,Huyện Văn Bàn,Tỉnh Lào Cai,Tỉnh Lào Cai,Xã Văn Bàn,Xã,3082
Xã Khánh Yên Hạ,Huyện Văn Bàn,Tỉnh Lào Cai,Tỉnh Lào Cai,Xã Khánh Yên,Xã,3103
Xã Khánh Yên Thượng,Huyện Văn Bàn,Tỉnh Lào Cai,Tỉnh Lào Cai,Xã Văn Bàn,Xã,3082
Xã Khánh Yên Trung,Huyện Văn Bàn,Tỉnh Lào Cai,Tỉnh Lào Cai,Xã Khánh Yên,Xã,3103
Xã Liêm Phú,Huyện Văn Bàn,Tỉnh Lào Cai,Tỉnh Lào Cai,Xã Khánh Yên,Xã,3103
Xã Làng Giàng,Huyện Văn Bàn,Tỉnh Lào Cai,Tỉnh Lào Cai,Xã Văn Bàn,Xã,3082
Xã Minh Lương,Huyện Văn Bàn,Tỉnh Lào Cai,Tỉnh Lào Cai,Xã Minh Lương,Xã,3121
Xã Nậm Chày,Huyện Văn Bàn,Tỉnh Lào Cai,Tỉnh Lào Cai,Xã Nậm Chày,Xã,3076
Xã Nậm Dạng,Huyện Văn Bàn,Tỉnh Lào Cai,Tỉnh Lào Cai,Xã Võ Lao,Xã,3061
Xã Nậm Mả,Huyện Văn Bàn,Tỉnh Lào Cai,Tỉnh Lào Cai,Xã Võ Lao,Xã,3061
Xã Nậm Tha,Huyện Văn Bàn,Tỉnh Lào Cai,Tỉnh Lào Cai,Xã Chiềng Ken,Xã,3091
Xã Nậm Xây,Huyện Văn Bàn,Tỉnh Lào Cai,Tỉnh Lào Cai,Xã Minh Lương,Xã,3121
Xã Nậm Xé,Huyện Văn Bàn,Tỉnh Lào Cai,Tỉnh Lào Cai,Xã Nậm Xé,Xã,3085
Xã Sơn Thủy,Huyện Văn Bàn,Tỉnh Lào Cai,Tỉnh Lào Cai,Xã Văn Bàn,Xã,3082
Xã Thẩm Dương,Huyện Văn Bàn,Tỉnh Lào Cai,Tỉnh Lào Cai,Xã Dương Quỳ,Xã,3106
Xã Tân An,Huyện Văn Bàn,Tỉnh Lào Cai,Tỉnh Lào Cai,Xã Bảo Hà,Xã,2989
Xã Tân Thượng,Huyện Văn Bàn,Tỉnh Lào Cai,Tỉnh Lào Cai,Xã Bảo Hà,Xã,2989
Xã Võ Lao,Huyện Văn Bàn,Tỉnh Lào Cai,Tỉnh Lào Cai,Xã Võ Lao,Xã,3061
Phường Bình Minh,Thành phố Lào Cai,Tỉnh Lào Cai,Tỉnh Lào Cai,Phường Cam Đường,Phường,2671
Phường Bắc Cường,Thành phố Lào Cai,Tỉnh Lào Cai,Tỉnh Lào Cai,Phường Cam Đường,Phường,2671
Phường Bắc Lệnh,Thành phố Lào Cai,Tỉnh Lào Cai,Tỉnh Lào Cai,Phường Cam Đường,Phường,2671
Phường Cốc Lếu,Thành phố Lào Cai,Tỉnh Lào Cai,Tỉnh Lào Cai,Phường Lào Cai,Phường,2647
Phường Duyên Hải,Thành phố Lào Cai,Tỉnh Lào Cai,Tỉnh Lào Cai,Phường Lào Cai,Phường,2647
Phường Kim Tân,Thành phố Lào Cai,Tỉnh Lào Cai,Tỉnh Lào Cai,Phường Lào Cai,Phường,2647
Phường Lào Cai,Thành phố Lào Cai,Tỉnh Lào Cai,Tỉnh Lào Cai,Phường Lào Cai,Phường,2647
Phường Nam Cường,Thành phố Lào Cai,Tỉnh Lào Cai,Tỉnh Lào Cai,Phường Cam Đường,Phường,2671
Phường Pom Hán,Thành phố Lào Cai,Tỉnh Lào Cai,Tỉnh Lào Cai,Phường Cam Đường,Phường,2671
Phường Xuân Tăng,Thành phố Lào Cai,Tỉnh Lào Cai,Tỉnh Lào Cai,Phường Cam Đường,Phường,2671
Xã Cam Đường,Thành phố Lào Cai,Tỉnh Lào Cai,Tỉnh Lào Cai,Phường Cam Đường,Phường,2671
Xã Cốc San,Thành phố Lào Cai,Tỉnh Lào Cai,Tỉnh Lào Cai,Xã Cốc San,Xã,2746
Xã Hợp Thành,Thành phố Lào Cai,Tỉnh Lào Cai,Tỉnh Lào Cai,Xã Hợp Thành,Xã,2680
Xã Thống Nhất,Thành phố Lào Cai,Tỉnh Lào Cai,Tỉnh Lào Cai,Xã Gia Phú,Xã,2923
Xã Tả Phời,Thành phố Lào Cai,Tỉnh Lào Cai,Tỉnh Lào Cai,Xã Hợp Thành,Xã,2680
Xã Vạn Hòa,Thành phố Lào Cai,Tỉnh Lào Cai,Tỉnh Lào Cai,Phường Lào Cai,Phường,2647
Xã Đồng Tuyển,Thành phố Lào Cai,Tỉnh Lào Cai,Tỉnh Lào Cai,Xã Cốc San,Xã,2746
Phường Cầu Mây,Thị xã Sa Pa,Tỉnh Lào Cai,Tỉnh Lào Cai,Phường Sa Pa,Phường,3006
Phường Hàm Rồng,Thị xã Sa Pa,Tỉnh Lào Cai,Tỉnh Lào Cai,Phường Sa Pa,Phường,3006
Phường Phan Si Păng,Thị xã Sa Pa,Tỉnh Lào Cai,Tỉnh Lào Cai,Phường Sa Pa,Phường,3006
Phường Sa Pa,Thị xã Sa Pa,Tỉnh Lào Cai,Tỉnh Lào Cai,Phường Sa Pa,Phường,3006
Phường Sa Pả,Thị xã Sa Pa,Tỉnh Lào Cai,Tỉnh Lào Cai,Phường Sa Pa,Phường,3006
Phường Ô Quý Hồ,Thị xã Sa Pa,Tỉnh Lào Cai,Tỉnh Lào Cai,Phường Sa Pa,Phường,3006
Xã Bản Hồ,Thị xã Sa Pa,Tỉnh Lào Cai,Tỉnh Lào Cai,Xã Bản Hồ,Xã,3046
Xã Hoàng Liên,Thị xã Sa Pa,Tỉnh Lào Cai,Tỉnh Lào Cai,Xã Tả Van,Xã,3037
Xã Liên Minh,Thị xã Sa Pa,Tỉnh Lào Cai,Tỉnh Lào Cai,Xã Mường Bo,Xã,3043
Xã Mường Bo,Thị xã Sa Pa,Tỉnh Lào Cai,Tỉnh Lào Cai,Xã Mường Bo,Xã,3043
Xã Mường Hoa,Thị xã Sa Pa,Tỉnh Lào Cai,Tỉnh Lào Cai,Xã Tả Van,Xã,3037
Xã Ngũ Chỉ Sơn,Thị xã Sa Pa,Tỉnh Lào Cai,Tỉnh Lào Cai,Xã Ngũ Chỉ Sơn,Xã,3004
Xã Thanh Bình,Thị xã Sa Pa,Tỉnh Lào Cai,Tỉnh Lào Cai,Xã Bản Hồ,Xã,3046
Xã Trung Chải,Thị xã Sa Pa,Tỉnh Lào Cai,Tỉnh Lào Cai,Xã Tả Phìn,Xã,3013
Xã Tả Phìn,Thị xã Sa Pa,Tỉnh Lào Cai,Tỉnh Lào Cai,Xã Tả Phìn,Xã,3013
Xã Tả Van,Thị xã Sa Pa,Tỉnh Lào Cai,Tỉnh Lào Cai,Xã Tả Van,Xã,3037
Thị trấn Yên Thế,Huyện Lục Yên,Tỉnh Yên Bái,Tỉnh Lào Cai,Xã Lục Yên,Xã,4303
Xã An Lạc,Huyện Lục Yên,Tỉnh Yên Bái,Tỉnh Lào Cai,Xã Khánh Hòa,Xã,4342
Xã An Phú,Huyện Lục Yên,Tỉnh Yên Bái,Tỉnh Lào Cai,Xã Mường Lai,Xã,4345
Xã Khai Trung,Huyện Lục Yên,Tỉnh Yên Bái,Tỉnh Lào Cai,Xã Tân Lĩnh,Xã,4336
Xã Khánh Hòa,Huyện Lục Yên,Tỉnh Yên Bái,Tỉnh Lào Cai,Xã Khánh Hòa,Xã,4342
Xã Khánh Thiện,Huyện Lục Yên,Tỉnh Yên Bái,Tỉnh Lào Cai,Xã Lâm Thượng,Xã,4309
Xã Liễu Đô,Huyện Lục Yên,Tỉnh Yên Bái,Tỉnh Lào Cai,Xã Lục Yên,Xã,4303
Xã Lâm Thượng,Huyện Lục Yên,Tỉnh Yên Bái,Tỉnh Lào Cai,Xã Lâm Thượng,Xã,4309
Xã Mai Sơn,Huyện Lục Yên,Tỉnh Yên Bái,Tỉnh Lào Cai,Xã Lâm Thượng,Xã,4309
Xã Minh Chuẩn,Huyện Lục Yên,Tỉnh Yên Bái,Tỉnh Lào Cai,Xã Tân Lĩnh,Xã,4336
Xã Minh Tiến,Huyện Lục Yên,Tỉnh Yên Bái,Tỉnh Lào Cai,Xã Mường Lai,Xã,4345
Xã Minh Xuân,Huyện Lục Yên,Tỉnh Yên Bái,Tỉnh Lào Cai,Xã Lục Yên,Xã,4303
Xã Mường Lai,Huyện Lục Yên,Tỉnh Yên Bái,Tỉnh Lào Cai,Xã Mường Lai,Xã,4345
Xã Phan Thanh,Huyện Lục Yên,Tỉnh Yên Bái,Tỉnh Lào Cai,Xã Tân Lĩnh,Xã,4336
Xã Phúc Lợi,Huyện Lục Yên,Tỉnh Yên Bái,Tỉnh Lào Cai,Xã Phúc Lợi,Xã,4363
Xã Trung Tâm,Huyện Lục Yên,Tỉnh Yên Bái,Tỉnh Lào Cai,Xã Phúc Lợi,Xã,4363
Xã Trúc Lâu,Huyện Lục Yên,Tỉnh Yên Bái,Tỉnh Lào Cai,Xã Phúc Lợi,Xã,4363
Xã Tân Lĩnh,Huyện Lục Yên,Tỉnh Yên Bái,Tỉnh Lào Cai,Xã Tân Lĩnh,Xã,4336
Xã Tân Lập,Huyện Lục Yên,Tỉnh Yên Bái,Tỉnh Lào Cai,Xã Tân Lĩnh,Xã,4336
Xã Tân Phượng,Huyện Lục Yên,Tỉnh Yên Bái,Tỉnh Lào Cai,Xã Lâm Thượng,Xã,4309
Xã Tô Mậu,Huyện Lục Yên,Tỉnh Yên Bái,Tỉnh Lào Cai,Xã Khánh Hòa,Xã,4342
Xã Vĩnh Lạc,Huyện Lục Yên,Tỉnh Yên Bái,Tỉnh Lào Cai,Xã Mường Lai,Xã,4345
Xã Yên Thắng,Huyện Lục Yên,Tỉnh Yên Bái,Tỉnh Lào Cai,Xã Lục Yên,Xã,4303
Xã Động Quan,Huyện Lục Yên,Tỉnh Yên Bái,Tỉnh Lào Cai,Xã Khánh Hòa,Xã,4342
Thị trấn Mù Cang Chải,Huyện Mù Căng Chải,Tỉnh Yên Bái,Tỉnh Lào Cai,Xã Mù Cang Chải,Xã,4456
Xã Cao Phạ,Huyện Mù Căng Chải,Tỉnh Yên Bái,Tỉnh Lào Cai,Xã Tú Lệ,Xã,4630
Xã Chế Cu Nha,Huyện Mù Căng Chải,Tỉnh Yên Bái,Tỉnh Lào Cai,Xã Mù Cang Chải,Xã,4456
Xã Chế Tạo,Huyện Mù Căng Chải,Tỉnh Yên Bái,Tỉnh Lào Cai,Xã Chế Tạo,Xã,4489
Xã Dế Xu Phình,Huyện Mù Căng Chải,Tỉnh Yên Bái,Tỉnh Lào Cai,Xã Púng Luông,Xã,4492
Xã Hồ Bốn,Huyện Mù Căng Chải,Tỉnh Yên Bái,Tỉnh Lào Cai,Xã Khao Mang,Xã,4465
Xã Khao Mang,Huyện Mù Căng Chải,Tỉnh Yên Bái,Tỉnh Lào Cai,Xã Khao Mang,Xã,4465
Xã Kim Nọi,Huyện Mù Căng Chải,Tỉnh Yên Bái,Tỉnh Lào Cai,Xã Mù Cang Chải,Xã,4456
Xã La Pán Tẩn,Huyện Mù Căng Chải,Tỉnh Yên Bái,Tỉnh Lào Cai,Xã Púng Luông,Xã,4492
Xã Lao Chải,Huyện Mù Căng Chải,Tỉnh Yên Bái,Tỉnh Lào Cai,Xã Lao Chải,Xã,4474
Xã Mồ Dề,Huyện Mù Căng Chải,Tỉnh Yên Bái,Tỉnh Lào Cai,Xã Mù Cang Chải,Xã,4456
Xã Nậm Có,Huyện Mù Căng Chải,Tỉnh Yên Bái,Tỉnh Lào Cai,Xã Nậm Có,Xã,4462
Xã Nậm Khắt,Huyện Mù Căng Chải,Tỉnh Yên Bái,Tỉnh Lào Cai,Xã Púng Luông,Xã,4492
Xã Púng Luông,Huyện Mù Căng Chải,Tỉnh Yên Bái,Tỉnh Lào Cai,Xã Púng Luông,Xã,4492
Thị trấn Trạm Tấu,Huyện Trạm Tấu,Tỉnh Yên Bái,Tỉnh Lào Cai,Xã Hạnh Phúc,Xã,4585
Xã Bản Công,Huyện Trạm Tấu,Tỉnh Yên Bái,Tỉnh Lào Cai,Xã Hạnh Phúc,Xã,4585
Xã Bản Mù,Huyện Trạm Tấu,Tỉnh Yên Bái,Tỉnh Lào Cai,Xã Phình Hồ,Xã,4609
Xã Hát Lừu,Huyện Trạm Tấu,Tỉnh Yên Bái,Tỉnh Lào Cai,Xã Hạnh Phúc,Xã,4585
Xã Làng Nhì,Huyện Trạm Tấu,Tỉnh Yên Bái,Tỉnh Lào Cai,Xã Phình Hồ,Xã,4609
Xã Phình Hồ,Huyện Trạm Tấu,Tỉnh Yên Bái,Tỉnh Lào Cai,Xã Phình Hồ,Xã,4609
Xã Pá Hu,Huyện Trạm Tấu,Tỉnh Yên Bái,Tỉnh Lào Cai,Xã Trạm Tấu,Xã,4606
Xã Pá Lau,Huyện Trạm Tấu,Tỉnh Yên Bái,Tỉnh Lào Cai,Xã Trạm Tấu,Xã,4606
Xã Trạm Tấu,Huyện Trạm Tấu,Tỉnh Yên Bái,Tỉnh Lào Cai,Xã Trạm Tấu,Xã,4606
Xã Tà Si Láng,Huyện Trạm Tấu,Tỉnh Yên Bái,Tỉnh Lào Cai,Xã Tà Xi Láng,Xã,4603
Xã Túc Đán,Huyện Trạm Tấu,Tỉnh Yên Bái,Tỉnh Lào Cai,Xã Trạm Tấu,Xã,4606
Xã Xà Hồ,Huyện Trạm Tấu,Tỉnh Yên Bái,Tỉnh Lào Cai,Xã Hạnh Phúc,Xã,4585
Thị trấn Cổ Phúc,Huyện Trấn Yên,Tỉnh Yên Bái,Tỉnh Lào Cai,Xã Trấn Yên,Xã,4498
Xã Báo Đáp,Huyện Trấn Yên,Tỉnh Yên Bái,Tỉnh Lào Cai,Xã Trấn Yên,Xã,4498
Xã Cường Thịnh,Huyện Trấn Yên,Tỉnh Yên Bái,Tỉnh Lào Cai,Phường Nam Cường,Phường,4273
Xã Hòa Cuông,Huyện Trấn Yên,Tỉnh Yên Bái,Tỉnh Lào Cai,Xã Trấn Yên,Xã,4498
Xã Hưng Khánh,Huyện Trấn Yên,Tỉnh Yên Bái,Tỉnh Lào Cai,Xã Hưng Khánh,Xã,4576
Xã Hưng Thịnh,Huyện Trấn Yên,Tỉnh Yên Bái,Tỉnh Lào Cai,Xã Lương Thịnh,Xã,4537
Xã Hồng Ca,Huyện Trấn Yên,Tỉnh Yên Bái,Tỉnh Lào Cai,Xã Hưng Khánh,Xã,4576
Xã Kiên Thành,Huyện Trấn Yên,Tỉnh Yên Bái,Tỉnh Lào Cai,Xã Quy Mông,Xã,4531
Xã Lương Thịnh,Huyện Trấn Yên,Tỉnh Yên Bái,Tỉnh Lào Cai,Xã Lương Thịnh,Xã,4537
Xã Minh Quán,Huyện Trấn Yên,Tỉnh Yên Bái,Tỉnh Lào Cai,Xã Trấn Yên,Xã,4498
Xã Minh Quân,Huyện Trấn Yên,Tỉnh Yên Bái,Tỉnh Lào Cai,Phường Âu Lâu,Phường,4543
Xã Quy Mông,Huyện Trấn Yên,Tỉnh Yên Bái,Tỉnh Lào Cai,Xã Quy Mông,Xã,4531
Xã Thành Thịnh,Huyện Trấn Yên,Tỉnh Yên Bái,Tỉnh Lào Cai,Xã Trấn Yên,Xã,4498
Xã Tân Đồng,Huyện Trấn Yên,Tỉnh Yên Bái,Tỉnh Lào Cai,Xã Trấn Yên,Xã,4498
Xã Việt Cường,Huyện Trấn Yên,Tỉnh Yên Bái,Tỉnh Lào Cai,Xã Việt Hồng,Xã,4564
Xã Việt Hồng,Huyện Trấn Yên,Tỉnh Yên Bái,Tỉnh Lào Cai,Xã Việt Hồng,Xã,4564
Xã Vân Hội,Huyện Trấn Yên,Tỉnh Yên Bái,Tỉnh Lào Cai,Xã Việt Hồng,Xã,4564
Xã Y Can,Huyện Trấn Yên,Tỉnh Yên Bái,Tỉnh Lào Cai,Xã Quy Mông,Xã,4531
Thị trấn Nông trường Liên Sơn,Huyện Văn Chấn,Tỉnh Yên Bái,Tỉnh Lào Cai,Xã Liên Sơn,Xã,4660
Thị trấn Nông trường Trần Phú,Huyện Văn Chấn,Tỉnh Yên Bái,Tỉnh Lào Cai,Xã Thượng Bằng La,Xã,4705
Thị trấn Sơn Thịnh,Huyện Văn Chấn,Tỉnh Yên Bái,Tỉnh Lào Cai,Xã Văn Chấn,Xã,4672
Xã An Lương,Huyện Văn Chấn,Tỉnh Yên Bái,Tỉnh Lào Cai,Xã Mỏ Vàng,Xã,4450
Xã Bình Thuận,Huyện Văn Chấn,Tỉnh Yên Bái,Tỉnh Lào Cai,Xã Nghĩa Tâm,Xã,4711
Xã Chấn Thịnh,Huyện Văn Chấn,Tỉnh Yên Bái,Tỉnh Lào Cai,Xã Chấn Thịnh,Xã,4699
Xã Cát Thịnh,Huyện Văn Chấn,Tỉnh Yên Bái,Tỉnh Lào Cai,Xã Cát Thịnh,Xã,4693
Xã Gia Hội,Huyện Văn Chấn,Tỉnh Yên Bái,Tỉnh Lào Cai,Xã Gia Hội,Xã,4636
Xã Minh An,Huyện Văn Chấn,Tỉnh Yên Bái,Tỉnh Lào Cai,Xã Nghĩa Tâm,Xã,4711
Xã Nghĩa Sơn,Huyện Văn Chấn,Tỉnh Yên Bái,Tỉnh Lào Cai,Phường Nghĩa Lộ,Phường,4288
Xã Nghĩa Tâm,Huyện Văn Chấn,Tỉnh Yên Bái,Tỉnh Lào Cai,Xã Nghĩa Tâm,Xã,4711
Xã Nậm Búng,Huyện Văn Chấn,Tỉnh Yên Bái,Tỉnh Lào Cai,Xã Gia Hội,Xã,4636
Xã Nậm Lành,Huyện Văn Chấn,Tỉnh Yên Bái,Tỉnh Lào Cai,Xã Gia Hội,Xã,4636
Xã Nậm Mười,Huyện Văn Chấn,Tỉnh Yên Bái,Tỉnh Lào Cai,Xã Sơn Lương,Xã,4651
Xã Suối Bu,Huyện Văn Chấn,Tỉnh Yên Bái,Tỉnh Lào Cai,Xã Văn Chấn,Xã,4672
Xã Suối Giàng,Huyện Văn Chấn,Tỉnh Yên Bái,Tỉnh Lào Cai,Xã Văn Chấn,Xã,4672
Xã Suối Quyền,Huyện Văn Chấn,Tỉnh Yên Bái,Tỉnh Lào Cai,Xã Sơn Lương,Xã,4651
Xã Sùng Đô,Huyện Văn Chấn,Tỉnh Yên Bái,Tỉnh Lào Cai,Xã Sơn Lương,Xã,4651
Xã Sơn Lương,Huyện Văn Chấn,Tỉnh Yên Bái,Tỉnh Lào Cai,Xã Sơn Lương,Xã,4651
Xã Thượng Bằng La,Huyện Văn Chấn,Tỉnh Yên Bái,Tỉnh Lào Cai,Xã Thượng Bằng La,Xã,4705
Xã Tân Thịnh,Huyện Văn Chấn,Tỉnh Yên Bái,Tỉnh Lào Cai,Xã Chấn Thịnh,Xã,4699
Xã Tú Lệ,Huyện Văn Chấn,Tỉnh Yên Bái,Tỉnh Lào Cai,Xã Tú Lệ,Xã,4630
Xã Đại Lịch,Huyện Văn Chấn,Tỉnh Yên Bái,Tỉnh Lào Cai,Xã Chấn Thịnh,Xã,4699
Xã Đồng Khê,Huyện Văn Chấn,Tỉnh Yên Bái,Tỉnh Lào Cai,Xã Văn Chấn,Xã,4672
Thị trấn Mậu A,Huyện Văn Yên,Tỉnh Yên Bái,Tỉnh Lào Cai,Xã Mậu A,Xã,4375
Xã An Bình,Huyện Văn Yên,Tỉnh Yên Bái,Tỉnh Lào Cai,Xã Đông Cuông,Xã,4399
Xã An Thịnh,Huyện Văn Yên,Tỉnh Yên Bái,Tỉnh Lào Cai,Xã Mậu A,Xã,4375
Xã Châu Quế Hạ,Huyện Văn Yên,Tỉnh Yên Bái,Tỉnh Lào Cai,Xã Châu Quế,Xã,4387
Xã Châu Quế Thượng,Huyện Văn Yên,Tỉnh Yên Bái,Tỉnh Lào Cai,Xã Châu Quế,Xã,4387
Xã Lang Thíp,Huyện Văn Yên,Tỉnh Yên Bái,Tỉnh Lào Cai,Xã Lâm Giang,Xã,4381
Xã Lâm Giang,Huyện Văn Yên,Tỉnh Yên Bái,Tỉnh Lào Cai,Xã Lâm Giang,Xã,4381
Xã Mậu Đông,Huyện Văn Yên,Tỉnh Yên Bái,Tỉnh Lào Cai,Xã Mậu A,Xã,4375
Xã Mỏ Vàng,Huyện Văn Yên,Tỉnh Yên Bái,Tỉnh Lào Cai,Xã Mỏ Vàng,Xã,4450
Xã Ngòi A,Huyện Văn Yên,Tỉnh Yên Bái,Tỉnh Lào Cai,Xã Mậu A,Xã,4375
Xã Nà Hẩu,Huyện Văn Yên,Tỉnh Yên Bái,Tỉnh Lào Cai,Xã Tân Hợp,Xã,4429
Xã Phong Dụ Hạ,Huyện Văn Yên,Tỉnh Yên Bái,Tỉnh Lào Cai,Xã Phong Dụ Hạ,Xã,4402
Xã Phong Dụ Thượng,Huyện Văn Yên,Tỉnh Yên Bái,Tỉnh Lào Cai,Xã Phong Dụ Thượng,Xã,4423
Xã Quang Minh,Huyện Văn Yên,Tỉnh Yên Bái,Tỉnh Lào Cai,Xã Đông Cuông,Xã,4399
Xã Tân Hợp,Huyện Văn Yên,Tỉnh Yên Bái,Tỉnh Lào Cai,Xã Tân Hợp,Xã,4429
Xã Viễn Sơn,Huyện Văn Yên,Tỉnh Yên Bái,Tỉnh Lào Cai,Xã Xuân Ái,Xã,4441
Xã Xuân Tầm,Huyện Văn Yên,Tỉnh Yên Bái,Tỉnh Lào Cai,Xã Phong Dụ Hạ,Xã,4402
Xã Xuân Ái,Huyện Văn Yên,Tỉnh Yên Bái,Tỉnh Lào Cai,Xã Xuân Ái,Xã,4441
Xã Yên Hợp,Huyện Văn Yên,Tỉnh Yên Bái,Tỉnh Lào Cai,Xã Xuân Ái,Xã,4441
Xã Yên Phú,Huyện Văn Yên,Tỉnh Yên Bái,Tỉnh Lào Cai,Xã Xuân Ái,Xã,4441
Xã Yên Thái,Huyện Văn Yên,Tỉnh Yên Bái,Tỉnh Lào Cai,Xã Mậu A,Xã,4375
Xã Đông An,Huyện Văn Yên,Tỉnh Yên Bái,Tỉnh Lào Cai,Xã Đông Cuông,Xã,4399
Xã Đông Cuông,Huyện Văn Yên,Tỉnh Yên Bái,Tỉnh Lào Cai,Xã Đông Cuông,Xã,4399
Xã Đại Phác,Huyện Văn Yên,Tỉnh Yên Bái,Tỉnh Lào Cai,Xã Xuân Ái,Xã,4441
Xã Đại Sơn,Huyện Văn Yên,Tỉnh Yên Bái,Tỉnh Lào Cai,Xã Tân Hợp,Xã,4429
Thị trấn Thác Bà,Huyện Yên Bình,Tỉnh Yên Bái,Tỉnh Lào Cai,Xã Thác Bà,Xã,4717
Thị trấn Yên Bình,Huyện Yên Bình,Tỉnh Yên Bái,Tỉnh Lào Cai,Xã Yên Bình,Xã,4714
Xã Bạch Hà,Huyện Yên Bình,Tỉnh Yên Bái,Tỉnh Lào Cai,Xã Thác Bà,Xã,4717
Xã Bảo Ái,Huyện Yên Bình,Tỉnh Yên Bái,Tỉnh Lào Cai,Xã Bảo Ái,Xã,4750
Xã Cảm Nhân,Huyện Yên Bình,Tỉnh Yên Bái,Tỉnh Lào Cai,Xã Cảm Nhân,Xã,4726
Xã Cảm Ân,Huyện Yên Bình,Tỉnh Yên Bái,Tỉnh Lào Cai,Xã Bảo Ái,Xã,4750
Xã Hán Đà,Huyện Yên Bình,Tỉnh Yên Bái,Tỉnh Lào Cai,Xã Thác Bà,Xã,4717
Xã Mông Sơn,Huyện Yên Bình,Tỉnh Yên Bái,Tỉnh Lào Cai,Xã Bảo Ái,Xã,4750
Xã Mỹ Gia,Huyện Yên Bình,Tỉnh Yên Bái,Tỉnh Lào Cai,Xã Yên Thành,Xã,4744
Xã Ngọc Chấn,Huyện Yên Bình,Tỉnh Yên Bái,Tỉnh Lào Cai,Xã Cảm Nhân,Xã,4726
Xã Phú Thịnh,Huyện Yên Bình,Tỉnh Yên Bái,Tỉnh Lào Cai,Phường Văn Phú,Phường,4279
Xã Phúc An,Huyện Yên Bình,Tỉnh Yên Bái,Tỉnh Lào Cai,Xã Yên Thành,Xã,4744
Xã Phúc Ninh,Huyện Yên Bình,Tỉnh Yên Bái,Tỉnh Lào Cai,Xã Yên Thành,Xã,4744
Xã Thịnh Hưng,Huyện Yên Bình,Tỉnh Yên Bái,Tỉnh Lào Cai,Xã Yên Bình,Xã,4714
Xã Tân Hương,Huyện Yên Bình,Tỉnh Yên Bái,Tỉnh Lào Cai,Xã Yên Bình,Xã,4714
Xã Tân Nguyên,Huyện Yên Bình,Tỉnh Yên Bái,Tỉnh Lào Cai,Xã Bảo Ái,Xã,4750
Xã Vĩnh Kiên,Huyện Yên Bình,Tỉnh Yên Bái,Tỉnh Lào Cai,Xã Thác Bà,Xã,4717
Xã Vũ Linh,Huyện Yên Bình,Tỉnh Yên Bái,Tỉnh Lào Cai,Xã Thác Bà,Xã,4717
Xã Xuân Lai,Huyện Yên Bình,Tỉnh Yên Bái,Tỉnh Lào Cai,Xã Yên Thành,Xã,4744
Xã Xuân Long,Huyện Yên Bình,Tỉnh Yên Bái,Tỉnh Lào Cai,Xã Cảm Nhân,Xã,4726
Xã Yên Thành,Huyện Yên Bình,Tỉnh Yên Bái,Tỉnh Lào Cai,Xã Yên Thành,Xã,4744
Xã Đại Minh,Huyện Yên Bình,Tỉnh Yên Bái,Tỉnh Lào Cai,Xã Thác Bà,Xã,4717
Xã Đại Đồng,Huyện Yên Bình,Tỉnh Yên Bái,Tỉnh Lào Cai,Xã Yên Bình,Xã,4714
Phường Hồng Hà,Thành phố Yên Bái,Tỉnh Yên Bái,Tỉnh Lào Cai,Phường Yên Bái,Phường,4252
Phường Hợp Minh,Thành phố Yên Bái,Tỉnh Yên Bái,Tỉnh Lào Cai,Phường Âu Lâu,Phường,4543
Phường Minh Tân,Thành phố Yên Bái,Tỉnh Yên Bái,Tỉnh Lào Cai,Phường Yên Bái,Phường,4252
Phường Nam Cường,Thành phố Yên Bái,Tỉnh Yên Bái,Tỉnh Lào Cai,Phường Nam Cường,Phường,4273
Phường Nguyễn Thái Học,Thành phố Yên Bái,Tỉnh Yên Bái,Tỉnh Lào Cai,Phường Yên Bái,Phường,4252
Phường Yên Ninh,Thành phố Yên Bái,Tỉnh Yên Bái,Tỉnh Lào Cai,Phường Yên Bái,Phường,4252
Phường Yên Thịnh,Thành phố Yên Bái,Tỉnh Yên Bái,Tỉnh Lào Cai,Phường Văn Phú,Phường,4279
Phường Đồng Tâm,Thành phố Yên Bái,Tỉnh Yên Bái,Tỉnh Lào Cai,Phường Yên Bái,Phường,4252
Xã Giới Phiên,Thành phố Yên Bái,Tỉnh Yên Bái,Tỉnh Lào Cai,Phường Âu Lâu,Phường,4543
Xã Minh Bảo,Thành phố Yên Bái,Tỉnh Yên Bái,Tỉnh Lào Cai,Phường Nam Cường,Phường,4273
Xã Tuy Lộc,Thành phố Yên Bái,Tỉnh Yên Bái,Tỉnh Lào Cai,Phường Nam Cường,Phường,4273
Xã Tân Thịnh,Thành phố Yên Bái,Tỉnh Yên Bái,Tỉnh Lào Cai,Phường Văn Phú,Phường,4279
Xã Văn Phú,Thành phố Yên Bái,Tỉnh Yên Bái,Tỉnh Lào Cai,Phường Văn Phú,Phường,4279
Xã Âu Lâu,Thành phố Yên Bái,Tỉnh Yên Bái,Tỉnh Lào Cai,Phường Âu Lâu,Phường,4543
Phường Cầu Thia,Thị xã Nghĩa Lộ,Tỉnh Yên Bái,Tỉnh Lào Cai,Phường Cầu Thia,Phường,4681
Phường Pú Trạng,Thị xã Nghĩa Lộ,Tỉnh Yên Bái,Tỉnh Lào Cai,Phường Nghĩa Lộ,Phường,4288
Phường Trung Tâm,Thị xã Nghĩa Lộ,Tỉnh Yên Bái,Tỉnh Lào Cai,Phường Trung Tâm,Phường,4663
Phường Tân An,Thị xã Nghĩa Lộ,Tỉnh Yên Bái,Tỉnh Lào Cai,Phường Nghĩa Lộ,Phường,4288
Xã Hạnh Sơn,Thị xã Nghĩa Lộ,Tỉnh Yên Bái,Tỉnh Lào Cai,Phường Cầu Thia,Phường,4681
Xã Nghĩa An,Thị xã Nghĩa Lộ,Tỉnh Yên Bái,Tỉnh Lào Cai,Phường Nghĩa Lộ,Phường,4288
Xã Nghĩa Lộ,Thị xã Nghĩa Lộ,Tỉnh Yên Bái,Tỉnh Lào Cai,Phường Trung Tâm,Phường,4663
Xã Nghĩa Lợi,Thị xã Nghĩa Lộ,Tỉnh Yên Bái,Tỉnh Lào Cai,Phường Trung Tâm,Phường,4663
Xã Nghĩa Phúc,Thị xã Nghĩa Lộ,Tỉnh Yên Bái,Tỉnh Lào Cai,Xã Liên Sơn,Xã,4660
Xã Phù Nham,Thị xã Nghĩa Lộ,Tỉnh Yên Bái,Tỉnh Lào Cai,Phường Trung Tâm,Phường,4663
Xã Phúc Sơn,Thị xã Nghĩa Lộ,Tỉnh Yên Bái,Tỉnh Lào Cai,Phường Cầu Thia,Phường,4681
Xã Sơn A,Thị xã Nghĩa Lộ,Tỉnh Yên Bái,Tỉnh Lào Cai,Xã Liên Sơn,Xã,4660
Xã Thanh Lương,Thị xã Nghĩa Lộ,Tỉnh Yên Bái,Tỉnh Lào Cai,Phường Cầu Thia,Phường,4681
Xã Thạch Lương,Thị xã Nghĩa Lộ,Tỉnh Yên Bái,Tỉnh Lào Cai,Phường Cầu Thia,Phường,4681
Thị trấn Chợ Lầu,Huyện Bắc Bình,Tỉnh Bình Thuận,Tỉnh Lâm Đồng,Xã Bắc Bình,Xã,23005
Thị trấn Lương Sơn,Huyện Bắc Bình,Tỉnh Bình Thuận,Tỉnh Lâm Đồng,Xã Lương Sơn,Xã,23032
Xã Bình An,Huyện Bắc Bình,Tỉnh Bình Thuận,Tỉnh Lâm Đồng,Xã Hải Ninh,Xã,23020
Xã Bình Tân,Huyện Bắc Bình,Tỉnh Bình Thuận,Tỉnh Lâm Đồng,Xã Sông Lũy,Xã,23023
Xã Hòa Thắng,Huyện Bắc Bình,Tỉnh Bình Thuận,Tỉnh Lâm Đồng,Xã Hòa Thắng,Xã,23053
Xã Hòa Thắng,Huyện Bắc Bình,Tỉnh Bình Thuận,Tỉnh Lâm Đồng,Xã Hồng Thái,Xã,23041
Xã Hải Ninh,Huyện Bắc Bình,Tỉnh Bình Thuận,Tỉnh Lâm Đồng,Xã Hải Ninh,Xã,23020
Xã Hồng Phong,Huyện Bắc Bình,Tỉnh Bình Thuận,Tỉnh Lâm Đồng,Xã Hòa Thắng,Xã,23053
Xã Hồng Thái,Huyện Bắc Bình,Tỉnh Bình Thuận,Tỉnh Lâm Đồng,Xã Hồng Thái,Xã,23041
Xã Phan Hiệp,Huyện Bắc Bình,Tỉnh Bình Thuận,Tỉnh Lâm Đồng,Xã Bắc Bình,Xã,23005
Xã Phan Hòa,Huyện Bắc Bình,Tỉnh Bình Thuận,Tỉnh Lâm Đồng,Xã Bắc Bình,Xã,23005
Xã Phan Lâm,Huyện Bắc Bình,Tỉnh Bình Thuận,Tỉnh Lâm Đồng,Xã Phan Sơn,Xã,23008
Xã Phan Rí Thành,Huyện Bắc Bình,Tỉnh Bình Thuận,Tỉnh Lâm Đồng,Xã Bắc Bình,Xã,23005
Xã Phan Sơn,Huyện Bắc Bình,Tỉnh Bình Thuận,Tỉnh Lâm Đồng,Xã Phan Sơn,Xã,23008
Xã Phan Thanh,Huyện Bắc Bình,Tỉnh Bình Thuận,Tỉnh Lâm Đồng,Xã Hồng Thái,Xã,23041
Xã Phan Tiến,Huyện Bắc Bình,Tỉnh Bình Thuận,Tỉnh Lâm Đồng,Xã Sông Lũy,Xã,23023
Xã Phan Điền,Huyện Bắc Bình,Tỉnh Bình Thuận,Tỉnh Lâm Đồng,Xã Hải Ninh,Xã,23020
Xã Sông Bình,Huyện Bắc Bình,Tỉnh Bình Thuận,Tỉnh Lâm Đồng,Xã Lương Sơn,Xã,23032
Xã Sông Lũy,Huyện Bắc Bình,Tỉnh Bình Thuận,Tỉnh Lâm Đồng,Xã Sông Lũy,Xã,23023
Thị trấn Ma Lâm,Huyện Hàm Thuận Bắc,Tỉnh Bình Thuận,Tỉnh Lâm Đồng,Xã Hàm Thuận,Xã,23059
Thị trấn Phú Long,Huyện Hàm Thuận Bắc,Tỉnh Bình Thuận,Tỉnh Lâm Đồng,Phường Hàm Thắng,Phường,22933
Xã Hàm Chính,Huyện Hàm Thuận Bắc,Tỉnh Bình Thuận,Tỉnh Lâm Đồng,Xã Hàm Liêm,Xã,23095
Xã Hàm Hiệp,Huyện Hàm Thuận Bắc,Tỉnh Bình Thuận,Tỉnh Lâm Đồng,Phường Bình Thuận,Phường,22960
Xã Hàm Liêm,Huyện Hàm Thuận Bắc,Tỉnh Bình Thuận,Tỉnh Lâm Đồng,Xã Hàm Liêm,Xã,23095
Xã Hàm Phú,Huyện Hàm Thuận Bắc,Tỉnh Bình Thuận,Tỉnh Lâm Đồng,Xã Hàm Thuận Bắc,Xã,23089
Xã Hàm Thắng,Huyện Hàm Thuận Bắc,Tỉnh Bình Thuận,Tỉnh Lâm Đồng,Phường Hàm Thắng,Phường,22933
Xã Hàm Trí,Huyện Hàm Thuận Bắc,Tỉnh Bình Thuận,Tỉnh Lâm Đồng,Xã Hàm Thuận Bắc,Xã,23089
Xã Hàm Đức,Huyện Hàm Thuận Bắc,Tỉnh Bình Thuận,Tỉnh Lâm Đồng,Xã Hàm Thuận,Xã,23059
Xã Hồng Liêm,Huyện Hàm Thuận Bắc,Tỉnh Bình Thuận,Tỉnh Lâm Đồng,Xã Hồng Sơn,Xã,23086
Xã Hồng Sơn,Huyện Hàm Thuận Bắc,Tỉnh Bình Thuận,Tỉnh Lâm Đồng,Xã Hồng Sơn,Xã,23086
Xã La Dạ,Huyện Hàm Thuận Bắc,Tỉnh Bình Thuận,Tỉnh Lâm Đồng,Xã La Dạ,Xã,23065
Xã Thuận Hòa,Huyện Hàm Thuận Bắc,Tỉnh Bình Thuận,Tỉnh Lâm Đồng,Xã Hàm Thuận Bắc,Xã,23089
Xã Thuận Minh,Huyện Hàm Thuận Bắc,Tỉnh Bình Thuận,Tỉnh Lâm Đồng,Xã Hàm Thuận,Xã,23059
Xã Đa Mi,Huyện Hàm Thuận Bắc,Tỉnh Bình Thuận,Tỉnh Lâm Đồng,Xã La Dạ,Xã,23065
Xã Đông Giang,Huyện Hàm Thuận Bắc,Tỉnh Bình Thuận,Tỉnh Lâm Đồng,Xã Đông Giang,Xã,23074
Xã Đông Tiến,Huyện Hàm Thuận Bắc,Tỉnh Bình Thuận,Tỉnh Lâm Đồng,Xã Đông Giang,Xã,23074
Thị trấn Thuận Nam,Huyện Hàm Thuận Nam,Tỉnh Bình Thuận,Tỉnh Lâm Đồng,Xã Hàm Thuận Nam,Xã,23110
Xã Hàm Cường,Huyện Hàm Thuận Nam,Tỉnh Bình Thuận,Tỉnh Lâm Đồng,Xã Hàm Kiệm,Xã,23128
Xã Hàm Cần,Huyện Hàm Thuận Nam,Tỉnh Bình Thuận,Tỉnh Lâm Đồng,Xã Hàm Thạnh,Xã,23122
Xã Hàm Kiệm,Huyện Hàm Thuận Nam,Tỉnh Bình Thuận,Tỉnh Lâm Đồng,Xã Hàm Kiệm,Xã,23128
Xã Hàm Minh,Huyện Hàm Thuận Nam,Tỉnh Bình Thuận,Tỉnh Lâm Đồng,Xã Hàm Thuận Nam,Xã,23110
Xã Hàm Mỹ,Huyện Hàm Thuận Nam,Tỉnh Bình Thuận,Tỉnh Lâm Đồng,Xã Tuyên Quang,Xã,22963
Xã Hàm Thạnh,Huyện Hàm Thuận Nam,Tỉnh Bình Thuận,Tỉnh Lâm Đồng,Xã Hàm Thạnh,Xã,23122
Xã Mương Mán,Huyện Hàm Thuận Nam,Tỉnh Bình Thuận,Tỉnh Lâm Đồng,Xã Hàm Kiệm,Xã,23128
Xã Mỹ Thạnh,Huyện Hàm Thuận Nam,Tỉnh Bình Thuận,Tỉnh Lâm Đồng,Xã Hàm Thạnh,Xã,23122
Xã Thuận Quý,Huyện Hàm Thuận Nam,Tỉnh Bình Thuận,Tỉnh Lâm Đồng,Xã Tân Thành,Xã,23143
Xã Tân Lập,Huyện Hàm Thuận Nam,Tỉnh Bình Thuận,Tỉnh Lâm Đồng,Xã Tân Lập,Xã,23134
Xã Tân Thuận,Huyện Hàm Thuận Nam,Tỉnh Bình Thuận,Tỉnh Lâm Đồng,Xã Tân Thành,Xã,23143
Xã Tân Thành,Huyện Hàm Thuận Nam,Tỉnh Bình Thuận,Tỉnh Lâm Đồng,Xã Tân Thành,Xã,23143
Thị trấn Tân Minh,Huyện Hàm Tân,Tỉnh Bình Thuận,Tỉnh Lâm Đồng,Xã Tân Minh,Xã,23230
Thị trấn Tân Nghĩa,Huyện Hàm Tân,Tỉnh Bình Thuận,Tỉnh Lâm Đồng,Xã Hàm Tân,Xã,23236
Xã Sông Phan,Huyện Hàm Tân,Tỉnh Bình Thuận,Tỉnh Lâm Đồng,Xã Tân Lập,Xã,23134
Xã Sơn Mỹ,Huyện Hàm Tân,Tỉnh Bình Thuận,Tỉnh Lâm Đồng,Xã Sơn Mỹ,Xã,23266
Xã Thắng Hải,Huyện Hàm Tân,Tỉnh Bình Thuận,Tỉnh Lâm Đồng,Xã Sơn Mỹ,Xã,23266
Xã Tân Hà,Huyện Hàm Tân,Tỉnh Bình Thuận,Tỉnh Lâm Đồng,Xã Hàm Tân,Xã,23236
Xã Tân Phúc,Huyện Hàm Tân,Tỉnh Bình Thuận,Tỉnh Lâm Đồng,Xã Tân Minh,Xã,23230
Xã Tân Thắng,Huyện Hàm Tân,Tỉnh Bình Thuận,Tỉnh Lâm Đồng,Xã Sơn Mỹ,Xã,23266
Xã Tân Xuân,Huyện Hàm Tân,Tỉnh Bình Thuận,Tỉnh Lâm Đồng,Xã Hàm Tân,Xã,23236
Xã Tân Đức,Huyện Hàm Tân,Tỉnh Bình Thuận,Tỉnh Lâm Đồng,Xã Tân Minh,Xã,23230
Xã Long Hải,Huyện Phú Quí,Tỉnh Bình Thuận,Tỉnh Lâm Đồng,Đặc khu Phú Quý,Đặc khu,23272
Xã Ngũ Phụng,Huyện Phú Quí,Tỉnh Bình Thuận,Tỉnh Lâm Đồng,Đặc khu Phú Quý,Đặc khu,23272
Xã Tam Thanh,Huyện Phú Quí,Tỉnh Bình Thuận,Tỉnh Lâm Đồng,Đặc khu Phú Quý,Đặc khu,23272
Thị trấn Liên Hương,Huyện Tuy Phong,Tỉnh Bình Thuận,Tỉnh Lâm Đồng,Xã Liên Hương,Xã,22969
Thị trấn Phan Rí Cửa,Huyện Tuy Phong,Tỉnh Bình Thuận,Tỉnh Lâm Đồng,Xã Phan Rí Cửa,Xã,22972
Xã Bình Thạnh,Huyện Tuy Phong,Tỉnh Bình Thuận,Tỉnh Lâm Đồng,Xã Liên Hương,Xã,22969
Xã Chí Công,Huyện Tuy Phong,Tỉnh Bình Thuận,Tỉnh Lâm Đồng,Xã Phan Rí Cửa,Xã,22972
Xã Hòa Minh,Huyện Tuy Phong,Tỉnh Bình Thuận,Tỉnh Lâm Đồng,Xã Phan Rí Cửa,Xã,22972
Xã Phan Dũng,Huyện Tuy Phong,Tỉnh Bình Thuận,Tỉnh Lâm Đồng,Xã Tuy Phong,Xã,22978
Xã Phong Phú,Huyện Tuy Phong,Tỉnh Bình Thuận,Tỉnh Lâm Đồng,Xã Phan Rí Cửa,Xã,22972
Xã Phong Phú,Huyện Tuy Phong,Tỉnh Bình Thuận,Tỉnh Lâm Đồng,Xã Tuy Phong,Xã,22978
Xã Phú Lạc,Huyện Tuy Phong,Tỉnh Bình Thuận,Tỉnh Lâm Đồng,Xã Liên Hương,Xã,22969
Xã Phước Thể,Huyện Tuy Phong,Tỉnh Bình Thuận,Tỉnh Lâm Đồng,Xã Liên Hương,Xã,22969
Xã Vĩnh Hảo,Huyện Tuy Phong,Tỉnh Bình Thuận,Tỉnh Lâm Đồng,Xã Vĩnh Hảo,Xã,22981
Xã Vĩnh Tân,Huyện Tuy Phong,Tỉnh Bình Thuận,Tỉnh Lâm Đồng,Xã Vĩnh Hảo,Xã,22981
Thị trấn Lạc Tánh,Huyện Tánh Linh,Tỉnh Bình Thuận,Tỉnh Lâm Đồng,Xã Tánh Linh,Xã,23149
Xã Bắc Ruộng,Huyện Tánh Linh,Tỉnh Bình Thuận,Tỉnh Lâm Đồng,Xã Bắc Ruộng,Xã,23152
Xã Gia An,Huyện Tánh Linh,Tỉnh Bình Thuận,Tỉnh Lâm Đồng,Xã Tánh Linh,Xã,23149
Xã Gia Huynh,Huyện Tánh Linh,Tỉnh Bình Thuận,Tỉnh Lâm Đồng,Xã Suối Kiết,Xã,23188
Xã Huy Khiêm,Huyện Tánh Linh,Tỉnh Bình Thuận,Tỉnh Lâm Đồng,Xã Đồng Kho,Xã,23173
Xã La Ngâu,Huyện Tánh Linh,Tỉnh Bình Thuận,Tỉnh Lâm Đồng,Xã Đồng Kho,Xã,23173
Xã Măng Tố,Huyện Tánh Linh,Tỉnh Bình Thuận,Tỉnh Lâm Đồng,Xã Bắc Ruộng,Xã,23152
Xã Nghị Đức,Huyện Tánh Linh,Tỉnh Bình Thuận,Tỉnh Lâm Đồng,Xã Nghị Đức,Xã,23158
Xã Suối Kiết,Huyện Tánh Linh,Tỉnh Bình Thuận,Tỉnh Lâm Đồng,Xã Suối Kiết,Xã,23188
Xã Đồng Kho,Huyện Tánh Linh,Tỉnh Bình Thuận,Tỉnh Lâm Đồng,Xã Đồng Kho,Xã,23173
Xã Đức Bình,Huyện Tánh Linh,Tỉnh Bình Thuận,Tỉnh Lâm Đồng,Xã Đồng Kho,Xã,23173
Xã Đức Phú,Huyện Tánh Linh,Tỉnh Bình Thuận,Tỉnh Lâm Đồng,Xã Nghị Đức,Xã,23158
Xã Đức Thuận,Huyện Tánh Linh,Tỉnh Bình Thuận,Tỉnh Lâm Đồng,Xã Tánh Linh,Xã,23149
Thị trấn Võ Xu,Huyện Đức Linh,Tỉnh Bình Thuận,Tỉnh Lâm Đồng,Xã Đức Linh,Xã,23191
Thị trấn Đức Tài,Huyện Đức Linh,Tỉnh Bình Thuận,Tỉnh Lâm Đồng,Xã Hoài Đức,Xã,23194
Xã Mê Pu,Huyện Đức Linh,Tỉnh Bình Thuận,Tỉnh Lâm Đồng,Xã Nam Thành,Xã,23200
Xã Nam Chính,Huyện Đức Linh,Tỉnh Bình Thuận,Tỉnh Lâm Đồng,Xã Đức Linh,Xã,23191
Xã Sùng Nhơn,Huyện Đức Linh,Tỉnh Bình Thuận,Tỉnh Lâm Đồng,Xã Nam Thành,Xã,23200
Xã Trà Tân,Huyện Đức Linh,Tỉnh Bình Thuận,Tỉnh Lâm Đồng,Xã Trà Tân,Xã,23227
Xã Tân Hà,Huyện Đức Linh,Tỉnh Bình Thuận,Tỉnh Lâm Đồng,Xã Trà Tân,Xã,23227
Xã Vũ Hòa,Huyện Đức Linh,Tỉnh Bình Thuận,Tỉnh Lâm Đồng,Xã Đức Linh,Xã,23191
Xã Đa Kai,Huyện Đức Linh,Tỉnh Bình Thuận,Tỉnh Lâm Đồng,Xã Nam Thành,Xã,23200
Xã Đông Hà,Huyện Đức Linh,Tỉnh Bình Thuận,Tỉnh Lâm Đồng,Xã Trà Tân,Xã,23227
Xã Đức Hạnh,Huyện Đức Linh,Tỉnh Bình Thuận,Tỉnh Lâm Đồng,Xã Hoài Đức,Xã,23194
Xã Đức Tín,Huyện Đức Linh,Tỉnh Bình Thuận,Tỉnh Lâm Đồng,Xã Hoài Đức,Xã,23194
Phường Bình Hưng,Thành phố Phan Thiết,Tỉnh Bình Thuận,Tỉnh Lâm Đồng,Phường Phan Thiết,Phường,22945
Phường Hàm Tiến,Thành phố Phan Thiết,Tỉnh Bình Thuận,Tỉnh Lâm Đồng,Phường Mũi Né,Phường,22918
Phường Lạc Đạo,Thành phố Phan Thiết,Tỉnh Bình Thuận,Tỉnh Lâm Đồng,Phường Phan Thiết,Phường,22945
Phường Mũi Né,Thành phố Phan Thiết,Tỉnh Bình Thuận,Tỉnh Lâm Đồng,Phường Mũi Né,Phường,22918
Phường Phú Hài,Thành phố Phan Thiết,Tỉnh Bình Thuận,Tỉnh Lâm Đồng,Phường Phú Thủy,Phường,22924
Phường Phú Thủy,Thành phố Phan Thiết,Tỉnh Bình Thuận,Tỉnh Lâm Đồng,Phường Phú Thủy,Phường,22924
Phường Phú Trinh,Thành phố Phan Thiết,Tỉnh Bình Thuận,Tỉnh Lâm Đồng,Phường Phan Thiết,Phường,22945
Phường Phú Tài,Thành phố Phan Thiết,Tỉnh Bình Thuận,Tỉnh Lâm Đồng,Phường Bình Thuận,Phường,22960
Phường Thanh Hải,Thành phố Phan Thiết,Tỉnh Bình Thuận,Tỉnh Lâm Đồng,Phường Phú Thủy,Phường,22924
Phường Xuân An,Thành phố Phan Thiết,Tỉnh Bình Thuận,Tỉnh Lâm Đồng,Phường Hàm Thắng,Phường,22933
Phường Đức Long,Thành phố Phan Thiết,Tỉnh Bình Thuận,Tỉnh Lâm Đồng,Phường Tiến Thành,Phường,22954
Xã Phong Nẫm,Thành phố Phan Thiết,Tỉnh Bình Thuận,Tỉnh Lâm Đồng,Phường Bình Thuận,Phường,22960
Xã Thiện Nghiệp,Thành phố Phan Thiết,Tỉnh Bình Thuận,Tỉnh Lâm Đồng,Phường Mũi Né,Phường,22918
Xã Tiến Lợi,Thành phố Phan Thiết,Tỉnh Bình Thuận,Tỉnh Lâm Đồng,Xã Tuyên Quang,Xã,22963
Xã Tiến Thành,Thành phố Phan Thiết,Tỉnh Bình Thuận,Tỉnh Lâm Đồng,Phường Tiến Thành,Phường,22954
Phường Bình Tân,Thị xã La Gi,Tỉnh Bình Thuận,Tỉnh Lâm Đồng,Phường La Gi,Phường,23235
Phường Phước Hội,Thị xã La Gi,Tỉnh Bình Thuận,Tỉnh Lâm Đồng,Phường Phước Hội,Phường,23231
Phường Phước Lộc,Thị xã La Gi,Tỉnh Bình Thuận,Tỉnh Lâm Đồng,Phường Phước Hội,Phường,23231
Phường Tân An,Thị xã La Gi,Tỉnh Bình Thuận,Tỉnh Lâm Đồng,Phường La Gi,Phường,23235
Phường Tân Thiện,Thị xã La Gi,Tỉnh Bình Thuận,Tỉnh Lâm Đồng,Phường La Gi,Phường,23235
Xã Tân Bình,Thị xã La Gi,Tỉnh Bình Thuận,Tỉnh Lâm Đồng,Phường La Gi,Phường,23235
Xã Tân Hải,Thị xã La Gi,Tỉnh Bình Thuận,Tỉnh Lâm Đồng,Xã Tân Hải,Xã,23246
Xã Tân Phước,Thị xã La Gi,Tỉnh Bình Thuận,Tỉnh Lâm Đồng,Phường Phước Hội,Phường,23231
Xã Tân Tiến,Thị xã La Gi,Tỉnh Bình Thuận,Tỉnh Lâm Đồng,Xã Tân Hải,Xã,23246
Thị trấn Lộc Thắng,Huyện Bảo Lâm,Tỉnh Lâm Đồng,Tỉnh Lâm Đồng,Xã Bảo Lâm 1,Xã,25054
Xã B'Lá,Huyện Bảo Lâm,Tỉnh Lâm Đồng,Tỉnh Lâm Đồng,Xã Bảo Lâm 4,Xã,25063
Xã Lộc An,Huyện Bảo Lâm,Tỉnh Lâm Đồng,Tỉnh Lâm Đồng,Xã Bảo Lâm 2,Xã,25084
Xã Lộc Bảo,Huyện Bảo Lâm,Tỉnh Lâm Đồng,Tỉnh Lâm Đồng,Xã Bảo Lâm 5,Xã,25057
Xã Lộc Bắc,Huyện Bảo Lâm,Tỉnh Lâm Đồng,Tỉnh Lâm Đồng,Xã Bảo Lâm 5,Xã,25057
Xã Lộc Lâm,Huyện Bảo Lâm,Tỉnh Lâm Đồng,Tỉnh Lâm Đồng,Xã Bảo Lâm 4,Xã,25063
Xã Lộc Nam,Huyện Bảo Lâm,Tỉnh Lâm Đồng,Tỉnh Lâm Đồng,Xã Bảo Lâm 3,Xã,25093
Xã Lộc Ngãi,Huyện Bảo Lâm,Tỉnh Lâm Đồng,Tỉnh Lâm Đồng,Xã Bảo Lâm 1,Xã,25054
Xã Lộc Phú,Huyện Bảo Lâm,Tỉnh Lâm Đồng,Tỉnh Lâm Đồng,Xã Bảo Lâm 4,Xã,25063
Xã Lộc Quảng,Huyện Bảo Lâm,Tỉnh Lâm Đồng,Tỉnh Lâm Đồng,Xã Bảo Lâm 1,Xã,25054
Xã Lộc Thành,Huyện Bảo Lâm,Tỉnh Lâm Đồng,Tỉnh Lâm Đồng,Xã Bảo Lâm 3,Xã,25093
Xã Lộc Tân,Huyện Bảo Lâm,Tỉnh Lâm Đồng,Tỉnh Lâm Đồng,Phường 2 Bảo Lộc,Phường,24820
Xã Lộc Đức,Huyện Bảo Lâm,Tỉnh Lâm Đồng,Tỉnh Lâm Đồng,Xã Bảo Lâm 2,Xã,25084
Xã Tân Lạc,Huyện Bảo Lâm,Tỉnh Lâm Đồng,Tỉnh Lâm Đồng,Xã Bảo Lâm 2,Xã,25084
Thị trấn Di Linh,Huyện Di Linh,Tỉnh Lâm Đồng,Tỉnh Lâm Đồng,Xã Di Linh,Xã,25000
Xã Bảo Thuận,Huyện Di Linh,Tỉnh Lâm Đồng,Tỉnh Lâm Đồng,Xã Bảo Thuận,Xã,25018
Xã Gia Bắc,Huyện Di Linh,Tỉnh Lâm Đồng,Tỉnh Lâm Đồng,Xã Sơn Điền,Xã,25051
Xã Gia Hiệp,Huyện Di Linh,Tỉnh Lâm Đồng,Tỉnh Lâm Đồng,Xã Gia Hiệp,Xã,25015
Xã Gung Ré,Huyện Di Linh,Tỉnh Lâm Đồng,Tỉnh Lâm Đồng,Xã Di Linh,Xã,25000
Xã Hòa Bắc,Huyện Di Linh,Tỉnh Lâm Đồng,Tỉnh Lâm Đồng,Xã Hòa Bắc,Xã,25042
Xã Hòa Nam,Huyện Di Linh,Tỉnh Lâm Đồng,Tỉnh Lâm Đồng,Xã Hòa Bắc,Xã,25042
Xã Hòa Ninh,Huyện Di Linh,Tỉnh Lâm Đồng,Tỉnh Lâm Đồng,Xã Hòa Ninh,Xã,25036
Xã Hòa Trung,Huyện Di Linh,Tỉnh Lâm Đồng,Tỉnh Lâm Đồng,Xã Hòa Ninh,Xã,25036
Xã Liên Đầm,Huyện Di Linh,Tỉnh Lâm Đồng,Tỉnh Lâm Đồng,Xã Di Linh,Xã,25000
Xã Sơn Điền,Huyện Di Linh,Tỉnh Lâm Đồng,Tỉnh Lâm Đồng,Xã Sơn Điền,Xã,25051
Xã Tam Bố,Huyện Di Linh,Tỉnh Lâm Đồng,Tỉnh Lâm Đồng,Xã Gia Hiệp,Xã,25015
Xã Tân Châu,Huyện Di Linh,Tỉnh Lâm Đồng,Tỉnh Lâm Đồng,Xã Di Linh,Xã,25000
Xã Tân Lâm,Huyện Di Linh,Tỉnh Lâm Đồng,Tỉnh Lâm Đồng,Xã Đinh Trang Thượng,Xã,25007
Xã Tân Nghĩa,Huyện Di Linh,Tỉnh Lâm Đồng,Tỉnh Lâm Đồng,Xã Bảo Thuận,Xã,25018
Xã Tân Thượng,Huyện Di Linh,Tỉnh Lâm Đồng,Tỉnh Lâm Đồng,Xã Đinh Trang Thượng,Xã,25007
Xã Đinh Lạc,Huyện Di Linh,Tỉnh Lâm Đồng,Tỉnh Lâm Đồng,Xã Bảo Thuận,Xã,25018
Xã Đinh Trang Hòa,Huyện Di Linh,Tỉnh Lâm Đồng,Tỉnh Lâm Đồng,Xã Hòa Ninh,Xã,25036
Xã Đinh Trang Thượng,Huyện Di Linh,Tỉnh Lâm Đồng,Tỉnh Lâm Đồng,Xã Đinh Trang Thượng,Xã,25007
Thị trấn Nam Ban,Huyện Lâm Hà,Tỉnh Lâm Đồng,Tỉnh Lâm Đồng,Xã Nam Ban Lâm Hà,Xã,24868
Thị trấn Đinh Văn,Huyện Lâm Hà,Tỉnh Lâm Đồng,Tỉnh Lâm Đồng,Xã Đinh Văn Lâm Hà,Xã,24871
Xã Gia Lâm,Huyện Lâm Hà,Tỉnh Lâm Đồng,Tỉnh Lâm Đồng,Xã Nam Ban Lâm Hà,Xã,24868
Xã Hoài Đức,Huyện Lâm Hà,Tỉnh Lâm Đồng,Tỉnh Lâm Đồng,Xã Tân Hà Lâm Hà,Xã,24916
Xã Liên Hà,Huyện Lâm Hà,Tỉnh Lâm Đồng,Tỉnh Lâm Đồng,Xã Tân Hà Lâm Hà,Xã,24916
Xã Mê Linh,Huyện Lâm Hà,Tỉnh Lâm Đồng,Tỉnh Lâm Đồng,Xã Nam Ban Lâm Hà,Xã,24868
Xã Nam Hà,Huyện Lâm Hà,Tỉnh Lâm Đồng,Tỉnh Lâm Đồng,Xã Nam Hà Lâm Hà,Xã,24883
Xã Phi Tô,Huyện Lâm Hà,Tỉnh Lâm Đồng,Tỉnh Lâm Đồng,Xã Nam Hà Lâm Hà,Xã,24883
Xã Phú Sơn,Huyện Lâm Hà,Tỉnh Lâm Đồng,Tỉnh Lâm Đồng,Xã Phú Sơn Lâm Hà,Xã,24895
Xã Phúc Thọ,Huyện Lâm Hà,Tỉnh Lâm Đồng,Tỉnh Lâm Đồng,Xã Phúc Thọ Lâm Hà,Xã,24907
Xã Tân Hà,Huyện Lâm Hà,Tỉnh Lâm Đồng,Tỉnh Lâm Đồng,Xã Tân Hà Lâm Hà,Xã,24916
Xã Tân Thanh,Huyện Lâm Hà,Tỉnh Lâm Đồng,Tỉnh Lâm Đồng,Xã Phúc Thọ Lâm Hà,Xã,24907
Xã Tân Văn,Huyện Lâm Hà,Tỉnh Lâm Đồng,Tỉnh Lâm Đồng,Xã Đinh Văn Lâm Hà,Xã,24871
Xã Đan Phượng,Huyện Lâm Hà,Tỉnh Lâm Đồng,Tỉnh Lâm Đồng,Xã Tân Hà Lâm Hà,Xã,24916
Xã Đông Thanh,Huyện Lâm Hà,Tỉnh Lâm Đồng,Tỉnh Lâm Đồng,Xã Nam Ban Lâm Hà,Xã,24868
Xã Đạ Đờn,Huyện Lâm Hà,Tỉnh Lâm Đồng,Tỉnh Lâm Đồng,Xã Phú Sơn Lâm Hà,Xã,24895
Thị trấn Lạc Dương,Huyện Lạc Dương,Tỉnh Lâm Đồng,Tỉnh Lâm Đồng,Phường Lang Biang - Đà Lạt,Phường,24846
Xã Lát,Huyện Lạc Dương,Tỉnh Lâm Đồng,Tỉnh Lâm Đồng,Phường Lang Biang - Đà Lạt,Phường,24846
Xã Đưng KNớ,Huyện Lạc Dương,Tỉnh Lâm Đồng,Tỉnh Lâm Đồng,Xã Đam Rông 4,Xã,24853
Xã Đạ Chais,Huyện Lạc Dương,Tỉnh Lâm Đồng,Tỉnh Lâm Đồng,Xã Lạc Dương,Xã,24848
Xã Đạ Nhim,Huyện Lạc Dương,Tỉnh Lâm Đồng,Tỉnh Lâm Đồng,Xã Lạc Dương,Xã,24848
Xã Đạ Sar,Huyện Lạc Dương,Tỉnh Lâm Đồng,Tỉnh Lâm Đồng,Xã Lạc Dương,Xã,24848
Xã Liêng Srônh,Huyện Đam Rông,Tỉnh Lâm Đồng,Tỉnh Lâm Đồng,Xã Đam Rông 2,Xã,24877
Xã Phi Liêng,Huyện Đam Rông,Tỉnh Lâm Đồng,Tỉnh Lâm Đồng,Xã Đam Rông 1,Xã,24886
Xã Rô Men,Huyện Đam Rông,Tỉnh Lâm Đồng,Tỉnh Lâm Đồng,Xã Đam Rông 2,Xã,24877
Xã Đạ K'Nàng,Huyện Đam Rông,Tỉnh Lâm Đồng,Tỉnh Lâm Đồng,Xã Đam Rông 1,Xã,24886
Xã Đạ Long,Huyện Đam Rông,Tỉnh Lâm Đồng,Tỉnh Lâm Đồng,Xã Đam Rông 4,Xã,24853
Xã Đạ M'Rông,Huyện Đam Rông,Tỉnh Lâm Đồng,Tỉnh Lâm Đồng,Xã Đam Rông 3,Xã,24875
Xã Đạ Rsal,Huyện Đam Rông,Tỉnh Lâm Đồng,Tỉnh Lâm Đồng,Xã Đam Rông 3,Xã,24875
Xã Đạ Tông,Huyện Đam Rông,Tỉnh Lâm Đồng,Tỉnh Lâm Đồng,Xã Đam Rông 4,Xã,24853
Thị trấn D'Ran,Huyện Đơn Dương,Tỉnh Lâm Đồng,Tỉnh Lâm Đồng,Xã D'Ran,Xã,24934
Thị trấn Thạnh Mỹ,Huyện Đơn Dương,Tỉnh Lâm Đồng,Tỉnh Lâm Đồng,Xã Đơn Dương,Xã,24931
Xã Ka Đô,Huyện Đơn Dương,Tỉnh Lâm Đồng,Tỉnh Lâm Đồng,Xã Ka Đô,Xã,24943
Xã Ka Đơn,Huyện Đơn Dương,Tỉnh Lâm Đồng,Tỉnh Lâm Đồng,Xã Quảng Lập,Xã,24955
Xã Lạc Lâm,Huyện Đơn Dương,Tỉnh Lâm Đồng,Tỉnh Lâm Đồng,Xã Ka Đô,Xã,24943
Xã Lạc Xuân,Huyện Đơn Dương,Tỉnh Lâm Đồng,Tỉnh Lâm Đồng,Xã D'Ran,Xã,24934
Xã Quảng Lập,Huyện Đơn Dương,Tỉnh Lâm Đồng,Tỉnh Lâm Đồng,Xã Quảng Lập,Xã,24955
Xã Tu Tra,Huyện Đơn Dương,Tỉnh Lâm Đồng,Tỉnh Lâm Đồng,Xã Đơn Dương,Xã,24931
Xã Đạ Ròn,Huyện Đơn Dương,Tỉnh Lâm Đồng,Tỉnh Lâm Đồng,Xã Đơn Dương,Xã,24931
Thị trấn Cát Tiên,Huyện Đạ Huoai,Tỉnh Lâm Đồng,Tỉnh Lâm Đồng,Xã Cát Tiên,Xã,25159
Thị trấn Ma Đa Guôi,Huyện Đạ Huoai,Tỉnh Lâm Đồng,Tỉnh Lâm Đồng,Xã Đạ Huoai,Xã,25099
Thị trấn Phước Cát,Huyện Đạ Huoai,Tỉnh Lâm Đồng,Tỉnh Lâm Đồng,Xã Cát Tiên 2,Xã,25180
Thị trấn Đạ M'ri,Huyện Đạ Huoai,Tỉnh Lâm Đồng,Tỉnh Lâm Đồng,Xã Đạ Huoai 2,Xã,25105
Thị trấn Đạ Tẻh,Huyện Đạ Huoai,Tỉnh Lâm Đồng,Tỉnh Lâm Đồng,Xã Đạ Tẻh,Xã,25126
Xã An Nhơn,Huyện Đạ Huoai,Tỉnh Lâm Đồng,Tỉnh Lâm Đồng,Xã Đạ Tẻh,Xã,25126
Xã Bà Gia,Huyện Đạ Huoai,Tỉnh Lâm Đồng,Tỉnh Lâm Đồng,Xã Đạ Huoai 3,Xã,25114
Xã Gia Viễn,Huyện Đạ Huoai,Tỉnh Lâm Đồng,Tỉnh Lâm Đồng,Xã Cát Tiên 3,Xã,25162
Xã Hà Lâm,Huyện Đạ Huoai,Tỉnh Lâm Đồng,Tỉnh Lâm Đồng,Xã Đạ Huoai 2,Xã,25105
Xã Ma Đa Guôi,Huyện Đạ Huoai,Tỉnh Lâm Đồng,Tỉnh Lâm Đồng,Xã Đạ Huoai,Xã,25099
Xã Mỹ Đức,Huyện Đạ Huoai,Tỉnh Lâm Đồng,Tỉnh Lâm Đồng,Xã Đạ Tẻh 3,Xã,25135
Xã Nam Ninh,Huyện Đạ Huoai,Tỉnh Lâm Đồng,Tỉnh Lâm Đồng,Xã Cát Tiên,Xã,25159
Xã Phước Cát 2,Huyện Đạ Huoai,Tỉnh Lâm Đồng,Tỉnh Lâm Đồng,Xã Cát Tiên 2,Xã,25180
Xã Quảng Ngãi,Huyện Đạ Huoai,Tỉnh Lâm Đồng,Tỉnh Lâm Đồng,Xã Cát Tiên,Xã,25159
Xã Quảng Trị,Huyện Đạ Huoai,Tỉnh Lâm Đồng,Tỉnh Lâm Đồng,Xã Đạ Tẻh 2,Xã,25138
Xã Quốc Oai,Huyện Đạ Huoai,Tỉnh Lâm Đồng,Tỉnh Lâm Đồng,Xã Đạ Tẻh 3,Xã,25135
Xã Tiên Hoàng,Huyện Đạ Huoai,Tỉnh Lâm Đồng,Tỉnh Lâm Đồng,Xã Cát Tiên 3,Xã,25162
Xã Đạ Kho,Huyện Đạ Huoai,Tỉnh Lâm Đồng,Tỉnh Lâm Đồng,Xã Đạ Tẻh 2,Xã,25138
Xã Đạ Lây,Huyện Đạ Huoai,Tỉnh Lâm Đồng,Tỉnh Lâm Đồng,Xã Đạ Tẻh,Xã,25126
Xã Đạ Oai,Huyện Đạ Huoai,Tỉnh Lâm Đồng,Tỉnh Lâm Đồng,Xã Đạ Huoai,Xã,25099
Xã Đạ Pal,Huyện Đạ Huoai,Tỉnh Lâm Đồng,Tỉnh Lâm Đồng,Xã Đạ Tẻh 2,Xã,25138
Xã Đồng Nai Thượng,Huyện Đạ Huoai,Tỉnh Lâm Đồng,Tỉnh Lâm Đồng,Xã Cát Tiên 3,Xã,25162
Xã Đức Phổ,Huyện Đạ Huoai,Tỉnh Lâm Đồng,Tỉnh Lâm Đồng,Xã Cát Tiên 2,Xã,25180
Thị trấn Liên Nghĩa,Huyện Đức Trọng,Tỉnh Lâm Đồng,Tỉnh Lâm Đồng,Xã Đức Trọng,Xã,24958
Xã Bình Thạnh,Huyện Đức Trọng,Tỉnh Lâm Đồng,Tỉnh Lâm Đồng,Xã Đinh Văn Lâm Hà,Xã,24871
Xã Hiệp An,Huyện Đức Trọng,Tỉnh Lâm Đồng,Tỉnh Lâm Đồng,Xã Hiệp Thạnh,Xã,24967
Xã Hiệp Thạnh,Huyện Đức Trọng,Tỉnh Lâm Đồng,Tỉnh Lâm Đồng,Xã Hiệp Thạnh,Xã,24967
Xã Liên Hiệp,Huyện Đức Trọng,Tỉnh Lâm Đồng,Tỉnh Lâm Đồng,Xã Hiệp Thạnh,Xã,24967
Xã N'Thol Hạ,Huyện Đức Trọng,Tỉnh Lâm Đồng,Tỉnh Lâm Đồng,Xã Tân Hội,Xã,24976
Xã Ninh Gia,Huyện Đức Trọng,Tỉnh Lâm Đồng,Tỉnh Lâm Đồng,Xã Ninh Gia,Xã,24985
Xã Ninh Loan,Huyện Đức Trọng,Tỉnh Lâm Đồng,Tỉnh Lâm Đồng,Xã Tà Hine,Xã,24991
Xã Phú Hội,Huyện Đức Trọng,Tỉnh Lâm Đồng,Tỉnh Lâm Đồng,Xã Đức Trọng,Xã,24958
Xã Tà Hine,Huyện Đức Trọng,Tỉnh Lâm Đồng,Tỉnh Lâm Đồng,Xã Tà Hine,Xã,24991
Xã Tà Năng,Huyện Đức Trọng,Tỉnh Lâm Đồng,Tỉnh Lâm Đồng,Xã Tà Năng,Xã,24988
Xã Tân Hội,Huyện Đức Trọng,Tỉnh Lâm Đồng,Tỉnh Lâm Đồng,Xã Tân Hội,Xã,24976
Xã Tân Thành,Huyện Đức Trọng,Tỉnh Lâm Đồng,Tỉnh Lâm Đồng,Xã Tân Hội,Xã,24976
Xã Đa Quyn,Huyện Đức Trọng,Tỉnh Lâm Đồng,Tỉnh Lâm Đồng,Xã Tà Năng,Xã,24988
Xã Đà Loan,Huyện Đức Trọng,Tỉnh Lâm Đồng,Tỉnh Lâm Đồng,Xã Tà Hine,Xã,24991
Phường 1,Thành phố Bảo Lộc,Tỉnh Lâm Đồng,Tỉnh Lâm Đồng,Phường 1 Bảo Lộc,Phường,24823
Phường 2,Thành phố Bảo Lộc,Tỉnh Lâm Đồng,Tỉnh Lâm Đồng,Phường 2 Bảo Lộc,Phường,24820
Phường B'lao,Thành phố Bảo Lộc,Tỉnh Lâm Đồng,Tỉnh Lâm Đồng,Phường B'Lao,Phường,24829
Phường Lộc Phát,Thành phố Bảo Lộc,Tỉnh Lâm Đồng,Tỉnh Lâm Đồng,Phường 1 Bảo Lộc,Phường,24823
Phường Lộc Sơn,Thành phố Bảo Lộc,Tỉnh Lâm Đồng,Tỉnh Lâm Đồng,Phường B'Lao,Phường,24829
Phường Lộc Tiến,Thành phố Bảo Lộc,Tỉnh Lâm Đồng,Tỉnh Lâm Đồng,Phường 3 Bảo Lộc,Phường,24841
Xã Lộc Châu,Thành phố Bảo Lộc,Tỉnh Lâm Đồng,Tỉnh Lâm Đồng,Phường 3 Bảo Lộc,Phường,24841
Xã Lộc Nga,Thành phố Bảo Lộc,Tỉnh Lâm Đồng,Tỉnh Lâm Đồng,Phường B'Lao,Phường,24829
Xã Lộc Thanh,Thành phố Bảo Lộc,Tỉnh Lâm Đồng,Tỉnh Lâm Đồng,Phường 1 Bảo Lộc,Phường,24823
Xã Đamb'ri,Thành phố Bảo Lộc,Tỉnh Lâm Đồng,Tỉnh Lâm Đồng,Phường 2 Bảo Lộc,Phường,24820
Xã Đại Lào,Thành phố Bảo Lộc,Tỉnh Lâm Đồng,Tỉnh Lâm Đồng,Phường 3 Bảo Lộc,Phường,24841
Phường 1,Thành phố Đà Lạt,Tỉnh Lâm Đồng,Tỉnh Lâm Đồng,Phường Xuân Hương - Đà Lạt,Phường,24781
Phường 10,Thành phố Đà Lạt,Tỉnh Lâm Đồng,Tỉnh Lâm Đồng,Phường Xuân Hương - Đà Lạt,Phường,24781
Phường 11,Thành phố Đà Lạt,Tỉnh Lâm Đồng,Tỉnh Lâm Đồng,Phường Xuân Trường - Đà Lạt,Phường,24805
Phường 12,Thành phố Đà Lạt,Tỉnh Lâm Đồng,Tỉnh Lâm Đồng,Phường Lâm Viên - Đà Lạt,Phường,24778
Phường 2,Thành phố Đà Lạt,Tỉnh Lâm Đồng,Tỉnh Lâm Đồng,Phường Xuân Hương - Đà Lạt,Phường,24781
Phường 3,Thành phố Đà Lạt,Tỉnh Lâm Đồng,Tỉnh Lâm Đồng,Phường Xuân Hương - Đà Lạt,Phường,24781
Phường 4,Thành phố Đà Lạt,Tỉnh Lâm Đồng,Tỉnh Lâm Đồng,Phường Xuân Hương - Đà Lạt,Phường,24781
Phường 5,Thành phố Đà Lạt,Tỉnh Lâm Đồng,Tỉnh Lâm Đồng,Phường Cam Ly - Đà Lạt,Phường,24787
Phường 6,Thành phố Đà Lạt,Tỉnh Lâm Đồng,Tỉnh Lâm Đồng,Phường Cam Ly - Đà Lạt,Phường,24787
Phường 7,Thành phố Đà Lạt,Tỉnh Lâm Đồng,Tỉnh Lâm Đồng,Phường Lang Biang - Đà Lạt,Phường,24846
Phường 8,Thành phố Đà Lạt,Tỉnh Lâm Đồng,Tỉnh Lâm Đồng,Phường Lâm Viên - Đà Lạt,Phường,24778
Phường 9,Thành phố Đà Lạt,Tỉnh Lâm Đồng,Tỉnh Lâm Đồng,Phường Lâm Viên - Đà Lạt,Phường,24778
Xã Trạm Hành,Thành phố Đà Lạt,Tỉnh Lâm Đồng,Tỉnh Lâm Đồng,Phường Xuân Trường - Đà Lạt,Phường,24805
Xã Tà Nung,Thành phố Đà Lạt,Tỉnh Lâm Đồng,Tỉnh Lâm Đồng,Phường Cam Ly - Đà Lạt,Phường,24787
Xã Xuân Thọ,Thành phố Đà Lạt,Tỉnh Lâm Đồng,Tỉnh Lâm Đồng,Phường Xuân Trường - Đà Lạt,Phường,24805
Xã Xuân Trường,Thành phố Đà Lạt,Tỉnh Lâm Đồng,Tỉnh Lâm Đồng,Phường Xuân Trường - Đà Lạt,Phường,24805
Thị trấn Ea T'Ling,Huyện Cư Jút,Tỉnh Đắk Nông,Tỉnh Lâm Đồng,Xã Cư Jút,Xã,24640
Xã Cư Knia,Huyện Cư Jút,Tỉnh Đắk Nông,Tỉnh Lâm Đồng,Xã Cư Jút,Xã,24640
Xã Ea Pô,Huyện Cư Jút,Tỉnh Đắk Nông,Tỉnh Lâm Đồng,Xã Đắk Wil,Xã,24646
Xã Nam Dong,Huyện Cư Jút,Tỉnh Đắk Nông,Tỉnh Lâm Đồng,Xã Nam Dong,Xã,24649
Xã Trúc Sơn,Huyện Cư Jút,Tỉnh Đắk Nông,Tỉnh Lâm Đồng,Xã Cư Jút,Xã,24640
Xã Tâm Thắng,Huyện Cư Jút,Tỉnh Đắk Nông,Tỉnh Lâm Đồng,Xã Cư Jút,Xã,24640
Xã Đắk D'rông,Huyện Cư Jút,Tỉnh Đắk Nông,Tỉnh Lâm Đồng,Xã Nam Dong,Xã,24649
Xã Đắk Wil,Huyện Cư Jút,Tỉnh Đắk Nông,Tỉnh Lâm Đồng,Xã Đắk Wil,Xã,24646
Thị trấn Đắk Mâm,Huyện Krông Nô,Tỉnh Đắk Nông,Tỉnh Lâm Đồng,Xã Krông Nô,Xã,24688
Xã Buôn Choáh,Huyện Krông Nô,Tỉnh Đắk Nông,Tỉnh Lâm Đồng,Xã Nam Đà,Xã,24697
Xã Nam Xuân,Huyện Krông Nô,Tỉnh Đắk Nông,Tỉnh Lâm Đồng,Xã Đắk Sắk,Xã,24678
Xã Nam Đà,Huyện Krông Nô,Tỉnh Đắk Nông,Tỉnh Lâm Đồng,Xã Nam Đà,Xã,24697
Xã Nâm N'Đir,Huyện Krông Nô,Tỉnh Đắk Nông,Tỉnh Lâm Đồng,Xã Nâm Nung,Xã,24703
Xã Nâm Nung,Huyện Krông Nô,Tỉnh Đắk Nông,Tỉnh Lâm Đồng,Xã Nâm Nung,Xã,24703
Xã Quảng Phú,Huyện Krông Nô,Tỉnh Đắk Nông,Tỉnh Lâm Đồng,Xã Quảng Phú,Xã,24712
Xã Tân Thành,Huyện Krông Nô,Tỉnh Đắk Nông,Tỉnh Lâm Đồng,Xã Krông Nô,Xã,24688
Xã Đắk Drô,Huyện Krông Nô,Tỉnh Đắk Nông,Tỉnh Lâm Đồng,Xã Krông Nô,Xã,24688
Xã Đắk Nang,Huyện Krông Nô,Tỉnh Đắk Nông,Tỉnh Lâm Đồng,Xã Quảng Phú,Xã,24712
Xã Đắk Sôr,Huyện Krông Nô,Tỉnh Đắk Nông,Tỉnh Lâm Đồng,Xã Nam Đà,Xã,24697
Xã Đức Xuyên,Huyện Krông Nô,Tỉnh Đắk Nông,Tỉnh Lâm Đồng,Xã Quảng Phú,Xã,24712
Xã Quảng Trực,Huyện Tuy Đức,Tỉnh Đắk Nông,Tỉnh Lâm Đồng,Xã Quảng Trực,Xã,24736
Xã Quảng Tâm,Huyện Tuy Đức,Tỉnh Đắk Nông,Tỉnh Lâm Đồng,Xã Tuy Đức,Xã,24739
Xã Quảng Tân,Huyện Tuy Đức,Tỉnh Đắk Nông,Tỉnh Lâm Đồng,Xã Quảng Tân,Xã,24748
Xã Đắk Búk So,Huyện Tuy Đức,Tỉnh Đắk Nông,Tỉnh Lâm Đồng,Xã Tuy Đức,Xã,24739
Xã Đắk Ngo,Huyện Tuy Đức,Tỉnh Đắk Nông,Tỉnh Lâm Đồng,Xã Quảng Tân,Xã,24748
Xã Đắk R'Tíh,Huyện Tuy Đức,Tỉnh Đắk Nông,Tỉnh Lâm Đồng,Xã Tuy Đức,Xã,24739
Xã Quảng Hòa,Huyện Đăk Glong,Tỉnh Đắk Nông,Tỉnh Lâm Đồng,Xã Quảng Hòa,Xã,24620
Xã Quảng Khê,Huyện Đăk Glong,Tỉnh Đắk Nông,Tỉnh Lâm Đồng,Xã Quảng Khê,Xã,24631
Xã Quảng Sơn,Huyện Đăk Glong,Tỉnh Đắk Nông,Tỉnh Lâm Đồng,Xã Quảng Sơn,Xã,24616
Xã Đắk Ha,Huyện Đăk Glong,Tỉnh Đắk Nông,Tỉnh Lâm Đồng,Phường Bắc Gia Nghĩa,Phường,24611
Xã Đắk Plao,Huyện Đăk Glong,Tỉnh Đắk Nông,Tỉnh Lâm Đồng,Xã Quảng Khê,Xã,24631
Xã Đắk R'Măng,Huyện Đăk Glong,Tỉnh Đắk Nông,Tỉnh Lâm Đồng,Xã Tà Đùng,Xã,24637
Xã Đắk Som,Huyện Đăk Glong,Tỉnh Đắk Nông,Tỉnh Lâm Đồng,Xã Tà Đùng,Xã,24637
Thị trấn Đắk Mil,Huyện Đắk Mil,Tỉnh Đắk Nông,Tỉnh Lâm Đồng,Xã Đức Lập,Xã,24664
Xã Long Sơn,Huyện Đắk Mil,Tỉnh Đắk Nông,Tỉnh Lâm Đồng,Xã Đắk Sắk,Xã,24678
Xã Thuận An,Huyện Đắk Mil,Tỉnh Đắk Nông,Tỉnh Lâm Đồng,Xã Thuận An,Xã,24682
Xã Đắk Gằn,Huyện Đắk Mil,Tỉnh Đắk Nông,Tỉnh Lâm Đồng,Xã Đắk Mil,Xã,24670
Xã Đắk Lao,Huyện Đắk Mil,Tỉnh Đắk Nông,Tỉnh Lâm Đồng,Xã Thuận An,Xã,24682
Xã Đắk N'Drót,Huyện Đắk Mil,Tỉnh Đắk Nông,Tỉnh Lâm Đồng,Xã Đắk Mil,Xã,24670
Xã Đắk R'La,Huyện Đắk Mil,Tỉnh Đắk Nông,Tỉnh Lâm Đồng,Xã Đắk Mil,Xã,24670
Xã Đắk Sắk,Huyện Đắk Mil,Tỉnh Đắk Nông,Tỉnh Lâm Đồng,Xã Đắk Sắk,Xã,24678
Xã Đức Minh,Huyện Đắk Mil,Tỉnh Đắk Nông,Tỉnh Lâm Đồng,Xã Đức Lập,Xã,24664
Xã Đức Mạnh,Huyện Đắk Mil,Tỉnh Đắk Nông,Tỉnh Lâm Đồng,Xã Đức Lập,Xã,24664
Thị trấn Kiến Đức,Huyện Đắk R'Lấp,Tỉnh Đắk Nông,Tỉnh Lâm Đồng,Xã Kiến Đức,Xã,24733
Xã Hưng Bình,Huyện Đắk R'Lấp,Tỉnh Đắk Nông,Tỉnh Lâm Đồng,Xã Quảng Tín,Xã,24760
Xã Kiến Thành,Huyện Đắk R'Lấp,Tỉnh Đắk Nông,Tỉnh Lâm Đồng,Xã Kiến Đức,Xã,24733
Xã Nghĩa Thắng,Huyện Đắk R'Lấp,Tỉnh Đắk Nông,Tỉnh Lâm Đồng,Xã Kiến Đức,Xã,24733
Xã Nhân Cơ,Huyện Đắk R'Lấp,Tỉnh Đắk Nông,Tỉnh Lâm Đồng,Xã Nhân Cơ,Xã,24751
Xã Nhân Đạo,Huyện Đắk R'Lấp,Tỉnh Đắk Nông,Tỉnh Lâm Đồng,Xã Nhân Cơ,Xã,24751
Xã Quảng Tín,Huyện Đắk R'Lấp,Tỉnh Đắk Nông,Tỉnh Lâm Đồng,Xã Quảng Tín,Xã,24760
Xã Đạo Nghĩa,Huyện Đắk R'Lấp,Tỉnh Đắk Nông,Tỉnh Lâm Đồng,Xã Kiến Đức,Xã,24733
Xã Đắk Ru,Huyện Đắk R'Lấp,Tỉnh Đắk Nông,Tỉnh Lâm Đồng,Xã Quảng Tín,Xã,24760
Xã Đắk Sin,Huyện Đắk R'Lấp,Tỉnh Đắk Nông,Tỉnh Lâm Đồng,Xã Quảng Tín,Xã,24760
Xã Đắk Wer,Huyện Đắk R'Lấp,Tỉnh Đắk Nông,Tỉnh Lâm Đồng,Xã Nhân Cơ,Xã,24751
Thị trấn Đức An,Huyện Đắk Song,Tỉnh Đắk Nông,Tỉnh Lâm Đồng,Xã Đức An,Xã,24717
Xã Nam Bình,Huyện Đắk Song,Tỉnh Đắk Nông,Tỉnh Lâm Đồng,Xã Đức An,Xã,24717
Xã Nâm N'Jang,Huyện Đắk Song,Tỉnh Đắk Nông,Tỉnh Lâm Đồng,Xã Trường Xuân,Xã,24730
Xã Thuận Hà,Huyện Đắk Song,Tỉnh Đắk Nông,Tỉnh Lâm Đồng,Xã Thuận Hạnh,Xã,24722
Xã Thuận Hạnh,Huyện Đắk Song,Tỉnh Đắk Nông,Tỉnh Lâm Đồng,Xã Thuận Hạnh,Xã,24722
Xã Trường Xuân,Huyện Đắk Song,Tỉnh Đắk Nông,Tỉnh Lâm Đồng,Xã Trường Xuân,Xã,24730
Xã Đắk Hòa,Huyện Đắk Song,Tỉnh Đắk Nông,Tỉnh Lâm Đồng,Xã Đắk Song,Xã,24718
Xã Đắk Môl,Huyện Đắk Song,Tỉnh Đắk Nông,Tỉnh Lâm Đồng,Xã Đắk Song,Xã,24718
Xã Đắk N'Drung,Huyện Đắk Song,Tỉnh Đắk Nông,Tỉnh Lâm Đồng,Xã Đức An,Xã,24717
Phường Nghĩa Phú,Thành phố Gia Nghĩa,Tỉnh Đắk Nông,Tỉnh Lâm Đồng,Phường Nam Gia Nghĩa,Phường,24615
Phường Nghĩa Thành,Thành phố Gia Nghĩa,Tỉnh Đắk Nông,Tỉnh Lâm Đồng,Phường Bắc Gia Nghĩa,Phường,24611
Phường Nghĩa Trung,Thành phố Gia Nghĩa,Tỉnh Đắk Nông,Tỉnh Lâm Đồng,Phường Đông Gia Nghĩa,Phường,24617
Phường Nghĩa Tân,Thành phố Gia Nghĩa,Tỉnh Đắk Nông,Tỉnh Lâm Đồng,Phường Nam Gia Nghĩa,Phường,24615
Phường Nghĩa Đức,Thành phố Gia Nghĩa,Tỉnh Đắk Nông,Tỉnh Lâm Đồng,Phường Bắc Gia Nghĩa,Phường,24611
Phường Quảng Thành,Thành phố Gia Nghĩa,Tỉnh Đắk Nông,Tỉnh Lâm Đồng,Phường Bắc Gia Nghĩa,Phường,24611
Xã Đắk Nia,Thành phố Gia Nghĩa,Tỉnh Đắk Nông,Tỉnh Lâm Đồng,Phường Đông Gia Nghĩa,Phường,24617
Xã Đắk R'Moan,Thành phố Gia Nghĩa,Tỉnh Đắk Nông,Tỉnh Lâm Đồng,Phường Nam Gia Nghĩa,Phường,24615
Thị trấn Bình Gia,Huyện Bình Gia,Tỉnh Lạng Sơn,Tỉnh Lạng Sơn,Xã Bình Gia,Xã,6112
Xã Bình La,Huyện Bình Gia,Tỉnh Lạng Sơn,Tỉnh Lạng Sơn,Xã Tân Văn,Xã,6115
Xã Hoa Thám,Huyện Bình Gia,Tỉnh Lạng Sơn,Tỉnh Lạng Sơn,Xã Hoa Thám,Xã,6073
Xã Hoàng Văn Thụ,Huyện Bình Gia,Tỉnh Lạng Sơn,Tỉnh Lạng Sơn,Xã Bình Gia,Xã,6112
Xã Hòa Bình,Huyện Bình Gia,Tỉnh Lạng Sơn,Tỉnh Lạng Sơn,Xã Thiện Long,Xã,6103
Xã Hưng Đạo,Huyện Bình Gia,Tỉnh Lạng Sơn,Tỉnh Lạng Sơn,Xã Hoa Thám,Xã,6073
Xã Hồng Phong,Huyện Bình Gia,Tỉnh Lạng Sơn,Tỉnh Lạng Sơn,Xã Đồng Đăng,Xã,6184
Xã Hồng Phong,Huyện Bình Gia,Tỉnh Lạng Sơn,Tỉnh Lạng Sơn,Xã Hồng Phong,Xã,6079
Xã Hồng Thái,Huyện Bình Gia,Tỉnh Lạng Sơn,Tỉnh Lạng Sơn,Xã Tân Văn,Xã,6115
Xã Minh Khai,Huyện Bình Gia,Tỉnh Lạng Sơn,Tỉnh Lạng Sơn,Xã Hồng Phong,Xã,6079
Xã Mông Ân,Huyện Bình Gia,Tỉnh Lạng Sơn,Tỉnh Lạng Sơn,Xã Bình Gia,Xã,6112
Xã Quang Trung,Huyện Bình Gia,Tỉnh Lạng Sơn,Tỉnh Lạng Sơn,Xã Thiện Thuật,Xã,6091
Xã Quý Hòa,Huyện Bình Gia,Tỉnh Lạng Sơn,Tỉnh Lạng Sơn,Xã Quý Hòa,Xã,6076
Xã Thiện Hòa,Huyện Bình Gia,Tỉnh Lạng Sơn,Tỉnh Lạng Sơn,Xã Thiện Hòa,Xã,6085
Xã Thiện Long,Huyện Bình Gia,Tỉnh Lạng Sơn,Tỉnh Lạng Sơn,Xã Thiện Long,Xã,6103
Xã Thiện Thuật,Huyện Bình Gia,Tỉnh Lạng Sơn,Tỉnh Lạng Sơn,Xã Thiện Thuật,Xã,6091
Xã Tân Hòa,Huyện Bình Gia,Tỉnh Lạng Sơn,Tỉnh Lạng Sơn,Xã Thiện Long,Xã,6103
Xã Tân Văn,Huyện Bình Gia,Tỉnh Lạng Sơn,Tỉnh Lạng Sơn,Xã Tân Văn,Xã,6115
Xã Vĩnh Yên,Huyện Bình Gia,Tỉnh Lạng Sơn,Tỉnh Lạng Sơn,Xã Quý Hòa,Xã,6076
Xã Yên Lỗ,Huyện Bình Gia,Tỉnh Lạng Sơn,Tỉnh Lạng Sơn,Xã Thiện Hòa,Xã,6085
Thị trấn Bắc Sơn,Huyện Bắc Sơn,Tỉnh Lạng Sơn,Tỉnh Lạng Sơn,Xã Bắc Sơn,Xã,6325
Xã Bắc Quỳnh,Huyện Bắc Sơn,Tỉnh Lạng Sơn,Tỉnh Lạng Sơn,Xã Bắc Sơn,Xã,6325
Xã Chiêu Vũ,Huyện Bắc Sơn,Tỉnh Lạng Sơn,Tỉnh Lạng Sơn,Xã Vũ Lăng,Xã,6367
Xã Chiến Thắng,Huyện Bắc Sơn,Tỉnh Lạng Sơn,Tỉnh Lạng Sơn,Xã Vũ Lễ,Xã,6364
Xã Hưng Vũ,Huyện Bắc Sơn,Tỉnh Lạng Sơn,Tỉnh Lạng Sơn,Xã Hưng Vũ,Xã,6349
Xã Long Đống,Huyện Bắc Sơn,Tỉnh Lạng Sơn,Tỉnh Lạng Sơn,Xã Bắc Sơn,Xã,6325
Xã Nhất Hòa,Huyện Bắc Sơn,Tỉnh Lạng Sơn,Tỉnh Lạng Sơn,Xã Nhất Hòa,Xã,6376
Xã Nhất Tiến,Huyện Bắc Sơn,Tỉnh Lạng Sơn,Tỉnh Lạng Sơn,Xã Nhất Hòa,Xã,6376
Xã Trấn Yên,Huyện Bắc Sơn,Tỉnh Lạng Sơn,Tỉnh Lạng Sơn,Xã Hưng Vũ,Xã,6349
Xã Tân Hương,Huyện Bắc Sơn,Tỉnh Lạng Sơn,Tỉnh Lạng Sơn,Xã Vũ Lăng,Xã,6367
Xã Tân Lập,Huyện Bắc Sơn,Tỉnh Lạng Sơn,Tỉnh Lạng Sơn,Xã Vũ Lăng,Xã,6367
Xã Tân Thành,Huyện Bắc Sơn,Tỉnh Lạng Sơn,Tỉnh Lạng Sơn,Xã Nhất Hòa,Xã,6376
Xã Tân Tri,Huyện Bắc Sơn,Tỉnh Lạng Sơn,Tỉnh Lạng Sơn,Xã Tân Tri,Xã,6337
Xã Vũ Lăng,Huyện Bắc Sơn,Tỉnh Lạng Sơn,Tỉnh Lạng Sơn,Xã Vũ Lăng,Xã,6367
Xã Vũ Lễ,Huyện Bắc Sơn,Tỉnh Lạng Sơn,Tỉnh Lạng Sơn,Xã Vũ Lễ,Xã,6364
Xã Vũ Sơn,Huyện Bắc Sơn,Tỉnh Lạng Sơn,Tỉnh Lạng Sơn,Xã Vũ Lễ,Xã,6364
Xã Vạn Thủy,Huyện Bắc Sơn,Tỉnh Lạng Sơn,Tỉnh Lạng Sơn,Xã Tân Tri,Xã,6337
Xã Đồng ý,Huyện Bắc Sơn,Tỉnh Lạng Sơn,Tỉnh Lạng Sơn,Xã Tân Tri,Xã,6337
Thị trấn Cao Lộc,Huyện Cao Lộc,Tỉnh Lạng Sơn,Tỉnh Lạng Sơn,Phường Kỳ Lừa,Phường,6187
Thị trấn Đồng Đăng,Huyện Cao Lộc,Tỉnh Lạng Sơn,Tỉnh Lạng Sơn,Xã Đồng Đăng,Xã,6184
Xã Bình Trung,Huyện Cao Lộc,Tỉnh Lạng Sơn,Tỉnh Lạng Sơn,Xã Khánh Khê,Xã,6286
Xã Bảo Lâm,Huyện Cao Lộc,Tỉnh Lạng Sơn,Tỉnh Lạng Sơn,Xã Đồng Đăng,Xã,6184
Xã Cao Lâu,Huyện Cao Lộc,Tỉnh Lạng Sơn,Tỉnh Lạng Sơn,Xã Ba Sơn,Xã,6196
Xã Công Sơn,Huyện Cao Lộc,Tỉnh Lạng Sơn,Tỉnh Lạng Sơn,Xã Công Sơn,Xã,6220
Xã Gia Cát,Huyện Cao Lộc,Tỉnh Lạng Sơn,Tỉnh Lạng Sơn,Phường Kỳ Lừa,Phường,6187
Xã Hòa Cư,Huyện Cao Lộc,Tỉnh Lạng Sơn,Tỉnh Lạng Sơn,Xã Công Sơn,Xã,6220
Xã Hải Yến,Huyện Cao Lộc,Tỉnh Lạng Sơn,Tỉnh Lạng Sơn,Xã Công Sơn,Xã,6220
Xã Hồng Phong,Huyện Cao Lộc,Tỉnh Lạng Sơn,Tỉnh Lạng Sơn,Xã Đồng Đăng,Xã,6184
Xã Hợp Thành,Huyện Cao Lộc,Tỉnh Lạng Sơn,Tỉnh Lạng Sơn,Phường Kỳ Lừa,Phường,6187
Xã Lộc Yên,Huyện Cao Lộc,Tỉnh Lạng Sơn,Tỉnh Lạng Sơn,Xã Cao Lộc,Xã,6211
Xã Mẫu Sơn,Huyện Cao Lộc,Tỉnh Lạng Sơn,Tỉnh Lạng Sơn,Xã Ba Sơn,Xã,6196
Xã Phú Xá,Huyện Cao Lộc,Tỉnh Lạng Sơn,Tỉnh Lạng Sơn,Xã Đồng Đăng,Xã,6184
Xã Thanh Lòa,Huyện Cao Lộc,Tỉnh Lạng Sơn,Tỉnh Lạng Sơn,Xã Cao Lộc,Xã,6211
Xã Thạch Đạn,Huyện Cao Lộc,Tỉnh Lạng Sơn,Tỉnh Lạng Sơn,Xã Cao Lộc,Xã,6211
Xã Thụy Hùng,Huyện Cao Lộc,Tỉnh Lạng Sơn,Tỉnh Lạng Sơn,Xã Đồng Đăng,Xã,6184
Xã Tân Liên,Huyện Cao Lộc,Tỉnh Lạng Sơn,Tỉnh Lạng Sơn,Phường Kỳ Lừa,Phường,6187
Xã Tân Thành,Huyện Cao Lộc,Tỉnh Lạng Sơn,Tỉnh Lạng Sơn,Xã Tân Đoàn,Xã,6316
Xã Xuân Long,Huyện Cao Lộc,Tỉnh Lạng Sơn,Tỉnh Lạng Sơn,Xã Khánh Khê,Xã,6286
Xã Xuất Lễ,Huyện Cao Lộc,Tỉnh Lạng Sơn,Tỉnh Lạng Sơn,Xã Ba Sơn,Xã,6196
Xã Yên Trạch,Huyện Cao Lộc,Tỉnh Lạng Sơn,Tỉnh Lạng Sơn,Phường Đông Kinh,Phường,5977
Thị trấn Chi Lăng,Huyện Chi Lăng,Tỉnh Lạng Sơn,Tỉnh Lạng Sơn,Xã Chi Lăng,Xã,6463
Thị trấn Đồng Mỏ,Huyện Chi Lăng,Tỉnh Lạng Sơn,Tỉnh Lạng Sơn,Xã Chi Lăng,Xã,6463
Xã Bắc Thủy,Huyện Chi Lăng,Tỉnh Lạng Sơn,Tỉnh Lạng Sơn,Xã Nhân Lý,Xã,6496
Xã Bằng Hữu,Huyện Chi Lăng,Tỉnh Lạng Sơn,Tỉnh Lạng Sơn,Xã Bằng Mạc,Xã,6475
Xã Bằng Mạc,Huyện Chi Lăng,Tỉnh Lạng Sơn,Tỉnh Lạng Sơn,Xã Bằng Mạc,Xã,6475
Xã Chi Lăng,Huyện Chi Lăng,Tỉnh Lạng Sơn,Tỉnh Lạng Sơn,Xã Chi Lăng,Xã,6463
Xã Chiến Thắng,Huyện Chi Lăng,Tỉnh Lạng Sơn,Tỉnh Lạng Sơn,Xã Chiến Thắng,Xã,6481
Xã Gia Lộc,Huyện Chi Lăng,Tỉnh Lạng Sơn,Tỉnh Lạng Sơn,Xã Bằng Mạc,Xã,6475
Xã Hòa Bình,Huyện Chi Lăng,Tỉnh Lạng Sơn,Tỉnh Lạng Sơn,Xã Vạn Linh,Xã,6505
Xã Hữu Kiên,Huyện Chi Lăng,Tỉnh Lạng Sơn,Tỉnh Lạng Sơn,Xã Quan Sơn,Xã,6517
Xã Liên Sơn,Huyện Chi Lăng,Tỉnh Lạng Sơn,Tỉnh Lạng Sơn,Xã Chiến Thắng,Xã,6481
Xã Lâm Sơn,Huyện Chi Lăng,Tỉnh Lạng Sơn,Tỉnh Lạng Sơn,Xã Nhân Lý,Xã,6496
Xã Mai Sao,Huyện Chi Lăng,Tỉnh Lạng Sơn,Tỉnh Lạng Sơn,Xã Nhân Lý,Xã,6496
Xã Nhân Lý,Huyện Chi Lăng,Tỉnh Lạng Sơn,Tỉnh Lạng Sơn,Xã Nhân Lý,Xã,6496
Xã Quan Sơn,Huyện Chi Lăng,Tỉnh Lạng Sơn,Tỉnh Lạng Sơn,Xã Quan Sơn,Xã,6517
Xã Thượng Cường,Huyện Chi Lăng,Tỉnh Lạng Sơn,Tỉnh Lạng Sơn,Xã Bằng Mạc,Xã,6475
Xã Vân An,Huyện Chi Lăng,Tỉnh Lạng Sơn,Tỉnh Lạng Sơn,Xã Chiến Thắng,Xã,6481
Xã Vân Thủy,Huyện Chi Lăng,Tỉnh Lạng Sơn,Tỉnh Lạng Sơn,Xã Chiến Thắng,Xã,6481
Xã Vạn Linh,Huyện Chi Lăng,Tỉnh Lạng Sơn,Tỉnh Lạng Sơn,Xã Vạn Linh,Xã,6505
Xã Y Tịch,Huyện Chi Lăng,Tỉnh Lạng Sơn,Tỉnh Lạng Sơn,Xã Vạn Linh,Xã,6505
Thị trấn Hữu Lũng,Huyện Hữu Lũng,Tỉnh Lạng Sơn,Tỉnh Lạng Sơn,Xã Hữu Lũng,Xã,6385
Xã Cai Kinh,Huyện Hữu Lũng,Tỉnh Lạng Sơn,Tỉnh Lạng Sơn,Xã Cai Kinh,Xã,6427
Xã Hòa Bình,Huyện Hữu Lũng,Tỉnh Lạng Sơn,Tỉnh Lạng Sơn,Xã Yên Bình,Xã,6391
Xã Hòa Lạc,Huyện Hữu Lũng,Tỉnh Lạng Sơn,Tỉnh Lạng Sơn,Xã Tân Thành,Xã,6445
Xã Hòa Sơn,Huyện Hữu Lũng,Tỉnh Lạng Sơn,Tỉnh Lạng Sơn,Xã Tân Thành,Xã,6445
Xã Hòa Thắng,Huyện Hữu Lũng,Tỉnh Lạng Sơn,Tỉnh Lạng Sơn,Xã Tuấn Sơn,Xã,6457
Xã Hồ Sơn,Huyện Hữu Lũng,Tỉnh Lạng Sơn,Tỉnh Lạng Sơn,Xã Hữu Lũng,Xã,6385
Xã Hữu Liên,Huyện Hữu Lũng,Tỉnh Lạng Sơn,Tỉnh Lạng Sơn,Xã Hữu Liên,Xã,6400
Xã Minh Hòa,Huyện Hữu Lũng,Tỉnh Lạng Sơn,Tỉnh Lạng Sơn,Xã Tuấn Sơn,Xã,6457
Xã Minh Sơn,Huyện Hữu Lũng,Tỉnh Lạng Sơn,Tỉnh Lạng Sơn,Xã Tuấn Sơn,Xã,6457
Xã Minh Tiến,Huyện Hữu Lũng,Tỉnh Lạng Sơn,Tỉnh Lạng Sơn,Xã Vân Nham,Xã,6415
Xã Nhật Tiến,Huyện Hữu Lũng,Tỉnh Lạng Sơn,Tỉnh Lạng Sơn,Xã Vân Nham,Xã,6415
Xã Quyết Thắng,Huyện Hữu Lũng,Tỉnh Lạng Sơn,Tỉnh Lạng Sơn,Xã Yên Bình,Xã,6391
Xã Thanh Sơn,Huyện Hữu Lũng,Tỉnh Lạng Sơn,Tỉnh Lạng Sơn,Xã Thiện Tân,Xã,6436
Xã Thiện Tân,Huyện Hữu Lũng,Tỉnh Lạng Sơn,Tỉnh Lạng Sơn,Xã Thiện Tân,Xã,6436
Xã Tân Thành,Huyện Hữu Lũng,Tỉnh Lạng Sơn,Tỉnh Lạng Sơn,Xã Tân Thành,Xã,6445
Xã Vân Nham,Huyện Hữu Lũng,Tỉnh Lạng Sơn,Tỉnh Lạng Sơn,Xã Vân Nham,Xã,6415
Xã Yên Bình,Huyện Hữu Lũng,Tỉnh Lạng Sơn,Tỉnh Lạng Sơn,Xã Yên Bình,Xã,6391
Xã Yên Sơn,Huyện Hữu Lũng,Tỉnh Lạng Sơn,Tỉnh Lạng Sơn,Xã Cai Kinh,Xã,6427
Xã Yên Thịnh,Huyện Hữu Lũng,Tỉnh Lạng Sơn,Tỉnh Lạng Sơn,Xã Hữu Liên,Xã,6400
Xã Yên Vượng,Huyện Hữu Lũng,Tỉnh Lạng Sơn,Tỉnh Lạng Sơn,Xã Cai Kinh,Xã,6427
Xã Đồng Tiến,Huyện Hữu Lũng,Tỉnh Lạng Sơn,Tỉnh Lạng Sơn,Xã Thiện Tân,Xã,6436
Xã Đồng Tân,Huyện Hữu Lũng,Tỉnh Lạng Sơn,Tỉnh Lạng Sơn,Xã Hữu Lũng,Xã,6385
Thị trấn Lộc Bình,Huyện Lộc Bình,Tỉnh Lạng Sơn,Tỉnh Lạng Sơn,Xã Lộc Bình,Xã,6529
Thị trấn Na Dương,Huyện Lộc Bình,Tỉnh Lạng Sơn,Tỉnh Lạng Sơn,Xã Na Dương,Xã,6526
Xã Hữu Khánh,Huyện Lộc Bình,Tỉnh Lạng Sơn,Tỉnh Lạng Sơn,Xã Lộc Bình,Xã,6529
Xã Hữu Lân,Huyện Lộc Bình,Tỉnh Lạng Sơn,Tỉnh Lạng Sơn,Xã Thống Nhất,Xã,6577
Xã Khuất Xá,Huyện Lộc Bình,Tỉnh Lạng Sơn,Tỉnh Lạng Sơn,Xã Khuất Xá,Xã,6565
Xã Khánh Xuân,Huyện Lộc Bình,Tỉnh Lạng Sơn,Tỉnh Lạng Sơn,Xã Lộc Bình,Xã,6529
Xã Lợi Bác,Huyện Lộc Bình,Tỉnh Lạng Sơn,Tỉnh Lạng Sơn,Xã Lợi Bác,Xã,6601
Xã Minh Hiệp,Huyện Lộc Bình,Tỉnh Lạng Sơn,Tỉnh Lạng Sơn,Xã Thống Nhất,Xã,6577
Xã Mẫu Sơn,Huyện Lộc Bình,Tỉnh Lạng Sơn,Tỉnh Lạng Sơn,Xã Mẫu Sơn,Xã,6541
Xã Nam Quan,Huyện Lộc Bình,Tỉnh Lạng Sơn,Tỉnh Lạng Sơn,Xã Xuân Dương,Xã,6607
Xã Sàn Viên,Huyện Lộc Bình,Tỉnh Lạng Sơn,Tỉnh Lạng Sơn,Xã Lợi Bác,Xã,6601
Xã Tam Gia,Huyện Lộc Bình,Tỉnh Lạng Sơn,Tỉnh Lạng Sơn,Xã Khuất Xá,Xã,6565
Xã Thống Nhất,Huyện Lộc Bình,Tỉnh Lạng Sơn,Tỉnh Lạng Sơn,Xã Thống Nhất,Xã,6577
Xã Tú Mịch,Huyện Lộc Bình,Tỉnh Lạng Sơn,Tỉnh Lạng Sơn,Xã Mẫu Sơn,Xã,6541
Xã Tú Đoạn,Huyện Lộc Bình,Tỉnh Lạng Sơn,Tỉnh Lạng Sơn,Xã Na Dương,Xã,6526
Xã Xuân Dương,Huyện Lộc Bình,Tỉnh Lạng Sơn,Tỉnh Lạng Sơn,Xã Xuân Dương,Xã,6607
Xã Yên Khoái,Huyện Lộc Bình,Tỉnh Lạng Sơn,Tỉnh Lạng Sơn,Xã Mẫu Sơn,Xã,6541
Xã Ái Quốc,Huyện Lộc Bình,Tỉnh Lạng Sơn,Tỉnh Lạng Sơn,Xã Xuân Dương,Xã,6607
Xã Đông Quan,Huyện Lộc Bình,Tỉnh Lạng Sơn,Tỉnh Lạng Sơn,Xã Na Dương,Xã,6526
Xã Đồng Bục,Huyện Lộc Bình,Tỉnh Lạng Sơn,Tỉnh Lạng Sơn,Xã Lộc Bình,Xã,6529
Thị trấn Thất Khê,Huyện Tràng Định,Tỉnh Lạng Sơn,Tỉnh Lạng Sơn,Xã Thất Khê,Xã,6040
Xã Cao Minh,Huyện Tràng Định,Tỉnh Lạng Sơn,Tỉnh Lạng Sơn,Xã Đoàn Kết,Xã,6001
Xã Chi Lăng,Huyện Tràng Định,Tỉnh Lạng Sơn,Tỉnh Lạng Sơn,Xã Thất Khê,Xã,6040
Xã Chí Minh,Huyện Tràng Định,Tỉnh Lạng Sơn,Tỉnh Lạng Sơn,Xã Thất Khê,Xã,6040
Xã Hùng Sơn,Huyện Tràng Định,Tỉnh Lạng Sơn,Tỉnh Lạng Sơn,Xã Tràng Định,Xã,6046
Xã Hùng Việt,Huyện Tràng Định,Tỉnh Lạng Sơn,Tỉnh Lạng Sơn,Xã Tràng Định,Xã,6046
Xã Kháng Chiến,Huyện Tràng Định,Tỉnh Lạng Sơn,Tỉnh Lạng Sơn,Xã Kháng Chiến,Xã,6037
Xã Khánh Long,Huyện Tràng Định,Tỉnh Lạng Sơn,Tỉnh Lạng Sơn,Xã Đoàn Kết,Xã,6001
Xã Kim Đồng,Huyện Tràng Định,Tỉnh Lạng Sơn,Tỉnh Lạng Sơn,Xã Tân Tiến,Xã,6019
Xã Quốc Khánh,Huyện Tràng Định,Tỉnh Lạng Sơn,Tỉnh Lạng Sơn,Xã Quốc Khánh,Xã,6004
Xã Quốc Việt,Huyện Tràng Định,Tỉnh Lạng Sơn,Tỉnh Lạng Sơn,Xã Quốc Việt,Xã,6058
Xã Tri Phương,Huyện Tràng Định,Tỉnh Lạng Sơn,Tỉnh Lạng Sơn,Xã Quốc Khánh,Xã,6004
Xã Trung Thành,Huyện Tràng Định,Tỉnh Lạng Sơn,Tỉnh Lạng Sơn,Xã Kháng Chiến,Xã,6037
Xã Tân Minh,Huyện Tràng Định,Tỉnh Lạng Sơn,Tỉnh Lạng Sơn,Xã Kháng Chiến,Xã,6037
Xã Tân Tiến,Huyện Tràng Định,Tỉnh Lạng Sơn,Tỉnh Lạng Sơn,Xã Tân Tiến,Xã,6019
Xã Tân Yên,Huyện Tràng Định,Tỉnh Lạng Sơn,Tỉnh Lạng Sơn,Xã Tân Tiến,Xã,6019
Xã Đoàn Kết,Huyện Tràng Định,Tỉnh Lạng Sơn,Tỉnh Lạng Sơn,Xã Đoàn Kết,Xã,6001
Xã Đào Viên,Huyện Tràng Định,Tỉnh Lạng Sơn,Tỉnh Lạng Sơn,Xã Quốc Việt,Xã,6058
Xã Đề Thám,Huyện Tràng Định,Tỉnh Lạng Sơn,Tỉnh Lạng Sơn,Xã Tràng Định,Xã,6046
Xã Đội Cấn,Huyện Tràng Định,Tỉnh Lạng Sơn,Tỉnh Lạng Sơn,Xã Quốc Khánh,Xã,6004
Thị trấn Na Sầm,Huyện Văn Lãng,Tỉnh Lạng Sơn,Tỉnh Lạng Sơn,Xã Na Sầm,Xã,6124
Xã Bắc Hùng,Huyện Văn Lãng,Tỉnh Lạng Sơn,Tỉnh Lạng Sơn,Xã Na Sầm,Xã,6124
Xã Bắc La,Huyện Văn Lãng,Tỉnh Lạng Sơn,Tỉnh Lạng Sơn,Xã Văn Lãng,Xã,6154
Xã Bắc Việt,Huyện Văn Lãng,Tỉnh Lạng Sơn,Tỉnh Lạng Sơn,Xã Văn Lãng,Xã,6154
Xã Gia Miễn,Huyện Văn Lãng,Tỉnh Lạng Sơn,Tỉnh Lạng Sơn,Xã Hội Hoan,Xã,6151
Xã Hoàng Việt,Huyện Văn Lãng,Tỉnh Lạng Sơn,Tỉnh Lạng Sơn,Xã Na Sầm,Xã,6124
Xã Hoàng Văn Thụ,Huyện Văn Lãng,Tỉnh Lạng Sơn,Tỉnh Lạng Sơn,Xã Hoàng Văn Thụ,Xã,6172
Xã Hồng Thái,Huyện Văn Lãng,Tỉnh Lạng Sơn,Tỉnh Lạng Sơn,Xã Hoàng Văn Thụ,Xã,6172
Xã Hội Hoan,Huyện Văn Lãng,Tỉnh Lạng Sơn,Tỉnh Lạng Sơn,Xã Hội Hoan,Xã,6151
Xã Nhạc Kỳ,Huyện Văn Lãng,Tỉnh Lạng Sơn,Tỉnh Lạng Sơn,Xã Hoàng Văn Thụ,Xã,6172
Xã Thanh Long,Huyện Văn Lãng,Tỉnh Lạng Sơn,Tỉnh Lạng Sơn,Xã Thụy Hùng,Xã,6148
Xã Thành Hòa,Huyện Văn Lãng,Tỉnh Lạng Sơn,Tỉnh Lạng Sơn,Xã Văn Lãng,Xã,6154
Xã Thụy Hùng,Huyện Văn Lãng,Tỉnh Lạng Sơn,Tỉnh Lạng Sơn,Xã Thụy Hùng,Xã,6148
Xã Trùng Khánh,Huyện Văn Lãng,Tỉnh Lạng Sơn,Tỉnh Lạng Sơn,Xã Thụy Hùng,Xã,6148
Xã Tân Mỹ,Huyện Văn Lãng,Tỉnh Lạng Sơn,Tỉnh Lạng Sơn,Xã Hoàng Văn Thụ,Xã,6172
Xã Tân Thanh,Huyện Văn Lãng,Tỉnh Lạng Sơn,Tỉnh Lạng Sơn,Xã Hoàng Văn Thụ,Xã,6172
Xã Tân Tác,Huyện Văn Lãng,Tỉnh Lạng Sơn,Tỉnh Lạng Sơn,Xã Văn Lãng,Xã,6154
Thị trấn Văn Quan,Huyện Văn Quan,Tỉnh Lạng Sơn,Tỉnh Lạng Sơn,Xã Văn Quan,Xã,6253
Xã An Sơn,Huyện Văn Quan,Tỉnh Lạng Sơn,Tỉnh Lạng Sơn,Xã Yên Phúc,Xã,6298
Xã Bình Phúc,Huyện Văn Quan,Tỉnh Lạng Sơn,Tỉnh Lạng Sơn,Xã Yên Phúc,Xã,6298
Xã Hòa Bình,Huyện Văn Quan,Tỉnh Lạng Sơn,Tỉnh Lạng Sơn,Xã Văn Quan,Xã,6253
Xã Hữu Lễ,Huyện Văn Quan,Tỉnh Lạng Sơn,Tỉnh Lạng Sơn,Xã Tri Lễ,Xã,6313
Xã Khánh Khê,Huyện Văn Quan,Tỉnh Lạng Sơn,Tỉnh Lạng Sơn,Xã Khánh Khê,Xã,6286
Xã Liên Hội,Huyện Văn Quan,Tỉnh Lạng Sơn,Tỉnh Lạng Sơn,Xã Điềm He,Xã,6280
Xã Lương Năng,Huyện Văn Quan,Tỉnh Lạng Sơn,Tỉnh Lạng Sơn,Xã Tri Lễ,Xã,6313
Xã Tri Lễ,Huyện Văn Quan,Tỉnh Lạng Sơn,Tỉnh Lạng Sơn,Xã Tri Lễ,Xã,6313
Xã Tràng Phái,Huyện Văn Quan,Tỉnh Lạng Sơn,Tỉnh Lạng Sơn,Xã Tân Đoàn,Xã,6316
Xã Trấn Ninh,Huyện Văn Quan,Tỉnh Lạng Sơn,Tỉnh Lạng Sơn,Xã Điềm He,Xã,6280
Xã Tân Đoàn,Huyện Văn Quan,Tỉnh Lạng Sơn,Tỉnh Lạng Sơn,Xã Tân Đoàn,Xã,6316
Xã Tú Xuyên,Huyện Văn Quan,Tỉnh Lạng Sơn,Tỉnh Lạng Sơn,Xã Văn Quan,Xã,6253
Xã Yên Phúc,Huyện Văn Quan,Tỉnh Lạng Sơn,Tỉnh Lạng Sơn,Xã Yên Phúc,Xã,6298
Xã Điềm He,Huyện Văn Quan,Tỉnh Lạng Sơn,Tỉnh Lạng Sơn,Xã Điềm He,Xã,6280
Thị trấn Nông trường Thái Bình,Huyện Đình Lập,Tỉnh Lạng Sơn,Tỉnh Lạng Sơn,Xã Thái Bình,Xã,6616
Thị trấn Đình Lập,Huyện Đình Lập,Tỉnh Lạng Sơn,Tỉnh Lạng Sơn,Xã Đình Lập,Xã,6613
Xã Bính Xá,Huyện Đình Lập,Tỉnh Lạng Sơn,Tỉnh Lạng Sơn,Xã Đình Lập,Xã,6613
Xã Bính Xá,Huyện Đình Lập,Tỉnh Lạng Sơn,Tỉnh Lạng Sơn,Xã Kiên Mộc,Xã,6625
Xã Bắc Lãng,Huyện Đình Lập,Tỉnh Lạng Sơn,Tỉnh Lạng Sơn,Xã Châu Sơn,Xã,6637
Xã Bắc Xa,Huyện Đình Lập,Tỉnh Lạng Sơn,Tỉnh Lạng Sơn,Xã Kiên Mộc,Xã,6625
Xã Châu Sơn,Huyện Đình Lập,Tỉnh Lạng Sơn,Tỉnh Lạng Sơn,Xã Châu Sơn,Xã,6637
Xã Cường Lợi,Huyện Đình Lập,Tỉnh Lạng Sơn,Tỉnh Lạng Sơn,Xã Châu Sơn,Xã,6637
Xã Kiên Mộc,Huyện Đình Lập,Tỉnh Lạng Sơn,Tỉnh Lạng Sơn,Xã Châu Sơn,Xã,6637
Xã Kiên Mộc,Huyện Đình Lập,Tỉnh Lạng Sơn,Tỉnh Lạng Sơn,Xã Kiên Mộc,Xã,6625
Xã Lâm Ca,Huyện Đình Lập,Tỉnh Lạng Sơn,Tỉnh Lạng Sơn,Xã Thái Bình,Xã,6616
Xã Thái Bình,Huyện Đình Lập,Tỉnh Lạng Sơn,Tỉnh Lạng Sơn,Xã Thái Bình,Xã,6616
Xã Đình Lập,Huyện Đình Lập,Tỉnh Lạng Sơn,Tỉnh Lạng Sơn,Xã Đình Lập,Xã,6613
Xã Đồng Thắng,Huyện Đình Lập,Tỉnh Lạng Sơn,Tỉnh Lạng Sơn,Xã Châu Sơn,Xã,6637
Phường Chi Lăng,Thành phố Lạng Sơn,Tỉnh Lạng Sơn,Tỉnh Lạng Sơn,Phường Lương Văn Tri,Phường,5983
Phường Hoàng Văn Thụ,Thành phố Lạng Sơn,Tỉnh Lạng Sơn,Tỉnh Lạng Sơn,Phường Kỳ Lừa,Phường,6187
Phường Tam Thanh,Thành phố Lạng Sơn,Tỉnh Lạng Sơn,Tỉnh Lạng Sơn,Phường Tam Thanh,Phường,5986
Phường Vĩnh Trại,Thành phố Lạng Sơn,Tỉnh Lạng Sơn,Tỉnh Lạng Sơn,Phường Đông Kinh,Phường,5977
Phường Đông Kinh,Thành phố Lạng Sơn,Tỉnh Lạng Sơn,Tỉnh Lạng Sơn,Phường Đông Kinh,Phường,5977
Xã Hoàng Đồng,Thành phố Lạng Sơn,Tỉnh Lạng Sơn,Tỉnh Lạng Sơn,Phường Tam Thanh,Phường,5986
Xã Mai Pha,Thành phố Lạng Sơn,Tỉnh Lạng Sơn,Tỉnh Lạng Sơn,Phường Đông Kinh,Phường,5977
Xã Quảng Lạc,Thành phố Lạng Sơn,Tỉnh Lạng Sơn,Tỉnh Lạng Sơn,Phường Lương Văn Tri,Phường,5983
Thị trấn Kim Nhan,Huyện Anh Sơn,Tỉnh Nghệ An,Tỉnh Nghệ An,Xã Anh Sơn,Xã,17329
Xã Bình Sơn,Huyện Anh Sơn,Tỉnh Nghệ An,Tỉnh Nghệ An,Xã Thành Bình Thọ,Xã,17335
Xã Cao Sơn,Huyện Anh Sơn,Tỉnh Nghệ An,Tỉnh Nghệ An,Xã Yên Xuân,Xã,17380
Xã Cẩm Sơn,Huyện Anh Sơn,Tỉnh Nghệ An,Tỉnh Nghệ An,Xã Nhân Hòa,Xã,17344
Xã Hoa Sơn,Huyện Anh Sơn,Tỉnh Nghệ An,Tỉnh Nghệ An,Xã Vĩnh Tường,Xã,17357
Xã Hùng Sơn,Huyện Anh Sơn,Tỉnh Nghệ An,Tỉnh Nghệ An,Xã Nhân Hòa,Xã,17344
Xã Hội Sơn,Huyện Anh Sơn,Tỉnh Nghệ An,Tỉnh Nghệ An,Xã Vĩnh Tường,Xã,17357
Xã Khai Sơn,Huyện Anh Sơn,Tỉnh Nghệ An,Tỉnh Nghệ An,Xã Yên Xuân,Xã,17380
Xã Long Sơn,Huyện Anh Sơn,Tỉnh Nghệ An,Tỉnh Nghệ An,Xã Yên Xuân,Xã,17380
Xã Lĩnh Sơn,Huyện Anh Sơn,Tỉnh Nghệ An,Tỉnh Nghệ An,Xã Yên Xuân,Xã,17380
Xã Lạng Sơn,Huyện Anh Sơn,Tỉnh Nghệ An,Tỉnh Nghệ An,Xã Anh Sơn Đông,Xã,17365
Xã Phúc Sơn,Huyện Anh Sơn,Tỉnh Nghệ An,Tỉnh Nghệ An,Xã Anh Sơn,Xã,17329
Xã Tam Đỉnh,Huyện Anh Sơn,Tỉnh Nghệ An,Tỉnh Nghệ An,Xã Nhân Hòa,Xã,17344
Xã Thành Sơn,Huyện Anh Sơn,Tỉnh Nghệ An,Tỉnh Nghệ An,Xã Thành Bình Thọ,Xã,17335
Xã Thọ Sơn,Huyện Anh Sơn,Tỉnh Nghệ An,Tỉnh Nghệ An,Xã Thành Bình Thọ,Xã,17335
Xã Tào Sơn,Huyện Anh Sơn,Tỉnh Nghệ An,Tỉnh Nghệ An,Xã Anh Sơn Đông,Xã,17365
Xã Tường Sơn,Huyện Anh Sơn,Tỉnh Nghệ An,Tỉnh Nghệ An,Xã Vĩnh Tường,Xã,17357
Xã Vĩnh Sơn,Huyện Anh Sơn,Tỉnh Nghệ An,Tỉnh Nghệ An,Xã Anh Sơn Đông,Xã,17365
Xã Đức Sơn,Huyện Anh Sơn,Tỉnh Nghệ An,Tỉnh Nghệ An,Xã Anh Sơn,Xã,17329
Thị trấn Trà Lân,Huyện Con Cuông,Tỉnh Nghệ An,Tỉnh Nghệ An,Xã Con Cuông,Xã,17254
Xã Bình Chuẩn,Huyện Con Cuông,Tỉnh Nghệ An,Tỉnh Nghệ An,Xã Bình Chuẩn,Xã,17230
Xã Cam Lâm,Huyện Con Cuông,Tỉnh Nghệ An,Tỉnh Nghệ An,Xã Cam Phục,Xã,17242
Xã Chi Khê,Huyện Con Cuông,Tỉnh Nghệ An,Tỉnh Nghệ An,Xã Con Cuông,Xã,17254
Xã Châu Khê,Huyện Con Cuông,Tỉnh Nghệ An,Tỉnh Nghệ An,Xã Châu Khê,Xã,17248
Xã Lạng Khê,Huyện Con Cuông,Tỉnh Nghệ An,Tỉnh Nghệ An,Xã Châu Khê,Xã,17248
Xã Lục Dạ,Huyện Con Cuông,Tỉnh Nghệ An,Tỉnh Nghệ An,Xã Môn Sơn,Xã,17263
Xã Môn Sơn,Huyện Con Cuông,Tỉnh Nghệ An,Tỉnh Nghệ An,Xã Môn Sơn,Xã,17263
Xã Mậu Đức,Huyện Con Cuông,Tỉnh Nghệ An,Tỉnh Nghệ An,Xã Mậu Thạch,Xã,17239
Xã Thạch Ngàn,Huyện Con Cuông,Tỉnh Nghệ An,Tỉnh Nghệ An,Xã Mậu Thạch,Xã,17239
Xã Yên Khê,Huyện Con Cuông,Tỉnh Nghệ An,Tỉnh Nghệ An,Xã Con Cuông,Xã,17254
Xã Đôn Phục,Huyện Con Cuông,Tỉnh Nghệ An,Tỉnh Nghệ An,Xã Cam Phục,Xã,17242
Thị trấn Diễn Thành,Huyện Diễn Châu,Tỉnh Nghệ An,Tỉnh Nghệ An,Xã Diễn Châu,Xã,17464
Xã Diễn An,Huyện Diễn Châu,Tỉnh Nghệ An,Tỉnh Nghệ An,Xã An Châu,Xã,17479
Xã Diễn Cát,Huyện Diễn Châu,Tỉnh Nghệ An,Tỉnh Nghệ An,Xã Minh Châu,Xã,17476
Xã Diễn Hoa,Huyện Diễn Châu,Tỉnh Nghệ An,Tỉnh Nghệ An,Xã Diễn Châu,Xã,17464
Xã Diễn Hoàng,Huyện Diễn Châu,Tỉnh Nghệ An,Tỉnh Nghệ An,Xã Hải Châu,Xã,17419
Xã Diễn Hồng,Huyện Diễn Châu,Tỉnh Nghệ An,Tỉnh Nghệ An,Xã Đức Châu,Xã,17416
Xã Diễn Kim,Huyện Diễn Châu,Tỉnh Nghệ An,Tỉnh Nghệ An,Xã Hải Châu,Xã,17419
Xã Diễn Kỷ,Huyện Diễn Châu,Tỉnh Nghệ An,Tỉnh Nghệ An,Xã Đức Châu,Xã,17416
Xã Diễn Liên,Huyện Diễn Châu,Tỉnh Nghệ An,Tỉnh Nghệ An,Xã Quảng Châu,Xã,17443
Xã Diễn Lâm,Huyện Diễn Châu,Tỉnh Nghệ An,Tỉnh Nghệ An,Xã Hùng Châu,Xã,17395
Xã Diễn Lộc,Huyện Diễn Châu,Tỉnh Nghệ An,Tỉnh Nghệ An,Xã Tân Châu,Xã,17488
Xã Diễn Lợi,Huyện Diễn Châu,Tỉnh Nghệ An,Tỉnh Nghệ An,Xã Tân Châu,Xã,17488
Xã Diễn Mỹ,Huyện Diễn Châu,Tỉnh Nghệ An,Tỉnh Nghệ An,Xã Hải Châu,Xã,17419
Xã Diễn Nguyên,Huyện Diễn Châu,Tỉnh Nghệ An,Tỉnh Nghệ An,Xã Minh Châu,Xã,17476
Xã Diễn Phong,Huyện Diễn Châu,Tỉnh Nghệ An,Tỉnh Nghệ An,Xã Đức Châu,Xã,17416
Xã Diễn Phú,Huyện Diễn Châu,Tỉnh Nghệ An,Tỉnh Nghệ An,Xã Tân Châu,Xã,17488
Xã Diễn Phúc,Huyện Diễn Châu,Tỉnh Nghệ An,Tỉnh Nghệ An,Xã Diễn Châu,Xã,17464
Xã Diễn Thái,Huyện Diễn Châu,Tỉnh Nghệ An,Tỉnh Nghệ An,Xã Quảng Châu,Xã,17443
Xã Diễn Thịnh,Huyện Diễn Châu,Tỉnh Nghệ An,Tỉnh Nghệ An,Xã An Châu,Xã,17479
Xã Diễn Thọ,Huyện Diễn Châu,Tỉnh Nghệ An,Tỉnh Nghệ An,Xã Tân Châu,Xã,17488
Xã Diễn Trung,Huyện Diễn Châu,Tỉnh Nghệ An,Tỉnh Nghệ An,Xã An Châu,Xã,17479
Xã Diễn Trường,Huyện Diễn Châu,Tỉnh Nghệ An,Tỉnh Nghệ An,Xã Hùng Châu,Xã,17395
Xã Diễn Tân,Huyện Diễn Châu,Tỉnh Nghệ An,Tỉnh Nghệ An,Xã An Châu,Xã,17479
Xã Diễn Vạn,Huyện Diễn Châu,Tỉnh Nghệ An,Tỉnh Nghệ An,Xã Đức Châu,Xã,17416
Xã Diễn Yên,Huyện Diễn Châu,Tỉnh Nghệ An,Tỉnh Nghệ An,Xã Hùng Châu,Xã,17395
Xã Diễn Đoài,Huyện Diễn Châu,Tỉnh Nghệ An,Tỉnh Nghệ An,Xã Hùng Châu,Xã,17395
Xã Diễn Đồng,Huyện Diễn Châu,Tỉnh Nghệ An,Tỉnh Nghệ An,Xã Quảng Châu,Xã,17443
Xã Hùng Hải,Huyện Diễn Châu,Tỉnh Nghệ An,Tỉnh Nghệ An,Xã Hải Châu,Xã,17419
Xã Hạnh Quảng,Huyện Diễn Châu,Tỉnh Nghệ An,Tỉnh Nghệ An,Xã Minh Châu,Xã,17476
Xã Minh Châu,Huyện Diễn Châu,Tỉnh Nghệ An,Tỉnh Nghệ An,Xã Minh Châu,Xã,17476
Xã Ngọc Bích,Huyện Diễn Châu,Tỉnh Nghệ An,Tỉnh Nghệ An,Xã Diễn Châu,Xã,17464
Xã Xuân Tháp,Huyện Diễn Châu,Tỉnh Nghệ An,Tỉnh Nghệ An,Xã Quảng Châu,Xã,17443
Thị trấn Hưng Nguyên,Huyện Hưng Nguyên,Tỉnh Nghệ An,Tỉnh Nghệ An,Xã Hưng Nguyên,Xã,18001
Xã Châu Nhân,Huyện Hưng Nguyên,Tỉnh Nghệ An,Tỉnh Nghệ An,Xã Lam Thành,Xã,18040
Xã Hưng Lĩnh,Huyện Hưng Nguyên,Tỉnh Nghệ An,Tỉnh Nghệ An,Xã Hưng Nguyên Nam,Xã,18028
Xã Hưng Nghĩa,Huyện Hưng Nguyên,Tỉnh Nghệ An,Tỉnh Nghệ An,Xã Lam Thành,Xã,18040
Xã Hưng Thành,Huyện Hưng Nguyên,Tỉnh Nghệ An,Tỉnh Nghệ An,Xã Lam Thành,Xã,18040
Xã Hưng Trung,Huyện Hưng Nguyên,Tỉnh Nghệ An,Tỉnh Nghệ An,Xã Yên Trung,Xã,18007
Xã Hưng Tây,Huyện Hưng Nguyên,Tỉnh Nghệ An,Tỉnh Nghệ An,Xã Hưng Nguyên,Xã,18001
Xã Hưng Yên Bắc,Huyện Hưng Nguyên,Tỉnh Nghệ An,Tỉnh Nghệ An,Xã Yên Trung,Xã,18007
Xã Hưng Yên Nam,Huyện Hưng Nguyên,Tỉnh Nghệ An,Tỉnh Nghệ An,Xã Yên Trung,Xã,18007
Xã Hưng Đạo,Huyện Hưng Nguyên,Tỉnh Nghệ An,Tỉnh Nghệ An,Xã Hưng Nguyên,Xã,18001
Xã Long Xá,Huyện Hưng Nguyên,Tỉnh Nghệ An,Tỉnh Nghệ An,Xã Hưng Nguyên Nam,Xã,18028
Xã Phúc Lợi,Huyện Hưng Nguyên,Tỉnh Nghệ An,Tỉnh Nghệ An,Xã Lam Thành,Xã,18040
Xã Thông Tân,Huyện Hưng Nguyên,Tỉnh Nghệ An,Tỉnh Nghệ An,Xã Hưng Nguyên Nam,Xã,18028
Xã Thịnh Mỹ,Huyện Hưng Nguyên,Tỉnh Nghệ An,Tỉnh Nghệ An,Xã Hưng Nguyên,Xã,18001
Xã Xuân Lam,Huyện Hưng Nguyên,Tỉnh Nghệ An,Tỉnh Nghệ An,Xã Hưng Nguyên Nam,Xã,18028
Thị trấn Mường Xén,Huyện Kỳ Sơn,Tỉnh Nghệ An,Tỉnh Nghệ An,Xã Mường Xén,Xã,16813
Xã Bảo Nam,Huyện Kỳ Sơn,Tỉnh Nghệ An,Tỉnh Nghệ An,Xã Hữu Kiệm,Xã,16849
Xã Bảo Thắng,Huyện Kỳ Sơn,Tỉnh Nghệ An,Tỉnh Nghệ An,Xã Chiêu Lưu,Xã,16855
Xã Bắc Lý,Huyện Kỳ Sơn,Tỉnh Nghệ An,Tỉnh Nghệ An,Xã Bắc Lý,Xã,16819
Xã Chiêu Lưu,Huyện Kỳ Sơn,Tỉnh Nghệ An,Tỉnh Nghệ An,Xã Chiêu Lưu,Xã,16855
Xã Huồi Tụ,Huyện Kỳ Sơn,Tỉnh Nghệ An,Tỉnh Nghệ An,Xã Huồi Tụ,Xã,16828
Xã Hữu Kiệm,Huyện Kỳ Sơn,Tỉnh Nghệ An,Tỉnh Nghệ An,Xã Hữu Kiệm,Xã,16849
Xã Hữu Lập,Huyện Kỳ Sơn,Tỉnh Nghệ An,Tỉnh Nghệ An,Xã Hữu Kiệm,Xã,16849
Xã Keng Đu,Huyện Kỳ Sơn,Tỉnh Nghệ An,Tỉnh Nghệ An,Xã Keng Đu,Xã,16822
Xã Mường Lống,Huyện Kỳ Sơn,Tỉnh Nghệ An,Tỉnh Nghệ An,Xã Mường Lống,Xã,16831
Xã Mường Típ,Huyện Kỳ Sơn,Tỉnh Nghệ An,Tỉnh Nghệ An,Xã Mường Típ,Xã,16858
Xã Mường Ải,Huyện Kỳ Sơn,Tỉnh Nghệ An,Tỉnh Nghệ An,Xã Mường Típ,Xã,16858
Xã Mỹ Lý,Huyện Kỳ Sơn,Tỉnh Nghệ An,Tỉnh Nghệ An,Xã Mỹ Lý,Xã,16816
Xã Na Loi,Huyện Kỳ Sơn,Tỉnh Nghệ An,Tỉnh Nghệ An,Xã Na Loi,Xã,16834
Xã Na Ngoi,Huyện Kỳ Sơn,Tỉnh Nghệ An,Tỉnh Nghệ An,Xã Na Ngoi,Xã,16870
Xã Nậm Càn,Huyện Kỳ Sơn,Tỉnh Nghệ An,Tỉnh Nghệ An,Xã Na Ngoi,Xã,16870
Xã Nậm Cắn,Huyện Kỳ Sơn,Tỉnh Nghệ An,Tỉnh Nghệ An,Xã Nậm Cắn,Xã,16837
Xã Phà Đánh,Huyện Kỳ Sơn,Tỉnh Nghệ An,Tỉnh Nghệ An,Xã Nậm Cắn,Xã,16837
Xã Tà Cạ,Huyện Kỳ Sơn,Tỉnh Nghệ An,Tỉnh Nghệ An,Xã Mường Xén,Xã,16813
Xã Tây Sơn,Huyện Kỳ Sơn,Tỉnh Nghệ An,Tỉnh Nghệ An,Xã Mường Xén,Xã,16813
Xã Đoọc Mạy,Huyện Kỳ Sơn,Tỉnh Nghệ An,Tỉnh Nghệ An,Xã Na Loi,Xã,16834
Thị trấn Nam Đàn,Huyện Nam Đàn,Tỉnh Nghệ An,Tỉnh Nghệ An,Xã Vạn An,Xã,17950
Xã Hùng Tiến,Huyện Nam Đàn,Tỉnh Nghệ An,Tỉnh Nghệ An,Xã Kim Liên,Xã,17971
Xã Khánh Sơn,Huyện Nam Đàn,Tỉnh Nghệ An,Tỉnh Nghệ An,Xã Thiên Nhẫn,Xã,17989
Xã Kim Liên,Huyện Nam Đàn,Tỉnh Nghệ An,Tỉnh Nghệ An,Xã Kim Liên,Xã,17971
Xã Nam Anh,Huyện Nam Đàn,Tỉnh Nghệ An,Tỉnh Nghệ An,Xã Đại Huệ,Xã,17944
Xã Nam Cát,Huyện Nam Đàn,Tỉnh Nghệ An,Tỉnh Nghệ An,Xã Kim Liên,Xã,17971
Xã Nam Giang,Huyện Nam Đàn,Tỉnh Nghệ An,Tỉnh Nghệ An,Xã Kim Liên,Xã,17971
Xã Nam Hưng,Huyện Nam Đàn,Tỉnh Nghệ An,Tỉnh Nghệ An,Xã Nam Đàn,Xã,17935
Xã Nam Kim,Huyện Nam Đàn,Tỉnh Nghệ An,Tỉnh Nghệ An,Xã Thiên Nhẫn,Xã,17989
Xã Nam Lĩnh,Huyện Nam Đàn,Tỉnh Nghệ An,Tỉnh Nghệ An,Xã Đại Huệ,Xã,17944
Xã Nam Thanh,Huyện Nam Đàn,Tỉnh Nghệ An,Tỉnh Nghệ An,Xã Nam Đàn,Xã,17935
Xã Nam Xuân,Huyện Nam Đàn,Tỉnh Nghệ An,Tỉnh Nghệ An,Xã Đại Huệ,Xã,17944
Xã Nghĩa Thái,Huyện Nam Đàn,Tỉnh Nghệ An,Tỉnh Nghệ An,Xã Nam Đàn,Xã,17935
Xã Thượng Tân Lộc,Huyện Nam Đàn,Tỉnh Nghệ An,Tỉnh Nghệ An,Xã Vạn An,Xã,17950
Xã Trung Phúc Cường,Huyện Nam Đàn,Tỉnh Nghệ An,Tỉnh Nghệ An,Xã Thiên Nhẫn,Xã,17989
Xã Xuân Hòa,Huyện Nam Đàn,Tỉnh Nghệ An,Tỉnh Nghệ An,Xã Vạn An,Xã,17950
Xã Xuân Hồng,Huyện Nam Đàn,Tỉnh Nghệ An,Tỉnh Nghệ An,Xã Kim Liên,Xã,17971
Thị trấn Quán Hành,Huyện Nghi Lộc,Tỉnh Nghệ An,Tỉnh Nghệ An,Xã Nghi Lộc,Xã,17827
Xã Diên Hoa,Huyện Nghi Lộc,Tỉnh Nghệ An,Tỉnh Nghệ An,Xã Nghi Lộc,Xã,17827
Xã Khánh Hợp,Huyện Nghi Lộc,Tỉnh Nghệ An,Tỉnh Nghệ An,Xã Đông Lộc,Xã,17878
Xã Nghi Công Bắc,Huyện Nghi Lộc,Tỉnh Nghệ An,Tỉnh Nghệ An,Xã Phúc Lộc,Xã,17857
Xã Nghi Công Nam,Huyện Nghi Lộc,Tỉnh Nghệ An,Tỉnh Nghệ An,Xã Phúc Lộc,Xã,17857
Xã Nghi Hưng,Huyện Nghi Lộc,Tỉnh Nghệ An,Tỉnh Nghệ An,Xã Thần Lĩnh,Xã,17842
Xã Nghi Kiều,Huyện Nghi Lộc,Tỉnh Nghệ An,Tỉnh Nghệ An,Xã Văn Kiều,Xã,17854
Xã Nghi Long,Huyện Nghi Lộc,Tỉnh Nghệ An,Tỉnh Nghệ An,Xã Trung Lộc,Xã,17866
Xã Nghi Lâm,Huyện Nghi Lộc,Tỉnh Nghệ An,Tỉnh Nghệ An,Xã Phúc Lộc,Xã,17857
Xã Nghi Mỹ,Huyện Nghi Lộc,Tỉnh Nghệ An,Tỉnh Nghệ An,Xã Phúc Lộc,Xã,17857
Xã Nghi Phương,Huyện Nghi Lộc,Tỉnh Nghệ An,Tỉnh Nghệ An,Xã Thần Lĩnh,Xã,17842
Xã Nghi Quang,Huyện Nghi Lộc,Tỉnh Nghệ An,Tỉnh Nghệ An,Xã Trung Lộc,Xã,17866
Xã Nghi Thiết,Huyện Nghi Lộc,Tỉnh Nghệ An,Tỉnh Nghệ An,Xã Hải Lộc,Xã,17833
Xã Nghi Thuận,Huyện Nghi Lộc,Tỉnh Nghệ An,Tỉnh Nghệ An,Xã Trung Lộc,Xã,17866
Xã Nghi Thạch,Huyện Nghi Lộc,Tỉnh Nghệ An,Tỉnh Nghệ An,Xã Đông Lộc,Xã,17878
Xã Nghi Tiến,Huyện Nghi Lộc,Tỉnh Nghệ An,Tỉnh Nghệ An,Xã Hải Lộc,Xã,17833
Xã Nghi Trung,Huyện Nghi Lộc,Tỉnh Nghệ An,Tỉnh Nghệ An,Xã Nghi Lộc,Xã,17827
Xã Nghi Văn,Huyện Nghi Lộc,Tỉnh Nghệ An,Tỉnh Nghệ An,Xã Văn Kiều,Xã,17854
Xã Nghi Vạn,Huyện Nghi Lộc,Tỉnh Nghệ An,Tỉnh Nghệ An,Xã Nghi Lộc,Xã,17827
Xã Nghi Xá,Huyện Nghi Lộc,Tỉnh Nghệ An,Tỉnh Nghệ An,Xã Trung Lộc,Xã,17866
Xã Nghi Yên,Huyện Nghi Lộc,Tỉnh Nghệ An,Tỉnh Nghệ An,Xã Hải Lộc,Xã,17833
Xã Nghi Đồng,Huyện Nghi Lộc,Tỉnh Nghệ An,Tỉnh Nghệ An,Xã Thần Lĩnh,Xã,17842
Xã Thịnh Trường,Huyện Nghi Lộc,Tỉnh Nghệ An,Tỉnh Nghệ An,Xã Đông Lộc,Xã,17878
Thị trấn Nghĩa Đàn,Huyện Nghĩa Đàn,Tỉnh Nghệ An,Tỉnh Nghệ An,Xã Nghĩa Đàn,Xã,16941
Xã Nghĩa An,Huyện Nghĩa Đàn,Tỉnh Nghệ An,Tỉnh Nghệ An,Xã Nghĩa Khánh,Xã,17032
Xã Nghĩa Bình,Huyện Nghĩa Đàn,Tỉnh Nghệ An,Tỉnh Nghệ An,Xã Nghĩa Đàn,Xã,16941
Xã Nghĩa Hưng,Huyện Nghĩa Đàn,Tỉnh Nghệ An,Tỉnh Nghệ An,Xã Nghĩa Hưng,Xã,16972
Xã Nghĩa Hồng,Huyện Nghĩa Đàn,Tỉnh Nghệ An,Tỉnh Nghệ An,Xã Nghĩa Mai,Xã,16975
Xã Nghĩa Hội,Huyện Nghĩa Đàn,Tỉnh Nghệ An,Tỉnh Nghệ An,Xã Nghĩa Thọ,Xã,16969
Xã Nghĩa Khánh,Huyện Nghĩa Đàn,Tỉnh Nghệ An,Tỉnh Nghệ An,Xã Nghĩa Khánh,Xã,17032
Xã Nghĩa Long,Huyện Nghĩa Đàn,Tỉnh Nghệ An,Tỉnh Nghệ An,Xã Nghĩa Lộc,Xã,17029
Xã Nghĩa Lâm,Huyện Nghĩa Đàn,Tỉnh Nghệ An,Tỉnh Nghệ An,Xã Nghĩa Lâm,Xã,16951
Xã Nghĩa Lạc,Huyện Nghĩa Đàn,Tỉnh Nghệ An,Tỉnh Nghệ An,Xã Nghĩa Lâm,Xã,16951
Xã Nghĩa Lộc,Huyện Nghĩa Đàn,Tỉnh Nghệ An,Tỉnh Nghệ An,Xã Nghĩa Lộc,Xã,17029
Xã Nghĩa Lợi,Huyện Nghĩa Đàn,Tỉnh Nghệ An,Tỉnh Nghệ An,Xã Nghĩa Thọ,Xã,16969
Xã Nghĩa Mai,Huyện Nghĩa Đàn,Tỉnh Nghệ An,Tỉnh Nghệ An,Xã Nghĩa Mai,Xã,16975
Xã Nghĩa Minh,Huyện Nghĩa Đàn,Tỉnh Nghệ An,Tỉnh Nghệ An,Xã Nghĩa Mai,Xã,16975
Xã Nghĩa Sơn,Huyện Nghĩa Đàn,Tỉnh Nghệ An,Tỉnh Nghệ An,Xã Nghĩa Lâm,Xã,16951
Xã Nghĩa Thành,Huyện Nghĩa Đàn,Tỉnh Nghệ An,Tỉnh Nghệ An,Xã Nghĩa Hưng,Xã,16972
Xã Nghĩa Thọ,Huyện Nghĩa Đàn,Tỉnh Nghệ An,Tỉnh Nghệ An,Xã Nghĩa Thọ,Xã,16969
Xã Nghĩa Trung,Huyện Nghĩa Đàn,Tỉnh Nghệ An,Tỉnh Nghệ An,Xã Nghĩa Đàn,Xã,16941
Xã Nghĩa Yên,Huyện Nghĩa Đàn,Tỉnh Nghệ An,Tỉnh Nghệ An,Xã Nghĩa Lâm,Xã,16951
Xã Nghĩa Đức,Huyện Nghĩa Đàn,Tỉnh Nghệ An,Tỉnh Nghệ An,Xã Nghĩa Khánh,Xã,17032
Thị trấn Kim Sơn,Huyện Quế Phong,Tỉnh Nghệ An,Tỉnh Nghệ An,Xã Quế Phong,Xã,16738
Xã Châu Kim,Huyện Quế Phong,Tỉnh Nghệ An,Tỉnh Nghệ An,Xã Quế Phong,Xã,16738
Xã Châu Thôn,Huyện Quế Phong,Tỉnh Nghệ An,Tỉnh Nghệ An,Xã Mường Quàng,Xã,16774
Xã Cắm Muộn,Huyện Quế Phong,Tỉnh Nghệ An,Tỉnh Nghệ An,Xã Mường Quàng,Xã,16774
Xã Hạnh Dịch,Huyện Quế Phong,Tỉnh Nghệ An,Tỉnh Nghệ An,Xã Tiền Phong,Xã,16750
Xã Mường Nọc,Huyện Quế Phong,Tỉnh Nghệ An,Tỉnh Nghệ An,Xã Quế Phong,Xã,16738
Xã Nậm Giải,Huyện Quế Phong,Tỉnh Nghệ An,Tỉnh Nghệ An,Xã Quế Phong,Xã,16738
Xã Nậm Nhoóng,Huyện Quế Phong,Tỉnh Nghệ An,Tỉnh Nghệ An,Xã Tri Lễ,Xã,16756
Xã Quang Phong,Huyện Quế Phong,Tỉnh Nghệ An,Tỉnh Nghệ An,Xã Mường Quàng,Xã,16774
Xã Thông Thụ,Huyện Quế Phong,Tỉnh Nghệ An,Tỉnh Nghệ An,Xã Thông Thụ,Xã,16744
Xã Tiền Phong,Huyện Quế Phong,Tỉnh Nghệ An,Tỉnh Nghệ An,Xã Tiền Phong,Xã,16750
Xã Tri Lễ,Huyện Quế Phong,Tỉnh Nghệ An,Tỉnh Nghệ An,Xã Tri Lễ,Xã,16756
Xã Đồng Văn,Huyện Quế Phong,Tỉnh Nghệ An,Tỉnh Nghệ An,Xã Thông Thụ,Xã,16744
Thị trấn Tân Lạc,Huyện Quỳ Châu,Tỉnh Nghệ An,Tỉnh Nghệ An,Xã Quỳ Châu,Xã,16777
Xã Châu Bình,Huyện Quỳ Châu,Tỉnh Nghệ An,Tỉnh Nghệ An,Xã Châu Bình,Xã,16804
Xã Châu Bính,Huyện Quỳ Châu,Tỉnh Nghệ An,Tỉnh Nghệ An,Xã Châu Tiến,Xã,16792
Xã Châu Hoàn,Huyện Quỳ Châu,Tỉnh Nghệ An,Tỉnh Nghệ An,Xã Hùng Chân,Xã,16801
Xã Châu Hạnh,Huyện Quỳ Châu,Tỉnh Nghệ An,Tỉnh Nghệ An,Xã Quỳ Châu,Xã,16777
Xã Châu Hội,Huyện Quỳ Châu,Tỉnh Nghệ An,Tỉnh Nghệ An,Xã Quỳ Châu,Xã,16777
Xã Châu Nga,Huyện Quỳ Châu,Tỉnh Nghệ An,Tỉnh Nghệ An,Xã Quỳ Châu,Xã,16777
Xã Châu Phong,Huyện Quỳ Châu,Tỉnh Nghệ An,Tỉnh Nghệ An,Xã Hùng Chân,Xã,16801
Xã Châu Thuận,Huyện Quỳ Châu,Tỉnh Nghệ An,Tỉnh Nghệ An,Xã Châu Tiến,Xã,16792
Xã Châu Thắng,Huyện Quỳ Châu,Tỉnh Nghệ An,Tỉnh Nghệ An,Xã Châu Tiến,Xã,16792
Xã Châu Tiến,Huyện Quỳ Châu,Tỉnh Nghệ An,Tỉnh Nghệ An,Xã Châu Tiến,Xã,16792
Xã Diên Lãm,Huyện Quỳ Châu,Tỉnh Nghệ An,Tỉnh Nghệ An,Xã Hùng Chân,Xã,16801
Thị trấn Quỳ Hợp,Huyện Quỳ Hợp,Tỉnh Nghệ An,Tỉnh Nghệ An,Xã Quỳ Hợp,Xã,17035
Xã Bắc Sơn,Huyện Quỳ Hợp,Tỉnh Nghệ An,Tỉnh Nghệ An,Xã Mường Chọng,Xã,17089
Xã Châu Cường,Huyện Quỳ Hợp,Tỉnh Nghệ An,Tỉnh Nghệ An,Xã Mường Ham,Xã,17077
Xã Châu Hồng,Huyện Quỳ Hợp,Tỉnh Nghệ An,Tỉnh Nghệ An,Xã Châu Hồng,Xã,17044
Xã Châu Lý,Huyện Quỳ Hợp,Tỉnh Nghệ An,Tỉnh Nghệ An,Xã Mường Chọng,Xã,17089
Xã Châu Lộc,Huyện Quỳ Hợp,Tỉnh Nghệ An,Tỉnh Nghệ An,Xã Châu Lộc,Xã,17056
Xã Châu Quang,Huyện Quỳ Hợp,Tỉnh Nghệ An,Tỉnh Nghệ An,Xã Quỳ Hợp,Xã,17035
Xã Châu Thành,Huyện Quỳ Hợp,Tỉnh Nghệ An,Tỉnh Nghệ An,Xã Châu Hồng,Xã,17044
Xã Châu Thái,Huyện Quỳ Hợp,Tỉnh Nghệ An,Tỉnh Nghệ An,Xã Mường Ham,Xã,17077
Xã Châu Tiến,Huyện Quỳ Hợp,Tỉnh Nghệ An,Tỉnh Nghệ An,Xã Châu Hồng,Xã,17044
Xã Châu Đình,Huyện Quỳ Hợp,Tỉnh Nghệ An,Tỉnh Nghệ An,Xã Quỳ Hợp,Xã,17035
Xã Hạ Sơn,Huyện Quỳ Hợp,Tỉnh Nghệ An,Tỉnh Nghệ An,Xã Minh Hợp,Xã,17071
Xã Liên Hợp,Huyện Quỳ Hợp,Tỉnh Nghệ An,Tỉnh Nghệ An,Xã Châu Lộc,Xã,17056
Xã Minh Hợp,Huyện Quỳ Hợp,Tỉnh Nghệ An,Tỉnh Nghệ An,Xã Minh Hợp,Xã,17071
Xã Nam Sơn,Huyện Quỳ Hợp,Tỉnh Nghệ An,Tỉnh Nghệ An,Xã Mường Chọng,Xã,17089
Xã Nghĩa Xuân,Huyện Quỳ Hợp,Tỉnh Nghệ An,Tỉnh Nghệ An,Xã Tam Hợp,Xã,17059
Xã Tam Hợp,Huyện Quỳ Hợp,Tỉnh Nghệ An,Tỉnh Nghệ An,Xã Tam Hợp,Xã,17059
Xã Thọ Hợp,Huyện Quỳ Hợp,Tỉnh Nghệ An,Tỉnh Nghệ An,Xã Quỳ Hợp,Xã,17035
Xã Văn Lợi,Huyện Quỳ Hợp,Tỉnh Nghệ An,Tỉnh Nghệ An,Xã Minh Hợp,Xã,17071
Xã Yên Hợp,Huyện Quỳ Hợp,Tỉnh Nghệ An,Tỉnh Nghệ An,Xã Tam Hợp,Xã,17059
Xã Đồng Hợp,Huyện Quỳ Hợp,Tỉnh Nghệ An,Tỉnh Nghệ An,Xã Tam Hợp,Xã,17059
Thị trấn Cầu Giát,Huyện Quỳnh Lưu,Tỉnh Nghệ An,Tỉnh Nghệ An,Xã Quỳnh Lưu,Xã,17179
Xã An Hòa,Huyện Quỳnh Lưu,Tỉnh Nghệ An,Tỉnh Nghệ An,Xã Quỳnh Phú,Xã,17212
Xã Bình Sơn,Huyện Quỳnh Lưu,Tỉnh Nghệ An,Tỉnh Nghệ An,Xã Quỳnh Lưu,Xã,17179
Xã Minh Lương,Huyện Quỳnh Lưu,Tỉnh Nghệ An,Tỉnh Nghệ An,Xã Quỳnh Anh,Xã,17176
Xã Ngọc Sơn,Huyện Quỳnh Lưu,Tỉnh Nghệ An,Tỉnh Nghệ An,Xã Quỳnh Sơn,Xã,17170
Xã Phú Nghĩa,Huyện Quỳnh Lưu,Tỉnh Nghệ An,Tỉnh Nghệ An,Xã Quỳnh Phú,Xã,17212
Xã Quỳnh Bảng,Huyện Quỳnh Lưu,Tỉnh Nghệ An,Tỉnh Nghệ An,Xã Quỳnh Anh,Xã,17176
Xã Quỳnh Châu,Huyện Quỳnh Lưu,Tỉnh Nghệ An,Tỉnh Nghệ An,Xã Quỳnh Tam,Xã,17149
Xã Quỳnh Diễn,Huyện Quỳnh Lưu,Tỉnh Nghệ An,Tỉnh Nghệ An,Xã Quỳnh Lưu,Xã,17179
Xã Quỳnh Giang,Huyện Quỳnh Lưu,Tỉnh Nghệ An,Tỉnh Nghệ An,Xã Quỳnh Lưu,Xã,17179
Xã Quỳnh Hậu,Huyện Quỳnh Lưu,Tỉnh Nghệ An,Tỉnh Nghệ An,Xã Quỳnh Lưu,Xã,17179
Xã Quỳnh Lâm,Huyện Quỳnh Lưu,Tỉnh Nghệ An,Tỉnh Nghệ An,Xã Quỳnh Sơn,Xã,17170
Xã Quỳnh Sơn,Huyện Quỳnh Lưu,Tỉnh Nghệ An,Tỉnh Nghệ An,Xã Quỳnh Sơn,Xã,17170
Xã Quỳnh Tam,Huyện Quỳnh Lưu,Tỉnh Nghệ An,Tỉnh Nghệ An,Xã Quỳnh Tam,Xã,17149
Xã Quỳnh Thanh,Huyện Quỳnh Lưu,Tỉnh Nghệ An,Tỉnh Nghệ An,Xã Quỳnh Anh,Xã,17176
Xã Quỳnh Thạch,Huyện Quỳnh Lưu,Tỉnh Nghệ An,Tỉnh Nghệ An,Xã Quỳnh Văn,Xã,17143
Xã Quỳnh Thắng,Huyện Quỳnh Lưu,Tỉnh Nghệ An,Tỉnh Nghệ An,Xã Quỳnh Thắng,Xã,17224
Xã Quỳnh Tân,Huyện Quỳnh Lưu,Tỉnh Nghệ An,Tỉnh Nghệ An,Xã Quỳnh Văn,Xã,17143
Xã Quỳnh Văn,Huyện Quỳnh Lưu,Tỉnh Nghệ An,Tỉnh Nghệ An,Xã Quỳnh Văn,Xã,17143
Xã Quỳnh Yên,Huyện Quỳnh Lưu,Tỉnh Nghệ An,Tỉnh Nghệ An,Xã Quỳnh Anh,Xã,17176
Xã Quỳnh Đôi,Huyện Quỳnh Lưu,Tỉnh Nghệ An,Tỉnh Nghệ An,Xã Quỳnh Anh,Xã,17176
Xã Thuận Long,Huyện Quỳnh Lưu,Tỉnh Nghệ An,Tỉnh Nghệ An,Xã Quỳnh Phú,Xã,17212
Xã Tân Sơn,Huyện Quỳnh Lưu,Tỉnh Nghệ An,Tỉnh Nghệ An,Xã Quỳnh Tam,Xã,17149
Xã Tân Thắng,Huyện Quỳnh Lưu,Tỉnh Nghệ An,Tỉnh Nghệ An,Xã Quỳnh Thắng,Xã,17224
Xã Văn Hải,Huyện Quỳnh Lưu,Tỉnh Nghệ An,Tỉnh Nghệ An,Xã Quỳnh Phú,Xã,17212
Thị trấn Dùng,Huyện Thanh Chương,Tỉnh Nghệ An,Tỉnh Nghệ An,Xã Đại Đồng,Xã,17713
Xã Cát Văn,Huyện Thanh Chương,Tỉnh Nghệ An,Tỉnh Nghệ An,Xã Cát Ngạn,Xã,17728
Xã Hạnh Lâm,Huyện Thanh Chương,Tỉnh Nghệ An,Tỉnh Nghệ An,Xã Hạnh Lâm,Xã,17722
Xã Kim Bảng,Huyện Thanh Chương,Tỉnh Nghệ An,Tỉnh Nghệ An,Xã Kim Bảng,Xã,17791
Xã Mai Giang,Huyện Thanh Chương,Tỉnh Nghệ An,Tỉnh Nghệ An,Xã Bích Hào,Xã,17818
Xã Minh Sơn,Huyện Thanh Chương,Tỉnh Nghệ An,Tỉnh Nghệ An,Xã Cát Ngạn,Xã,17728
Xã Minh Tiến,Huyện Thanh Chương,Tỉnh Nghệ An,Tỉnh Nghệ An,Xã Xuân Lâm,Xã,17779
Xã Ngọc Lâm,Huyện Thanh Chương,Tỉnh Nghệ An,Tỉnh Nghệ An,Xã Sơn Lâm,Xã,17759
Xã Ngọc Sơn,Huyện Thanh Chương,Tỉnh Nghệ An,Tỉnh Nghệ An,Xã Xuân Lâm,Xã,17779
Xã Phong Thịnh,Huyện Thanh Chương,Tỉnh Nghệ An,Tỉnh Nghệ An,Xã Cát Ngạn,Xã,17728
Xã Thanh An,Huyện Thanh Chương,Tỉnh Nghệ An,Tỉnh Nghệ An,Xã Hoa Quân,Xã,17770
Xã Thanh Hà,Huyện Thanh Chương,Tỉnh Nghệ An,Tỉnh Nghệ An,Xã Kim Bảng,Xã,17791
Xã Thanh Hương,Huyện Thanh Chương,Tỉnh Nghệ An,Tỉnh Nghệ An,Xã Hoa Quân,Xã,17770
Xã Thanh Liên,Huyện Thanh Chương,Tỉnh Nghệ An,Tỉnh Nghệ An,Xã Tam Đồng,Xã,17743
Xã Thanh Lâm,Huyện Thanh Chương,Tỉnh Nghệ An,Tỉnh Nghệ An,Xã Bích Hào,Xã,17818
Xã Thanh Mỹ,Huyện Thanh Chương,Tỉnh Nghệ An,Tỉnh Nghệ An,Xã Tam Đồng,Xã,17743
Xã Thanh Ngọc,Huyện Thanh Chương,Tỉnh Nghệ An,Tỉnh Nghệ An,Xã Đại Đồng,Xã,17713
Xã Thanh Phong,Huyện Thanh Chương,Tỉnh Nghệ An,Tỉnh Nghệ An,Xã Đại Đồng,Xã,17713
Xã Thanh Quả,Huyện Thanh Chương,Tỉnh Nghệ An,Tỉnh Nghệ An,Xã Hoa Quân,Xã,17770
Xã Thanh Sơn,Huyện Thanh Chương,Tỉnh Nghệ An,Tỉnh Nghệ An,Xã Sơn Lâm,Xã,17759
Xã Thanh Thịnh,Huyện Thanh Chương,Tỉnh Nghệ An,Tỉnh Nghệ An,Xã Hoa Quân,Xã,17770
Xã Thanh Thủy,Huyện Thanh Chương,Tỉnh Nghệ An,Tỉnh Nghệ An,Xã Kim Bảng,Xã,17791
Xã Thanh Tiên,Huyện Thanh Chương,Tỉnh Nghệ An,Tỉnh Nghệ An,Xã Tam Đồng,Xã,17743
Xã Thanh Tùng,Huyện Thanh Chương,Tỉnh Nghệ An,Tỉnh Nghệ An,Xã Bích Hào,Xã,17818
Xã Thanh Xuân,Huyện Thanh Chương,Tỉnh Nghệ An,Tỉnh Nghệ An,Xã Bích Hào,Xã,17818
Xã Thanh Đức,Huyện Thanh Chương,Tỉnh Nghệ An,Tỉnh Nghệ An,Xã Hạnh Lâm,Xã,17722
Xã Xuân Dương,Huyện Thanh Chương,Tỉnh Nghệ An,Tỉnh Nghệ An,Xã Xuân Lâm,Xã,17779
Xã Đại Đồng,Huyện Thanh Chương,Tỉnh Nghệ An,Tỉnh Nghệ An,Xã Đại Đồng,Xã,17713
Xã Đồng Văn,Huyện Thanh Chương,Tỉnh Nghệ An,Tỉnh Nghệ An,Xã Đại Đồng,Xã,17713
Thị trấn Tân Kỳ,Huyện Tân Kỳ,Tỉnh Nghệ An,Tỉnh Nghệ An,Xã Tân Kỳ,Xã,17266
Xã Bình Hợp,Huyện Tân Kỳ,Tỉnh Nghệ An,Tỉnh Nghệ An,Xã Nghĩa Đồng,Xã,17284
Xã Giai Xuân,Huyện Tân Kỳ,Tỉnh Nghệ An,Tỉnh Nghệ An,Xã Giai Xuân,Xã,17278
Xã Hoàn Long,Huyện Tân Kỳ,Tỉnh Nghệ An,Tỉnh Nghệ An,Xã Tân Phú,Xã,17272
Xã Hương Sơn,Huyện Tân Kỳ,Tỉnh Nghệ An,Tỉnh Nghệ An,Xã Tân An,Xã,17305
Xã Kỳ Sơn,Huyện Tân Kỳ,Tỉnh Nghệ An,Tỉnh Nghệ An,Xã Tân Kỳ,Xã,17266
Xã Kỳ Tân,Huyện Tân Kỳ,Tỉnh Nghệ An,Tỉnh Nghệ An,Xã Tân Kỳ,Xã,17266
Xã Nghĩa Dũng,Huyện Tân Kỳ,Tỉnh Nghệ An,Tỉnh Nghệ An,Xã Tân Kỳ,Xã,17266
Xã Nghĩa Hành,Huyện Tân Kỳ,Tỉnh Nghệ An,Tỉnh Nghệ An,Xã Nghĩa Hành,Xã,17326
Xã Nghĩa Phúc,Huyện Tân Kỳ,Tỉnh Nghệ An,Tỉnh Nghệ An,Xã Tân An,Xã,17305
Xã Nghĩa Thái,Huyện Tân Kỳ,Tỉnh Nghệ An,Tỉnh Nghệ An,Xã Tân Phú,Xã,17272
Xã Nghĩa Đồng,Huyện Tân Kỳ,Tỉnh Nghệ An,Tỉnh Nghệ An,Xã Nghĩa Đồng,Xã,17284
Xã Phú Sơn,Huyện Tân Kỳ,Tỉnh Nghệ An,Tỉnh Nghệ An,Xã Nghĩa Hành,Xã,17326
Xã Tiên Kỳ,Huyện Tân Kỳ,Tỉnh Nghệ An,Tỉnh Nghệ An,Xã Tiên Đồng,Xã,17287
Xã Tân An,Huyện Tân Kỳ,Tỉnh Nghệ An,Tỉnh Nghệ An,Xã Tân An,Xã,17305
Xã Tân Hương,Huyện Tân Kỳ,Tỉnh Nghệ An,Tỉnh Nghệ An,Xã Nghĩa Hành,Xã,17326
Xã Tân Hợp,Huyện Tân Kỳ,Tỉnh Nghệ An,Tỉnh Nghệ An,Xã Giai Xuân,Xã,17278
Xã Tân Phú,Huyện Tân Kỳ,Tỉnh Nghệ An,Tỉnh Nghệ An,Xã Tân Phú,Xã,17272
Xã Tân Xuân,Huyện Tân Kỳ,Tỉnh Nghệ An,Tỉnh Nghệ An,Xã Tân Phú,Xã,17272
Xã Đồng Văn,Huyện Tân Kỳ,Tỉnh Nghệ An,Tỉnh Nghệ An,Xã Tiên Đồng,Xã,17287
Thị trấn Thạch Giám,Huyện Tương Dương,Tỉnh Nghệ An,Tỉnh Nghệ An,Xã Tương Dương,Xã,16876
Xã Hữu Khuông,Huyện Tương Dương,Tỉnh Nghệ An,Tỉnh Nghệ An,Xã Hữu Khuông,Xã,16885
Xã Lưu Kiền,Huyện Tương Dương,Tỉnh Nghệ An,Tỉnh Nghệ An,Xã Tương Dương,Xã,16876
Xã Lượng Minh,Huyện Tương Dương,Tỉnh Nghệ An,Tỉnh Nghệ An,Xã Lượng Minh,Xã,16906
Xã Mai Sơn,Huyện Tương Dương,Tỉnh Nghệ An,Tỉnh Nghệ An,Xã Nhôn Mai,Xã,16882
Xã Nga My,Huyện Tương Dương,Tỉnh Nghệ An,Tỉnh Nghệ An,Xã Nga My,Xã,16903
Xã Nhôn Mai,Huyện Tương Dương,Tỉnh Nghệ An,Tỉnh Nghệ An,Xã Nhôn Mai,Xã,16882
Xã Tam Hợp,Huyện Tương Dương,Tỉnh Nghệ An,Tỉnh Nghệ An,Xã Tam Thái,Xã,16936
Xã Tam Quang,Huyện Tương Dương,Tỉnh Nghệ An,Tỉnh Nghệ An,Xã Tam Quang,Xã,16933
Xã Tam Thái,Huyện Tương Dương,Tỉnh Nghệ An,Tỉnh Nghệ An,Xã Tam Thái,Xã,16936
Xã Tam Đình,Huyện Tương Dương,Tỉnh Nghệ An,Tỉnh Nghệ An,Xã Tam Quang,Xã,16933
Xã Xiêng My,Huyện Tương Dương,Tỉnh Nghệ An,Tỉnh Nghệ An,Xã Nga My,Xã,16903
Xã Xá Lượng,Huyện Tương Dương,Tỉnh Nghệ An,Tỉnh Nghệ An,Xã Tương Dương,Xã,16876
Xã Yên Hòa,Huyện Tương Dương,Tỉnh Nghệ An,Tỉnh Nghệ An,Xã Yên Hòa,Xã,16909
Xã Yên Na,Huyện Tương Dương,Tỉnh Nghệ An,Tỉnh Nghệ An,Xã Yên Na,Xã,16912
Xã Yên Thắng,Huyện Tương Dương,Tỉnh Nghệ An,Tỉnh Nghệ An,Xã Yên Hòa,Xã,16909
Xã Yên Tĩnh,Huyện Tương Dương,Tỉnh Nghệ An,Tỉnh Nghệ An,Xã Yên Na,Xã,16912
Thị trấn Hoa Thành,Huyện Yên Thành,Tỉnh Nghệ An,Tỉnh Nghệ An,Xã Yên Thành,Xã,17506
Xã Bảo Thành,Huyện Yên Thành,Tỉnh Nghệ An,Tỉnh Nghệ An,Xã Hợp Minh,Xã,17605
Xã Bắc Thành,Huyện Yên Thành,Tỉnh Nghệ An,Tỉnh Nghệ An,Xã Quan Thành,Xã,17569
Xã Hậu Thành,Huyện Yên Thành,Tỉnh Nghệ An,Tỉnh Nghệ An,Xã Giai Lạc,Xã,17524
Xã Kim Thành,Huyện Yên Thành,Tỉnh Nghệ An,Tỉnh Nghệ An,Xã Quang Đồng,Xã,17521
Xã Liên Thành,Huyện Yên Thành,Tỉnh Nghệ An,Tỉnh Nghệ An,Xã Vân Tụ,Xã,17611
Xã Long Thành,Huyện Yên Thành,Tỉnh Nghệ An,Tỉnh Nghệ An,Xã Hợp Minh,Xã,17605
Xã Lăng Thành,Huyện Yên Thành,Tỉnh Nghệ An,Tỉnh Nghệ An,Xã Giai Lạc,Xã,17524
Xã Minh Thành,Huyện Yên Thành,Tỉnh Nghệ An,Tỉnh Nghệ An,Xã Vân Du,Xã,17560
Xã Mã Thành,Huyện Yên Thành,Tỉnh Nghệ An,Tỉnh Nghệ An,Xã Bình Minh,Xã,17515
Xã Mỹ Thành,Huyện Yên Thành,Tỉnh Nghệ An,Tỉnh Nghệ An,Xã Vân Tụ,Xã,17611
Xã Nam Thành,Huyện Yên Thành,Tỉnh Nghệ An,Tỉnh Nghệ An,Xã Quan Thành,Xã,17569
Xã Phú Thành,Huyện Yên Thành,Tỉnh Nghệ An,Tỉnh Nghệ An,Xã Đông Thành,Xã,17530
Xã Phúc Thành,Huyện Yên Thành,Tỉnh Nghệ An,Tỉnh Nghệ An,Xã Giai Lạc,Xã,17524
Xã Quang Thành,Huyện Yên Thành,Tỉnh Nghệ An,Tỉnh Nghệ An,Xã Quang Đồng,Xã,17521
Xã Sơn Thành,Huyện Yên Thành,Tỉnh Nghệ An,Tỉnh Nghệ An,Xã Hợp Minh,Xã,17605
Xã Thịnh Thành,Huyện Yên Thành,Tỉnh Nghệ An,Tỉnh Nghệ An,Xã Vân Du,Xã,17560
Xã Thọ Thành,Huyện Yên Thành,Tỉnh Nghệ An,Tỉnh Nghệ An,Xã Đông Thành,Xã,17530
Xã Tiến Thành,Huyện Yên Thành,Tỉnh Nghệ An,Tỉnh Nghệ An,Xã Bình Minh,Xã,17515
Xã Trung Thành,Huyện Yên Thành,Tỉnh Nghệ An,Tỉnh Nghệ An,Xã Quan Thành,Xã,17569
Xã Tân Thành,Huyện Yên Thành,Tỉnh Nghệ An,Tỉnh Nghệ An,Xã Bình Minh,Xã,17515
Xã Tây Thành,Huyện Yên Thành,Tỉnh Nghệ An,Tỉnh Nghệ An,Xã Vân Du,Xã,17560
Xã Tăng Thành,Huyện Yên Thành,Tỉnh Nghệ An,Tỉnh Nghệ An,Xã Yên Thành,Xã,17506
Xã Viên Thành,Huyện Yên Thành,Tỉnh Nghệ An,Tỉnh Nghệ An,Xã Hợp Minh,Xã,17605
Xã Vân Tụ,Huyện Yên Thành,Tỉnh Nghệ An,Tỉnh Nghệ An,Xã Vân Tụ,Xã,17611
Xã Văn Thành,Huyện Yên Thành,Tỉnh Nghệ An,Tỉnh Nghệ An,Xã Yên Thành,Xã,17506
Xã Vĩnh Thành,Huyện Yên Thành,Tỉnh Nghệ An,Tỉnh Nghệ An,Xã Hợp Minh,Xã,17605
Xã Xuân Thành,Huyện Yên Thành,Tỉnh Nghệ An,Tỉnh Nghệ An,Xã Quan Thành,Xã,17569
Xã Đô Thành,Huyện Yên Thành,Tỉnh Nghệ An,Tỉnh Nghệ An,Xã Đông Thành,Xã,17530
Xã Đông Thành,Huyện Yên Thành,Tỉnh Nghệ An,Tỉnh Nghệ An,Xã Yên Thành,Xã,17506
Xã Đồng Thành,Huyện Yên Thành,Tỉnh Nghệ An,Tỉnh Nghệ An,Xã Quang Đồng,Xã,17521
Xã Đức Thành,Huyện Yên Thành,Tỉnh Nghệ An,Tỉnh Nghệ An,Xã Bình Minh,Xã,17515
Thị trấn Đô Lương,Huyện Đô Lương,Tỉnh Nghệ An,Tỉnh Nghệ An,Xã Đô Lương,Xã,17662
Xã Bài Sơn,Huyện Đô Lương,Tỉnh Nghệ An,Tỉnh Nghệ An,Xã Lương Sơn,Xã,17641
Xã Bạch Ngọc,Huyện Đô Lương,Tỉnh Nghệ An,Tỉnh Nghệ An,Xã Bạch Ngọc,Xã,17623
Xã Bắc Sơn,Huyện Đô Lương,Tỉnh Nghệ An,Tỉnh Nghệ An,Xã Đô Lương,Xã,17662
Xã Bồi Sơn,Huyện Đô Lương,Tỉnh Nghệ An,Tỉnh Nghệ An,Xã Bạch Ngọc,Xã,17623
Xã Giang Sơn Tây,Huyện Đô Lương,Tỉnh Nghệ An,Tỉnh Nghệ An,Xã Bạch Ngọc,Xã,17623
Xã Giang Sơn Đông,Huyện Đô Lương,Tỉnh Nghệ An,Tỉnh Nghệ An,Xã Bạch Ngọc,Xã,17623
Xã Hiến Sơn,Huyện Đô Lương,Tỉnh Nghệ An,Tỉnh Nghệ An,Xã Bạch Hà,Xã,17707
Xã Hòa Sơn,Huyện Đô Lương,Tỉnh Nghệ An,Tỉnh Nghệ An,Xã Văn Hiến,Xã,17677
Xã Hồng Sơn,Huyện Đô Lương,Tỉnh Nghệ An,Tỉnh Nghệ An,Xã Lương Sơn,Xã,17641
Xã Lưu Sơn,Huyện Đô Lương,Tỉnh Nghệ An,Tỉnh Nghệ An,Xã Đô Lương,Xã,17662
Xã Lạc Sơn,Huyện Đô Lương,Tỉnh Nghệ An,Tỉnh Nghệ An,Xã Thuần Trung,Xã,17689
Xã Minh Sơn,Huyện Đô Lương,Tỉnh Nghệ An,Tỉnh Nghệ An,Xã Thuần Trung,Xã,17689
Xã Mỹ Sơn,Huyện Đô Lương,Tỉnh Nghệ An,Tỉnh Nghệ An,Xã Bạch Hà,Xã,17707
Xã Nam Sơn,Huyện Đô Lương,Tỉnh Nghệ An,Tỉnh Nghệ An,Xã Đô Lương,Xã,17662
Xã Nhân Sơn,Huyện Đô Lương,Tỉnh Nghệ An,Tỉnh Nghệ An,Xã Thuần Trung,Xã,17689
Xã Quang Sơn,Huyện Đô Lương,Tỉnh Nghệ An,Tỉnh Nghệ An,Xã Văn Hiến,Xã,17677
Xã Thuận Sơn,Huyện Đô Lương,Tỉnh Nghệ An,Tỉnh Nghệ An,Xã Thuần Trung,Xã,17689
Xã Thái Sơn,Huyện Đô Lương,Tỉnh Nghệ An,Tỉnh Nghệ An,Xã Văn Hiến,Xã,17677
Xã Thượng Sơn,Huyện Đô Lương,Tỉnh Nghệ An,Tỉnh Nghệ An,Xã Văn Hiến,Xã,17677
Xã Thịnh Sơn,Huyện Đô Lương,Tỉnh Nghệ An,Tỉnh Nghệ An,Xã Đô Lương,Xã,17662
Xã Trung Sơn,Huyện Đô Lương,Tỉnh Nghệ An,Tỉnh Nghệ An,Xã Thuần Trung,Xã,17689
Xã Tràng Sơn,Huyện Đô Lương,Tỉnh Nghệ An,Tỉnh Nghệ An,Xã Lương Sơn,Xã,17641
Xã Trù Sơn,Huyện Đô Lương,Tỉnh Nghệ An,Tỉnh Nghệ An,Xã Bạch Hà,Xã,17707
Xã Tân Sơn,Huyện Đô Lương,Tỉnh Nghệ An,Tỉnh Nghệ An,Xã Văn Hiến,Xã,17677
Xã Văn Sơn,Huyện Đô Lương,Tỉnh Nghệ An,Tỉnh Nghệ An,Xã Đô Lương,Xã,17662
Xã Xuân Sơn,Huyện Đô Lương,Tỉnh Nghệ An,Tỉnh Nghệ An,Xã Thuần Trung,Xã,17689
Xã Yên Sơn,Huyện Đô Lương,Tỉnh Nghệ An,Tỉnh Nghệ An,Xã Đô Lương,Xã,17662
Xã Đà Sơn,Huyện Đô Lương,Tỉnh Nghệ An,Tỉnh Nghệ An,Xã Đô Lương,Xã,17662
Xã Đông Sơn,Huyện Đô Lương,Tỉnh Nghệ An,Tỉnh Nghệ An,Xã Lương Sơn,Xã,17641
Xã Đại Sơn,Huyện Đô Lương,Tỉnh Nghệ An,Tỉnh Nghệ An,Xã Bạch Hà,Xã,17707
Xã Đặng Sơn,Huyện Đô Lương,Tỉnh Nghệ An,Tỉnh Nghệ An,Xã Đô Lương,Xã,17662
Phường Bến Thủy,Thành phố Vinh,Tỉnh Nghệ An,Tỉnh Nghệ An,Phường Trường Vinh,Phường,16690
Phường Cửa Nam,Thành phố Vinh,Tỉnh Nghệ An,Tỉnh Nghệ An,Phường Thành Vinh,Phường,16681
Phường Hà Huy Tập,Thành phố Vinh,Tỉnh Nghệ An,Tỉnh Nghệ An,Phường Vinh Phú,Phường,16702
Phường Hưng Bình,Thành phố Vinh,Tỉnh Nghệ An,Tỉnh Nghệ An,Phường Thành Vinh,Phường,16681
Phường Hưng Dũng,Thành phố Vinh,Tỉnh Nghệ An,Tỉnh Nghệ An,Phường Trường Vinh,Phường,16690
Phường Hưng Lộc,Thành phố Vinh,Tỉnh Nghệ An,Tỉnh Nghệ An,Phường Vinh Lộc,Phường,16708
Phường Hưng Phúc,Thành phố Vinh,Tỉnh Nghệ An,Tỉnh Nghệ An,Phường Trường Vinh,Phường,16690
Phường Hưng Đông,Thành phố Vinh,Tỉnh Nghệ An,Tỉnh Nghệ An,Phường Vinh Hưng,Phường,17920
Phường Lê Lợi,Thành phố Vinh,Tỉnh Nghệ An,Tỉnh Nghệ An,Phường Thành Vinh,Phường,16681
Phường Nghi Hòa,Thành phố Vinh,Tỉnh Nghệ An,Tỉnh Nghệ An,Phường Cửa Lò,Phường,16732
Phường Nghi Hương,Thành phố Vinh,Tỉnh Nghệ An,Tỉnh Nghệ An,Phường Cửa Lò,Phường,16732
Phường Nghi Hải,Thành phố Vinh,Tỉnh Nghệ An,Tỉnh Nghệ An,Phường Cửa Lò,Phường,16732
Phường Nghi Phú,Thành phố Vinh,Tỉnh Nghệ An,Tỉnh Nghệ An,Phường Vinh Phú,Phường,16702
Phường Nghi Thu,Thành phố Vinh,Tỉnh Nghệ An,Tỉnh Nghệ An,Phường Cửa Lò,Phường,16732
Phường Nghi Thủy,Thành phố Vinh,Tỉnh Nghệ An,Tỉnh Nghệ An,Phường Cửa Lò,Phường,16732
Phường Nghi Tân,Thành phố Vinh,Tỉnh Nghệ An,Tỉnh Nghệ An,Phường Cửa Lò,Phường,16732
Phường Nghi Đức,Thành phố Vinh,Tỉnh Nghệ An,Tỉnh Nghệ An,Phường Vinh Phú,Phường,16702
Phường Quang Trung,Thành phố Vinh,Tỉnh Nghệ An,Tỉnh Nghệ An,Phường Thành Vinh,Phường,16681
Phường Quán Bàu,Thành phố Vinh,Tỉnh Nghệ An,Tỉnh Nghệ An,Phường Vinh Hưng,Phường,17920
Phường Thu Thủy,Thành phố Vinh,Tỉnh Nghệ An,Tỉnh Nghệ An,Phường Cửa Lò,Phường,16732
Phường Trung Đô,Thành phố Vinh,Tỉnh Nghệ An,Tỉnh Nghệ An,Phường Trường Vinh,Phường,16690
Phường Trường Thi,Thành phố Vinh,Tỉnh Nghệ An,Tỉnh Nghệ An,Phường Trường Vinh,Phường,16690
Phường Vinh Tân,Thành phố Vinh,Tỉnh Nghệ An,Tỉnh Nghệ An,Phường Trường Vinh,Phường,16690
Phường Đông Vĩnh,Thành phố Vinh,Tỉnh Nghệ An,Tỉnh Nghệ An,Phường Thành Vinh,Phường,16681
Xã Hưng Chính,Thành phố Vinh,Tỉnh Nghệ An,Tỉnh Nghệ An,Phường Thành Vinh,Phường,16681
Xã Hưng Hòa,Thành phố Vinh,Tỉnh Nghệ An,Tỉnh Nghệ An,Phường Trường Vinh,Phường,16690
Xã Nghi Kim,Thành phố Vinh,Tỉnh Nghệ An,Tỉnh Nghệ An,Phường Vinh Hưng,Phường,17920
Xã Nghi Liên,Thành phố Vinh,Tỉnh Nghệ An,Tỉnh Nghệ An,Phường Vinh Hưng,Phường,17920
Xã Nghi Phong,Thành phố Vinh,Tỉnh Nghệ An,Tỉnh Nghệ An,Phường Vinh Lộc,Phường,16708
Xã Nghi Thái,Thành phố Vinh,Tỉnh Nghệ An,Tỉnh Nghệ An,Phường Vinh Lộc,Phường,16708
Xã Nghi Xuân,Thành phố Vinh,Tỉnh Nghệ An,Tỉnh Nghệ An,Phường Vinh Lộc,Phường,16708
Xã Nghi Ân,Thành phố Vinh,Tỉnh Nghệ An,Tỉnh Nghệ An,Phường Vinh Phú,Phường,16702
Xã Phúc Thọ,Thành phố Vinh,Tỉnh Nghệ An,Tỉnh Nghệ An,Phường Vinh Lộc,Phường,16708
Phường Mai Hùng,Thị xã Hoàng Mai,Tỉnh Nghệ An,Tỉnh Nghệ An,Phường Quỳnh Mai,Phường,17125
Phường Quỳnh Dị,Thị xã Hoàng Mai,Tỉnh Nghệ An,Tỉnh Nghệ An,Phường Tân Mai,Phường,17128
Phường Quỳnh Phương,Thị xã Hoàng Mai,Tỉnh Nghệ An,Tỉnh Nghệ An,Phường Quỳnh Mai,Phường,17125
Phường Quỳnh Thiện,Thị xã Hoàng Mai,Tỉnh Nghệ An,Tỉnh Nghệ An,Phường Hoàng Mai,Phường,17110
Phường Quỳnh Xuân,Thị xã Hoàng Mai,Tỉnh Nghệ An,Tỉnh Nghệ An,Phường Quỳnh Mai,Phường,17125
Xã Quỳnh Liên,Thị xã Hoàng Mai,Tỉnh Nghệ An,Tỉnh Nghệ An,Phường Quỳnh Mai,Phường,17125
Xã Quỳnh Lập,Thị xã Hoàng Mai,Tỉnh Nghệ An,Tỉnh Nghệ An,Phường Tân Mai,Phường,17128
Xã Quỳnh Lộc,Thị xã Hoàng Mai,Tỉnh Nghệ An,Tỉnh Nghệ An,Phường Tân Mai,Phường,17128
Xã Quỳnh Trang,Thị xã Hoàng Mai,Tỉnh Nghệ An,Tỉnh Nghệ An,Phường Hoàng Mai,Phường,17110
Xã Quỳnh Vinh,Thị xã Hoàng Mai,Tỉnh Nghệ An,Tỉnh Nghệ An,Phường Hoàng Mai,Phường,17110
Phường Hòa Hiếu,Thị xã Thái Hòa,Tỉnh Nghệ An,Tỉnh Nghệ An,Phường Thái Hòa,Phường,16939
Phường Long Sơn,Thị xã Thái Hòa,Tỉnh Nghệ An,Tỉnh Nghệ An,Phường Thái Hòa,Phường,16939
Phường Quang Phong,Thị xã Thái Hòa,Tỉnh Nghệ An,Tỉnh Nghệ An,Phường Thái Hòa,Phường,16939
Phường Quang Tiến,Thị xã Thái Hòa,Tỉnh Nghệ An,Tỉnh Nghệ An,Phường Tây Hiếu,Phường,17011
Xã Nghĩa Mỹ,Thị xã Thái Hòa,Tỉnh Nghệ An,Tỉnh Nghệ An,Xã Đông Hiếu,Xã,17017
Xã Nghĩa Thuận,Thị xã Thái Hòa,Tỉnh Nghệ An,Tỉnh Nghệ An,Xã Đông Hiếu,Xã,17017
Xã Nghĩa Tiến,Thị xã Thái Hòa,Tỉnh Nghệ An,Tỉnh Nghệ An,Phường Tây Hiếu,Phường,17011
Xã Tây Hiếu,Thị xã Thái Hòa,Tỉnh Nghệ An,Tỉnh Nghệ An,Phường Tây Hiếu,Phường,17011
Xã Đông Hiếu,Thị xã Thái Hòa,Tỉnh Nghệ An,Tỉnh Nghệ An,Xã Đông Hiếu,Xã,17017
Thị trấn Bình Mỹ,Huyện Bình Lục,Tỉnh Hà Nam,Tỉnh Ninh Bình,Xã Bình Mỹ,Xã,13501
Xã An Lão,Huyện Bình Lục,Tỉnh Hà Nam,Tỉnh Ninh Bình,Xã Bình Sơn,Xã,13558
Xã An Ninh,Huyện Bình Lục,Tỉnh Hà Nam,Tỉnh Ninh Bình,Xã Bình Giang,Xã,13531
Xã An Đổ,Huyện Bình Lục,Tỉnh Hà Nam,Tỉnh Ninh Bình,Xã Bình Sơn,Xã,13558
Xã Bình An,Huyện Bình Lục,Tỉnh Hà Nam,Tỉnh Ninh Bình,Xã Bình An,Xã,13540
Xã Bình Nghĩa,Huyện Bình Lục,Tỉnh Hà Nam,Tỉnh Ninh Bình,Xã Bình Lục,Xã,13504
Xã Bồ Đề,Huyện Bình Lục,Tỉnh Hà Nam,Tỉnh Ninh Bình,Xã Bình Giang,Xã,13531
Xã La Sơn,Huyện Bình Lục,Tỉnh Hà Nam,Tỉnh Ninh Bình,Xã Bình Mỹ,Xã,13501
Xã Ngọc Lũ,Huyện Bình Lục,Tỉnh Hà Nam,Tỉnh Ninh Bình,Xã Bình An,Xã,13540
Xã Tiêu Động,Huyện Bình Lục,Tỉnh Hà Nam,Tỉnh Ninh Bình,Xã Bình Sơn,Xã,13558
Xã Trung Lương,Huyện Bình Lục,Tỉnh Hà Nam,Tỉnh Ninh Bình,Xã Bình An,Xã,13540
Xã Tràng An,Huyện Bình Lục,Tỉnh Hà Nam,Tỉnh Ninh Bình,Xã Bình Lục,Xã,13504
Xã Vũ Bản,Huyện Bình Lục,Tỉnh Hà Nam,Tỉnh Ninh Bình,Xã Bình Giang,Xã,13531
Xã Đồn Xá,Huyện Bình Lục,Tỉnh Hà Nam,Tỉnh Ninh Bình,Xã Bình Mỹ,Xã,13501
Xã Đồng Du,Huyện Bình Lục,Tỉnh Hà Nam,Tỉnh Ninh Bình,Xã Bình Lục,Xã,13504
Thị trấn Vĩnh Trụ,Huyện Lý Nhân,Tỉnh Hà Nam,Tỉnh Ninh Bình,Xã Vĩnh Trụ,Xã,13597
Xã Bắc Lý,Huyện Lý Nhân,Tỉnh Hà Nam,Tỉnh Ninh Bình,Xã Bắc Lý,Xã,13579
Xã Chân Lý,Huyện Lý Nhân,Tỉnh Hà Nam,Tỉnh Ninh Bình,Xã Bắc Lý,Xã,13579
Xã Chính Lý,Huyện Lý Nhân,Tỉnh Hà Nam,Tỉnh Ninh Bình,Xã Lý Nhân,Xã,13573
Xã Công Lý,Huyện Lý Nhân,Tỉnh Hà Nam,Tỉnh Ninh Bình,Xã Nam Xang,Xã,13591
Xã Hòa Hậu,Huyện Lý Nhân,Tỉnh Hà Nam,Tỉnh Ninh Bình,Xã Nam Lý,Xã,13627
Xã Hợp Lý,Huyện Lý Nhân,Tỉnh Hà Nam,Tỉnh Ninh Bình,Xã Lý Nhân,Xã,13573
Xã Nguyên Lý,Huyện Lý Nhân,Tỉnh Hà Nam,Tỉnh Ninh Bình,Xã Nam Xang,Xã,13591
Xã Nhân Bình,Huyện Lý Nhân,Tỉnh Hà Nam,Tỉnh Ninh Bình,Xã Trần Thương,Xã,13594
Xã Nhân Chính,Huyện Lý Nhân,Tỉnh Hà Nam,Tỉnh Ninh Bình,Xã Vĩnh Trụ,Xã,13597
Xã Nhân Khang,Huyện Lý Nhân,Tỉnh Hà Nam,Tỉnh Ninh Bình,Xã Vĩnh Trụ,Xã,13597
Xã Nhân Mỹ,Huyện Lý Nhân,Tỉnh Hà Nam,Tỉnh Ninh Bình,Xã Nhân Hà,Xã,13609
Xã Nhân Nghĩa,Huyện Lý Nhân,Tỉnh Hà Nam,Tỉnh Ninh Bình,Xã Trần Thương,Xã,13594
Xã Nhân Thịnh,Huyện Lý Nhân,Tỉnh Hà Nam,Tỉnh Ninh Bình,Xã Nhân Hà,Xã,13609
Xã Phú Phúc,Huyện Lý Nhân,Tỉnh Hà Nam,Tỉnh Ninh Bình,Xã Nam Lý,Xã,13627
Xã Tiến Thắng,Huyện Lý Nhân,Tỉnh Hà Nam,Tỉnh Ninh Bình,Xã Nam Lý,Xã,13627
Xã Trần Hưng Đạo,Huyện Lý Nhân,Tỉnh Hà Nam,Tỉnh Ninh Bình,Xã Trần Thương,Xã,13594
Xã Văn Lý,Huyện Lý Nhân,Tỉnh Hà Nam,Tỉnh Ninh Bình,Xã Lý Nhân,Xã,13573
Xã Xuân Khê,Huyện Lý Nhân,Tỉnh Hà Nam,Tỉnh Ninh Bình,Xã Nhân Hà,Xã,13609
Xã Đạo Lý,Huyện Lý Nhân,Tỉnh Hà Nam,Tỉnh Ninh Bình,Xã Bắc Lý,Xã,13579
Xã Đức Lý,Huyện Lý Nhân,Tỉnh Hà Nam,Tỉnh Ninh Bình,Xã Nam Xang,Xã,13591
Thị trấn Kiện Khê,Huyện Thanh Liêm,Tỉnh Hà Nam,Tỉnh Ninh Bình,Phường Châu Sơn,Phường,13318
Thị trấn Tân Thanh,Huyện Thanh Liêm,Tỉnh Hà Nam,Tỉnh Ninh Bình,Xã Tân Thanh,Xã,13474
Xã Liêm Cần,Huyện Thanh Liêm,Tỉnh Hà Nam,Tỉnh Ninh Bình,Xã Liêm Hà,Xã,13456
Xã Liêm Phong,Huyện Thanh Liêm,Tỉnh Hà Nam,Tỉnh Ninh Bình,Xã Liêm Hà,Xã,13456
Xã Liêm Sơn,Huyện Thanh Liêm,Tỉnh Hà Nam,Tỉnh Ninh Bình,Xã Thanh Bình,Xã,13483
Xã Liêm Thuận,Huyện Thanh Liêm,Tỉnh Hà Nam,Tỉnh Ninh Bình,Xã Thanh Bình,Xã,13483
Xã Liêm Túc,Huyện Thanh Liêm,Tỉnh Hà Nam,Tỉnh Ninh Bình,Xã Thanh Bình,Xã,13483
Xã Thanh Hà,Huyện Thanh Liêm,Tỉnh Hà Nam,Tỉnh Ninh Bình,Xã Liêm Hà,Xã,13456
Xã Thanh Hương,Huyện Thanh Liêm,Tỉnh Hà Nam,Tỉnh Ninh Bình,Xã Thanh Liêm,Xã,13495
Xã Thanh Hải,Huyện Thanh Liêm,Tỉnh Hà Nam,Tỉnh Ninh Bình,Xã Thanh Lâm,Xã,13489
Xã Thanh Nghị,Huyện Thanh Liêm,Tỉnh Hà Nam,Tỉnh Ninh Bình,Xã Thanh Lâm,Xã,13489
Xã Thanh Nguyên,Huyện Thanh Liêm,Tỉnh Hà Nam,Tỉnh Ninh Bình,Xã Thanh Liêm,Xã,13495
Xã Thanh Phong,Huyện Thanh Liêm,Tỉnh Hà Nam,Tỉnh Ninh Bình,Xã Tân Thanh,Xã,13474
Xã Thanh Thủy,Huyện Thanh Liêm,Tỉnh Hà Nam,Tỉnh Ninh Bình,Xã Tân Thanh,Xã,13474
Xã Thanh Tâm,Huyện Thanh Liêm,Tỉnh Hà Nam,Tỉnh Ninh Bình,Xã Thanh Liêm,Xã,13495
Xã Thanh Tân,Huyện Thanh Liêm,Tỉnh Hà Nam,Tỉnh Ninh Bình,Xã Thanh Lâm,Xã,13489
Phường Châu Cầu,Thành phố Phủ Lý,Tỉnh Hà Nam,Tỉnh Ninh Bình,Phường Phủ Lý,Phường,13285
Phường Châu Sơn,Thành phố Phủ Lý,Tỉnh Hà Nam,Tỉnh Ninh Bình,Phường Châu Sơn,Phường,13318
Phường Lam Hạ,Thành phố Phủ Lý,Tỉnh Hà Nam,Tỉnh Ninh Bình,Phường Hà Nam,Phường,13366
Phường Liêm Chính,Thành phố Phủ Lý,Tỉnh Hà Nam,Tỉnh Ninh Bình,Phường Phủ Lý,Phường,13285
Phường Lê Hồng Phong,Thành phố Phủ Lý,Tỉnh Hà Nam,Tỉnh Ninh Bình,Phường Phù Vân,Phường,13291
Phường Quang Trung,Thành phố Phủ Lý,Tỉnh Hà Nam,Tỉnh Ninh Bình,Phường Hà Nam,Phường,13366
Phường Quang Trung,Thành phố Phủ Lý,Tỉnh Hà Nam,Tỉnh Ninh Bình,Phường Phủ Lý,Phường,13285
Phường Thanh Châu,Thành phố Phủ Lý,Tỉnh Hà Nam,Tỉnh Ninh Bình,Phường Phủ Lý,Phường,13285
Phường Thanh Tuyền,Thành phố Phủ Lý,Tỉnh Hà Nam,Tỉnh Ninh Bình,Phường Châu Sơn,Phường,13318
Phường Tân Hiệp,Thành phố Phủ Lý,Tỉnh Hà Nam,Tỉnh Ninh Bình,Phường Hà Nam,Phường,13366
Phường Tân Liêm,Thành phố Phủ Lý,Tỉnh Hà Nam,Tỉnh Ninh Bình,Phường Liêm Tuyền,Phường,13444
Xã Kim Bình,Thành phố Phủ Lý,Tỉnh Hà Nam,Tỉnh Ninh Bình,Phường Phù Vân,Phường,13291
Xã Phù Vân,Thành phố Phủ Lý,Tỉnh Hà Nam,Tỉnh Ninh Bình,Phường Phù Vân,Phường,13291
Xã Trịnh Xá,Thành phố Phủ Lý,Tỉnh Hà Nam,Tỉnh Ninh Bình,Phường Liêm Tuyền,Phường,13444
Xã Đinh Xá,Thành phố Phủ Lý,Tỉnh Hà Nam,Tỉnh Ninh Bình,Phường Liêm Tuyền,Phường,13444
Phường Bạch Thượng,Thị xã Duy Tiên,Tỉnh Hà Nam,Tỉnh Ninh Bình,Phường Đồng Văn,Phường,13348
Phường Châu Giang,Thị xã Duy Tiên,Tỉnh Hà Nam,Tỉnh Ninh Bình,Phường Duy Tân,Phường,13330
Phường Duy Hải,Thị xã Duy Tiên,Tỉnh Hà Nam,Tỉnh Ninh Bình,Phường Duy Hà,Phường,13336
Phường Duy Minh,Thị xã Duy Tiên,Tỉnh Hà Nam,Tỉnh Ninh Bình,Phường Duy Hà,Phường,13336
Phường Hoàng Đông,Thị xã Duy Tiên,Tỉnh Hà Nam,Tỉnh Ninh Bình,Phường Duy Hà,Phường,13336
Phường Hoàng Đông,Thị xã Duy Tiên,Tỉnh Hà Nam,Tỉnh Ninh Bình,Phường Hà Nam,Phường,13366
Phường Hòa Mạc,Thị xã Duy Tiên,Tỉnh Hà Nam,Tỉnh Ninh Bình,Phường Duy Tân,Phường,13330
Phường Hòa Mạc,Thị xã Duy Tiên,Tỉnh Hà Nam,Tỉnh Ninh Bình,Phường Duy Tiên,Phường,13324
Phường Tiên Nội,Thị xã Duy Tiên,Tỉnh Hà Nam,Tỉnh Ninh Bình,Phường Hà Nam,Phường,13366
Phường Tiên Nội,Thị xã Duy Tiên,Tỉnh Hà Nam,Tỉnh Ninh Bình,Phường Tiên Sơn,Phường,13363
Phường Yên Bắc,Thị xã Duy Tiên,Tỉnh Hà Nam,Tỉnh Ninh Bình,Phường Đồng Văn,Phường,13348
Phường Đồng Văn,Thị xã Duy Tiên,Tỉnh Hà Nam,Tỉnh Ninh Bình,Phường Đồng Văn,Phường,13348
Xã Chuyên Ngoại,Thị xã Duy Tiên,Tỉnh Hà Nam,Tỉnh Ninh Bình,Phường Duy Tiên,Phường,13324
Xã Mộc Hoàn,Thị xã Duy Tiên,Tỉnh Hà Nam,Tỉnh Ninh Bình,Phường Duy Tân,Phường,13330
Xã Tiên Ngoại,Thị xã Duy Tiên,Tỉnh Hà Nam,Tỉnh Ninh Bình,Phường Hà Nam,Phường,13366
Xã Tiên Ngoại,Thị xã Duy Tiên,Tỉnh Hà Nam,Tỉnh Ninh Bình,Phường Tiên Sơn,Phường,13363
Xã Tiên Sơn,Thị xã Duy Tiên,Tỉnh Hà Nam,Tỉnh Ninh Bình,Phường Tiên Sơn,Phường,13363
Xã Trác Văn,Thị xã Duy Tiên,Tỉnh Hà Nam,Tỉnh Ninh Bình,Phường Duy Tiên,Phường,13324
Xã Yên Nam,Thị xã Duy Tiên,Tỉnh Hà Nam,Tỉnh Ninh Bình,Phường Duy Tiên,Phường,13324
Phường Ba Sao,Thị xã Kim Bảng,Tỉnh Hà Nam,Tỉnh Ninh Bình,Phường Tam Chúc,Phường,13420
Phường Lê Hồ,Thị xã Kim Bảng,Tỉnh Hà Nam,Tỉnh Ninh Bình,Phường Lê Hồ,Phường,13393
Phường Ngọc Sơn,Thị xã Kim Bảng,Tỉnh Hà Nam,Tỉnh Ninh Bình,Phường Kim Bảng,Phường,13384
Phường Quế,Thị xã Kim Bảng,Tỉnh Hà Nam,Tỉnh Ninh Bình,Phường Kim Bảng,Phường,13384
Phường Thi Sơn,Thị xã Kim Bảng,Tỉnh Hà Nam,Tỉnh Ninh Bình,Phường Lý Thường Kiệt,Phường,13435
Phường Tân Sơn,Thị xã Kim Bảng,Tỉnh Hà Nam,Tỉnh Ninh Bình,Phường Nguyễn Úy,Phường,13396
Phường Tân Tựu,Thị xã Kim Bảng,Tỉnh Hà Nam,Tỉnh Ninh Bình,Phường Kim Thanh,Phường,13402
Phường Tượng Lĩnh,Thị xã Kim Bảng,Tỉnh Hà Nam,Tỉnh Ninh Bình,Phường Nguyễn Úy,Phường,13396
Phường Đại Cương,Thị xã Kim Bảng,Tỉnh Hà Nam,Tỉnh Ninh Bình,Phường Lê Hồ,Phường,13393
Phường Đồng Hóa,Thị xã Kim Bảng,Tỉnh Hà Nam,Tỉnh Ninh Bình,Phường Lê Hồ,Phường,13393
Xã Hoàng Tây,Thị xã Kim Bảng,Tỉnh Hà Nam,Tỉnh Ninh Bình,Phường Kim Thanh,Phường,13402
Xã Khả Phong,Thị xã Kim Bảng,Tỉnh Hà Nam,Tỉnh Ninh Bình,Phường Tam Chúc,Phường,13420
Xã Liên Sơn,Thị xã Kim Bảng,Tỉnh Hà Nam,Tỉnh Ninh Bình,Phường Lý Thường Kiệt,Phường,13435
Xã Nguyễn Úy,Thị xã Kim Bảng,Tỉnh Hà Nam,Tỉnh Ninh Bình,Phường Nguyễn Úy,Phường,13396
Xã Thanh Sơn,Thị xã Kim Bảng,Tỉnh Hà Nam,Tỉnh Ninh Bình,Phường Lý Thường Kiệt,Phường,13435
Xã Thụy Lôi,Thị xã Kim Bảng,Tỉnh Hà Nam,Tỉnh Ninh Bình,Phường Tam Chúc,Phường,13420
Xã Văn Xá,Thị xã Kim Bảng,Tỉnh Hà Nam,Tỉnh Ninh Bình,Phường Kim Bảng,Phường,13384
Thị trấn Giao Thủy,Huyện Giao Thủy,Tỉnh Nam Định,Tỉnh Ninh Bình,Xã Giao Thủy,Xã,14167
Thị trấn Quất Lâm,Huyện Giao Thủy,Tỉnh Nam Định,Tỉnh Ninh Bình,Xã Giao Ninh,Xã,14212
Xã Bình Hòa,Huyện Giao Thủy,Tỉnh Nam Định,Tỉnh Ninh Bình,Xã Giao Thủy,Xã,14167
Xã Bạch Long,Huyện Giao Thủy,Tỉnh Nam Định,Tỉnh Ninh Bình,Xã Giao Bình,Xã,14194
Xã Giao An,Huyện Giao Thủy,Tỉnh Nam Định,Tỉnh Ninh Bình,Xã Giao Hòa,Xã,14182
Xã Giao Châu,Huyện Giao Thủy,Tỉnh Nam Định,Tỉnh Ninh Bình,Xã Giao Hưng,Xã,14179
Xã Giao Hà,Huyện Giao Thủy,Tỉnh Nam Định,Tỉnh Ninh Bình,Xã Giao Phúc,Xã,14203
Xã Giao Hương,Huyện Giao Thủy,Tỉnh Nam Định,Tỉnh Ninh Bình,Xã Giao Minh,Xã,14161
Xã Giao Hải,Huyện Giao Thủy,Tỉnh Nam Định,Tỉnh Ninh Bình,Xã Giao Phúc,Xã,14203
Xã Giao Long,Huyện Giao Thủy,Tỉnh Nam Định,Tỉnh Ninh Bình,Xã Giao Hưng,Xã,14179
Xã Giao Lạc,Huyện Giao Thủy,Tỉnh Nam Định,Tỉnh Ninh Bình,Xã Giao Hòa,Xã,14182
Xã Giao Nhân,Huyện Giao Thủy,Tỉnh Nam Định,Tỉnh Ninh Bình,Xã Giao Hưng,Xã,14179
Xã Giao Phong,Huyện Giao Thủy,Tỉnh Nam Định,Tỉnh Ninh Bình,Xã Giao Ninh,Xã,14212
Xã Giao Thanh,Huyện Giao Thủy,Tỉnh Nam Định,Tỉnh Ninh Bình,Xã Giao Minh,Xã,14161
Xã Giao Thiện,Huyện Giao Thủy,Tỉnh Nam Định,Tỉnh Ninh Bình,Xã Giao Minh,Xã,14161
Xã Giao Thịnh,Huyện Giao Thủy,Tỉnh Nam Định,Tỉnh Ninh Bình,Xã Giao Ninh,Xã,14212
Xã Giao Tân,Huyện Giao Thủy,Tỉnh Nam Định,Tỉnh Ninh Bình,Xã Giao Bình,Xã,14194
Xã Giao Xuân,Huyện Giao Thủy,Tỉnh Nam Định,Tỉnh Ninh Bình,Xã Giao Phúc,Xã,14203
Xã Giao Yến,Huyện Giao Thủy,Tỉnh Nam Định,Tỉnh Ninh Bình,Xã Giao Bình,Xã,14194
Xã Hồng Thuận,Huyện Giao Thủy,Tỉnh Nam Định,Tỉnh Ninh Bình,Xã Giao Hòa,Xã,14182
Thị trấn Cồn,Huyện Hải Hậu,Tỉnh Nam Định,Tỉnh Ninh Bình,Xã Hải Tiến,Xã,14218
Thị trấn Thịnh Long,Huyện Hải Hậu,Tỉnh Nam Định,Tỉnh Ninh Bình,Xã Hải Thịnh,Xã,14221
Thị trấn Yên Định,Huyện Hải Hậu,Tỉnh Nam Định,Tỉnh Ninh Bình,Xã Hải Hậu,Xã,14215
Xã Hải An,Huyện Hải Hậu,Tỉnh Nam Định,Tỉnh Ninh Bình,Xã Hải An,Xã,14281
Xã Hải Anh,Huyện Hải Hậu,Tỉnh Nam Định,Tỉnh Ninh Bình,Xã Hải Anh,Xã,14236
Xã Hải Châu,Huyện Hải Hậu,Tỉnh Nam Định,Tỉnh Ninh Bình,Xã Hải Thịnh,Xã,14221
Xã Hải Giang,Huyện Hải Hậu,Tỉnh Nam Định,Tỉnh Ninh Bình,Xã Hải An,Xã,14281
Xã Hải Hòa,Huyện Hải Hậu,Tỉnh Nam Định,Tỉnh Ninh Bình,Xã Hải Xuân,Xã,14308
Xã Hải Hưng,Huyện Hải Hậu,Tỉnh Nam Định,Tỉnh Ninh Bình,Xã Hải Hưng,Xã,14248
Xã Hải Long,Huyện Hải Hậu,Tỉnh Nam Định,Tỉnh Ninh Bình,Xã Hải Hậu,Xã,14215
Xã Hải Lộc,Huyện Hải Hậu,Tỉnh Nam Định,Tỉnh Ninh Bình,Xã Hải Hưng,Xã,14248
Xã Hải Minh,Huyện Hải Hậu,Tỉnh Nam Định,Tỉnh Ninh Bình,Xã Hải Anh,Xã,14236
Xã Hải Nam,Huyện Hải Hậu,Tỉnh Nam Định,Tỉnh Ninh Bình,Xã Hải Hưng,Xã,14248
Xã Hải Ninh,Huyện Hải Hậu,Tỉnh Nam Định,Tỉnh Ninh Bình,Xã Hải Thịnh,Xã,14221
Xã Hải Phong,Huyện Hải Hậu,Tỉnh Nam Định,Tỉnh Ninh Bình,Xã Hải An,Xã,14281
Xã Hải Phú,Huyện Hải Hậu,Tỉnh Nam Định,Tỉnh Ninh Bình,Xã Hải Xuân,Xã,14308
Xã Hải Quang,Huyện Hải Hậu,Tỉnh Nam Định,Tỉnh Ninh Bình,Xã Hải Quang,Xã,14287
Xã Hải Sơn,Huyện Hải Hậu,Tỉnh Nam Định,Tỉnh Ninh Bình,Xã Hải Tiến,Xã,14218
Xã Hải Trung,Huyện Hải Hậu,Tỉnh Nam Định,Tỉnh Ninh Bình,Xã Hải Hậu,Xã,14215
Xã Hải Tân,Huyện Hải Hậu,Tỉnh Nam Định,Tỉnh Ninh Bình,Xã Hải Tiến,Xã,14218
Xã Hải Tây,Huyện Hải Hậu,Tỉnh Nam Định,Tỉnh Ninh Bình,Xã Hải Quang,Xã,14287
Xã Hải Xuân,Huyện Hải Hậu,Tỉnh Nam Định,Tỉnh Ninh Bình,Xã Hải Xuân,Xã,14308
Xã Hải Đông,Huyện Hải Hậu,Tỉnh Nam Định,Tỉnh Ninh Bình,Xã Hải Quang,Xã,14287
Xã Hải Đường,Huyện Hải Hậu,Tỉnh Nam Định,Tỉnh Ninh Bình,Xã Hải Anh,Xã,14236
Thị trấn Nam Giang,Huyện Nam Trực,Tỉnh Nam Định,Tỉnh Ninh Bình,Xã Nam Trực,Xã,13966
Xã Bình Minh,Huyện Nam Trực,Tỉnh Nam Định,Tỉnh Ninh Bình,Xã Nam Minh,Xã,14011
Xã Hồng Quang,Huyện Nam Trực,Tỉnh Nam Định,Tỉnh Ninh Bình,Phường Hồng Quang,Phường,13984
Xã Nam Cường,Huyện Nam Trực,Tỉnh Nam Định,Tỉnh Ninh Bình,Xã Nam Trực,Xã,13966
Xã Nam Dương,Huyện Nam Trực,Tỉnh Nam Định,Tỉnh Ninh Bình,Xã Nam Minh,Xã,14011
Xã Nam Hoa,Huyện Nam Trực,Tỉnh Nam Định,Tỉnh Ninh Bình,Xã Nam Ninh,Xã,14005
Xã Nam Hùng,Huyện Nam Trực,Tỉnh Nam Định,Tỉnh Ninh Bình,Xã Nam Trực,Xã,13966
Xã Nam Hải,Huyện Nam Trực,Tỉnh Nam Định,Tỉnh Ninh Bình,Xã Nam Ninh,Xã,14005
Xã Nam Hồng,Huyện Nam Trực,Tỉnh Nam Định,Tỉnh Ninh Bình,Xã Nam Hồng,Xã,13987
Xã Nam Lợi,Huyện Nam Trực,Tỉnh Nam Định,Tỉnh Ninh Bình,Xã Nam Ninh,Xã,14005
Xã Nam Thanh,Huyện Nam Trực,Tỉnh Nam Định,Tỉnh Ninh Bình,Xã Nam Ninh,Xã,14005
Xã Nam Thái,Huyện Nam Trực,Tỉnh Nam Định,Tỉnh Ninh Bình,Xã Nam Đồng,Xã,14014
Xã Nam Thắng,Huyện Nam Trực,Tỉnh Nam Định,Tỉnh Ninh Bình,Xã Nam Hồng,Xã,13987
Xã Nam Tiến,Huyện Nam Trực,Tỉnh Nam Định,Tỉnh Ninh Bình,Xã Nam Minh,Xã,14011
Xã Nam Điền,Huyện Nam Trực,Tỉnh Nam Định,Tỉnh Ninh Bình,Phường Vị Khê,Phường,13972
Xã Nghĩa An,Huyện Nam Trực,Tỉnh Nam Định,Tỉnh Ninh Bình,Phường Hồng Quang,Phường,13984
Xã Tân Thịnh,Huyện Nam Trực,Tỉnh Nam Định,Tỉnh Ninh Bình,Xã Nam Hồng,Xã,13987
Xã Đồng Sơn,Huyện Nam Trực,Tỉnh Nam Định,Tỉnh Ninh Bình,Xã Nam Đồng,Xã,14014
Thị trấn Liễu Đề,Huyện Nghĩa Hưng,Tỉnh Nam Định,Tỉnh Ninh Bình,Xã Nghĩa Hưng,Xã,13891
Thị trấn Quỹ Nhất,Huyện Nghĩa Hưng,Tỉnh Nam Định,Tỉnh Ninh Bình,Xã Quỹ Nhất,Xã,13939
Thị trấn Rạng Đông,Huyện Nghĩa Hưng,Tỉnh Nam Định,Tỉnh Ninh Bình,Xã Rạng Đông,Xã,13894
Xã Hoàng Nam,Huyện Nghĩa Hưng,Tỉnh Nam Định,Tỉnh Ninh Bình,Xã Đồng Thịnh,Xã,13900
Xã Nam Điền,Huyện Nghĩa Hưng,Tỉnh Nam Định,Tỉnh Ninh Bình,Xã Rạng Đông,Xã,13894
Xã Nghĩa Châu,Huyện Nghĩa Hưng,Tỉnh Nam Định,Tỉnh Ninh Bình,Xã Nghĩa Hưng,Xã,13891
Xã Nghĩa Hùng,Huyện Nghĩa Hưng,Tỉnh Nam Định,Tỉnh Ninh Bình,Xã Nghĩa Lâm,Xã,13957
Xã Nghĩa Hải,Huyện Nghĩa Hưng,Tỉnh Nam Định,Tỉnh Ninh Bình,Xã Nghĩa Lâm,Xã,13957
Xã Nghĩa Hồng,Huyện Nghĩa Hưng,Tỉnh Nam Định,Tỉnh Ninh Bình,Xã Hồng Phong,Xã,13927
Xã Nghĩa Lâm,Huyện Nghĩa Hưng,Tỉnh Nam Định,Tỉnh Ninh Bình,Xã Nghĩa Lâm,Xã,13957
Xã Nghĩa Lạc,Huyện Nghĩa Hưng,Tỉnh Nam Định,Tỉnh Ninh Bình,Xã Nghĩa Sơn,Xã,13918
Xã Nghĩa Lợi,Huyện Nghĩa Hưng,Tỉnh Nam Định,Tỉnh Ninh Bình,Xã Quỹ Nhất,Xã,13939
Xã Nghĩa Phong,Huyện Nghĩa Hưng,Tỉnh Nam Định,Tỉnh Ninh Bình,Xã Hồng Phong,Xã,13927
Xã Nghĩa Phú,Huyện Nghĩa Hưng,Tỉnh Nam Định,Tỉnh Ninh Bình,Xã Hồng Phong,Xã,13927
Xã Nghĩa Sơn,Huyện Nghĩa Hưng,Tỉnh Nam Định,Tỉnh Ninh Bình,Xã Nghĩa Sơn,Xã,13918
Xã Nghĩa Thành,Huyện Nghĩa Hưng,Tỉnh Nam Định,Tỉnh Ninh Bình,Xã Quỹ Nhất,Xã,13939
Xã Nghĩa Thái,Huyện Nghĩa Hưng,Tỉnh Nam Định,Tỉnh Ninh Bình,Xã Nghĩa Hưng,Xã,13891
Xã Nghĩa Trung,Huyện Nghĩa Hưng,Tỉnh Nam Định,Tỉnh Ninh Bình,Xã Nghĩa Hưng,Xã,13891
Xã Phúc Thắng,Huyện Nghĩa Hưng,Tỉnh Nam Định,Tỉnh Ninh Bình,Xã Rạng Đông,Xã,13894
Xã Đồng Thịnh,Huyện Nghĩa Hưng,Tỉnh Nam Định,Tỉnh Ninh Bình,Xã Đồng Thịnh,Xã,13900
Thị trấn Cát Thành,Huyện Trực Ninh,Tỉnh Nam Định,Tỉnh Ninh Bình,Xã Cát Thành,Xã,14056
Thị trấn Cổ Lễ,Huyện Trực Ninh,Tỉnh Nam Định,Tỉnh Ninh Bình,Xã Cổ Lễ,Xã,14026
Thị trấn Ninh Cường,Huyện Trực Ninh,Tỉnh Nam Định,Tỉnh Ninh Bình,Xã Ninh Cường,Xã,14077
Xã Liêm Hải,Huyện Trực Ninh,Tỉnh Nam Định,Tỉnh Ninh Bình,Xã Ninh Giang,Xã,14038
Xã Phương Định,Huyện Trực Ninh,Tỉnh Nam Định,Tỉnh Ninh Bình,Xã Ninh Giang,Xã,14038
Xã Trung Đông,Huyện Trực Ninh,Tỉnh Nam Định,Tỉnh Ninh Bình,Xã Cổ Lễ,Xã,14026
Xã Trực Chính,Huyện Trực Ninh,Tỉnh Nam Định,Tỉnh Ninh Bình,Xã Ninh Giang,Xã,14038
Xã Trực Cường,Huyện Trực Ninh,Tỉnh Nam Định,Tỉnh Ninh Bình,Xã Ninh Cường,Xã,14077
Xã Trực Hùng,Huyện Trực Ninh,Tỉnh Nam Định,Tỉnh Ninh Bình,Xã Ninh Cường,Xã,14077
Xã Trực Hưng,Huyện Trực Ninh,Tỉnh Nam Định,Tỉnh Ninh Bình,Xã Trực Ninh,Xã,14053
Xã Trực Khang,Huyện Trực Ninh,Tỉnh Nam Định,Tỉnh Ninh Bình,Xã Quang Hưng,Xã,14062
Xã Trực Mỹ,Huyện Trực Ninh,Tỉnh Nam Định,Tỉnh Ninh Bình,Xã Quang Hưng,Xã,14062
Xã Trực Nội,Huyện Trực Ninh,Tỉnh Nam Định,Tỉnh Ninh Bình,Xã Trực Ninh,Xã,14053
Xã Trực Thanh,Huyện Trực Ninh,Tỉnh Nam Định,Tỉnh Ninh Bình,Xã Trực Ninh,Xã,14053
Xã Trực Thuận,Huyện Trực Ninh,Tỉnh Nam Định,Tỉnh Ninh Bình,Xã Quang Hưng,Xã,14062
Xã Trực Thái,Huyện Trực Ninh,Tỉnh Nam Định,Tỉnh Ninh Bình,Xã Minh Thái,Xã,14071
Xã Trực Thắng,Huyện Trực Ninh,Tỉnh Nam Định,Tỉnh Ninh Bình,Xã Minh Thái,Xã,14071
Xã Trực Tuấn,Huyện Trực Ninh,Tỉnh Nam Định,Tỉnh Ninh Bình,Xã Cổ Lễ,Xã,14026
Xã Trực Đại,Huyện Trực Ninh,Tỉnh Nam Định,Tỉnh Ninh Bình,Xã Minh Thái,Xã,14071
Xã Trực Đạo,Huyện Trực Ninh,Tỉnh Nam Định,Tỉnh Ninh Bình,Xã Cát Thành,Xã,14056
Xã Việt Hùng,Huyện Trực Ninh,Tỉnh Nam Định,Tỉnh Ninh Bình,Xã Cát Thành,Xã,14056
Thị trấn Gôi,Huyện Vụ Bản,Tỉnh Nam Định,Tỉnh Ninh Bình,Xã Vụ Bản,Xã,13741
Xã Cộng Hòa,Huyện Vụ Bản,Tỉnh Nam Định,Tỉnh Ninh Bình,Xã Minh Tân,Xã,13750
Xã Hiển Khánh,Huyện Vụ Bản,Tỉnh Nam Định,Tỉnh Ninh Bình,Xã Hiển Khánh,Xã,13753
Xã Hợp Hưng,Huyện Vụ Bản,Tỉnh Nam Định,Tỉnh Ninh Bình,Xã Hiển Khánh,Xã,13753
Xã Kim Thái,Huyện Vụ Bản,Tỉnh Nam Định,Tỉnh Ninh Bình,Xã Vụ Bản,Xã,13741
Xã Liên Minh,Huyện Vụ Bản,Tỉnh Nam Định,Tỉnh Ninh Bình,Xã Liên Minh,Xã,13786
Xã Minh Tân,Huyện Vụ Bản,Tỉnh Nam Định,Tỉnh Ninh Bình,Xã Minh Tân,Xã,13750
Xã Quang Trung,Huyện Vụ Bản,Tỉnh Nam Định,Tỉnh Ninh Bình,Xã Hiển Khánh,Xã,13753
Xã Tam Thanh,Huyện Vụ Bản,Tỉnh Nam Định,Tỉnh Ninh Bình,Xã Vụ Bản,Xã,13741
Xã Thành Lợi,Huyện Vụ Bản,Tỉnh Nam Định,Tỉnh Ninh Bình,Phường Trường Thi,Phường,13777
Xã Trung Thành,Huyện Vụ Bản,Tỉnh Nam Định,Tỉnh Ninh Bình,Xã Hiển Khánh,Xã,13753
Xã Vĩnh Hào,Huyện Vụ Bản,Tỉnh Nam Định,Tỉnh Ninh Bình,Xã Liên Minh,Xã,13786
Xã Đại An,Huyện Vụ Bản,Tỉnh Nam Định,Tỉnh Ninh Bình,Phường Thành Nam,Phường,13699
Xã Đại Thắng,Huyện Vụ Bản,Tỉnh Nam Định,Tỉnh Ninh Bình,Xã Liên Minh,Xã,13786
Thị trấn Xuân Trường,Huyện Xuân Trường,Tỉnh Nam Định,Tỉnh Ninh Bình,Xã Xuân Trường,Xã,14089
Xã Thọ Nghiệp,Huyện Xuân Trường,Tỉnh Nam Định,Tỉnh Ninh Bình,Xã Xuân Hưng,Xã,14122
Xã Trà Lũ,Huyện Xuân Trường,Tỉnh Nam Định,Tỉnh Ninh Bình,Xã Xuân Hưng,Xã,14122
Xã Xuân Châu,Huyện Xuân Trường,Tỉnh Nam Định,Tỉnh Ninh Bình,Xã Xuân Hồng,Xã,14095
Xã Xuân Giang,Huyện Xuân Trường,Tỉnh Nam Định,Tỉnh Ninh Bình,Xã Xuân Giang,Xã,14104
Xã Xuân Hồng,Huyện Xuân Trường,Tỉnh Nam Định,Tỉnh Ninh Bình,Xã Xuân Hồng,Xã,14095
Xã Xuân Ngọc,Huyện Xuân Trường,Tỉnh Nam Định,Tỉnh Ninh Bình,Xã Xuân Trường,Xã,14089
Xã Xuân Ninh,Huyện Xuân Trường,Tỉnh Nam Định,Tỉnh Ninh Bình,Xã Xuân Trường,Xã,14089
Xã Xuân Phú,Huyện Xuân Trường,Tỉnh Nam Định,Tỉnh Ninh Bình,Xã Xuân Giang,Xã,14104
Xã Xuân Phúc,Huyện Xuân Trường,Tỉnh Nam Định,Tỉnh Ninh Bình,Xã Xuân Trường,Xã,14089
Xã Xuân Thành,Huyện Xuân Trường,Tỉnh Nam Định,Tỉnh Ninh Bình,Xã Xuân Hồng,Xã,14095
Xã Xuân Thượng,Huyện Xuân Trường,Tỉnh Nam Định,Tỉnh Ninh Bình,Xã Xuân Hồng,Xã,14095
Xã Xuân Tân,Huyện Xuân Trường,Tỉnh Nam Định,Tỉnh Ninh Bình,Xã Xuân Giang,Xã,14104
Xã Xuân Vinh,Huyện Xuân Trường,Tỉnh Nam Định,Tỉnh Ninh Bình,Xã Xuân Hưng,Xã,14122
Thị trấn Lâm,Huyện Ý Yên,Tỉnh Nam Định,Tỉnh Ninh Bình,Xã Ý Yên,Xã,13795
Xã Hồng Quang,Huyện Ý Yên,Tỉnh Nam Định,Tỉnh Ninh Bình,Xã Ý Yên,Xã,13795
Xã Phú Hưng,Huyện Ý Yên,Tỉnh Nam Định,Tỉnh Ninh Bình,Xã Phong Doanh,Xã,13822
Xã Trung Nghĩa,Huyện Ý Yên,Tỉnh Nam Định,Tỉnh Ninh Bình,Xã Tân Minh,Xã,13807
Xã Tân Minh,Huyện Ý Yên,Tỉnh Nam Định,Tỉnh Ninh Bình,Xã Tân Minh,Xã,13807
Xã Yên Bình,Huyện Ý Yên,Tỉnh Nam Định,Tỉnh Ninh Bình,Xã Vũ Dương,Xã,13834
Xã Yên Chính,Huyện Ý Yên,Tỉnh Nam Định,Tỉnh Ninh Bình,Xã Phong Doanh,Xã,13822
Xã Yên Cường,Huyện Ý Yên,Tỉnh Nam Định,Tỉnh Ninh Bình,Xã Yên Cường,Xã,13870
Xã Yên Dương,Huyện Ý Yên,Tỉnh Nam Định,Tỉnh Ninh Bình,Xã Vũ Dương,Xã,13834
Xã Yên Khang,Huyện Ý Yên,Tỉnh Nam Định,Tỉnh Ninh Bình,Xã Yên Đồng,Xã,13879
Xã Yên Khánh,Huyện Ý Yên,Tỉnh Nam Định,Tỉnh Ninh Bình,Xã Ý Yên,Xã,13795
Xã Yên Lương,Huyện Ý Yên,Tỉnh Nam Định,Tỉnh Ninh Bình,Xã Vạn Thắng,Xã,13864
Xã Yên Lộc,Huyện Ý Yên,Tỉnh Nam Định,Tỉnh Ninh Bình,Xã Yên Cường,Xã,13870
Xã Yên Mỹ,Huyện Ý Yên,Tỉnh Nam Định,Tỉnh Ninh Bình,Xã Vũ Dương,Xã,13834
Xã Yên Nhân,Huyện Ý Yên,Tỉnh Nam Định,Tỉnh Ninh Bình,Xã Yên Cường,Xã,13870
Xã Yên Ninh,Huyện Ý Yên,Tỉnh Nam Định,Tỉnh Ninh Bình,Xã Vũ Dương,Xã,13834
Xã Yên Phong,Huyện Ý Yên,Tỉnh Nam Định,Tỉnh Ninh Bình,Xã Ý Yên,Xã,13795
Xã Yên Phúc,Huyện Ý Yên,Tỉnh Nam Định,Tỉnh Ninh Bình,Xã Yên Cường,Xã,13870
Xã Yên Thắng,Huyện Ý Yên,Tỉnh Nam Định,Tỉnh Ninh Bình,Xã Vạn Thắng,Xã,13864
Xã Yên Thọ,Huyện Ý Yên,Tỉnh Nam Định,Tỉnh Ninh Bình,Xã Phong Doanh,Xã,13822
Xã Yên Tiến,Huyện Ý Yên,Tỉnh Nam Định,Tỉnh Ninh Bình,Xã Vạn Thắng,Xã,13864
Xã Yên Trị,Huyện Ý Yên,Tỉnh Nam Định,Tỉnh Ninh Bình,Xã Yên Đồng,Xã,13879
Xã Yên Đồng,Huyện Ý Yên,Tỉnh Nam Định,Tỉnh Ninh Bình,Xã Yên Đồng,Xã,13879
Phường Cửa Bắc,Thành phố Nam Định,Tỉnh Nam Định,Tỉnh Ninh Bình,Phường Nam Định,Phường,13669
Phường Cửa Nam,Thành phố Nam Định,Tỉnh Nam Định,Tỉnh Ninh Bình,Phường Nam Định,Phường,13669
Phường Hưng Lộc,Thành phố Nam Định,Tỉnh Nam Định,Tỉnh Ninh Bình,Phường Mỹ Lộc,Phường,13708
Phường Lộc Hòa,Thành phố Nam Định,Tỉnh Nam Định,Tỉnh Ninh Bình,Phường Đông A,Phường,13693
Phường Lộc Hạ,Thành phố Nam Định,Tỉnh Nam Định,Tỉnh Ninh Bình,Phường Thiên Trường,Phường,13684
Phường Lộc Vượng,Thành phố Nam Định,Tỉnh Nam Định,Tỉnh Ninh Bình,Phường Nam Định,Phường,13669
Phường Mỹ Xá,Thành phố Nam Định,Tỉnh Nam Định,Tỉnh Ninh Bình,Phường Thành Nam,Phường,13699
Phường Nam Phong,Thành phố Nam Định,Tỉnh Nam Định,Tỉnh Ninh Bình,Phường Vị Khê,Phường,13972
Phường Nam Vân,Thành phố Nam Định,Tỉnh Nam Định,Tỉnh Ninh Bình,Phường Hồng Quang,Phường,13984
Phường Năng Tĩnh,Thành phố Nam Định,Tỉnh Nam Định,Tỉnh Ninh Bình,Phường Nam Định,Phường,13669
Phường Quang Trung,Thành phố Nam Định,Tỉnh Nam Định,Tỉnh Ninh Bình,Phường Nam Định,Phường,13669
Phường Trường Thi,Thành phố Nam Định,Tỉnh Nam Định,Tỉnh Ninh Bình,Phường Trường Thi,Phường,13777
Phường Trần Hưng Đạo,Thành phố Nam Định,Tỉnh Nam Định,Tỉnh Ninh Bình,Phường Nam Định,Phường,13669
Phường Vị Xuyên,Thành phố Nam Định,Tỉnh Nam Định,Tỉnh Ninh Bình,Phường Nam Định,Phường,13669
Xã Mỹ Hà,Thành phố Nam Định,Tỉnh Nam Định,Tỉnh Ninh Bình,Phường Đông A,Phường,13693
Xã Mỹ Lộc,Thành phố Nam Định,Tỉnh Nam Định,Tỉnh Ninh Bình,Phường Mỹ Lộc,Phường,13708
Xã Mỹ Phúc,Thành phố Nam Định,Tỉnh Nam Định,Tỉnh Ninh Bình,Phường Nam Định,Phường,13669
Xã Mỹ Thuận,Thành phố Nam Định,Tỉnh Nam Định,Tỉnh Ninh Bình,Phường Mỹ Lộc,Phường,13708
Xã Mỹ Thắng,Thành phố Nam Định,Tỉnh Nam Định,Tỉnh Ninh Bình,Phường Đông A,Phường,13693
Xã Mỹ Trung,Thành phố Nam Định,Tỉnh Nam Định,Tỉnh Ninh Bình,Phường Thiên Trường,Phường,13684
Xã Mỹ Tân,Thành phố Nam Định,Tỉnh Nam Định,Tỉnh Ninh Bình,Phường Thiên Trường,Phường,13684
Thị trấn Thịnh Vượng,Huyện Gia Viễn,Tỉnh Ninh Bình,Tỉnh Ninh Bình,Xã Gia Viễn,Xã,14464
Xã Gia Hòa,Huyện Gia Viễn,Tỉnh Ninh Bình,Tỉnh Ninh Bình,Xã Gia Viễn,Xã,14464
Xã Gia Hưng,Huyện Gia Viễn,Tỉnh Ninh Bình,Tỉnh Ninh Bình,Xã Gia Hưng,Xã,14482
Xã Gia Lạc,Huyện Gia Viễn,Tỉnh Ninh Bình,Tỉnh Ninh Bình,Xã Gia Phong,Xã,14524
Xã Gia Lập,Huyện Gia Viễn,Tỉnh Ninh Bình,Tỉnh Ninh Bình,Xã Gia Vân,Xã,14488
Xã Gia Minh,Huyện Gia Viễn,Tỉnh Ninh Bình,Tỉnh Ninh Bình,Xã Gia Phong,Xã,14524
Xã Gia Phong,Huyện Gia Viễn,Tỉnh Ninh Bình,Tỉnh Ninh Bình,Xã Gia Phong,Xã,14524
Xã Gia Phú,Huyện Gia Viễn,Tỉnh Ninh Bình,Tỉnh Ninh Bình,Xã Gia Hưng,Xã,14482
Xã Gia Phương,Huyện Gia Viễn,Tỉnh Ninh Bình,Tỉnh Ninh Bình,Xã Đại Hoàng,Xã,14500
Xã Gia Sinh,Huyện Gia Viễn,Tỉnh Ninh Bình,Tỉnh Ninh Bình,Phường Tây Hoa Lư,Phường,14533
Xã Gia Thanh,Huyện Gia Viễn,Tỉnh Ninh Bình,Tỉnh Ninh Bình,Xã Gia Trấn,Xã,14494
Xã Gia Trung,Huyện Gia Viễn,Tỉnh Ninh Bình,Tỉnh Ninh Bình,Xã Đại Hoàng,Xã,14500
Xã Gia Trấn,Huyện Gia Viễn,Tỉnh Ninh Bình,Tỉnh Ninh Bình,Xã Gia Trấn,Xã,14494
Xã Gia Tân,Huyện Gia Viễn,Tỉnh Ninh Bình,Tỉnh Ninh Bình,Phường Tây Hoa Lư,Phường,14533
Xã Gia Tân,Huyện Gia Viễn,Tỉnh Ninh Bình,Tỉnh Ninh Bình,Xã Gia Vân,Xã,14488
Xã Gia Vân,Huyện Gia Viễn,Tỉnh Ninh Bình,Tỉnh Ninh Bình,Xã Gia Vân,Xã,14488
Xã Gia Xuân,Huyện Gia Viễn,Tỉnh Ninh Bình,Tỉnh Ninh Bình,Xã Gia Trấn,Xã,14494
Xã Liên Sơn,Huyện Gia Viễn,Tỉnh Ninh Bình,Tỉnh Ninh Bình,Xã Gia Hưng,Xã,14482
Xã Tiến Thắng,Huyện Gia Viễn,Tỉnh Ninh Bình,Tỉnh Ninh Bình,Xã Đại Hoàng,Xã,14500
Thị trấn Bình Minh,Huyện Kim Sơn,Tỉnh Ninh Bình,Tỉnh Ninh Bình,Xã Bình Minh,Xã,14623
Thị trấn Phát Diệm,Huyện Kim Sơn,Tỉnh Ninh Bình,Tỉnh Ninh Bình,Xã Phát Diệm,Xã,14620
Xã Chất Bình,Huyện Kim Sơn,Tỉnh Ninh Bình,Tỉnh Ninh Bình,Xã Chất Bình,Xã,14653
Xã Cồn Thoi,Huyện Kim Sơn,Tỉnh Ninh Bình,Tỉnh Ninh Bình,Xã Bình Minh,Xã,14623
Xã Hùng Tiến,Huyện Kim Sơn,Tỉnh Ninh Bình,Tỉnh Ninh Bình,Xã Kim Sơn,Xã,14638
Xã Hồi Ninh,Huyện Kim Sơn,Tỉnh Ninh Bình,Tỉnh Ninh Bình,Xã Chất Bình,Xã,14653
Xã Kim Chính,Huyện Kim Sơn,Tỉnh Ninh Bình,Tỉnh Ninh Bình,Xã Phát Diệm,Xã,14620
Xã Kim Mỹ,Huyện Kim Sơn,Tỉnh Ninh Bình,Tỉnh Ninh Bình,Xã Bình Minh,Xã,14623
Xã Kim Trung,Huyện Kim Sơn,Tỉnh Ninh Bình,Tỉnh Ninh Bình,Xã Kim Đông,Xã,14698
Xã Kim Tân,Huyện Kim Sơn,Tỉnh Ninh Bình,Tỉnh Ninh Bình,Xã Định Hóa,Xã,14677
Xã Kim Đông,Huyện Kim Sơn,Tỉnh Ninh Bình,Tỉnh Ninh Bình,Xã Kim Đông,Xã,14698
Xã Kim Định,Huyện Kim Sơn,Tỉnh Ninh Bình,Tỉnh Ninh Bình,Xã Kim Sơn,Xã,14638
Xã Lai Thành,Huyện Kim Sơn,Tỉnh Ninh Bình,Tỉnh Ninh Bình,Xã Lai Thành,Xã,14674
Xã Như Hòa,Huyện Kim Sơn,Tỉnh Ninh Bình,Tỉnh Ninh Bình,Xã Quang Thiện,Xã,14647
Xã Quang Thiện,Huyện Kim Sơn,Tỉnh Ninh Bình,Tỉnh Ninh Bình,Xã Quang Thiện,Xã,14647
Xã Thượng Kiệm,Huyện Kim Sơn,Tỉnh Ninh Bình,Tỉnh Ninh Bình,Xã Phát Diệm,Xã,14620
Xã Tân Thành,Huyện Kim Sơn,Tỉnh Ninh Bình,Tỉnh Ninh Bình,Xã Lai Thành,Xã,14674
Xã Văn Hải,Huyện Kim Sơn,Tỉnh Ninh Bình,Tỉnh Ninh Bình,Xã Định Hóa,Xã,14677
Xã Xuân Chính,Huyện Kim Sơn,Tỉnh Ninh Bình,Tỉnh Ninh Bình,Xã Chất Bình,Xã,14653
Xã Yên Lộc,Huyện Kim Sơn,Tỉnh Ninh Bình,Tỉnh Ninh Bình,Xã Lai Thành,Xã,14674
Xã Ân Hòa,Huyện Kim Sơn,Tỉnh Ninh Bình,Tỉnh Ninh Bình,Xã Kim Sơn,Xã,14638
Xã Định Hóa,Huyện Kim Sơn,Tỉnh Ninh Bình,Tỉnh Ninh Bình,Xã Định Hóa,Xã,14677
Xã Đồng Hướng,Huyện Kim Sơn,Tỉnh Ninh Bình,Tỉnh Ninh Bình,Xã Quang Thiện,Xã,14647
Thị trấn Nho Quan,Huyện Nho Quan,Tỉnh Ninh Bình,Tỉnh Ninh Bình,Xã Nho Quan,Xã,14428
Xã Cúc Phương,Huyện Nho Quan,Tỉnh Ninh Bình,Tỉnh Ninh Bình,Xã Cúc Phương,Xã,14404
Xã Gia Lâm,Huyện Nho Quan,Tỉnh Ninh Bình,Tỉnh Ninh Bình,Xã Gia Lâm,Xã,14389
Xã Gia Sơn,Huyện Nho Quan,Tỉnh Ninh Bình,Tỉnh Ninh Bình,Xã Gia Lâm,Xã,14389
Xã Gia Thủy,Huyện Nho Quan,Tỉnh Ninh Bình,Tỉnh Ninh Bình,Xã Gia Tường,Xã,14401
Xã Gia Tường,Huyện Nho Quan,Tỉnh Ninh Bình,Tỉnh Ninh Bình,Xã Gia Tường,Xã,14401
Xã Kỳ Phú,Huyện Nho Quan,Tỉnh Ninh Bình,Tỉnh Ninh Bình,Xã Phú Long,Xã,14458
Xã Lạc Vân,Huyện Nho Quan,Tỉnh Ninh Bình,Tỉnh Ninh Bình,Xã Phú Sơn,Xã,14407
Xã Phú Long,Huyện Nho Quan,Tỉnh Ninh Bình,Tỉnh Ninh Bình,Xã Phú Long,Xã,14458
Xã Phú Lộc,Huyện Nho Quan,Tỉnh Ninh Bình,Tỉnh Ninh Bình,Xã Quỳnh Lưu,Xã,14452
Xã Phú Sơn,Huyện Nho Quan,Tỉnh Ninh Bình,Tỉnh Ninh Bình,Xã Phú Sơn,Xã,14407
Xã Phúc Sơn,Huyện Nho Quan,Tỉnh Ninh Bình,Tỉnh Ninh Bình,Phường Tây Hoa Lư,Phường,14533
Xã Quảng Lạc,Huyện Nho Quan,Tỉnh Ninh Bình,Tỉnh Ninh Bình,Phường Yên Sơn,Phường,14371
Xã Quỳnh Lưu,Huyện Nho Quan,Tỉnh Ninh Bình,Tỉnh Ninh Bình,Xã Quỳnh Lưu,Xã,14452
Xã Thanh Sơn,Huyện Nho Quan,Tỉnh Ninh Bình,Tỉnh Ninh Bình,Xã Thanh Sơn,Xã,14434
Xã Thượng Hòa,Huyện Nho Quan,Tỉnh Ninh Bình,Tỉnh Ninh Bình,Xã Thanh Sơn,Xã,14434
Xã Thạch Bình,Huyện Nho Quan,Tỉnh Ninh Bình,Tỉnh Ninh Bình,Xã Phú Sơn,Xã,14407
Xã Văn Phú,Huyện Nho Quan,Tỉnh Ninh Bình,Tỉnh Ninh Bình,Xã Thanh Sơn,Xã,14434
Xã Văn Phương,Huyện Nho Quan,Tỉnh Ninh Bình,Tỉnh Ninh Bình,Xã Cúc Phương,Xã,14404
Xã Xích Thổ,Huyện Nho Quan,Tỉnh Ninh Bình,Tỉnh Ninh Bình,Xã Gia Lâm,Xã,14389
Xã Yên Quang,Huyện Nho Quan,Tỉnh Ninh Bình,Tỉnh Ninh Bình,Xã Nho Quan,Xã,14428
Xã Đồng Phong,Huyện Nho Quan,Tỉnh Ninh Bình,Tỉnh Ninh Bình,Xã Nho Quan,Xã,14428
Xã Đức Long,Huyện Nho Quan,Tỉnh Ninh Bình,Tỉnh Ninh Bình,Xã Gia Tường,Xã,14401
Thị trấn Yên Ninh,Huyện Yên Khánh,Tỉnh Ninh Bình,Tỉnh Ninh Bình,Xã Yên Khánh,Xã,14560
Xã Khánh An,Huyện Yên Khánh,Tỉnh Ninh Bình,Tỉnh Ninh Bình,Phường Đông Hoa Lư,Phường,14566
Xã Khánh Công,Huyện Yên Khánh,Tỉnh Ninh Bình,Tỉnh Ninh Bình,Xã Khánh Trung,Xã,14608
Xã Khánh Cư,Huyện Yên Khánh,Tỉnh Ninh Bình,Tỉnh Ninh Bình,Xã Yên Khánh,Xã,14560
Xã Khánh Cường,Huyện Yên Khánh,Tỉnh Ninh Bình,Tỉnh Ninh Bình,Xã Khánh Thiện,Xã,14563
Xã Khánh Hòa,Huyện Yên Khánh,Tỉnh Ninh Bình,Tỉnh Ninh Bình,Phường Đông Hoa Lư,Phường,14566
Xã Khánh Hải,Huyện Yên Khánh,Tỉnh Ninh Bình,Tỉnh Ninh Bình,Xã Yên Khánh,Xã,14560
Xã Khánh Hồng,Huyện Yên Khánh,Tỉnh Ninh Bình,Tỉnh Ninh Bình,Xã Khánh Nhạc,Xã,14611
Xã Khánh Hội,Huyện Yên Khánh,Tỉnh Ninh Bình,Tỉnh Ninh Bình,Xã Khánh Hội,Xã,14614
Xã Khánh Lợi,Huyện Yên Khánh,Tỉnh Ninh Bình,Tỉnh Ninh Bình,Xã Khánh Thiện,Xã,14563
Xã Khánh Mậu,Huyện Yên Khánh,Tỉnh Ninh Bình,Tỉnh Ninh Bình,Xã Khánh Hội,Xã,14614
Xã Khánh Nhạc,Huyện Yên Khánh,Tỉnh Ninh Bình,Tỉnh Ninh Bình,Xã Khánh Nhạc,Xã,14611
Xã Khánh Phú,Huyện Yên Khánh,Tỉnh Ninh Bình,Tỉnh Ninh Bình,Phường Đông Hoa Lư,Phường,14566
Xã Khánh Thiện,Huyện Yên Khánh,Tỉnh Ninh Bình,Tỉnh Ninh Bình,Xã Khánh Thiện,Xã,14563
Xã Khánh Thành,Huyện Yên Khánh,Tỉnh Ninh Bình,Tỉnh Ninh Bình,Xã Khánh Trung,Xã,14608
Xã Khánh Thủy,Huyện Yên Khánh,Tỉnh Ninh Bình,Tỉnh Ninh Bình,Xã Khánh Hội,Xã,14614
Xã Khánh Trung,Huyện Yên Khánh,Tỉnh Ninh Bình,Tỉnh Ninh Bình,Xã Khánh Trung,Xã,14608
Xã Khánh Vân,Huyện Yên Khánh,Tỉnh Ninh Bình,Tỉnh Ninh Bình,Xã Yên Khánh,Xã,14560
Thị trấn Yên Thịnh,Huyện Yên Mô,Tỉnh Ninh Bình,Tỉnh Ninh Bình,Xã Yên Mô,Xã,14701
Xã Khánh Dương,Huyện Yên Mô,Tỉnh Ninh Bình,Tỉnh Ninh Bình,Xã Yên Mô,Xã,14701
Xã Khánh Thượng,Huyện Yên Mô,Tỉnh Ninh Bình,Tỉnh Ninh Bình,Phường Yên Thắng,Phường,14725
Xã Yên Hòa,Huyện Yên Mô,Tỉnh Ninh Bình,Tỉnh Ninh Bình,Xã Yên Mô,Xã,14701
Xã Yên Lâm,Huyện Yên Mô,Tỉnh Ninh Bình,Tỉnh Ninh Bình,Xã Yên Mạc,Xã,14743
Xã Yên Mạc,Huyện Yên Mô,Tỉnh Ninh Bình,Tỉnh Ninh Bình,Xã Yên Mạc,Xã,14743
Xã Yên Mỹ,Huyện Yên Mô,Tỉnh Ninh Bình,Tỉnh Ninh Bình,Xã Yên Mạc,Xã,14743
Xã Yên Nhân,Huyện Yên Mô,Tỉnh Ninh Bình,Tỉnh Ninh Bình,Xã Yên Từ,Xã,14728
Xã Yên Phong,Huyện Yên Mô,Tỉnh Ninh Bình,Tỉnh Ninh Bình,Xã Yên Từ,Xã,14728
Xã Yên Thành,Huyện Yên Mô,Tỉnh Ninh Bình,Tỉnh Ninh Bình,Xã Đồng Thái,Xã,14746
Xã Yên Thái,Huyện Yên Mô,Tỉnh Ninh Bình,Tỉnh Ninh Bình,Xã Đồng Thái,Xã,14746
Xã Yên Thắng,Huyện Yên Mô,Tỉnh Ninh Bình,Tỉnh Ninh Bình,Phường Yên Thắng,Phường,14725
Xã Yên Từ,Huyện Yên Mô,Tỉnh Ninh Bình,Tỉnh Ninh Bình,Xã Yên Từ,Xã,14728
Xã Yên Đồng,Huyện Yên Mô,Tỉnh Ninh Bình,Tỉnh Ninh Bình,Xã Đồng Thái,Xã,14746
Phường Bích Đào,Thành phố Hoa Lư,Tỉnh Ninh Bình,Tỉnh Ninh Bình,Phường Hoa Lư,Phường,14329
Phường Nam Bình,Thành phố Hoa Lư,Tỉnh Ninh Bình,Tỉnh Ninh Bình,Phường Hoa Lư,Phường,14329
Phường Nam Thành,Thành phố Hoa Lư,Tỉnh Ninh Bình,Tỉnh Ninh Bình,Phường Hoa Lư,Phường,14329
Phường Ninh Giang,Thành phố Hoa Lư,Tỉnh Ninh Bình,Tỉnh Ninh Bình,Phường Tây Hoa Lư,Phường,14533
Phường Ninh Khánh,Thành phố Hoa Lư,Tỉnh Ninh Bình,Tỉnh Ninh Bình,Phường Hoa Lư,Phường,14329
Phường Ninh Mỹ,Thành phố Hoa Lư,Tỉnh Ninh Bình,Tỉnh Ninh Bình,Phường Hoa Lư,Phường,14329
Phường Ninh Phong,Thành phố Hoa Lư,Tỉnh Ninh Bình,Tỉnh Ninh Bình,Phường Nam Hoa Lư,Phường,14359
Phường Ninh Phúc,Thành phố Hoa Lư,Tỉnh Ninh Bình,Tỉnh Ninh Bình,Phường Đông Hoa Lư,Phường,14566
Phường Ninh Sơn,Thành phố Hoa Lư,Tỉnh Ninh Bình,Tỉnh Ninh Bình,Phường Nam Hoa Lư,Phường,14359
Phường Tân Thành,Thành phố Hoa Lư,Tỉnh Ninh Bình,Tỉnh Ninh Bình,Phường Hoa Lư,Phường,14329
Phường Vân Giang,Thành phố Hoa Lư,Tỉnh Ninh Bình,Tỉnh Ninh Bình,Phường Hoa Lư,Phường,14329
Phường Đông Thành,Thành phố Hoa Lư,Tỉnh Ninh Bình,Tỉnh Ninh Bình,Phường Hoa Lư,Phường,14329
Xã Ninh An,Thành phố Hoa Lư,Tỉnh Ninh Bình,Tỉnh Ninh Bình,Phường Nam Hoa Lư,Phường,14359
Xã Ninh Hòa,Thành phố Hoa Lư,Tỉnh Ninh Bình,Tỉnh Ninh Bình,Phường Tây Hoa Lư,Phường,14533
Xã Ninh Hải,Thành phố Hoa Lư,Tỉnh Ninh Bình,Tỉnh Ninh Bình,Phường Nam Hoa Lư,Phường,14359
Xã Ninh Khang,Thành phố Hoa Lư,Tỉnh Ninh Bình,Tỉnh Ninh Bình,Phường Hoa Lư,Phường,14329
Xã Ninh Nhất,Thành phố Hoa Lư,Tỉnh Ninh Bình,Tỉnh Ninh Bình,Phường Hoa Lư,Phường,14329
Xã Ninh Tiến,Thành phố Hoa Lư,Tỉnh Ninh Bình,Tỉnh Ninh Bình,Phường Hoa Lư,Phường,14329
Xã Ninh Vân,Thành phố Hoa Lư,Tỉnh Ninh Bình,Tỉnh Ninh Bình,Phường Nam Hoa Lư,Phường,14359
Xã Trường Yên,Thành phố Hoa Lư,Tỉnh Ninh Bình,Tỉnh Ninh Bình,Phường Tây Hoa Lư,Phường,14533
Phường Bắc Sơn,Thành phố Tam Điệp,Tỉnh Ninh Bình,Tỉnh Ninh Bình,Phường Tam Điệp,Phường,14362
Phường Nam Sơn,Thành phố Tam Điệp,Tỉnh Ninh Bình,Tỉnh Ninh Bình,Phường Trung Sơn,Phường,14365
Phường Trung Sơn,Thành phố Tam Điệp,Tỉnh Ninh Bình,Tỉnh Ninh Bình,Phường Trung Sơn,Phường,14365
Phường Tân Bình,Thành phố Tam Điệp,Tỉnh Ninh Bình,Tỉnh Ninh Bình,Phường Yên Sơn,Phường,14371
Phường Tây Sơn,Thành phố Tam Điệp,Tỉnh Ninh Bình,Tỉnh Ninh Bình,Phường Tam Điệp,Phường,14362
Phường Yên Bình,Thành phố Tam Điệp,Tỉnh Ninh Bình,Tỉnh Ninh Bình,Phường Yên Thắng,Phường,14725
Xã Quang Sơn,Thành phố Tam Điệp,Tỉnh Ninh Bình,Tỉnh Ninh Bình,Phường Tam Điệp,Phường,14362
Xã Yên Sơn,Thành phố Tam Điệp,Tỉnh Ninh Bình,Tỉnh Ninh Bình,Phường Yên Sơn,Phường,14371
Xã Đông Sơn,Thành phố Tam Điệp,Tỉnh Ninh Bình,Tỉnh Ninh Bình,Phường Trung Sơn,Phường,14365
Thị trấn Cao Phong,Huyện Cao Phong,Tỉnh Hòa Bình,Tỉnh Phú Thọ,Xã Cao Phong,Xã,5089
Xã Bình Thanh,Huyện Cao Phong,Tỉnh Hòa Bình,Tỉnh Phú Thọ,Xã Thung Nai,Xã,5092
Xã Bắc Phong,Huyện Cao Phong,Tỉnh Hòa Bình,Tỉnh Phú Thọ,Xã Thung Nai,Xã,5092
Xã Dũng Phong,Huyện Cao Phong,Tỉnh Hòa Bình,Tỉnh Phú Thọ,Xã Mường Thàng,Xã,5116
Xã Hợp Phong,Huyện Cao Phong,Tỉnh Hòa Bình,Tỉnh Phú Thọ,Xã Cao Phong,Xã,5089
Xã Nam Phong,Huyện Cao Phong,Tỉnh Hòa Bình,Tỉnh Phú Thọ,Xã Mường Thàng,Xã,5116
Xã Thu Phong,Huyện Cao Phong,Tỉnh Hòa Bình,Tỉnh Phú Thọ,Xã Cao Phong,Xã,5089
Xã Thung Nai,Huyện Cao Phong,Tỉnh Hòa Bình,Tỉnh Phú Thọ,Xã Thung Nai,Xã,5092
Xã Thạch Yên,Huyện Cao Phong,Tỉnh Hòa Bình,Tỉnh Phú Thọ,Xã Mường Thàng,Xã,5116
Xã Tây Phong,Huyện Cao Phong,Tỉnh Hòa Bình,Tỉnh Phú Thọ,Xã Mường Thàng,Xã,5116
Thị trấn Bo,Huyện Kim Bôi,Tỉnh Hòa Bình,Tỉnh Phú Thọ,Xã Kim Bôi,Xã,4978
Xã Bình Sơn,Huyện Kim Bôi,Tỉnh Hòa Bình,Tỉnh Phú Thọ,Xã Nật Sơn,Xã,4990
Xã Cuối Hạ,Huyện Kim Bôi,Tỉnh Hòa Bình,Tỉnh Phú Thọ,Xã Dũng Tiến,Xã,5086
Xã Hùng Sơn,Huyện Kim Bôi,Tỉnh Hòa Bình,Tỉnh Phú Thọ,Xã Nật Sơn,Xã,4990
Xã Hợp Tiến,Huyện Kim Bôi,Tỉnh Hòa Bình,Tỉnh Phú Thọ,Xã Mường Động,Xã,5014
Xã Kim Bôi,Huyện Kim Bôi,Tỉnh Hòa Bình,Tỉnh Phú Thọ,Xã Kim Bôi,Xã,4978
Xã Kim Lập,Huyện Kim Bôi,Tỉnh Hòa Bình,Tỉnh Phú Thọ,Xã Hợp Kim,Xã,5068
Xã Mỵ Hòa,Huyện Kim Bôi,Tỉnh Hòa Bình,Tỉnh Phú Thọ,Xã Dũng Tiến,Xã,5086
Xã Nam Thượng,Huyện Kim Bôi,Tỉnh Hòa Bình,Tỉnh Phú Thọ,Xã Hợp Kim,Xã,5068
Xã Nuông Dăm,Huyện Kim Bôi,Tỉnh Hòa Bình,Tỉnh Phú Thọ,Xã Dũng Tiến,Xã,5086
Xã Sào Báy,Huyện Kim Bôi,Tỉnh Hòa Bình,Tỉnh Phú Thọ,Xã Hợp Kim,Xã,5068
Xã Tú Sơn,Huyện Kim Bôi,Tỉnh Hòa Bình,Tỉnh Phú Thọ,Xã Mường Động,Xã,5014
Xã Vĩnh Tiến,Huyện Kim Bôi,Tỉnh Hòa Bình,Tỉnh Phú Thọ,Xã Mường Động,Xã,5014
Xã Vĩnh Đồng,Huyện Kim Bôi,Tỉnh Hòa Bình,Tỉnh Phú Thọ,Xã Kim Bôi,Xã,4978
Xã Xuân Thủy,Huyện Kim Bôi,Tỉnh Hòa Bình,Tỉnh Phú Thọ,Xã Nật Sơn,Xã,4990
Xã Đông Bắc,Huyện Kim Bôi,Tỉnh Hòa Bình,Tỉnh Phú Thọ,Xã Mường Động,Xã,5014
Xã Đú Sáng,Huyện Kim Bôi,Tỉnh Hòa Bình,Tỉnh Phú Thọ,Xã Nật Sơn,Xã,4990
Thị trấn Lương Sơn,Huyện Lương Sơn,Tỉnh Hòa Bình,Tỉnh Phú Thọ,Xã Lương Sơn,Xã,4924
Xã Cao Dương,Huyện Lương Sơn,Tỉnh Hòa Bình,Tỉnh Phú Thọ,Xã Cao Dương,Xã,5047
Xã Cao Sơn,Huyện Lương Sơn,Tỉnh Hòa Bình,Tỉnh Phú Thọ,Xã Liên Sơn,Xã,4960
Xã Cao Sơn,Huyện Lương Sơn,Tỉnh Hòa Bình,Tỉnh Phú Thọ,Xã Lương Sơn,Xã,4924
Xã Cư Yên,Huyện Lương Sơn,Tỉnh Hòa Bình,Tỉnh Phú Thọ,Xã Liên Sơn,Xã,4960
Xã Hòa Sơn,Huyện Lương Sơn,Tỉnh Hòa Bình,Tỉnh Phú Thọ,Xã Lương Sơn,Xã,4924
Xã Liên Sơn,Huyện Lương Sơn,Tỉnh Hòa Bình,Tỉnh Phú Thọ,Xã Liên Sơn,Xã,4960
Xã Lâm Sơn,Huyện Lương Sơn,Tỉnh Hòa Bình,Tỉnh Phú Thọ,Xã Lương Sơn,Xã,4924
Xã Nhuận Trạch,Huyện Lương Sơn,Tỉnh Hòa Bình,Tỉnh Phú Thọ,Xã Lương Sơn,Xã,4924
Xã Thanh Cao,Huyện Lương Sơn,Tỉnh Hòa Bình,Tỉnh Phú Thọ,Xã Cao Dương,Xã,5047
Xã Thanh Sơn,Huyện Lương Sơn,Tỉnh Hòa Bình,Tỉnh Phú Thọ,Xã Cao Dương,Xã,5047
Xã Tân Vinh,Huyện Lương Sơn,Tỉnh Hòa Bình,Tỉnh Phú Thọ,Xã Lương Sơn,Xã,4924
Thị trấn Vụ Bản,Huyện Lạc Sơn,Tỉnh Hòa Bình,Tỉnh Phú Thọ,Xã Lạc Sơn,Xã,5266
Xã Bình Hẻm,Huyện Lạc Sơn,Tỉnh Hòa Bình,Tỉnh Phú Thọ,Xã Yên Phú,Xã,5305
Xã Chí Đạo,Huyện Lạc Sơn,Tỉnh Hòa Bình,Tỉnh Phú Thọ,Xã Quyết Thắng,Xã,5323
Xã Hương Nhượng,Huyện Lạc Sơn,Tỉnh Hòa Bình,Tỉnh Phú Thọ,Xã Lạc Sơn,Xã,5266
Xã Miền Đồi,Huyện Lạc Sơn,Tỉnh Hòa Bình,Tỉnh Phú Thọ,Xã Thượng Cốc,Xã,5293
Xã Mỹ Thành,Huyện Lạc Sơn,Tỉnh Hòa Bình,Tỉnh Phú Thọ,Xã Nhân Nghĩa,Xã,5290
Xã Ngọc Lâu,Huyện Lạc Sơn,Tỉnh Hòa Bình,Tỉnh Phú Thọ,Xã Ngọc Sơn,Xã,5329
Xã Ngọc Sơn,Huyện Lạc Sơn,Tỉnh Hòa Bình,Tỉnh Phú Thọ,Xã Ngọc Sơn,Xã,5329
Xã Nhân Nghĩa,Huyện Lạc Sơn,Tỉnh Hòa Bình,Tỉnh Phú Thọ,Xã Nhân Nghĩa,Xã,5290
Xã Quyết Thắng,Huyện Lạc Sơn,Tỉnh Hòa Bình,Tỉnh Phú Thọ,Xã Quyết Thắng,Xã,5323
Xã Quý Hòa,Huyện Lạc Sơn,Tỉnh Hòa Bình,Tỉnh Phú Thọ,Xã Mường Vang,Xã,5287
Xã Thượng Cốc,Huyện Lạc Sơn,Tỉnh Hòa Bình,Tỉnh Phú Thọ,Xã Thượng Cốc,Xã,5293
Xã Tuân Đạo,Huyện Lạc Sơn,Tỉnh Hòa Bình,Tỉnh Phú Thọ,Xã Mường Vang,Xã,5287
Xã Tân Lập,Huyện Lạc Sơn,Tỉnh Hòa Bình,Tỉnh Phú Thọ,Xã Mường Vang,Xã,5287
Xã Tân Mỹ,Huyện Lạc Sơn,Tỉnh Hòa Bình,Tỉnh Phú Thọ,Xã Đại Đồng,Xã,5347
Xã Tự Do,Huyện Lạc Sơn,Tỉnh Hòa Bình,Tỉnh Phú Thọ,Xã Ngọc Sơn,Xã,5329
Xã Văn Nghĩa,Huyện Lạc Sơn,Tỉnh Hòa Bình,Tỉnh Phú Thọ,Xã Nhân Nghĩa,Xã,5290
Xã Văn Sơn,Huyện Lạc Sơn,Tỉnh Hòa Bình,Tỉnh Phú Thọ,Xã Thượng Cốc,Xã,5293
Xã Vũ Bình,Huyện Lạc Sơn,Tỉnh Hòa Bình,Tỉnh Phú Thọ,Xã Lạc Sơn,Xã,5266
Xã Xuất Hóa,Huyện Lạc Sơn,Tỉnh Hòa Bình,Tỉnh Phú Thọ,Xã Yên Phú,Xã,5305
Xã Yên Nghiệp,Huyện Lạc Sơn,Tỉnh Hòa Bình,Tỉnh Phú Thọ,Xã Đại Đồng,Xã,5347
Xã Yên Phú,Huyện Lạc Sơn,Tỉnh Hòa Bình,Tỉnh Phú Thọ,Xã Yên Phú,Xã,5305
Xã Ân Nghĩa,Huyện Lạc Sơn,Tỉnh Hòa Bình,Tỉnh Phú Thọ,Xã Đại Đồng,Xã,5347
Xã Định Cư,Huyện Lạc Sơn,Tỉnh Hòa Bình,Tỉnh Phú Thọ,Xã Quyết Thắng,Xã,5323
Thị trấn Ba Hàng Đồi,Huyện Lạc Thủy,Tỉnh Hòa Bình,Tỉnh Phú Thọ,Xã An Nghĩa,Xã,5395
Thị trấn Chi Nê,Huyện Lạc Thủy,Tỉnh Hòa Bình,Tỉnh Phú Thọ,Xã Lạc Thủy,Xã,5392
Xã An Bình,Huyện Lạc Thủy,Tỉnh Hòa Bình,Tỉnh Phú Thọ,Xã An Bình,Xã,5425
Xã Hưng Thi,Huyện Lạc Thủy,Tỉnh Hòa Bình,Tỉnh Phú Thọ,Xã An Bình,Xã,5425
Xã Khoan Dụ,Huyện Lạc Thủy,Tỉnh Hòa Bình,Tỉnh Phú Thọ,Xã Lạc Thủy,Xã,5392
Xã Phú Nghĩa,Huyện Lạc Thủy,Tỉnh Hòa Bình,Tỉnh Phú Thọ,Xã An Nghĩa,Xã,5395
Xã Phú Thành,Huyện Lạc Thủy,Tỉnh Hòa Bình,Tỉnh Phú Thọ,Xã An Nghĩa,Xã,5395
Xã Thống Nhất,Huyện Lạc Thủy,Tỉnh Hòa Bình,Tỉnh Phú Thọ,Xã An Bình,Xã,5425
Xã Yên Bồng,Huyện Lạc Thủy,Tỉnh Hòa Bình,Tỉnh Phú Thọ,Xã Lạc Thủy,Xã,5392
Xã Đồng Tâm,Huyện Lạc Thủy,Tỉnh Hòa Bình,Tỉnh Phú Thọ,Xã Lạc Thủy,Xã,5392
Thị trấn Mai Châu,Huyện Mai Châu,Tỉnh Hòa Bình,Tỉnh Phú Thọ,Xã Mai Châu,Xã,5200
Xã Bao La,Huyện Mai Châu,Tỉnh Hòa Bình,Tỉnh Phú Thọ,Xã Bao La,Xã,5245
Xã Chiềng Châu,Huyện Mai Châu,Tỉnh Hòa Bình,Tỉnh Phú Thọ,Xã Mai Hạ,Xã,5251
Xã Cun Pheo,Huyện Mai Châu,Tỉnh Hòa Bình,Tỉnh Phú Thọ,Xã Pà Cò,Xã,5212
Xã Hang Kia,Huyện Mai Châu,Tỉnh Hòa Bình,Tỉnh Phú Thọ,Xã Pà Cò,Xã,5212
Xã Mai Hạ,Huyện Mai Châu,Tỉnh Hòa Bình,Tỉnh Phú Thọ,Xã Mai Hạ,Xã,5251
Xã Mai Hịch,Huyện Mai Châu,Tỉnh Hòa Bình,Tỉnh Phú Thọ,Xã Bao La,Xã,5245
Xã Nà Phòn,Huyện Mai Châu,Tỉnh Hòa Bình,Tỉnh Phú Thọ,Xã Mai Châu,Xã,5200
Xã Pà Cò,Huyện Mai Châu,Tỉnh Hòa Bình,Tỉnh Phú Thọ,Xã Pà Cò,Xã,5212
Xã Sơn Thủy,Huyện Mai Châu,Tỉnh Hòa Bình,Tỉnh Phú Thọ,Xã Tân Mai,Xã,5206
Xã Thành Sơn,Huyện Mai Châu,Tỉnh Hòa Bình,Tỉnh Phú Thọ,Xã Mai Châu,Xã,5200
Xã Tân Thành,Huyện Mai Châu,Tỉnh Hòa Bình,Tỉnh Phú Thọ,Xã Tân Mai,Xã,5206
Xã Tòng Đậu,Huyện Mai Châu,Tỉnh Hòa Bình,Tỉnh Phú Thọ,Xã Mai Châu,Xã,5200
Xã Vạn Mai,Huyện Mai Châu,Tỉnh Hòa Bình,Tỉnh Phú Thọ,Xã Mai Hạ,Xã,5251
Xã Xăm Khòe,Huyện Mai Châu,Tỉnh Hòa Bình,Tỉnh Phú Thọ,Xã Bao La,Xã,5245
Xã Đồng Tân,Huyện Mai Châu,Tỉnh Hòa Bình,Tỉnh Phú Thọ,Xã Mai Châu,Xã,5200
Xã Đồng Tân,Huyện Mai Châu,Tỉnh Hòa Bình,Tỉnh Phú Thọ,Xã Pà Cò,Xã,5212
Thị trấn Mãn Đức,Huyện Tân Lạc,Tỉnh Hòa Bình,Tỉnh Phú Thọ,Xã Tân Lạc,Xã,5128
Xã Gia Mô,Huyện Tân Lạc,Tỉnh Hòa Bình,Tỉnh Phú Thọ,Xã Toàn Thắng,Xã,5191
Xã Lỗ Sơn,Huyện Tân Lạc,Tỉnh Hòa Bình,Tỉnh Phú Thọ,Xã Toàn Thắng,Xã,5191
Xã Mỹ Hòa,Huyện Tân Lạc,Tỉnh Hòa Bình,Tỉnh Phú Thọ,Xã Mường Bi,Xã,5158
Xã Ngọc Mỹ,Huyện Tân Lạc,Tỉnh Hòa Bình,Tỉnh Phú Thọ,Xã Tân Lạc,Xã,5128
Xã Ngổ Luông,Huyện Tân Lạc,Tỉnh Hòa Bình,Tỉnh Phú Thọ,Xã Vân Sơn,Xã,5152
Xã Nhân Mỹ,Huyện Tân Lạc,Tỉnh Hòa Bình,Tỉnh Phú Thọ,Xã Toàn Thắng,Xã,5191
Xã Phong Phú,Huyện Tân Lạc,Tỉnh Hòa Bình,Tỉnh Phú Thọ,Xã Mường Bi,Xã,5158
Xã Phú Cường,Huyện Tân Lạc,Tỉnh Hòa Bình,Tỉnh Phú Thọ,Xã Mường Bi,Xã,5158
Xã Phú Vinh,Huyện Tân Lạc,Tỉnh Hòa Bình,Tỉnh Phú Thọ,Xã Mường Hoa,Xã,5134
Xã Quyết Chiến,Huyện Tân Lạc,Tỉnh Hòa Bình,Tỉnh Phú Thọ,Xã Vân Sơn,Xã,5152
Xã Suối Hoa,Huyện Tân Lạc,Tỉnh Hòa Bình,Tỉnh Phú Thọ,Xã Mường Hoa,Xã,5134
Xã Thanh Hối,Huyện Tân Lạc,Tỉnh Hòa Bình,Tỉnh Phú Thọ,Xã Tân Lạc,Xã,5128
Xã Tử Nê,Huyện Tân Lạc,Tỉnh Hòa Bình,Tỉnh Phú Thọ,Xã Tân Lạc,Xã,5128
Xã Vân Sơn,Huyện Tân Lạc,Tỉnh Hòa Bình,Tỉnh Phú Thọ,Xã Vân Sơn,Xã,5152
Xã Đông Lai,Huyện Tân Lạc,Tỉnh Hòa Bình,Tỉnh Phú Thọ,Xã Tân Lạc,Xã,5128
Thị trấn Hàng Trạm,Huyện Yên Thủy,Tỉnh Hòa Bình,Tỉnh Phú Thọ,Xã Yên Thủy,Xã,5353
Xã Bảo Hiệu,Huyện Yên Thủy,Tỉnh Hòa Bình,Tỉnh Phú Thọ,Xã Lạc Lương,Xã,5362
Xã Hữu Lợi,Huyện Yên Thủy,Tỉnh Hòa Bình,Tỉnh Phú Thọ,Xã Yên Trị,Xã,5386
Xã Lạc Lương,Huyện Yên Thủy,Tỉnh Hòa Bình,Tỉnh Phú Thọ,Xã Lạc Lương,Xã,5362
Xã Lạc Sỹ,Huyện Yên Thủy,Tỉnh Hòa Bình,Tỉnh Phú Thọ,Xã Lạc Lương,Xã,5362
Xã Lạc Thịnh,Huyện Yên Thủy,Tỉnh Hòa Bình,Tỉnh Phú Thọ,Xã Yên Thủy,Xã,5353
Xã Ngọc Lương,Huyện Yên Thủy,Tỉnh Hòa Bình,Tỉnh Phú Thọ,Xã Yên Trị,Xã,5386
Xã Phú Lai,Huyện Yên Thủy,Tỉnh Hòa Bình,Tỉnh Phú Thọ,Xã Yên Thủy,Xã,5353
Xã Yên Trị,Huyện Yên Thủy,Tỉnh Hòa Bình,Tỉnh Phú Thọ,Xã Yên Trị,Xã,5386
Xã Đa Phúc,Huyện Yên Thủy,Tỉnh Hòa Bình,Tỉnh Phú Thọ,Xã Lạc Lương,Xã,5362
Xã Đoàn Kết,Huyện Yên Thủy,Tỉnh Hòa Bình,Tỉnh Phú Thọ,Xã Yên Trị,Xã,5386
Thị trấn Đà Bắc,Huyện Đà Bắc,Tỉnh Hòa Bình,Tỉnh Phú Thọ,Xã Đà Bắc,Xã,4831
Xã Cao Sơn,Huyện Đà Bắc,Tỉnh Hòa Bình,Tỉnh Phú Thọ,Xã Cao Sơn,Xã,4876
Xã Giáp Đắt,Huyện Đà Bắc,Tỉnh Hòa Bình,Tỉnh Phú Thọ,Xã Tân Pheo,Xã,4849
Xã Hiền Lương,Huyện Đà Bắc,Tỉnh Hòa Bình,Tỉnh Phú Thọ,Xã Đà Bắc,Xã,4831
Xã Mường Chiềng,Huyện Đà Bắc,Tỉnh Hòa Bình,Tỉnh Phú Thọ,Xã Đức Nhàn,Xã,4846
Xã Nánh Nghê,Huyện Đà Bắc,Tỉnh Hòa Bình,Tỉnh Phú Thọ,Xã Đức Nhàn,Xã,4846
Xã Tiền Phong,Huyện Đà Bắc,Tỉnh Hòa Bình,Tỉnh Phú Thọ,Xã Tiền Phong,Xã,4891
Xã Toàn Sơn,Huyện Đà Bắc,Tỉnh Hòa Bình,Tỉnh Phú Thọ,Xã Đà Bắc,Xã,4831
Xã Trung Thành,Huyện Đà Bắc,Tỉnh Hòa Bình,Tỉnh Phú Thọ,Xã Quy Đức,Xã,4873
Xã Tân Minh,Huyện Đà Bắc,Tỉnh Hòa Bình,Tỉnh Phú Thọ,Xã Cao Sơn,Xã,4876
Xã Tân Pheo,Huyện Đà Bắc,Tỉnh Hòa Bình,Tỉnh Phú Thọ,Xã Tân Pheo,Xã,4849
Xã Tú Lý,Huyện Đà Bắc,Tỉnh Hòa Bình,Tỉnh Phú Thọ,Xã Đà Bắc,Xã,4831
Xã Vầy Nưa,Huyện Đà Bắc,Tỉnh Hòa Bình,Tỉnh Phú Thọ,Phường Thống Nhất,Phường,4828
Xã Vầy Nưa,Huyện Đà Bắc,Tỉnh Hòa Bình,Tỉnh Phú Thọ,Xã Tiền Phong,Xã,4891
Xã Yên Hòa,Huyện Đà Bắc,Tỉnh Hòa Bình,Tỉnh Phú Thọ,Xã Quy Đức,Xã,4873
Xã Đoàn Kết,Huyện Đà Bắc,Tỉnh Hòa Bình,Tỉnh Phú Thọ,Xã Quy Đức,Xã,4873
Xã Đồng Chum,Huyện Đà Bắc,Tỉnh Hòa Bình,Tỉnh Phú Thọ,Xã Tân Pheo,Xã,4849
Xã Đồng Ruộng,Huyện Đà Bắc,Tỉnh Hòa Bình,Tỉnh Phú Thọ,Xã Quy Đức,Xã,4873
Phường Dân Chủ,Thành phố Hòa Bình,Tỉnh Hòa Bình,Tỉnh Phú Thọ,Phường Thống Nhất,Phường,4828
Phường Hữu Nghị,Thành phố Hòa Bình,Tỉnh Hòa Bình,Tỉnh Phú Thọ,Phường Hòa Bình,Phường,4795
Phường Kỳ Sơn,Thành phố Hòa Bình,Tỉnh Hòa Bình,Tỉnh Phú Thọ,Phường Kỳ Sơn,Phường,4894
Phường Phương Lâm,Thành phố Hòa Bình,Tỉnh Hòa Bình,Tỉnh Phú Thọ,Phường Hòa Bình,Phường,4795
Phường Quỳnh Lâm,Thành phố Hòa Bình,Tỉnh Hòa Bình,Tỉnh Phú Thọ,Phường Hòa Bình,Phường,4795
Phường Thái Bình,Thành phố Hòa Bình,Tỉnh Hòa Bình,Tỉnh Phú Thọ,Phường Thống Nhất,Phường,4828
Phường Thịnh Lang,Thành phố Hòa Bình,Tỉnh Hòa Bình,Tỉnh Phú Thọ,Phường Hòa Bình,Phường,4795
Phường Thống Nhất,Thành phố Hòa Bình,Tỉnh Hòa Bình,Tỉnh Phú Thọ,Phường Thống Nhất,Phường,4828
Phường Trung Minh,Thành phố Hòa Bình,Tỉnh Hòa Bình,Tỉnh Phú Thọ,Phường Hòa Bình,Phường,4795
Phường Tân Hòa,Thành phố Hòa Bình,Tỉnh Hòa Bình,Tỉnh Phú Thọ,Phường Tân Hòa,Phường,4792
Phường Tân Thịnh,Thành phố Hòa Bình,Tỉnh Hòa Bình,Tỉnh Phú Thọ,Phường Hòa Bình,Phường,4795
Phường Đồng Tiến,Thành phố Hòa Bình,Tỉnh Hòa Bình,Tỉnh Phú Thọ,Phường Hòa Bình,Phường,4795
Xã Hòa Bình,Thành phố Hòa Bình,Tỉnh Hòa Bình,Tỉnh Phú Thọ,Phường Tân Hòa,Phường,4792
Xã Hợp Thành,Thành phố Hòa Bình,Tỉnh Hòa Bình,Tỉnh Phú Thọ,Xã Thịnh Minh,Xã,4897
Xã Mông Hóa,Thành phố Hòa Bình,Tỉnh Hòa Bình,Tỉnh Phú Thọ,Phường Kỳ Sơn,Phường,4894
Xã Quang Tiến,Thành phố Hòa Bình,Tỉnh Hòa Bình,Tỉnh Phú Thọ,Xã Thịnh Minh,Xã,4897
Xã Thịnh Minh,Thành phố Hòa Bình,Tỉnh Hòa Bình,Tỉnh Phú Thọ,Xã Thịnh Minh,Xã,4897
Xã Yên Mông,Thành phố Hòa Bình,Tỉnh Hòa Bình,Tỉnh Phú Thọ,Phường Tân Hòa,Phường,4792
Xã Độc Lập,Thành phố Hòa Bình,Tỉnh Hòa Bình,Tỉnh Phú Thọ,Phường Kỳ Sơn,Phường,4894
Thị trấn Cẩm Khê,Huyện Cẩm Khê,Tỉnh Phú Thọ,Tỉnh Phú Thọ,Xã Cẩm Khê,Xã,8341
Xã Hùng Việt,Huyện Cẩm Khê,Tỉnh Phú Thọ,Tỉnh Phú Thọ,Xã Hùng Việt,Xã,8416
Xã Hương Lung,Huyện Cẩm Khê,Tỉnh Phú Thọ,Tỉnh Phú Thọ,Xã Phú Khê,Xã,8398
Xã Minh Thắng,Huyện Cẩm Khê,Tỉnh Phú Thọ,Tỉnh Phú Thọ,Xã Tiên Lương,Xã,8344
Xã Minh Tân,Huyện Cẩm Khê,Tỉnh Phú Thọ,Tỉnh Phú Thọ,Xã Cẩm Khê,Xã,8341
Xã Nhật Tiến,Huyện Cẩm Khê,Tỉnh Phú Thọ,Tỉnh Phú Thọ,Xã Hùng Việt,Xã,8416
Xã Phong Thịnh,Huyện Cẩm Khê,Tỉnh Phú Thọ,Tỉnh Phú Thọ,Xã Cẩm Khê,Xã,8341
Xã Phú Khê,Huyện Cẩm Khê,Tỉnh Phú Thọ,Tỉnh Phú Thọ,Xã Phú Khê,Xã,8398
Xã Phượng Vĩ,Huyện Cẩm Khê,Tỉnh Phú Thọ,Tỉnh Phú Thọ,Xã Tiên Lương,Xã,8344
Xã Tam Sơn,Huyện Cẩm Khê,Tỉnh Phú Thọ,Tỉnh Phú Thọ,Xã Vân Bán,Xã,8377
Xã Tiên Lương,Huyện Cẩm Khê,Tỉnh Phú Thọ,Tỉnh Phú Thọ,Xã Tiên Lương,Xã,8344
Xã Tùng Khê,Huyện Cẩm Khê,Tỉnh Phú Thọ,Tỉnh Phú Thọ,Xã Vân Bán,Xã,8377
Xã Văn Bán,Huyện Cẩm Khê,Tỉnh Phú Thọ,Tỉnh Phú Thọ,Xã Vân Bán,Xã,8377
Xã Yên Dưỡng,Huyện Cẩm Khê,Tỉnh Phú Thọ,Tỉnh Phú Thọ,Xã Đồng Lương,Xã,8431
Xã Điêu Lương,Huyện Cẩm Khê,Tỉnh Phú Thọ,Tỉnh Phú Thọ,Xã Đồng Lương,Xã,8431
Xã Đồng Lương,Huyện Cẩm Khê,Tỉnh Phú Thọ,Tỉnh Phú Thọ,Xã Đồng Lương,Xã,8431
Thị trấn Hạ Hòa,Huyện Hạ Hòa,Tỉnh Phú Thọ,Tỉnh Phú Thọ,Xã Hạ Hòa,Xã,8053
Xã Bằng Giã,Huyện Hạ Hòa,Tỉnh Phú Thọ,Tỉnh Phú Thọ,Xã Văn Lang,Xã,8134
Xã Gia Điền,Huyện Hạ Hòa,Tỉnh Phú Thọ,Tỉnh Phú Thọ,Xã Hạ Hòa,Xã,8053
Xã Hiền Lương,Huyện Hạ Hòa,Tỉnh Phú Thọ,Tỉnh Phú Thọ,Xã Hiền Lương,Xã,8110
Xã Hà Lương,Huyện Hạ Hòa,Tỉnh Phú Thọ,Tỉnh Phú Thọ,Xã Đan Thượng,Xã,8071
Xã Hương Xạ,Huyện Hạ Hòa,Tỉnh Phú Thọ,Tỉnh Phú Thọ,Xã Yên Kỳ,Xã,8113
Xã Lang Sơn,Huyện Hạ Hòa,Tỉnh Phú Thọ,Tỉnh Phú Thọ,Xã Vĩnh Chân,Xã,8143
Xã Minh Côi,Huyện Hạ Hòa,Tỉnh Phú Thọ,Tỉnh Phú Thọ,Xã Văn Lang,Xã,8134
Xã Minh Hạc,Huyện Hạ Hòa,Tỉnh Phú Thọ,Tỉnh Phú Thọ,Xã Hạ Hòa,Xã,8053
Xã Phương Viên,Huyện Hạ Hòa,Tỉnh Phú Thọ,Tỉnh Phú Thọ,Xã Yên Kỳ,Xã,8113
Xã Tứ Hiệp,Huyện Hạ Hòa,Tỉnh Phú Thọ,Tỉnh Phú Thọ,Xã Đan Thượng,Xã,8071
Xã Vô Tranh,Huyện Hạ Hòa,Tỉnh Phú Thọ,Tỉnh Phú Thọ,Xã Văn Lang,Xã,8134
Xã Văn Lang,Huyện Hạ Hòa,Tỉnh Phú Thọ,Tỉnh Phú Thọ,Xã Văn Lang,Xã,8134
Xã Vĩnh Chân,Huyện Hạ Hòa,Tỉnh Phú Thọ,Tỉnh Phú Thọ,Xã Vĩnh Chân,Xã,8143
Xã Xuân Áng,Huyện Hạ Hòa,Tỉnh Phú Thọ,Tỉnh Phú Thọ,Xã Hiền Lương,Xã,8110
Xã Yên Kỳ,Huyện Hạ Hòa,Tỉnh Phú Thọ,Tỉnh Phú Thọ,Xã Yên Kỳ,Xã,8113
Xã Yên Luật,Huyện Hạ Hòa,Tỉnh Phú Thọ,Tỉnh Phú Thọ,Xã Vĩnh Chân,Xã,8143
Xã Đan Thượng,Huyện Hạ Hòa,Tỉnh Phú Thọ,Tỉnh Phú Thọ,Xã Đan Thượng,Xã,8071
Xã Đại Phạm,Huyện Hạ Hòa,Tỉnh Phú Thọ,Tỉnh Phú Thọ,Xã Đan Thượng,Xã,8071
Xã Ấm Hạ,Huyện Hạ Hòa,Tỉnh Phú Thọ,Tỉnh Phú Thọ,Xã Hạ Hòa,Xã,8053
Thị trấn Hùng Sơn,Huyện Lâm Thao,Tỉnh Phú Thọ,Tỉnh Phú Thọ,Xã Lâm Thao,Xã,8494
Thị trấn Lâm Thao,Huyện Lâm Thao,Tỉnh Phú Thọ,Tỉnh Phú Thọ,Xã Lâm Thao,Xã,8494
Xã Bản Nguyên,Huyện Lâm Thao,Tỉnh Phú Thọ,Tỉnh Phú Thọ,Xã Bản Nguyên,Xã,8527
Xã Cao Xá,Huyện Lâm Thao,Tỉnh Phú Thọ,Tỉnh Phú Thọ,Xã Bản Nguyên,Xã,8527
Xã Phùng Nguyên,Huyện Lâm Thao,Tỉnh Phú Thọ,Tỉnh Phú Thọ,Xã Phùng Nguyên,Xã,8521
Xã Sơn Vi,Huyện Lâm Thao,Tỉnh Phú Thọ,Tỉnh Phú Thọ,Xã Phùng Nguyên,Xã,8521
Xã Thạch Sơn,Huyện Lâm Thao,Tỉnh Phú Thọ,Tỉnh Phú Thọ,Xã Lâm Thao,Xã,8494
Xã Tiên Kiên,Huyện Lâm Thao,Tỉnh Phú Thọ,Tỉnh Phú Thọ,Xã Xuân Lũng,Xã,8500
Xã Tứ Xã,Huyện Lâm Thao,Tỉnh Phú Thọ,Tỉnh Phú Thọ,Xã Phùng Nguyên,Xã,8521
Xã Vĩnh Lại,Huyện Lâm Thao,Tỉnh Phú Thọ,Tỉnh Phú Thọ,Xã Bản Nguyên,Xã,8527
Xã Xuân Huy,Huyện Lâm Thao,Tỉnh Phú Thọ,Tỉnh Phú Thọ,Xã Xuân Lũng,Xã,8500
Xã Xuân Lũng,Huyện Lâm Thao,Tỉnh Phú Thọ,Tỉnh Phú Thọ,Xã Xuân Lũng,Xã,8500
Thị trấn Phong Châu,Huyện Phù Ninh,Tỉnh Phú Thọ,Tỉnh Phú Thọ,Xã Phù Ninh,Xã,8230
Xã An Đạo,Huyện Phù Ninh,Tỉnh Phú Thọ,Tỉnh Phú Thọ,Xã Bình Phú,Xã,8275
Xã Bình Phú,Huyện Phù Ninh,Tỉnh Phú Thọ,Tỉnh Phú Thọ,Xã Bình Phú,Xã,8275
Xã Bảo Thanh,Huyện Phù Ninh,Tỉnh Phú Thọ,Tỉnh Phú Thọ,Xã Dân Chủ,Xã,8254
Xã Gia Thanh,Huyện Phù Ninh,Tỉnh Phú Thọ,Tỉnh Phú Thọ,Xã Dân Chủ,Xã,8254
Xã Hạ Giáp,Huyện Phù Ninh,Tỉnh Phú Thọ,Tỉnh Phú Thọ,Xã Dân Chủ,Xã,8254
Xã Liên Hoa,Huyện Phù Ninh,Tỉnh Phú Thọ,Tỉnh Phú Thọ,Xã Phú Mỹ,Xã,8236
Xã Lệ Mỹ,Huyện Phù Ninh,Tỉnh Phú Thọ,Tỉnh Phú Thọ,Xã Phú Mỹ,Xã,8236
Xã Phù Ninh,Huyện Phù Ninh,Tỉnh Phú Thọ,Tỉnh Phú Thọ,Xã Phù Ninh,Xã,8230
Xã Phú Lộc,Huyện Phù Ninh,Tỉnh Phú Thọ,Tỉnh Phú Thọ,Xã Phù Ninh,Xã,8230
Xã Phú Mỹ,Huyện Phù Ninh,Tỉnh Phú Thọ,Tỉnh Phú Thọ,Xã Phú Mỹ,Xã,8236
Xã Phú Nham,Huyện Phù Ninh,Tỉnh Phú Thọ,Tỉnh Phú Thọ,Xã Phù Ninh,Xã,8230
Xã Tiên Du,Huyện Phù Ninh,Tỉnh Phú Thọ,Tỉnh Phú Thọ,Xã Bình Phú,Xã,8275
Xã Tiên Phú,Huyện Phù Ninh,Tỉnh Phú Thọ,Tỉnh Phú Thọ,Xã Trạm Thản,Xã,8245
Xã Trung Giáp,Huyện Phù Ninh,Tỉnh Phú Thọ,Tỉnh Phú Thọ,Xã Trạm Thản,Xã,8245
Xã Trạm Thản,Huyện Phù Ninh,Tỉnh Phú Thọ,Tỉnh Phú Thọ,Xã Trạm Thản,Xã,8245
Xã Trị Quận,Huyện Phù Ninh,Tỉnh Phú Thọ,Tỉnh Phú Thọ,Xã Dân Chủ,Xã,8254
Thị trấn Hưng Hóa,Huyện Tam Nông,Tỉnh Phú Thọ,Tỉnh Phú Thọ,Xã Tam Nông,Xã,8434
Xã Bắc Sơn,Huyện Tam Nông,Tỉnh Phú Thọ,Tỉnh Phú Thọ,Xã Hiền Quan,Xã,8443
Xã Dân Quyền,Huyện Tam Nông,Tỉnh Phú Thọ,Tỉnh Phú Thọ,Xã Tam Nông,Xã,8434
Xã Dị Nậu,Huyện Tam Nông,Tỉnh Phú Thọ,Tỉnh Phú Thọ,Xã Thọ Văn,Xã,8479
Xã Hiền Quan,Huyện Tam Nông,Tỉnh Phú Thọ,Tỉnh Phú Thọ,Xã Hiền Quan,Xã,8443
Xã Hương Nộn,Huyện Tam Nông,Tỉnh Phú Thọ,Tỉnh Phú Thọ,Xã Tam Nông,Xã,8434
Xã Lam Sơn,Huyện Tam Nông,Tỉnh Phú Thọ,Tỉnh Phú Thọ,Xã Vạn Xuân,Xã,8467
Xã Quang Húc,Huyện Tam Nông,Tỉnh Phú Thọ,Tỉnh Phú Thọ,Xã Vạn Xuân,Xã,8467
Xã Thanh Uyên,Huyện Tam Nông,Tỉnh Phú Thọ,Tỉnh Phú Thọ,Xã Hiền Quan,Xã,8443
Xã Thọ Văn,Huyện Tam Nông,Tỉnh Phú Thọ,Tỉnh Phú Thọ,Xã Thọ Văn,Xã,8479
Xã Tề Lễ,Huyện Tam Nông,Tỉnh Phú Thọ,Tỉnh Phú Thọ,Xã Thọ Văn,Xã,8479
Xã Vạn Xuân,Huyện Tam Nông,Tỉnh Phú Thọ,Tỉnh Phú Thọ,Xã Vạn Xuân,Xã,8467
Thị trấn Thanh Ba,Huyện Thanh Ba,Tỉnh Phú Thọ,Tỉnh Phú Thọ,Xã Thanh Ba,Xã,8152
Xã Chí Tiên,Huyện Thanh Ba,Tỉnh Phú Thọ,Tỉnh Phú Thọ,Xã Chí Tiên,Xã,8218
Xã Hanh Cù,Huyện Thanh Ba,Tỉnh Phú Thọ,Tỉnh Phú Thọ,Xã Thanh Ba,Xã,8152
Xã Hoàng Cương,Huyện Thanh Ba,Tỉnh Phú Thọ,Tỉnh Phú Thọ,Xã Hoàng Cương,Xã,8203
Xã Khải Xuân,Huyện Thanh Ba,Tỉnh Phú Thọ,Tỉnh Phú Thọ,Xã Đông Thành,Xã,8209
Xã Lương Lỗ,Huyện Thanh Ba,Tỉnh Phú Thọ,Tỉnh Phú Thọ,Xã Liên Minh,Xã,8227
Xã Mạn Lạn,Huyện Thanh Ba,Tỉnh Phú Thọ,Tỉnh Phú Thọ,Xã Hoàng Cương,Xã,8203
Xã Ninh Dân,Huyện Thanh Ba,Tỉnh Phú Thọ,Tỉnh Phú Thọ,Xã Hoàng Cương,Xã,8203
Xã Quảng Yên,Huyện Thanh Ba,Tỉnh Phú Thọ,Tỉnh Phú Thọ,Xã Quảng Yên,Xã,8173
Xã Sơn Cương,Huyện Thanh Ba,Tỉnh Phú Thọ,Tỉnh Phú Thọ,Xã Chí Tiên,Xã,8218
Xã Thanh Hà,Huyện Thanh Ba,Tỉnh Phú Thọ,Tỉnh Phú Thọ,Xã Chí Tiên,Xã,8218
Xã Vân Lĩnh,Huyện Thanh Ba,Tỉnh Phú Thọ,Tỉnh Phú Thọ,Xã Thanh Ba,Xã,8152
Xã Võ Lao,Huyện Thanh Ba,Tỉnh Phú Thọ,Tỉnh Phú Thọ,Xã Đông Thành,Xã,8209
Xã Đông Lĩnh,Huyện Thanh Ba,Tỉnh Phú Thọ,Tỉnh Phú Thọ,Xã Quảng Yên,Xã,8173
Xã Đông Thành,Huyện Thanh Ba,Tỉnh Phú Thọ,Tỉnh Phú Thọ,Xã Đông Thành,Xã,8209
Xã Đại An,Huyện Thanh Ba,Tỉnh Phú Thọ,Tỉnh Phú Thọ,Xã Quảng Yên,Xã,8173
Xã Đồng Xuân,Huyện Thanh Ba,Tỉnh Phú Thọ,Tỉnh Phú Thọ,Xã Thanh Ba,Xã,8152
Xã Đỗ Sơn,Huyện Thanh Ba,Tỉnh Phú Thọ,Tỉnh Phú Thọ,Xã Liên Minh,Xã,8227
Xã Đỗ Xuyên,Huyện Thanh Ba,Tỉnh Phú Thọ,Tỉnh Phú Thọ,Xã Liên Minh,Xã,8227
Thị trấn Thanh Sơn,Huyện Thanh Sơn,Tỉnh Phú Thọ,Tỉnh Phú Thọ,Xã Thanh Sơn,Xã,8542
Xã Cự Thắng,Huyện Thanh Sơn,Tỉnh Phú Thọ,Tỉnh Phú Thọ,Xã Võ Miếu,Xã,8584
Xã Cự Đồng,Huyện Thanh Sơn,Tỉnh Phú Thọ,Tỉnh Phú Thọ,Xã Cự Đồng,Xã,8614
Xã Giáp Lai,Huyện Thanh Sơn,Tỉnh Phú Thọ,Tỉnh Phú Thọ,Xã Thanh Sơn,Xã,8542
Xã Hương Cần,Huyện Thanh Sơn,Tỉnh Phú Thọ,Tỉnh Phú Thọ,Xã Hương Cần,Xã,8632
Xã Khả Cửu,Huyện Thanh Sơn,Tỉnh Phú Thọ,Tỉnh Phú Thọ,Xã Khả Cửu,Xã,8635
Xã Lương Nha,Huyện Thanh Sơn,Tỉnh Phú Thọ,Tỉnh Phú Thọ,Xã Yên Sơn,Xã,8656
Xã Sơn Hùng,Huyện Thanh Sơn,Tỉnh Phú Thọ,Tỉnh Phú Thọ,Xã Thanh Sơn,Xã,8542
Xã Thượng Cửu,Huyện Thanh Sơn,Tỉnh Phú Thọ,Tỉnh Phú Thọ,Xã Khả Cửu,Xã,8635
Xã Thạch Khoán,Huyện Thanh Sơn,Tỉnh Phú Thọ,Tỉnh Phú Thọ,Xã Thanh Sơn,Xã,8542
Xã Thắng Sơn,Huyện Thanh Sơn,Tỉnh Phú Thọ,Tỉnh Phú Thọ,Xã Cự Đồng,Xã,8614
Xã Thục Luyện,Huyện Thanh Sơn,Tỉnh Phú Thọ,Tỉnh Phú Thọ,Xã Thanh Sơn,Xã,8542
Xã Tinh Nhuệ,Huyện Thanh Sơn,Tỉnh Phú Thọ,Tỉnh Phú Thọ,Xã Yên Sơn,Xã,8656
Xã Tân Lập,Huyện Thanh Sơn,Tỉnh Phú Thọ,Tỉnh Phú Thọ,Xã Văn Miếu,Xã,8611
Xã Tân Minh,Huyện Thanh Sơn,Tỉnh Phú Thọ,Tỉnh Phú Thọ,Xã Văn Miếu,Xã,8611
Xã Tất Thắng,Huyện Thanh Sơn,Tỉnh Phú Thọ,Tỉnh Phú Thọ,Xã Cự Đồng,Xã,8614
Xã Võ Miếu,Huyện Thanh Sơn,Tỉnh Phú Thọ,Tỉnh Phú Thọ,Xã Võ Miếu,Xã,8584
Xã Văn Miếu,Huyện Thanh Sơn,Tỉnh Phú Thọ,Tỉnh Phú Thọ,Xã Văn Miếu,Xã,8611
Xã Yên Lãng,Huyện Thanh Sơn,Tỉnh Phú Thọ,Tỉnh Phú Thọ,Xã Hương Cần,Xã,8632
Xã Yên Lương,Huyện Thanh Sơn,Tỉnh Phú Thọ,Tỉnh Phú Thọ,Xã Hương Cần,Xã,8632
Xã Yên Sơn,Huyện Thanh Sơn,Tỉnh Phú Thọ,Tỉnh Phú Thọ,Xã Yên Sơn,Xã,8656
Xã Đông Cửu,Huyện Thanh Sơn,Tỉnh Phú Thọ,Tỉnh Phú Thọ,Xã Khả Cửu,Xã,8635
Xã Địch Quả,Huyện Thanh Sơn,Tỉnh Phú Thọ,Tỉnh Phú Thọ,Xã Võ Miếu,Xã,8584
Thị trấn Thanh Thủy,Huyện Thanh Thủy,Tỉnh Phú Thọ,Tỉnh Phú Thọ,Xã Thanh Thủy,Xã,8674
Xã Bảo Yên,Huyện Thanh Thủy,Tỉnh Phú Thọ,Tỉnh Phú Thọ,Xã Thanh Thủy,Xã,8674
Xã Hoàng Xá,Huyện Thanh Thủy,Tỉnh Phú Thọ,Tỉnh Phú Thọ,Xã Tu Vũ,Xã,8686
Xã Sơn Thủy,Huyện Thanh Thủy,Tỉnh Phú Thọ,Tỉnh Phú Thọ,Xã Thanh Thủy,Xã,8674
Xã Thạch Đồng,Huyện Thanh Thủy,Tỉnh Phú Thọ,Tỉnh Phú Thọ,Xã Đào Xá,Xã,8662
Xã Tu Vũ,Huyện Thanh Thủy,Tỉnh Phú Thọ,Tỉnh Phú Thọ,Xã Tu Vũ,Xã,8686
Xã Tân Phương,Huyện Thanh Thủy,Tỉnh Phú Thọ,Tỉnh Phú Thọ,Xã Đào Xá,Xã,8662
Xã Xuân Lộc,Huyện Thanh Thủy,Tỉnh Phú Thọ,Tỉnh Phú Thọ,Xã Đào Xá,Xã,8662
Xã Đoan Hạ,Huyện Thanh Thủy,Tỉnh Phú Thọ,Tỉnh Phú Thọ,Xã Thanh Thủy,Xã,8674
Xã Đào Xá,Huyện Thanh Thủy,Tỉnh Phú Thọ,Tỉnh Phú Thọ,Xã Đào Xá,Xã,8662
Xã Đồng Trung,Huyện Thanh Thủy,Tỉnh Phú Thọ,Tỉnh Phú Thọ,Xã Tu Vũ,Xã,8686
Thị trấn Tân Phú,Huyện Tân Sơn,Tỉnh Phú Thọ,Tỉnh Phú Thọ,Xã Tân Sơn,Xã,8566
Xã Kim Thượng,Huyện Tân Sơn,Tỉnh Phú Thọ,Tỉnh Phú Thọ,Xã Xuân Đài,Xã,8590
Xã Kiệt Sơn,Huyện Tân Sơn,Tỉnh Phú Thọ,Tỉnh Phú Thọ,Xã Lai Đồng,Xã,8560
Xã Lai Đồng,Huyện Tân Sơn,Tỉnh Phú Thọ,Tỉnh Phú Thọ,Xã Lai Đồng,Xã,8560
Xã Long Cốc,Huyện Tân Sơn,Tỉnh Phú Thọ,Tỉnh Phú Thọ,Xã Long Cốc,Xã,8620
Xã Minh Đài,Huyện Tân Sơn,Tỉnh Phú Thọ,Tỉnh Phú Thọ,Xã Minh Đài,Xã,8593
Xã Mỹ Thuận,Huyện Tân Sơn,Tỉnh Phú Thọ,Tỉnh Phú Thọ,Xã Minh Đài,Xã,8593
Xã Tam Thanh,Huyện Tân Sơn,Tỉnh Phú Thọ,Tỉnh Phú Thọ,Xã Long Cốc,Xã,8620
Xã Thu Cúc,Huyện Tân Sơn,Tỉnh Phú Thọ,Tỉnh Phú Thọ,Xã Thu Cúc,Xã,8545
Xã Thu Ngạc,Huyện Tân Sơn,Tỉnh Phú Thọ,Tỉnh Phú Thọ,Xã Tân Sơn,Xã,8566
Xã Thạch Kiệt,Huyện Tân Sơn,Tỉnh Phú Thọ,Tỉnh Phú Thọ,Xã Tân Sơn,Xã,8566
Xã Tân Sơn,Huyện Tân Sơn,Tỉnh Phú Thọ,Tỉnh Phú Thọ,Xã Lai Đồng,Xã,8560
Xã Vinh Tiền,Huyện Tân Sơn,Tỉnh Phú Thọ,Tỉnh Phú Thọ,Xã Long Cốc,Xã,8620
Xã Văn Luông,Huyện Tân Sơn,Tỉnh Phú Thọ,Tỉnh Phú Thọ,Xã Minh Đài,Xã,8593
Xã Xuân Sơn,Huyện Tân Sơn,Tỉnh Phú Thọ,Tỉnh Phú Thọ,Xã Xuân Đài,Xã,8590
Xã Xuân Đài,Huyện Tân Sơn,Tỉnh Phú Thọ,Tỉnh Phú Thọ,Xã Xuân Đài,Xã,8590
Xã Đồng Sơn,Huyện Tân Sơn,Tỉnh Phú Thọ,Tỉnh Phú Thọ,Xã Lai Đồng,Xã,8560
Thị trấn Yên Lập,Huyện Yên Lập,Tỉnh Phú Thọ,Tỉnh Phú Thọ,Xã Yên Lập,Xã,8290
Xã Hưng Long,Huyện Yên Lập,Tỉnh Phú Thọ,Tỉnh Phú Thọ,Xã Yên Lập,Xã,8290
Xã Lương Sơn,Huyện Yên Lập,Tỉnh Phú Thọ,Tỉnh Phú Thọ,Xã Sơn Lương,Xã,8296
Xã Minh Hòa,Huyện Yên Lập,Tỉnh Phú Thọ,Tỉnh Phú Thọ,Xã Minh Hòa,Xã,8338
Xã Mỹ Lung,Huyện Yên Lập,Tỉnh Phú Thọ,Tỉnh Phú Thọ,Xã Sơn Lương,Xã,8296
Xã Mỹ Lương,Huyện Yên Lập,Tỉnh Phú Thọ,Tỉnh Phú Thọ,Xã Sơn Lương,Xã,8296
Xã Nga Hoàng,Huyện Yên Lập,Tỉnh Phú Thọ,Tỉnh Phú Thọ,Xã Thượng Long,Xã,8323
Xã Ngọc Lập,Huyện Yên Lập,Tỉnh Phú Thọ,Tỉnh Phú Thọ,Xã Minh Hòa,Xã,8338
Xã Ngọc Đồng,Huyện Yên Lập,Tỉnh Phú Thọ,Tỉnh Phú Thọ,Xã Minh Hòa,Xã,8338
Xã Phúc Khánh,Huyện Yên Lập,Tỉnh Phú Thọ,Tỉnh Phú Thọ,Xã Thượng Long,Xã,8323
Xã Thượng Long,Huyện Yên Lập,Tỉnh Phú Thọ,Tỉnh Phú Thọ,Xã Thượng Long,Xã,8323
Xã Trung Sơn,Huyện Yên Lập,Tỉnh Phú Thọ,Tỉnh Phú Thọ,Xã Trung Sơn,Xã,8311
Xã Xuân An,Huyện Yên Lập,Tỉnh Phú Thọ,Tỉnh Phú Thọ,Xã Xuân Viên,Xã,8305
Xã Xuân Thủy,Huyện Yên Lập,Tỉnh Phú Thọ,Tỉnh Phú Thọ,Xã Xuân Viên,Xã,8305
Xã Xuân Viên,Huyện Yên Lập,Tỉnh Phú Thọ,Tỉnh Phú Thọ,Xã Xuân Viên,Xã,8305
Xã Đồng Lạc,Huyện Yên Lập,Tỉnh Phú Thọ,Tỉnh Phú Thọ,Xã Yên Lập,Xã,8290
Xã Đồng Thịnh,Huyện Yên Lập,Tỉnh Phú Thọ,Tỉnh Phú Thọ,Xã Yên Lập,Xã,8290
Thị trấn Đoan Hùng,Huyện Đoan Hùng,Tỉnh Phú Thọ,Tỉnh Phú Thọ,Xã Đoan Hùng,Xã,7969
Xã Bằng Doãn,Huyện Đoan Hùng,Tỉnh Phú Thọ,Tỉnh Phú Thọ,Xã Bằng Luân,Xã,7996
Xã Bằng Luân,Huyện Đoan Hùng,Tỉnh Phú Thọ,Tỉnh Phú Thọ,Xã Bằng Luân,Xã,7996
Xã Ca Đình,Huyện Đoan Hùng,Tỉnh Phú Thọ,Tỉnh Phú Thọ,Xã Tây Cốc,Xã,8023
Xã Chân Mộng,Huyện Đoan Hùng,Tỉnh Phú Thọ,Tỉnh Phú Thọ,Xã Chân Mộng,Xã,8038
Xã Chí Đám,Huyện Đoan Hùng,Tỉnh Phú Thọ,Tỉnh Phú Thọ,Xã Chí Đám,Xã,7999
Xã Hùng Long,Huyện Đoan Hùng,Tỉnh Phú Thọ,Tỉnh Phú Thọ,Xã Chân Mộng,Xã,8038
Xã Hùng Xuyên,Huyện Đoan Hùng,Tỉnh Phú Thọ,Tỉnh Phú Thọ,Xã Chí Đám,Xã,7999
Xã Hợp Nhất,Huyện Đoan Hùng,Tỉnh Phú Thọ,Tỉnh Phú Thọ,Xã Đoan Hùng,Xã,7969
Xã Ngọc Quan,Huyện Đoan Hùng,Tỉnh Phú Thọ,Tỉnh Phú Thọ,Xã Đoan Hùng,Xã,7969
Xã Phú Lâm,Huyện Đoan Hùng,Tỉnh Phú Thọ,Tỉnh Phú Thọ,Xã Tây Cốc,Xã,8023
Xã Phúc Lai,Huyện Đoan Hùng,Tỉnh Phú Thọ,Tỉnh Phú Thọ,Xã Bằng Luân,Xã,7996
Xã Tây Cốc,Huyện Đoan Hùng,Tỉnh Phú Thọ,Tỉnh Phú Thọ,Xã Tây Cốc,Xã,8023
Xã Yên Kiện,Huyện Đoan Hùng,Tỉnh Phú Thọ,Tỉnh Phú Thọ,Xã Chân Mộng,Xã,8038
Phường Bạch Hạc,Thành phố Việt Trì,Tỉnh Phú Thọ,Tỉnh Phú Thọ,Phường Thanh Miếu,Phường,7909
Phường Dữu Lâu,Thành phố Việt Trì,Tỉnh Phú Thọ,Tỉnh Phú Thọ,Phường Việt Trì,Phường,7900
Phường Gia Cẩm,Thành phố Việt Trì,Tỉnh Phú Thọ,Tỉnh Phú Thọ,Phường Việt Trì,Phường,7900
Phường Minh Nông,Thành phố Việt Trì,Tỉnh Phú Thọ,Tỉnh Phú Thọ,Phường Việt Trì,Phường,7900
Phường Minh Phương,Thành phố Việt Trì,Tỉnh Phú Thọ,Tỉnh Phú Thọ,Phường Nông Trang,Phường,7894
Phường Nông Trang,Thành phố Việt Trì,Tỉnh Phú Thọ,Tỉnh Phú Thọ,Phường Nông Trang,Phường,7894
Phường Thanh Miếu,Thành phố Việt Trì,Tỉnh Phú Thọ,Tỉnh Phú Thọ,Phường Thanh Miếu,Phường,7909
Phường Thọ Sơn,Thành phố Việt Trì,Tỉnh Phú Thọ,Tỉnh Phú Thọ,Phường Thanh Miếu,Phường,7909
Phường Tiên Cát,Thành phố Việt Trì,Tỉnh Phú Thọ,Tỉnh Phú Thọ,Phường Thanh Miếu,Phường,7909
Phường Tân Dân,Thành phố Việt Trì,Tỉnh Phú Thọ,Tỉnh Phú Thọ,Phường Việt Trì,Phường,7900
Phường Vân Phú,Thành phố Việt Trì,Tỉnh Phú Thọ,Tỉnh Phú Thọ,Phường Vân Phú,Phường,7918
Xã Chu Hóa,Thành phố Việt Trì,Tỉnh Phú Thọ,Tỉnh Phú Thọ,Xã Hy Cương,Xã,8515
Xã Hy Cương,Thành phố Việt Trì,Tỉnh Phú Thọ,Tỉnh Phú Thọ,Xã Hy Cương,Xã,8515
Xã Hùng Lô,Thành phố Việt Trì,Tỉnh Phú Thọ,Tỉnh Phú Thọ,Phường Vân Phú,Phường,7918
Xã Kim Đức,Thành phố Việt Trì,Tỉnh Phú Thọ,Tỉnh Phú Thọ,Phường Vân Phú,Phường,7918
Xã Phượng Lâu,Thành phố Việt Trì,Tỉnh Phú Thọ,Tỉnh Phú Thọ,Phường Vân Phú,Phường,7918
Xã Sông Lô,Thành phố Việt Trì,Tỉnh Phú Thọ,Tỉnh Phú Thọ,Phường Thanh Miếu,Phường,7909
Xã Thanh Đình,Thành phố Việt Trì,Tỉnh Phú Thọ,Tỉnh Phú Thọ,Xã Hy Cương,Xã,8515
Xã Thụy Vân,Thành phố Việt Trì,Tỉnh Phú Thọ,Tỉnh Phú Thọ,Phường Nông Trang,Phường,7894
Xã Trưng Vương,Thành phố Việt Trì,Tỉnh Phú Thọ,Tỉnh Phú Thọ,Phường Việt Trì,Phường,7900
Phường Hùng Vương,Thị xã Phú Thọ,Tỉnh Phú Thọ,Tỉnh Phú Thọ,Phường Phú Thọ,Phường,7942
Phường Phong Châu,Thị xã Phú Thọ,Tỉnh Phú Thọ,Tỉnh Phú Thọ,Phường Phong Châu,Phường,7954
Phường Thanh Vinh,Thị xã Phú Thọ,Tỉnh Phú Thọ,Tỉnh Phú Thọ,Phường Âu Cơ,Phường,7948
Phường Âu Cơ,Thị xã Phú Thọ,Tỉnh Phú Thọ,Tỉnh Phú Thọ,Phường Âu Cơ,Phường,7948
Xã Hà Lộc,Thị xã Phú Thọ,Tỉnh Phú Thọ,Tỉnh Phú Thọ,Phường Phú Thọ,Phường,7942
Xã Hà Thạch,Thị xã Phú Thọ,Tỉnh Phú Thọ,Tỉnh Phú Thọ,Phường Phong Châu,Phường,7954
Xã Phú Hộ,Thị xã Phú Thọ,Tỉnh Phú Thọ,Tỉnh Phú Thọ,Phường Phong Châu,Phường,7954
Xã Thanh Minh,Thị xã Phú Thọ,Tỉnh Phú Thọ,Tỉnh Phú Thọ,Phường Âu Cơ,Phường,7948
Xã Văn Lung,Thị xã Phú Thọ,Tỉnh Phú Thọ,Tỉnh Phú Thọ,Phường Phú Thọ,Phường,7942
Thị trấn Bá Hiến,Huyện Bình Xuyên,Tỉnh Vĩnh Phúc,Tỉnh Phú Thọ,Xã Bình Tuyền,Xã,8944
Thị trấn Gia Khánh,Huyện Bình Xuyên,Tỉnh Vĩnh Phúc,Tỉnh Phú Thọ,Xã Bình Xuyên,Xã,8950
Thị trấn Hương Canh,Huyện Bình Xuyên,Tỉnh Vĩnh Phúc,Tỉnh Phú Thọ,Xã Bình Nguyên,Xã,8935
Thị trấn Thanh Lãng,Huyện Bình Xuyên,Tỉnh Vĩnh Phúc,Tỉnh Phú Thọ,Xã Xuân Lãng,Xã,8971
Thị trấn Đạo Đức,Huyện Bình Xuyên,Tỉnh Vĩnh Phúc,Tỉnh Phú Thọ,Xã Xuân Lãng,Xã,8971
Xã Hương Sơn,Huyện Bình Xuyên,Tỉnh Vĩnh Phúc,Tỉnh Phú Thọ,Xã Bình Xuyên,Xã,8950
Xã Phú Xuân,Huyện Bình Xuyên,Tỉnh Vĩnh Phúc,Tỉnh Phú Thọ,Xã Xuân Lãng,Xã,8971
Xã Quất Lưu,Huyện Bình Xuyên,Tỉnh Vĩnh Phúc,Tỉnh Phú Thọ,Xã Bình Nguyên,Xã,8935
Xã Sơn Lôi,Huyện Bình Xuyên,Tỉnh Vĩnh Phúc,Tỉnh Phú Thọ,Xã Bình Nguyên,Xã,8935
Xã Tam Hợp,Huyện Bình Xuyên,Tỉnh Vĩnh Phúc,Tỉnh Phú Thọ,Xã Bình Nguyên,Xã,8935
Xã Thiện Kế,Huyện Bình Xuyên,Tỉnh Vĩnh Phúc,Tỉnh Phú Thọ,Xã Bình Xuyên,Xã,8950
Xã Trung Mỹ,Huyện Bình Xuyên,Tỉnh Vĩnh Phúc,Tỉnh Phú Thọ,Xã Bình Tuyền,Xã,8944
Xã Tân Phong,Huyện Bình Xuyên,Tỉnh Vĩnh Phúc,Tỉnh Phú Thọ,Xã Xuân Lãng,Xã,8971
Thị trấn Hoa Sơn,Huyện Lập Thạch,Tỉnh Vĩnh Phúc,Tỉnh Phú Thọ,Xã Liên Hòa,Xã,8812
Thị trấn Lập Thạch,Huyện Lập Thạch,Tỉnh Vĩnh Phúc,Tỉnh Phú Thọ,Xã Lập Thạch,Xã,8761
Xã Bàn Giản,Huyện Lập Thạch,Tỉnh Vĩnh Phúc,Tỉnh Phú Thọ,Xã Liên Hòa,Xã,8812
Xã Bắc Bình,Huyện Lập Thạch,Tỉnh Vĩnh Phúc,Tỉnh Phú Thọ,Xã Thái Hòa,Xã,8788
Xã Hợp Lý,Huyện Lập Thạch,Tỉnh Vĩnh Phúc,Tỉnh Phú Thọ,Xã Hợp Lý,Xã,8770
Xã Liên Hòa,Huyện Lập Thạch,Tỉnh Vĩnh Phúc,Tỉnh Phú Thọ,Xã Liên Hòa,Xã,8812
Xã Liễn Sơn,Huyện Lập Thạch,Tỉnh Vĩnh Phúc,Tỉnh Phú Thọ,Xã Thái Hòa,Xã,8788
Xã Ngọc Mỹ,Huyện Lập Thạch,Tỉnh Vĩnh Phúc,Tỉnh Phú Thọ,Xã Hợp Lý,Xã,8770
Xã Quang Sơn,Huyện Lập Thạch,Tỉnh Vĩnh Phúc,Tỉnh Phú Thọ,Xã Hợp Lý,Xã,8770
Xã Sơn Đông,Huyện Lập Thạch,Tỉnh Vĩnh Phúc,Tỉnh Phú Thọ,Xã Sơn Đông,Xã,8866
Xã Thái Hòa,Huyện Lập Thạch,Tỉnh Vĩnh Phúc,Tỉnh Phú Thọ,Xã Thái Hòa,Xã,8788
Xã Tiên Lữ,Huyện Lập Thạch,Tỉnh Vĩnh Phúc,Tỉnh Phú Thọ,Xã Tiên Lữ,Xã,8842
Xã Tây Sơn,Huyện Lập Thạch,Tỉnh Vĩnh Phúc,Tỉnh Phú Thọ,Xã Sơn Đông,Xã,8866
Xã Tử Du,Huyện Lập Thạch,Tỉnh Vĩnh Phúc,Tỉnh Phú Thọ,Xã Lập Thạch,Xã,8761
Xã Vân Trục,Huyện Lập Thạch,Tỉnh Vĩnh Phúc,Tỉnh Phú Thọ,Xã Lập Thạch,Xã,8761
Xã Văn Quán,Huyện Lập Thạch,Tỉnh Vĩnh Phúc,Tỉnh Phú Thọ,Xã Tiên Lữ,Xã,8842
Xã Xuân Hòa,Huyện Lập Thạch,Tỉnh Vĩnh Phúc,Tỉnh Phú Thọ,Xã Lập Thạch,Xã,8761
Xã Xuân Lôi,Huyện Lập Thạch,Tỉnh Vĩnh Phúc,Tỉnh Phú Thọ,Xã Tiên Lữ,Xã,8842
Xã Đồng Ích,Huyện Lập Thạch,Tỉnh Vĩnh Phúc,Tỉnh Phú Thọ,Xã Tiên Lữ,Xã,8842
Thị trấn Tam Sơn,Huyện Sông Lô,Tỉnh Vĩnh Phúc,Tỉnh Phú Thọ,Xã Tam Sơn,Xã,8824
Xã Cao Phong,Huyện Sông Lô,Tỉnh Vĩnh Phúc,Tỉnh Phú Thọ,Xã Sơn Đông,Xã,8866
Xã Hải Lựu,Huyện Sông Lô,Tỉnh Vĩnh Phúc,Tỉnh Phú Thọ,Xã Hải Lựu,Xã,8782
Xã Lãng Công,Huyện Sông Lô,Tỉnh Vĩnh Phúc,Tỉnh Phú Thọ,Xã Yên Lãng,Xã,8773
Xã Nhân Đạo,Huyện Sông Lô,Tỉnh Vĩnh Phúc,Tỉnh Phú Thọ,Xã Hải Lựu,Xã,8782
Xã Phương Khoan,Huyện Sông Lô,Tỉnh Vĩnh Phúc,Tỉnh Phú Thọ,Xã Hải Lựu,Xã,8782
Xã Quang Yên,Huyện Sông Lô,Tỉnh Vĩnh Phúc,Tỉnh Phú Thọ,Xã Yên Lãng,Xã,8773
Xã Tân Lập,Huyện Sông Lô,Tỉnh Vĩnh Phúc,Tỉnh Phú Thọ,Xã Tam Sơn,Xã,8824
Xã Tứ Yên,Huyện Sông Lô,Tỉnh Vĩnh Phúc,Tỉnh Phú Thọ,Xã Sông Lô,Xã,8848
Xã Yên Thạch,Huyện Sông Lô,Tỉnh Vĩnh Phúc,Tỉnh Phú Thọ,Xã Sông Lô,Xã,8848
Xã Đôn Nhân,Huyện Sông Lô,Tỉnh Vĩnh Phúc,Tỉnh Phú Thọ,Xã Hải Lựu,Xã,8782
Xã Đồng Quế,Huyện Sông Lô,Tỉnh Vĩnh Phúc,Tỉnh Phú Thọ,Xã Tam Sơn,Xã,8824
Xã Đồng Thịnh,Huyện Sông Lô,Tỉnh Vĩnh Phúc,Tỉnh Phú Thọ,Xã Sông Lô,Xã,8848
Xã Đức Bác,Huyện Sông Lô,Tỉnh Vĩnh Phúc,Tỉnh Phú Thọ,Xã Sông Lô,Xã,8848
Thị trấn Hợp Hòa,Huyện Tam Dương,Tỉnh Vĩnh Phúc,Tỉnh Phú Thọ,Xã Tam Dương,Xã,8869
Thị trấn Kim Long,Huyện Tam Dương,Tỉnh Vĩnh Phúc,Tỉnh Phú Thọ,Xã Tam Dương,Xã,8869
Xã An Hòa,Huyện Tam Dương,Tỉnh Vĩnh Phúc,Tỉnh Phú Thọ,Xã Hoàng An,Xã,8896
Xã Duy Phiên,Huyện Tam Dương,Tỉnh Vĩnh Phúc,Tỉnh Phú Thọ,Xã Hội Thịnh,Xã,8905
Xã Hoàng Hoa,Huyện Tam Dương,Tỉnh Vĩnh Phúc,Tỉnh Phú Thọ,Xã Tam Dương Bắc,Xã,8872
Xã Hoàng Lâu,Huyện Tam Dương,Tỉnh Vĩnh Phúc,Tỉnh Phú Thọ,Xã Hoàng An,Xã,8896
Xã Hoàng Đan,Huyện Tam Dương,Tỉnh Vĩnh Phúc,Tỉnh Phú Thọ,Xã Hoàng An,Xã,8896
Xã Hướng Đạo,Huyện Tam Dương,Tỉnh Vĩnh Phúc,Tỉnh Phú Thọ,Xã Tam Dương,Xã,8869
Xã Hội Thịnh,Huyện Tam Dương,Tỉnh Vĩnh Phúc,Tỉnh Phú Thọ,Xã Hội Thịnh,Xã,8905
Xã Thanh Vân,Huyện Tam Dương,Tỉnh Vĩnh Phúc,Tỉnh Phú Thọ,Xã Hội Thịnh,Xã,8905
Xã Đạo Tú,Huyện Tam Dương,Tỉnh Vĩnh Phúc,Tỉnh Phú Thọ,Xã Tam Dương,Xã,8869
Xã Đồng Tĩnh,Huyện Tam Dương,Tỉnh Vĩnh Phúc,Tỉnh Phú Thọ,Xã Tam Dương Bắc,Xã,8872
Thị trấn Hợp Châu,Huyện Tam Đảo,Tỉnh Vĩnh Phúc,Tỉnh Phú Thọ,Xã Tam Đảo,Xã,8911
Thị trấn Tam Đảo,Huyện Tam Đảo,Tỉnh Vĩnh Phúc,Tỉnh Phú Thọ,Xã Tam Đảo,Xã,8911
Thị trấn Đại Đình,Huyện Tam Đảo,Tỉnh Vĩnh Phúc,Tỉnh Phú Thọ,Xã Đại Đình,Xã,8923
Xã Bồ Lý,Huyện Tam Đảo,Tỉnh Vĩnh Phúc,Tỉnh Phú Thọ,Xã Đại Đình,Xã,8923
Xã Hồ Sơn,Huyện Tam Đảo,Tỉnh Vĩnh Phúc,Tỉnh Phú Thọ,Xã Tam Đảo,Xã,8911
Xã Minh Quang,Huyện Tam Đảo,Tỉnh Vĩnh Phúc,Tỉnh Phú Thọ,Xã Tam Đảo,Xã,8911
Xã Tam Quan,Huyện Tam Đảo,Tỉnh Vĩnh Phúc,Tỉnh Phú Thọ,Xã Tam Dương Bắc,Xã,8872
Xã Yên Dương,Huyện Tam Đảo,Tỉnh Vĩnh Phúc,Tỉnh Phú Thọ,Xã Đạo Trù,Xã,8914
Xã Đạo Trù,Huyện Tam Đảo,Tỉnh Vĩnh Phúc,Tỉnh Phú Thọ,Xã Đạo Trù,Xã,8914
Thị trấn Thổ Tang,Huyện Vĩnh Tường,Tỉnh Vĩnh Phúc,Tỉnh Phú Thọ,Xã Thổ Tang,Xã,9112
Thị trấn Tứ Trưng,Huyện Vĩnh Tường,Tỉnh Vĩnh Phúc,Tỉnh Phú Thọ,Xã Vĩnh Tường,Xã,9076
Thị trấn Vĩnh Tường,Huyện Vĩnh Tường,Tỉnh Vĩnh Phúc,Tỉnh Phú Thọ,Xã Vĩnh Tường,Xã,9076
Xã An Nhân,Huyện Vĩnh Tường,Tỉnh Vĩnh Phúc,Tỉnh Phú Thọ,Xã Vĩnh Phú,Xã,9154
Xã Chấn Hưng,Huyện Vĩnh Tường,Tỉnh Vĩnh Phúc,Tỉnh Phú Thọ,Xã Vĩnh An,Xã,9079
Xã Kim Xá,Huyện Vĩnh Tường,Tỉnh Vĩnh Phúc,Tỉnh Phú Thọ,Xã Vĩnh An,Xã,9079
Xã Lũng Hòa,Huyện Vĩnh Tường,Tỉnh Vĩnh Phúc,Tỉnh Phú Thọ,Xã Vĩnh Thành,Xã,9106
Xã Lương Điền,Huyện Vĩnh Tường,Tỉnh Vĩnh Phúc,Tỉnh Phú Thọ,Xã Vĩnh Tường,Xã,9076
Xã Nghĩa Hưng,Huyện Vĩnh Tường,Tỉnh Vĩnh Phúc,Tỉnh Phú Thọ,Xã Vĩnh Hưng,Xã,9100
Xã Ngũ Kiên,Huyện Vĩnh Tường,Tỉnh Vĩnh Phúc,Tỉnh Phú Thọ,Xã Vĩnh Phú,Xã,9154
Xã Sao Đại Việt,Huyện Vĩnh Tường,Tỉnh Vĩnh Phúc,Tỉnh Phú Thọ,Xã Vĩnh Thành,Xã,9106
Xã Thượng Trưng,Huyện Vĩnh Tường,Tỉnh Vĩnh Phúc,Tỉnh Phú Thọ,Xã Thổ Tang,Xã,9112
Xã Tuân Chính,Huyện Vĩnh Tường,Tỉnh Vĩnh Phúc,Tỉnh Phú Thọ,Xã Thổ Tang,Xã,9112
Xã Tân Phú,Huyện Vĩnh Tường,Tỉnh Vĩnh Phúc,Tỉnh Phú Thọ,Xã Vĩnh Thành,Xã,9106
Xã Vĩnh Phú,Huyện Vĩnh Tường,Tỉnh Vĩnh Phúc,Tỉnh Phú Thọ,Xã Vĩnh Phú,Xã,9154
Xã Vĩnh Thịnh,Huyện Vĩnh Tường,Tỉnh Vĩnh Phúc,Tỉnh Phú Thọ,Xã Vĩnh Phú,Xã,9154
Xã Vũ Di,Huyện Vĩnh Tường,Tỉnh Vĩnh Phúc,Tỉnh Phú Thọ,Xã Vĩnh Tường,Xã,9076
Xã Yên Bình,Huyện Vĩnh Tường,Tỉnh Vĩnh Phúc,Tỉnh Phú Thọ,Xã Vĩnh An,Xã,9079
Xã Yên Lập,Huyện Vĩnh Tường,Tỉnh Vĩnh Phúc,Tỉnh Phú Thọ,Xã Vĩnh Hưng,Xã,9100
Xã Đại Đồng,Huyện Vĩnh Tường,Tỉnh Vĩnh Phúc,Tỉnh Phú Thọ,Xã Vĩnh Hưng,Xã,9100
Thị trấn Tam Hồng,Huyện Yên Lạc,Tỉnh Vĩnh Phúc,Tỉnh Phú Thọ,Xã Tam Hồng,Xã,9043
Thị trấn Yên Lạc,Huyện Yên Lạc,Tỉnh Vĩnh Phúc,Tỉnh Phú Thọ,Xã Yên Lạc,Xã,9025
Xã Bình Định,Huyện Yên Lạc,Tỉnh Vĩnh Phúc,Tỉnh Phú Thọ,Xã Yên Lạc,Xã,9025
Xã Hồng Châu,Huyện Yên Lạc,Tỉnh Vĩnh Phúc,Tỉnh Phú Thọ,Xã Liên Châu,Xã,9064
Xã Liên Châu,Huyện Yên Lạc,Tỉnh Vĩnh Phúc,Tỉnh Phú Thọ,Xã Liên Châu,Xã,9064
Xã Nguyệt Đức,Huyện Yên Lạc,Tỉnh Vĩnh Phúc,Tỉnh Phú Thọ,Xã Nguyệt Đức,Xã,9052
Xã Trung Hà,Huyện Yên Lạc,Tỉnh Vĩnh Phúc,Tỉnh Phú Thọ,Xã Nguyệt Đức,Xã,9052
Xã Trung Kiên,Huyện Yên Lạc,Tỉnh Vĩnh Phúc,Tỉnh Phú Thọ,Xã Nguyệt Đức,Xã,9052
Xã Trung Nguyên,Huyện Yên Lạc,Tỉnh Vĩnh Phúc,Tỉnh Phú Thọ,Xã Tề Lỗ,Xã,9040
Xã Tề Lỗ,Huyện Yên Lạc,Tỉnh Vĩnh Phúc,Tỉnh Phú Thọ,Xã Tề Lỗ,Xã,9040
Xã Văn Tiến,Huyện Yên Lạc,Tỉnh Vĩnh Phúc,Tỉnh Phú Thọ,Xã Nguyệt Đức,Xã,9052
Xã Yên Phương,Huyện Yên Lạc,Tỉnh Vĩnh Phúc,Tỉnh Phú Thọ,Xã Tam Hồng,Xã,9043
Xã Yên Đồng,Huyện Yên Lạc,Tỉnh Vĩnh Phúc,Tỉnh Phú Thọ,Xã Tam Hồng,Xã,9043
Xã Đại Tự,Huyện Yên Lạc,Tỉnh Vĩnh Phúc,Tỉnh Phú Thọ,Xã Liên Châu,Xã,9064
Xã Đồng Cương,Huyện Yên Lạc,Tỉnh Vĩnh Phúc,Tỉnh Phú Thọ,Xã Yên Lạc,Xã,9025
Xã Đồng Văn,Huyện Yên Lạc,Tỉnh Vĩnh Phúc,Tỉnh Phú Thọ,Xã Tề Lỗ,Xã,9040
Phường Hai Bà Trưng,Thành phố Phúc Yên,Tỉnh Vĩnh Phúc,Tỉnh Phú Thọ,Phường Phúc Yên,Phường,8740
Phường Hùng Vương,Thành phố Phúc Yên,Tỉnh Vĩnh Phúc,Tỉnh Phú Thọ,Phường Phúc Yên,Phường,8740
Phường Nam Viêm,Thành phố Phúc Yên,Tỉnh Vĩnh Phúc,Tỉnh Phú Thọ,Phường Phúc Yên,Phường,8740
Phường Phúc Thắng,Thành phố Phúc Yên,Tỉnh Vĩnh Phúc,Tỉnh Phú Thọ,Phường Phúc Yên,Phường,8740
Phường Tiền Châu,Thành phố Phúc Yên,Tỉnh Vĩnh Phúc,Tỉnh Phú Thọ,Phường Phúc Yên,Phường,8740
Phường Xuân Hòa,Thành phố Phúc Yên,Tỉnh Vĩnh Phúc,Tỉnh Phú Thọ,Phường Xuân Hòa,Phường,8746
Phường Đồng Xuân,Thành phố Phúc Yên,Tỉnh Vĩnh Phúc,Tỉnh Phú Thọ,Phường Xuân Hòa,Phường,8746
Xã Cao Minh,Thành phố Phúc Yên,Tỉnh Vĩnh Phúc,Tỉnh Phú Thọ,Phường Xuân Hòa,Phường,8746
Xã Ngọc Thanh,Thành phố Phúc Yên,Tỉnh Vĩnh Phúc,Tỉnh Phú Thọ,Phường Xuân Hòa,Phường,8746
Phường Hội Hợp,Thành phố Vĩnh Yên,Tỉnh Vĩnh Phúc,Tỉnh Phú Thọ,Phường Vĩnh Yên,Phường,8707
Phường Khai Quang,Thành phố Vĩnh Yên,Tỉnh Vĩnh Phúc,Tỉnh Phú Thọ,Phường Vĩnh Phúc,Phường,8716
Phường Liên Bảo,Thành phố Vĩnh Yên,Tỉnh Vĩnh Phúc,Tỉnh Phú Thọ,Phường Vĩnh Phúc,Phường,8716
Phường Ngô Quyền,Thành phố Vĩnh Yên,Tỉnh Vĩnh Phúc,Tỉnh Phú Thọ,Phường Vĩnh Phúc,Phường,8716
Phường Tích Sơn,Thành phố Vĩnh Yên,Tỉnh Vĩnh Phúc,Tỉnh Phú Thọ,Phường Vĩnh Yên,Phường,8707
Phường Định Trung,Thành phố Vĩnh Yên,Tỉnh Vĩnh Phúc,Tỉnh Phú Thọ,Phường Vĩnh Phúc,Phường,8716
Phường Đống Đa,Thành phố Vĩnh Yên,Tỉnh Vĩnh Phúc,Tỉnh Phú Thọ,Phường Vĩnh Phúc,Phường,8716
Phường Đồng Tâm,Thành phố Vĩnh Yên,Tỉnh Vĩnh Phúc,Tỉnh Phú Thọ,Phường Vĩnh Yên,Phường,8707
Xã Thanh Trù,Thành phố Vĩnh Yên,Tỉnh Vĩnh Phúc,Tỉnh Phú Thọ,Phường Vĩnh Yên,Phường,8707
Xã Ia Dom,Huyện Ia H'Drai,Tỉnh Kon Tum,Tỉnh Quảng Ngãi,Xã Ia Tơi,Xã,23538
Xã Ia Tơi,Huyện Ia H'Drai,Tỉnh Kon Tum,Tỉnh Quảng Ngãi,Xã Ia Tơi,Xã,23538
Xã Ia Đal,Huyện Ia H'Drai,Tỉnh Kon Tum,Tỉnh Quảng Ngãi,Xã Ia Đal,Xã,23535
Thị trấn Măng Đen,Huyện Kon Plông,Tỉnh Kon Tum,Tỉnh Quảng Ngãi,Xã Măng Đen,Xã,23473
Xã Hiếu,Huyện Kon Plông,Tỉnh Kon Tum,Tỉnh Quảng Ngãi,Xã Kon Plông,Xã,23476
Xã Măng Bút,Huyện Kon Plông,Tỉnh Kon Tum,Tỉnh Quảng Ngãi,Xã Măng Bút,Xã,23455
Xã Măng Cành,Huyện Kon Plông,Tỉnh Kon Tum,Tỉnh Quảng Ngãi,Xã Măng Đen,Xã,23473
Xã Ngọc Tem,Huyện Kon Plông,Tỉnh Kon Tum,Tỉnh Quảng Ngãi,Xã Kon Plông,Xã,23476
Xã Pờ Ê,Huyện Kon Plông,Tỉnh Kon Tum,Tỉnh Quảng Ngãi,Xã Kon Plông,Xã,23476
Xã Đăk Nên,Huyện Kon Plông,Tỉnh Kon Tum,Tỉnh Quảng Ngãi,Xã Măng Bút,Xã,23455
Xã Đăk Ring,Huyện Kon Plông,Tỉnh Kon Tum,Tỉnh Quảng Ngãi,Xã Măng Bút,Xã,23455
Xã Đăk Tăng,Huyện Kon Plông,Tỉnh Kon Tum,Tỉnh Quảng Ngãi,Xã Măng Đen,Xã,23473
Thị trấn Đăk Rve,Huyện Kon Rẫy,Tỉnh Kon Tum,Tỉnh Quảng Ngãi,Xã Đăk Rve,Xã,23479
Xã Tân Lập,Huyện Kon Rẫy,Tỉnh Kon Tum,Tỉnh Quảng Ngãi,Xã Kon Braih,Xã,23497
Xã Đăk Kôi,Huyện Kon Rẫy,Tỉnh Kon Tum,Tỉnh Quảng Ngãi,Xã Đăk Kôi,Xã,23485
Xã Đăk Pne,Huyện Kon Rẫy,Tỉnh Kon Tum,Tỉnh Quảng Ngãi,Xã Đăk Rve,Xã,23479
Xã Đăk Ruồng,Huyện Kon Rẫy,Tỉnh Kon Tum,Tỉnh Quảng Ngãi,Xã Kon Braih,Xã,23497
Xã Đăk Tơ Lung,Huyện Kon Rẫy,Tỉnh Kon Tum,Tỉnh Quảng Ngãi,Xã Đăk Kôi,Xã,23485
Xã Đăk Tờ Re,Huyện Kon Rẫy,Tỉnh Kon Tum,Tỉnh Quảng Ngãi,Xã Kon Braih,Xã,23497
Thị trấn Plei Kần,Huyện Ngọc Hồi,Tỉnh Kon Tum,Tỉnh Quảng Ngãi,Xã Bờ Y,Xã,23377
Xã Pờ Y,Huyện Ngọc Hồi,Tỉnh Kon Tum,Tỉnh Quảng Ngãi,Xã Bờ Y,Xã,23377
Xã Sa Loong,Huyện Ngọc Hồi,Tỉnh Kon Tum,Tỉnh Quảng Ngãi,Xã Sa Loong,Xã,23392
Xã Đăk Ang,Huyện Ngọc Hồi,Tỉnh Kon Tum,Tỉnh Quảng Ngãi,Xã Dục Nông,Xã,23383
Xã Đăk Dục,Huyện Ngọc Hồi,Tỉnh Kon Tum,Tỉnh Quảng Ngãi,Xã Dục Nông,Xã,23383
Xã Đăk Kan,Huyện Ngọc Hồi,Tỉnh Kon Tum,Tỉnh Quảng Ngãi,Xã Sa Loong,Xã,23392
Xã Đăk Nông,Huyện Ngọc Hồi,Tỉnh Kon Tum,Tỉnh Quảng Ngãi,Xã Dục Nông,Xã,23383
Xã Đăk Xú,Huyện Ngọc Hồi,Tỉnh Kon Tum,Tỉnh Quảng Ngãi,Xã Bờ Y,Xã,23377
Thị trấn Sa Thầy,Huyện Sa Thầy,Tỉnh Kon Tum,Tỉnh Quảng Ngãi,Xã Sa Thầy,Xã,23527
Xã Hơ Moong,Huyện Sa Thầy,Tỉnh Kon Tum,Tỉnh Quảng Ngãi,Xã Sa Bình,Xã,23534
Xã Mô Rai,Huyện Sa Thầy,Tỉnh Kon Tum,Tỉnh Quảng Ngãi,Xã Mô Rai,Xã,23536
Xã Rờ Kơi,Huyện Sa Thầy,Tỉnh Kon Tum,Tỉnh Quảng Ngãi,Xã Rờ Kơi,Xã,23530
Xã Sa Bình,Huyện Sa Thầy,Tỉnh Kon Tum,Tỉnh Quảng Ngãi,Xã Sa Bình,Xã,23534
Xã Sa Nghĩa,Huyện Sa Thầy,Tỉnh Kon Tum,Tỉnh Quảng Ngãi,Xã Sa Bình,Xã,23534
Xã Sa Nhơn,Huyện Sa Thầy,Tỉnh Kon Tum,Tỉnh Quảng Ngãi,Xã Sa Thầy,Xã,23527
Xã Sa Sơn,Huyện Sa Thầy,Tỉnh Kon Tum,Tỉnh Quảng Ngãi,Xã Sa Thầy,Xã,23527
Xã Ya Tăng,Huyện Sa Thầy,Tỉnh Kon Tum,Tỉnh Quảng Ngãi,Xã Ya Ly,Xã,23548
Xã Ya Xiêr,Huyện Sa Thầy,Tỉnh Kon Tum,Tỉnh Quảng Ngãi,Xã Ya Ly,Xã,23548
Xã Ya ly,Huyện Sa Thầy,Tỉnh Kon Tum,Tỉnh Quảng Ngãi,Xã Ya Ly,Xã,23548
Xã Măng Ri,Huyện Tu Mơ Rông,Tỉnh Kon Tum,Tỉnh Quảng Ngãi,Xã Măng Ri,Xã,23446
Xã Ngọk Lây,Huyện Tu Mơ Rông,Tỉnh Kon Tum,Tỉnh Quảng Ngãi,Xã Măng Ri,Xã,23446
Xã Ngọk Yêu,Huyện Tu Mơ Rông,Tỉnh Kon Tum,Tỉnh Quảng Ngãi,Xã Măng Ri,Xã,23446
Xã Tu Mơ Rông,Huyện Tu Mơ Rông,Tỉnh Kon Tum,Tỉnh Quảng Ngãi,Xã Tu Mơ Rông,Xã,23425
Xã Tê Xăng,Huyện Tu Mơ Rông,Tỉnh Kon Tum,Tỉnh Quảng Ngãi,Xã Măng Ri,Xã,23446
Xã Văn Xuôi,Huyện Tu Mơ Rông,Tỉnh Kon Tum,Tỉnh Quảng Ngãi,Xã Măng Ri,Xã,23446
Xã Đăk Hà,Huyện Tu Mơ Rông,Tỉnh Kon Tum,Tỉnh Quảng Ngãi,Xã Tu Mơ Rông,Xã,23425
Xã Đăk Na,Huyện Tu Mơ Rông,Tỉnh Kon Tum,Tỉnh Quảng Ngãi,Xã Đăk Sao,Xã,23416
Xã Đăk Rơ Ông,Huyện Tu Mơ Rông,Tỉnh Kon Tum,Tỉnh Quảng Ngãi,Xã Đăk Tờ Kan,Xã,23419
Xã Đăk Sao,Huyện Tu Mơ Rông,Tỉnh Kon Tum,Tỉnh Quảng Ngãi,Xã Đăk Sao,Xã,23416
Xã Đăk Tờ Kan,Huyện Tu Mơ Rông,Tỉnh Kon Tum,Tỉnh Quảng Ngãi,Xã Đăk Tờ Kan,Xã,23419
Thị trấn Đăk Hà,Huyện Đăk Hà,Tỉnh Kon Tum,Tỉnh Quảng Ngãi,Xã Đăk Hà,Xã,23500
Xã Hà Mòn,Huyện Đăk Hà,Tỉnh Kon Tum,Tỉnh Quảng Ngãi,Xã Đăk Hà,Xã,23500
Xã Ngọk Réo,Huyện Đăk Hà,Tỉnh Kon Tum,Tỉnh Quảng Ngãi,Xã Ngọk Réo,Xã,23515
Xã Ngọk Wang,Huyện Đăk Hà,Tỉnh Kon Tum,Tỉnh Quảng Ngãi,Xã Ngọk Réo,Xã,23515
Xã Đăk Hring,Huyện Đăk Hà,Tỉnh Kon Tum,Tỉnh Quảng Ngãi,Xã Đăk Mar,Xã,23512
Xã Đăk La,Huyện Đăk Hà,Tỉnh Kon Tum,Tỉnh Quảng Ngãi,Xã Đăk Hà,Xã,23500
Xã Đăk Long,Huyện Đăk Hà,Tỉnh Kon Tum,Tỉnh Quảng Ngãi,Xã Đăk Pxi,Xã,23504
Xã Đăk Mar,Huyện Đăk Hà,Tỉnh Kon Tum,Tỉnh Quảng Ngãi,Xã Đăk Mar,Xã,23512
Xã Đăk Ngọk,Huyện Đăk Hà,Tỉnh Kon Tum,Tỉnh Quảng Ngãi,Xã Đăk Ui,Xã,23510
Xã Đăk Pxi,Huyện Đăk Hà,Tỉnh Kon Tum,Tỉnh Quảng Ngãi,Xã Đăk Pxi,Xã,23504
Xã Đăk Ui,Huyện Đăk Hà,Tỉnh Kon Tum,Tỉnh Quảng Ngãi,Xã Đăk Ui,Xã,23510
Thị trấn Đăk Glei,Huyện Đắk Glei,Tỉnh Kon Tum,Tỉnh Quảng Ngãi,Xã Đăk Pék,Xã,23341
Xã Mường Hoong,Huyện Đắk Glei,Tỉnh Kon Tum,Tỉnh Quảng Ngãi,Xã Ngọc Linh,Xã,23365
Xã Ngọc Linh,Huyện Đắk Glei,Tỉnh Kon Tum,Tỉnh Quảng Ngãi,Xã Ngọc Linh,Xã,23365
Xã Xốp,Huyện Đắk Glei,Tỉnh Kon Tum,Tỉnh Quảng Ngãi,Xã Xốp,Xã,23356
Xã Đăk Blô,Huyện Đắk Glei,Tỉnh Kon Tum,Tỉnh Quảng Ngãi,Xã Đăk Plô,Xã,23344
Xã Đăk Choong,Huyện Đắk Glei,Tỉnh Kon Tum,Tỉnh Quảng Ngãi,Xã Xốp,Xã,23356
Xã Đăk Kroong,Huyện Đắk Glei,Tỉnh Kon Tum,Tỉnh Quảng Ngãi,Xã Đăk Môn,Xã,23374
Xã Đăk Long,Huyện Đắk Glei,Tỉnh Kon Tum,Tỉnh Quảng Ngãi,Xã Đăk Long,Xã,23368
Xã Đăk Man,Huyện Đắk Glei,Tỉnh Kon Tum,Tỉnh Quảng Ngãi,Xã Đăk Plô,Xã,23344
Xã Đăk Môn,Huyện Đắk Glei,Tỉnh Kon Tum,Tỉnh Quảng Ngãi,Xã Đăk Môn,Xã,23374
Xã Đăk Nhoong,Huyện Đắk Glei,Tỉnh Kon Tum,Tỉnh Quảng Ngãi,Xã Đăk Plô,Xã,23344
Xã Đăk Pék,Huyện Đắk Glei,Tỉnh Kon Tum,Tỉnh Quảng Ngãi,Xã Đăk Pék,Xã,23341
Thị trấn Đăk Tô,Huyện Đắk Tô,Tỉnh Kon Tum,Tỉnh Quảng Ngãi,Xã Đăk Tô,Xã,23401
Xã Diên Bình,Huyện Đắk Tô,Tỉnh Kon Tum,Tỉnh Quảng Ngãi,Xã Đăk Tô,Xã,23401
Xã Kon Đào,Huyện Đắk Tô,Tỉnh Kon Tum,Tỉnh Quảng Ngãi,Xã Kon Đào,Xã,23430
Xã Ngọk Tụ,Huyện Đắk Tô,Tỉnh Kon Tum,Tỉnh Quảng Ngãi,Xã Ngọk Tụ,Xã,23428
Xã Pô Kô,Huyện Đắk Tô,Tỉnh Kon Tum,Tỉnh Quảng Ngãi,Xã Đăk Tô,Xã,23401
Xã Tân Cảnh,Huyện Đắk Tô,Tỉnh Kon Tum,Tỉnh Quảng Ngãi,Xã Đăk Tô,Xã,23401
Xã Văn Lem,Huyện Đắk Tô,Tỉnh Kon Tum,Tỉnh Quảng Ngãi,Xã Kon Đào,Xã,23430
Xã Đăk Rơ Nga,Huyện Đắk Tô,Tỉnh Kon Tum,Tỉnh Quảng Ngãi,Xã Ngọk Tụ,Xã,23428
Xã Đăk Trăm,Huyện Đắk Tô,Tỉnh Kon Tum,Tỉnh Quảng Ngãi,Xã Kon Đào,Xã,23430
Phường Duy Tân,Thành phố Kon Tum,Tỉnh Kon Tum,Tỉnh Quảng Ngãi,Phường Đăk Cấm,Phường,23284
Phường Lê Lợi,Thành phố Kon Tum,Tỉnh Kon Tum,Tỉnh Quảng Ngãi,Phường Đăk Bla,Phường,23302
Phường Nguyễn Trãi,Thành phố Kon Tum,Tỉnh Kon Tum,Tỉnh Quảng Ngãi,Phường Đăk Bla,Phường,23302
Phường Ngô Mây,Thành phố Kon Tum,Tỉnh Kon Tum,Tỉnh Quảng Ngãi,Phường Đăk Cấm,Phường,23284
Phường Quang Trung,Thành phố Kon Tum,Tỉnh Kon Tum,Tỉnh Quảng Ngãi,Phường Kon Tum,Phường,23293
Phường Quyết Thắng,Thành phố Kon Tum,Tỉnh Kon Tum,Tỉnh Quảng Ngãi,Phường Kon Tum,Phường,23293
Phường Thắng Lợi,Thành phố Kon Tum,Tỉnh Kon Tum,Tỉnh Quảng Ngãi,Phường Kon Tum,Phường,23293
Phường Thống Nhất,Thành phố Kon Tum,Tỉnh Kon Tum,Tỉnh Quảng Ngãi,Phường Kon Tum,Phường,23293
Phường Trường Chinh,Thành phố Kon Tum,Tỉnh Kon Tum,Tỉnh Quảng Ngãi,Phường Kon Tum,Phường,23293
Phường Trần Hưng Đạo,Thành phố Kon Tum,Tỉnh Kon Tum,Tỉnh Quảng Ngãi,Phường Đăk Bla,Phường,23302
Xã Chư Hreng,Thành phố Kon Tum,Tỉnh Kon Tum,Tỉnh Quảng Ngãi,Xã Đăk Rơ Wa,Xã,23332
Xã Hòa Bình,Thành phố Kon Tum,Tỉnh Kon Tum,Tỉnh Quảng Ngãi,Xã Đăk Rơ Wa,Xã,23332
Xã Ia Chim,Thành phố Kon Tum,Tỉnh Kon Tum,Tỉnh Quảng Ngãi,Xã Ia Chim,Xã,23326
Xã Kroong,Thành phố Kon Tum,Tỉnh Kon Tum,Tỉnh Quảng Ngãi,Xã Ngọk Bay,Xã,23317
Xã Ngọk Bay,Thành phố Kon Tum,Tỉnh Kon Tum,Tỉnh Quảng Ngãi,Xã Ngọk Bay,Xã,23317
Xã Vinh Quang,Thành phố Kon Tum,Tỉnh Kon Tum,Tỉnh Quảng Ngãi,Xã Ngọk Bay,Xã,23317
Xã Đoàn Kết,Thành phố Kon Tum,Tỉnh Kon Tum,Tỉnh Quảng Ngãi,Xã Ia Chim,Xã,23326
Xã Đăk Blà,Thành phố Kon Tum,Tỉnh Kon Tum,Tỉnh Quảng Ngãi,Xã Đăk Rơ Wa,Xã,23332
Xã Đăk Cấm,Thành phố Kon Tum,Tỉnh Kon Tum,Tỉnh Quảng Ngãi,Phường Đăk Cấm,Phường,23284
Xã Đăk Năng,Thành phố Kon Tum,Tỉnh Kon Tum,Tỉnh Quảng Ngãi,Xã Ia Chim,Xã,23326
Xã Đăk Rơ Wa,Thành phố Kon Tum,Tỉnh Kon Tum,Tỉnh Quảng Ngãi,Xã Đăk Rơ Wa,Xã,23332
Thị trấn Ba Tơ,Huyện Ba Tơ,Tỉnh Quảng Ngãi,Tỉnh Quảng Ngãi,Xã Ba Tơ,Xã,21484
Xã Ba Bích,Huyện Ba Tơ,Tỉnh Quảng Ngãi,Tỉnh Quảng Ngãi,Xã Ba Tơ,Xã,21484
Xã Ba Cung,Huyện Ba Tơ,Tỉnh Quảng Ngãi,Tỉnh Quảng Ngãi,Xã Ba Tơ,Xã,21484
Xã Ba Dinh,Huyện Ba Tơ,Tỉnh Quảng Ngãi,Tỉnh Quảng Ngãi,Xã Ba Dinh,Xã,21499
Xã Ba Giang,Huyện Ba Tơ,Tỉnh Quảng Ngãi,Tỉnh Quảng Ngãi,Xã Ba Dinh,Xã,21499
Xã Ba Khâm,Huyện Ba Tơ,Tỉnh Quảng Ngãi,Tỉnh Quảng Ngãi,Xã Đặng Thùy Trâm,Xã,21520
Xã Ba Liên,Huyện Ba Tơ,Tỉnh Quảng Ngãi,Tỉnh Quảng Ngãi,Xã Ba Động,Xã,21496
Xã Ba Lế,Huyện Ba Tơ,Tỉnh Quảng Ngãi,Tỉnh Quảng Ngãi,Xã Ba Tô,Xã,21523
Xã Ba Nam,Huyện Ba Tơ,Tỉnh Quảng Ngãi,Tỉnh Quảng Ngãi,Xã Ba Tô,Xã,21523
Xã Ba Ngạc,Huyện Ba Tơ,Tỉnh Quảng Ngãi,Tỉnh Quảng Ngãi,Xã Ba Vì,Xã,21529
Xã Ba Thành,Huyện Ba Tơ,Tỉnh Quảng Ngãi,Tỉnh Quảng Ngãi,Xã Ba Động,Xã,21496
Xã Ba Tiêu,Huyện Ba Tơ,Tỉnh Quảng Ngãi,Tỉnh Quảng Ngãi,Xã Ba Vì,Xã,21529
Xã Ba Trang,Huyện Ba Tơ,Tỉnh Quảng Ngãi,Tỉnh Quảng Ngãi,Xã Đặng Thùy Trâm,Xã,21520
Xã Ba Tô,Huyện Ba Tơ,Tỉnh Quảng Ngãi,Tỉnh Quảng Ngãi,Xã Ba Tô,Xã,21523
Xã Ba Vinh,Huyện Ba Tơ,Tỉnh Quảng Ngãi,Tỉnh Quảng Ngãi,Xã Ba Vinh,Xã,21490
Xã Ba Vì,Huyện Ba Tơ,Tỉnh Quảng Ngãi,Tỉnh Quảng Ngãi,Xã Ba Vì,Xã,21529
Xã Ba Xa,Huyện Ba Tơ,Tỉnh Quảng Ngãi,Tỉnh Quảng Ngãi,Xã Ba Xa,Xã,21538
Xã Ba Điền,Huyện Ba Tơ,Tỉnh Quảng Ngãi,Tỉnh Quảng Ngãi,Xã Ba Vinh,Xã,21490
Xã Ba Động,Huyện Ba Tơ,Tỉnh Quảng Ngãi,Tỉnh Quảng Ngãi,Xã Ba Động,Xã,21496
Thị trấn Châu Ổ,Huyện Bình Sơn,Tỉnh Quảng Ngãi,Tỉnh Quảng Ngãi,Xã Bình Sơn,Xã,21040
Xã Bình An,Huyện Bình Sơn,Tỉnh Quảng Ngãi,Tỉnh Quảng Ngãi,Xã Bình Minh,Xã,21085
Xã Bình Chánh,Huyện Bình Sơn,Tỉnh Quảng Ngãi,Tỉnh Quảng Ngãi,Xã Bình Sơn,Xã,21040
Xã Bình Châu,Huyện Bình Sơn,Tỉnh Quảng Ngãi,Tỉnh Quảng Ngãi,Xã Đông Sơn,Xã,21109
Xã Bình Chương,Huyện Bình Sơn,Tỉnh Quảng Ngãi,Tỉnh Quảng Ngãi,Xã Bình Chương,Xã,21100
Xã Bình Dương,Huyện Bình Sơn,Tỉnh Quảng Ngãi,Tỉnh Quảng Ngãi,Xã Bình Sơn,Xã,21040
Xã Bình Hiệp,Huyện Bình Sơn,Tỉnh Quảng Ngãi,Tỉnh Quảng Ngãi,Xã Đông Sơn,Xã,21109
Xã Bình Hòa,Huyện Bình Sơn,Tỉnh Quảng Ngãi,Tỉnh Quảng Ngãi,Xã Vạn Tường,Xã,21061
Xã Bình Hải,Huyện Bình Sơn,Tỉnh Quảng Ngãi,Tỉnh Quảng Ngãi,Xã Vạn Tường,Xã,21061
Xã Bình Khương,Huyện Bình Sơn,Tỉnh Quảng Ngãi,Tỉnh Quảng Ngãi,Xã Bình Minh,Xã,21085
Xã Bình Long,Huyện Bình Sơn,Tỉnh Quảng Ngãi,Tỉnh Quảng Ngãi,Xã Bình Sơn,Xã,21040
Xã Bình Minh,Huyện Bình Sơn,Tỉnh Quảng Ngãi,Tỉnh Quảng Ngãi,Xã Bình Minh,Xã,21085
Xã Bình Mỹ,Huyện Bình Sơn,Tỉnh Quảng Ngãi,Tỉnh Quảng Ngãi,Xã Bình Chương,Xã,21100
Xã Bình Nguyên,Huyện Bình Sơn,Tỉnh Quảng Ngãi,Tỉnh Quảng Ngãi,Xã Bình Sơn,Xã,21040
Xã Bình Phước,Huyện Bình Sơn,Tỉnh Quảng Ngãi,Tỉnh Quảng Ngãi,Xã Vạn Tường,Xã,21061
Xã Bình Thanh,Huyện Bình Sơn,Tỉnh Quảng Ngãi,Tỉnh Quảng Ngãi,Xã Đông Sơn,Xã,21109
Xã Bình Thuận,Huyện Bình Sơn,Tỉnh Quảng Ngãi,Tỉnh Quảng Ngãi,Xã Vạn Tường,Xã,21061
Xã Bình Thạnh,Huyện Bình Sơn,Tỉnh Quảng Ngãi,Tỉnh Quảng Ngãi,Xã Bình Sơn,Xã,21040
Xã Bình Trung,Huyện Bình Sơn,Tỉnh Quảng Ngãi,Tỉnh Quảng Ngãi,Xã Bình Sơn,Xã,21040
Xã Bình Trị,Huyện Bình Sơn,Tỉnh Quảng Ngãi,Tỉnh Quảng Ngãi,Xã Vạn Tường,Xã,21061
Xã Bình Tân Phú,Huyện Bình Sơn,Tỉnh Quảng Ngãi,Tỉnh Quảng Ngãi,Xã Đông Sơn,Xã,21109
Xã Bình Đông,Huyện Bình Sơn,Tỉnh Quảng Ngãi,Tỉnh Quảng Ngãi,Xã Vạn Tường,Xã,21061
,Huyện Lý Sơn,Tỉnh Quảng Ngãi,Tỉnh Quảng Ngãi,Đặc khu Lý Sơn,Đặc khu,21548
Xã Long Hiệp,Huyện Minh Long,Tỉnh Quảng Ngãi,Tỉnh Quảng Ngãi,Xã Minh Long,Xã,21361
Xã Long Mai,Huyện Minh Long,Tỉnh Quảng Ngãi,Tỉnh Quảng Ngãi,Xã Sơn Mai,Xã,21349
Xã Long Môn,Huyện Minh Long,Tỉnh Quảng Ngãi,Tỉnh Quảng Ngãi,Xã Minh Long,Xã,21361
Xã Long Sơn,Huyện Minh Long,Tỉnh Quảng Ngãi,Tỉnh Quảng Ngãi,Xã Sơn Mai,Xã,21349
Xã Thanh An,Huyện Minh Long,Tỉnh Quảng Ngãi,Tỉnh Quảng Ngãi,Xã Minh Long,Xã,21361
Thị trấn Mộ Đức,Huyện Mộ Đức,Tỉnh Quảng Ngãi,Tỉnh Quảng Ngãi,Xã Mộ Đức,Xã,21400
Xã Thắng Lợi,Huyện Mộ Đức,Tỉnh Quảng Ngãi,Tỉnh Quảng Ngãi,Xã Long Phụng,Xã,21409
Xã Đức Chánh,Huyện Mộ Đức,Tỉnh Quảng Ngãi,Tỉnh Quảng Ngãi,Xã Mỏ Cày,Xã,21421
Xã Đức Hiệp,Huyện Mộ Đức,Tỉnh Quảng Ngãi,Tỉnh Quảng Ngãi,Xã Long Phụng,Xã,21409
Xã Đức Hòa,Huyện Mộ Đức,Tỉnh Quảng Ngãi,Tỉnh Quảng Ngãi,Xã Mộ Đức,Xã,21400
Xã Đức Lân,Huyện Mộ Đức,Tỉnh Quảng Ngãi,Tỉnh Quảng Ngãi,Xã Lân Phong,Xã,21433
Xã Đức Minh,Huyện Mộ Đức,Tỉnh Quảng Ngãi,Tỉnh Quảng Ngãi,Xã Mỏ Cày,Xã,21421
Xã Đức Nhuận,Huyện Mộ Đức,Tỉnh Quảng Ngãi,Tỉnh Quảng Ngãi,Xã Long Phụng,Xã,21409
Xã Đức Phong,Huyện Mộ Đức,Tỉnh Quảng Ngãi,Tỉnh Quảng Ngãi,Xã Lân Phong,Xã,21433
Xã Đức Phú,Huyện Mộ Đức,Tỉnh Quảng Ngãi,Tỉnh Quảng Ngãi,Xã Mộ Đức,Xã,21400
Xã Đức Thạnh,Huyện Mộ Đức,Tỉnh Quảng Ngãi,Tỉnh Quảng Ngãi,Xã Mỏ Cày,Xã,21421
Xã Đức Tân,Huyện Mộ Đức,Tỉnh Quảng Ngãi,Tỉnh Quảng Ngãi,Xã Mộ Đức,Xã,21400
Thị trấn Chợ Chùa,Huyện Nghĩa Hành,Tỉnh Quảng Ngãi,Tỉnh Quảng Ngãi,Xã Nghĩa Hành,Xã,21364
Xã Hành Dũng,Huyện Nghĩa Hành,Tỉnh Quảng Ngãi,Tỉnh Quảng Ngãi,Xã Phước Giang,Xã,21370
Xã Hành Minh,Huyện Nghĩa Hành,Tỉnh Quảng Ngãi,Tỉnh Quảng Ngãi,Xã Phước Giang,Xã,21370
Xã Hành Nhân,Huyện Nghĩa Hành,Tỉnh Quảng Ngãi,Tỉnh Quảng Ngãi,Xã Phước Giang,Xã,21370
Xã Hành Phước,Huyện Nghĩa Hành,Tỉnh Quảng Ngãi,Tỉnh Quảng Ngãi,Xã Đình Cương,Xã,21385
Xã Hành Thiện,Huyện Nghĩa Hành,Tỉnh Quảng Ngãi,Tỉnh Quảng Ngãi,Xã Thiện Tín,Xã,21388
Xã Hành Thuận,Huyện Nghĩa Hành,Tỉnh Quảng Ngãi,Tỉnh Quảng Ngãi,Xã Nghĩa Hành,Xã,21364
Xã Hành Thịnh,Huyện Nghĩa Hành,Tỉnh Quảng Ngãi,Tỉnh Quảng Ngãi,Xã Đình Cương,Xã,21385
Xã Hành Trung,Huyện Nghĩa Hành,Tỉnh Quảng Ngãi,Tỉnh Quảng Ngãi,Xã Nghĩa Hành,Xã,21364
Xã Hành Tín Tây,Huyện Nghĩa Hành,Tỉnh Quảng Ngãi,Tỉnh Quảng Ngãi,Xã Thiện Tín,Xã,21388
Xã Hành Tín Đông,Huyện Nghĩa Hành,Tỉnh Quảng Ngãi,Tỉnh Quảng Ngãi,Xã Thiện Tín,Xã,21388
Xã Hành Đức,Huyện Nghĩa Hành,Tỉnh Quảng Ngãi,Tỉnh Quảng Ngãi,Xã Đình Cương,Xã,21385
Thị trấn Di Lăng,Huyện Sơn Hà,Tỉnh Quảng Ngãi,Tỉnh Quảng Ngãi,Xã Sơn Hà,Xã,21289
Xã Sơn Ba,Huyện Sơn Hà,Tỉnh Quảng Ngãi,Tỉnh Quảng Ngãi,Xã Sơn Kỳ,Xã,21325
Xã Sơn Bao,Huyện Sơn Hà,Tỉnh Quảng Ngãi,Tỉnh Quảng Ngãi,Xã Sơn Hà,Xã,21289
Xã Sơn Cao,Huyện Sơn Hà,Tỉnh Quảng Ngãi,Tỉnh Quảng Ngãi,Xã Sơn Linh,Xã,21307
Xã Sơn Giang,Huyện Sơn Hà,Tỉnh Quảng Ngãi,Tỉnh Quảng Ngãi,Xã Sơn Linh,Xã,21307
Xã Sơn Hạ,Huyện Sơn Hà,Tỉnh Quảng Ngãi,Tỉnh Quảng Ngãi,Xã Sơn Hạ,Xã,21292
Xã Sơn Hải,Huyện Sơn Hà,Tỉnh Quảng Ngãi,Tỉnh Quảng Ngãi,Xã Sơn Thủy,Xã,21319
Xã Sơn Kỳ,Huyện Sơn Hà,Tỉnh Quảng Ngãi,Tỉnh Quảng Ngãi,Xã Sơn Kỳ,Xã,21325
Xã Sơn Linh,Huyện Sơn Hà,Tỉnh Quảng Ngãi,Tỉnh Quảng Ngãi,Xã Sơn Linh,Xã,21307
Xã Sơn Nham,Huyện Sơn Hà,Tỉnh Quảng Ngãi,Tỉnh Quảng Ngãi,Xã Sơn Hạ,Xã,21292
Xã Sơn Thành,Huyện Sơn Hà,Tỉnh Quảng Ngãi,Tỉnh Quảng Ngãi,Xã Sơn Hạ,Xã,21292
Xã Sơn Thượng,Huyện Sơn Hà,Tỉnh Quảng Ngãi,Tỉnh Quảng Ngãi,Xã Sơn Hà,Xã,21289
Xã Sơn Thủy,Huyện Sơn Hà,Tỉnh Quảng Ngãi,Tỉnh Quảng Ngãi,Xã Sơn Thủy,Xã,21319
Xã Sơn Trung,Huyện Sơn Hà,Tỉnh Quảng Ngãi,Tỉnh Quảng Ngãi,Xã Sơn Thủy,Xã,21319
Xã Sơn Bua,Huyện Sơn Tây,Tỉnh Quảng Ngãi,Tỉnh Quảng Ngãi,Xã Sơn Tây Thượng,Xã,21334
Xã Sơn Dung,Huyện Sơn Tây,Tỉnh Quảng Ngãi,Tỉnh Quảng Ngãi,Xã Sơn Tây,Xã,21340
Xã Sơn Liên,Huyện Sơn Tây,Tỉnh Quảng Ngãi,Tỉnh Quảng Ngãi,Xã Sơn Tây Thượng,Xã,21334
Xã Sơn Long,Huyện Sơn Tây,Tỉnh Quảng Ngãi,Tỉnh Quảng Ngãi,Xã Sơn Tây,Xã,21340
Xã Sơn Lập,Huyện Sơn Tây,Tỉnh Quảng Ngãi,Tỉnh Quảng Ngãi,Xã Sơn Tây Hạ,Xã,21343
Xã Sơn Màu,Huyện Sơn Tây,Tỉnh Quảng Ngãi,Tỉnh Quảng Ngãi,Xã Sơn Tây Hạ,Xã,21343
Xã Sơn Mùa,Huyện Sơn Tây,Tỉnh Quảng Ngãi,Tỉnh Quảng Ngãi,Xã Sơn Tây Thượng,Xã,21334
Xã Sơn Tinh,Huyện Sơn Tây,Tỉnh Quảng Ngãi,Tỉnh Quảng Ngãi,Xã Sơn Tây Hạ,Xã,21343
Xã Sơn Tân,Huyện Sơn Tây,Tỉnh Quảng Ngãi,Tỉnh Quảng Ngãi,Xã Sơn Tây,Xã,21340
Thị trấn Tịnh Hà,Huyện Sơn Tịnh,Tỉnh Quảng Ngãi,Tỉnh Quảng Ngãi,Xã Sơn Tịnh,Xã,21220
Xã Tịnh Bình,Huyện Sơn Tịnh,Tỉnh Quảng Ngãi,Tỉnh Quảng Ngãi,Xã Sơn Tịnh,Xã,21220
Xã Tịnh Bắc,Huyện Sơn Tịnh,Tỉnh Quảng Ngãi,Tỉnh Quảng Ngãi,Xã Ba Gia,Xã,21205
Xã Tịnh Giang,Huyện Sơn Tịnh,Tỉnh Quảng Ngãi,Tỉnh Quảng Ngãi,Xã Trường Giang,Xã,21196
Xã Tịnh Hiệp,Huyện Sơn Tịnh,Tỉnh Quảng Ngãi,Tỉnh Quảng Ngãi,Xã Ba Gia,Xã,21205
Xã Tịnh Minh,Huyện Sơn Tịnh,Tỉnh Quảng Ngãi,Tỉnh Quảng Ngãi,Xã Trường Giang,Xã,21196
Xã Tịnh Phong,Huyện Sơn Tịnh,Tỉnh Quảng Ngãi,Tỉnh Quảng Ngãi,Xã Thọ Phong,Xã,21181
Xã Tịnh Sơn,Huyện Sơn Tịnh,Tỉnh Quảng Ngãi,Tỉnh Quảng Ngãi,Xã Sơn Tịnh,Xã,21220
Xã Tịnh Thọ,Huyện Sơn Tịnh,Tỉnh Quảng Ngãi,Tỉnh Quảng Ngãi,Xã Thọ Phong,Xã,21181
Xã Tịnh Trà,Huyện Sơn Tịnh,Tỉnh Quảng Ngãi,Tỉnh Quảng Ngãi,Xã Ba Gia,Xã,21205
Xã Tịnh Đông,Huyện Sơn Tịnh,Tỉnh Quảng Ngãi,Tỉnh Quảng Ngãi,Xã Trường Giang,Xã,21196
Thị trấn Trà Xuân,Huyện Trà Bồng,Tỉnh Quảng Ngãi,Tỉnh Quảng Ngãi,Xã Trà Bồng,Xã,21115
Xã Hương Trà,Huyện Trà Bồng,Tỉnh Quảng Ngãi,Tỉnh Quảng Ngãi,Xã Tây Trà Bồng,Xã,21157
Xã Sơn Trà,Huyện Trà Bồng,Tỉnh Quảng Ngãi,Tỉnh Quảng Ngãi,Xã Tây Trà,Xã,21154
Xã Trà Bình,Huyện Trà Bồng,Tỉnh Quảng Ngãi,Tỉnh Quảng Ngãi,Xã Đông Trà Bồng,Xã,21127
Xã Trà Bùi,Huyện Trà Bồng,Tỉnh Quảng Ngãi,Tỉnh Quảng Ngãi,Xã Cà Đam,Xã,21136
Xã Trà Bùi,Huyện Trà Bồng,Tỉnh Quảng Ngãi,Tỉnh Quảng Ngãi,Xã Tây Trà Bồng,Xã,21157
Xã Trà Giang,Huyện Trà Bồng,Tỉnh Quảng Ngãi,Tỉnh Quảng Ngãi,Xã Đông Trà Bồng,Xã,21127
Xã Trà Hiệp,Huyện Trà Bồng,Tỉnh Quảng Ngãi,Tỉnh Quảng Ngãi,Xã Thanh Bồng,Xã,21124
Xã Trà Lâm,Huyện Trà Bồng,Tỉnh Quảng Ngãi,Tỉnh Quảng Ngãi,Xã Thanh Bồng,Xã,21124
Xã Trà Phong,Huyện Trà Bồng,Tỉnh Quảng Ngãi,Tỉnh Quảng Ngãi,Xã Tây Trà,Xã,21154
Xã Trà Phú,Huyện Trà Bồng,Tỉnh Quảng Ngãi,Tỉnh Quảng Ngãi,Xã Đông Trà Bồng,Xã,21127
Xã Trà Sơn,Huyện Trà Bồng,Tỉnh Quảng Ngãi,Tỉnh Quảng Ngãi,Xã Trà Bồng,Xã,21115
Xã Trà Thanh,Huyện Trà Bồng,Tỉnh Quảng Ngãi,Tỉnh Quảng Ngãi,Xã Thanh Bồng,Xã,21124
Xã Trà Thủy,Huyện Trà Bồng,Tỉnh Quảng Ngãi,Tỉnh Quảng Ngãi,Xã Trà Bồng,Xã,21115
Xã Trà Tân,Huyện Trà Bồng,Tỉnh Quảng Ngãi,Tỉnh Quảng Ngãi,Xã Cà Đam,Xã,21136
Xã Trà Tây,Huyện Trà Bồng,Tỉnh Quảng Ngãi,Tỉnh Quảng Ngãi,Xã Tây Trà Bồng,Xã,21157
Xã Trà Xinh,Huyện Trà Bồng,Tỉnh Quảng Ngãi,Tỉnh Quảng Ngãi,Xã Tây Trà,Xã,21154
Thị trấn La Hà,Huyện Tư Nghĩa,Tỉnh Quảng Ngãi,Tỉnh Quảng Ngãi,Xã Tư Nghĩa,Xã,21235
Thị trấn Sông Vệ,Huyện Tư Nghĩa,Tỉnh Quảng Ngãi,Tỉnh Quảng Ngãi,Xã Vệ Giang,Xã,21238
Xã Nghĩa Hiệp,Huyện Tư Nghĩa,Tỉnh Quảng Ngãi,Tỉnh Quảng Ngãi,Xã Vệ Giang,Xã,21238
Xã Nghĩa Hòa,Huyện Tư Nghĩa,Tỉnh Quảng Ngãi,Tỉnh Quảng Ngãi,Xã Tư Nghĩa,Xã,21235
Xã Nghĩa Kỳ,Huyện Tư Nghĩa,Tỉnh Quảng Ngãi,Tỉnh Quảng Ngãi,Xã Nghĩa Giang,Xã,21250
Xã Nghĩa Lâm,Huyện Tư Nghĩa,Tỉnh Quảng Ngãi,Tỉnh Quảng Ngãi,Xã Trà Giang,Xã,21244
Xã Nghĩa Phương,Huyện Tư Nghĩa,Tỉnh Quảng Ngãi,Tỉnh Quảng Ngãi,Xã Vệ Giang,Xã,21238
Xã Nghĩa Sơn,Huyện Tư Nghĩa,Tỉnh Quảng Ngãi,Tỉnh Quảng Ngãi,Xã Trà Giang,Xã,21244
Xã Nghĩa Thuận,Huyện Tư Nghĩa,Tỉnh Quảng Ngãi,Tỉnh Quảng Ngãi,Xã Nghĩa Giang,Xã,21250
Xã Nghĩa Thương,Huyện Tư Nghĩa,Tỉnh Quảng Ngãi,Tỉnh Quảng Ngãi,Xã Tư Nghĩa,Xã,21235
Xã Nghĩa Thắng,Huyện Tư Nghĩa,Tỉnh Quảng Ngãi,Tỉnh Quảng Ngãi,Xã Trà Giang,Xã,21244
Xã Nghĩa Trung,Huyện Tư Nghĩa,Tỉnh Quảng Ngãi,Tỉnh Quảng Ngãi,Xã Tư Nghĩa,Xã,21235
Xã Nghĩa Điền,Huyện Tư Nghĩa,Tỉnh Quảng Ngãi,Tỉnh Quảng Ngãi,Xã Nghĩa Giang,Xã,21250
Phường Chánh Lộ,Thành phố Quảng Ngãi,Tỉnh Quảng Ngãi,Tỉnh Quảng Ngãi,Phường Cẩm Thành,Phường,21025
Phường Lê Hồng Phong,Thành phố Quảng Ngãi,Tỉnh Quảng Ngãi,Tỉnh Quảng Ngãi,Phường Nghĩa Lộ,Phường,21028
Phường Nghĩa Chánh,Thành phố Quảng Ngãi,Tỉnh Quảng Ngãi,Tỉnh Quảng Ngãi,Phường Cẩm Thành,Phường,21025
Phường Nghĩa Lộ,Thành phố Quảng Ngãi,Tỉnh Quảng Ngãi,Tỉnh Quảng Ngãi,Phường Nghĩa Lộ,Phường,21028
Phường Nguyễn Nghiêm,Thành phố Quảng Ngãi,Tỉnh Quảng Ngãi,Tỉnh Quảng Ngãi,Phường Cẩm Thành,Phường,21025
Phường Quảng Phú,Thành phố Quảng Ngãi,Tỉnh Quảng Ngãi,Tỉnh Quảng Ngãi,Phường Nghĩa Lộ,Phường,21028
Phường Trương Quang Trọng,Thành phố Quảng Ngãi,Tỉnh Quảng Ngãi,Tỉnh Quảng Ngãi,Phường Trương Quang Trọng,Phường,21172
Phường Trần Hưng Đạo,Thành phố Quảng Ngãi,Tỉnh Quảng Ngãi,Tỉnh Quảng Ngãi,Phường Cẩm Thành,Phường,21025
Phường Trần Phú,Thành phố Quảng Ngãi,Tỉnh Quảng Ngãi,Tỉnh Quảng Ngãi,Phường Nghĩa Lộ,Phường,21028
Xã An Phú,Thành phố Quảng Ngãi,Tỉnh Quảng Ngãi,Tỉnh Quảng Ngãi,Xã An Phú,Xã,21034
Xã Nghĩa Dõng,Thành phố Quảng Ngãi,Tỉnh Quảng Ngãi,Tỉnh Quảng Ngãi,Xã An Phú,Xã,21034
Xã Nghĩa Dũng,Thành phố Quảng Ngãi,Tỉnh Quảng Ngãi,Tỉnh Quảng Ngãi,Xã An Phú,Xã,21034
Xã Nghĩa Hà,Thành phố Quảng Ngãi,Tỉnh Quảng Ngãi,Tỉnh Quảng Ngãi,Xã An Phú,Xã,21034
Xã Tịnh An,Thành phố Quảng Ngãi,Tỉnh Quảng Ngãi,Tỉnh Quảng Ngãi,Phường Trương Quang Trọng,Phường,21172
Xã Tịnh Châu,Thành phố Quảng Ngãi,Tỉnh Quảng Ngãi,Tỉnh Quảng Ngãi,Xã Tịnh Khê,Xã,21211
Xã Tịnh Hòa,Thành phố Quảng Ngãi,Tỉnh Quảng Ngãi,Tỉnh Quảng Ngãi,Xã Đông Sơn,Xã,21109
Xã Tịnh Khê,Thành phố Quảng Ngãi,Tỉnh Quảng Ngãi,Tỉnh Quảng Ngãi,Xã Tịnh Khê,Xã,21211
Xã Tịnh Kỳ,Thành phố Quảng Ngãi,Tỉnh Quảng Ngãi,Tỉnh Quảng Ngãi,Xã Tịnh Khê,Xã,21211
Xã Tịnh Long,Thành phố Quảng Ngãi,Tỉnh Quảng Ngãi,Tỉnh Quảng Ngãi,Xã Tịnh Khê,Xã,21211
Xã Tịnh Thiện,Thành phố Quảng Ngãi,Tỉnh Quảng Ngãi,Tỉnh Quảng Ngãi,Xã Tịnh Khê,Xã,21211
Xã Tịnh Ấn Tây,Thành phố Quảng Ngãi,Tỉnh Quảng Ngãi,Tỉnh Quảng Ngãi,Phường Trương Quang Trọng,Phường,21172
Xã Tịnh Ấn Đông,Thành phố Quảng Ngãi,Tỉnh Quảng Ngãi,Tỉnh Quảng Ngãi,Phường Trương Quang Trọng,Phường,21172
Phường Nguyễn Nghiêm,Thị xã Đức Phổ,Tỉnh Quảng Ngãi,Tỉnh Quảng Ngãi,Phường Đức Phổ,Phường,21439
Phường Phổ Hòa,Thị xã Đức Phổ,Tỉnh Quảng Ngãi,Tỉnh Quảng Ngãi,Phường Đức Phổ,Phường,21439
Phường Phổ Minh,Thị xã Đức Phổ,Tỉnh Quảng Ngãi,Tỉnh Quảng Ngãi,Phường Đức Phổ,Phường,21439
Phường Phổ Ninh,Thị xã Đức Phổ,Tỉnh Quảng Ngãi,Tỉnh Quảng Ngãi,Phường Đức Phổ,Phường,21439
Phường Phổ Quang,Thị xã Đức Phổ,Tỉnh Quảng Ngãi,Tỉnh Quảng Ngãi,Phường Trà Câu,Phường,21451
Phường Phổ Thạnh,Thị xã Đức Phổ,Tỉnh Quảng Ngãi,Tỉnh Quảng Ngãi,Phường Sa Huỳnh,Phường,21478
Phường Phổ Vinh,Thị xã Đức Phổ,Tỉnh Quảng Ngãi,Tỉnh Quảng Ngãi,Phường Đức Phổ,Phường,21439
Phường Phổ Văn,Thị xã Đức Phổ,Tỉnh Quảng Ngãi,Tỉnh Quảng Ngãi,Phường Trà Câu,Phường,21451
Xã Phổ An,Thị xã Đức Phổ,Tỉnh Quảng Ngãi,Tỉnh Quảng Ngãi,Phường Trà Câu,Phường,21451
Xã Phổ Châu,Thị xã Đức Phổ,Tỉnh Quảng Ngãi,Tỉnh Quảng Ngãi,Phường Sa Huỳnh,Phường,21478
Xã Phổ Cường,Thị xã Đức Phổ,Tỉnh Quảng Ngãi,Tỉnh Quảng Ngãi,Xã Khánh Cường,Xã,21472
Xã Phổ Khánh,Thị xã Đức Phổ,Tỉnh Quảng Ngãi,Tỉnh Quảng Ngãi,Xã Khánh Cường,Xã,21472
Xã Phổ Nhơn,Thị xã Đức Phổ,Tỉnh Quảng Ngãi,Tỉnh Quảng Ngãi,Xã Nguyễn Nghiêm,Xã,21457
Xã Phổ Phong,Thị xã Đức Phổ,Tỉnh Quảng Ngãi,Tỉnh Quảng Ngãi,Xã Nguyễn Nghiêm,Xã,21457
Xã Phổ Thuận,Thị xã Đức Phổ,Tỉnh Quảng Ngãi,Tỉnh Quảng Ngãi,Phường Trà Câu,Phường,21451
Thị trấn Ba Chẽ,Huyện Ba Chẽ,Tỉnh Quảng Ninh,Tỉnh Quảng Ninh,Xã Ba Chẽ,Xã,6970
Xã Lương Minh,Huyện Ba Chẽ,Tỉnh Quảng Ninh,Tỉnh Quảng Ninh,Xã Lương Minh,Xã,6985
Xã Nam Sơn,Huyện Ba Chẽ,Tỉnh Quảng Ninh,Tỉnh Quảng Ninh,Xã Ba Chẽ,Xã,6970
Xã Thanh Lâm,Huyện Ba Chẽ,Tỉnh Quảng Ninh,Tỉnh Quảng Ninh,Xã Kỳ Thượng,Xã,6979
Xã Thanh Sơn,Huyện Ba Chẽ,Tỉnh Quảng Ninh,Tỉnh Quảng Ninh,Xã Ba Chẽ,Xã,6970
Xã Đạp Thanh,Huyện Ba Chẽ,Tỉnh Quảng Ninh,Tỉnh Quảng Ninh,Xã Kỳ Thượng,Xã,6979
Xã Đồn Đạc,Huyện Ba Chẽ,Tỉnh Quảng Ninh,Tỉnh Quảng Ninh,Xã Ba Chẽ,Xã,6970
Thị trấn Bình Liêu,Huyện Bình Liêu,Tỉnh Quảng Ninh,Tỉnh Quảng Ninh,Xã Bình Liêu,Xã,6838
Xã Hoành Mô,Huyện Bình Liêu,Tỉnh Quảng Ninh,Tỉnh Quảng Ninh,Xã Hoành Mô,Xã,6841
Xã Húc Động,Huyện Bình Liêu,Tỉnh Quảng Ninh,Tỉnh Quảng Ninh,Xã Bình Liêu,Xã,6838
Xã Lục Hồn,Huyện Bình Liêu,Tỉnh Quảng Ninh,Tỉnh Quảng Ninh,Xã Lục Hồn,Xã,6856
Xã Vô Ngại,Huyện Bình Liêu,Tỉnh Quảng Ninh,Tỉnh Quảng Ninh,Xã Bình Liêu,Xã,6838
Xã Vô Ngại,Huyện Bình Liêu,Tỉnh Quảng Ninh,Tỉnh Quảng Ninh,Xã Tiên Yên,Xã,6862
Xã Đồng Tâm,Huyện Bình Liêu,Tỉnh Quảng Ninh,Tỉnh Quảng Ninh,Xã Lục Hồn,Xã,6856
Xã Đồng Văn,Huyện Bình Liêu,Tỉnh Quảng Ninh,Tỉnh Quảng Ninh,Xã Hoành Mô,Xã,6841
Thị trấn Cô Tô,Huyện Cô Tô,Tỉnh Quảng Ninh,Tỉnh Quảng Ninh,Đặc khu Cô Tô,Đặc khu,7192
Xã Thanh Lân,Huyện Cô Tô,Tỉnh Quảng Ninh,Tỉnh Quảng Ninh,Đặc khu Cô Tô,Đặc khu,7192
Xã Đồng Tiến,Huyện Cô Tô,Tỉnh Quảng Ninh,Tỉnh Quảng Ninh,Đặc khu Cô Tô,Đặc khu,7192
Thị trấn Quảng Hà,Huyện Hải Hà,Tỉnh Quảng Ninh,Tỉnh Quảng Ninh,Xã Quảng Hà,Xã,6922
Xã Cái Chiên,Huyện Hải Hà,Tỉnh Quảng Ninh,Tỉnh Quảng Ninh,Xã Cái Chiên,Xã,6967
Xã Quảng Chính,Huyện Hải Hà,Tỉnh Quảng Ninh,Tỉnh Quảng Ninh,Xã Quảng Hà,Xã,6922
Xã Quảng Long,Huyện Hải Hà,Tỉnh Quảng Ninh,Tỉnh Quảng Ninh,Xã Đường Hoa,Xã,6946
Xã Quảng Long,Huyện Hải Hà,Tỉnh Quảng Ninh,Tỉnh Quảng Ninh,Xã Quảng Hà,Xã,6922
Xã Quảng Minh,Huyện Hải Hà,Tỉnh Quảng Ninh,Tỉnh Quảng Ninh,Xã Quảng Hà,Xã,6922
Xã Quảng Phong,Huyện Hải Hà,Tỉnh Quảng Ninh,Tỉnh Quảng Ninh,Xã Quảng Hà,Xã,6922
Xã Quảng Sơn,Huyện Hải Hà,Tỉnh Quảng Ninh,Tỉnh Quảng Ninh,Xã Đường Hoa,Xã,6946
Xã Quảng Thành,Huyện Hải Hà,Tỉnh Quảng Ninh,Tỉnh Quảng Ninh,Xã Quảng Đức,Xã,6931
Xã Quảng Thịnh,Huyện Hải Hà,Tỉnh Quảng Ninh,Tỉnh Quảng Ninh,Xã Quảng Đức,Xã,6931
Xã Quảng Đức,Huyện Hải Hà,Tỉnh Quảng Ninh,Tỉnh Quảng Ninh,Xã Quảng Đức,Xã,6931
Xã Đường Hoa,Huyện Hải Hà,Tỉnh Quảng Ninh,Tỉnh Quảng Ninh,Xã Đường Hoa,Xã,6946
Thị trấn Tiên Yên,Huyện Tiên Yên,Tỉnh Quảng Ninh,Tỉnh Quảng Ninh,Xã Tiên Yên,Xã,6862
Xã Hà Lâu,Huyện Tiên Yên,Tỉnh Quảng Ninh,Tỉnh Quảng Ninh,Xã Điền Xá,Xã,6874
Xã Hải Lạng,Huyện Tiên Yên,Tỉnh Quảng Ninh,Tỉnh Quảng Ninh,Xã Ba Chẽ,Xã,6970
Xã Hải Lạng,Huyện Tiên Yên,Tỉnh Quảng Ninh,Tỉnh Quảng Ninh,Xã Hải Hòa,Xã,6799
Xã Hải Lạng,Huyện Tiên Yên,Tỉnh Quảng Ninh,Tỉnh Quảng Ninh,Xã Hải Lạng,Xã,6886
Xã Phong Dụ,Huyện Tiên Yên,Tỉnh Quảng Ninh,Tỉnh Quảng Ninh,Xã Tiên Yên,Xã,6862
Xã Tiên Lãng,Huyện Tiên Yên,Tỉnh Quảng Ninh,Tỉnh Quảng Ninh,Xã Tiên Yên,Xã,6862
Xã Yên Than,Huyện Tiên Yên,Tỉnh Quảng Ninh,Tỉnh Quảng Ninh,Xã Điền Xá,Xã,6874
Xã Yên Than,Huyện Tiên Yên,Tỉnh Quảng Ninh,Tỉnh Quảng Ninh,Xã Tiên Yên,Xã,6862
Xã Điền Xá,Huyện Tiên Yên,Tỉnh Quảng Ninh,Tỉnh Quảng Ninh,Xã Điền Xá,Xã,6874
Xã Đông Hải,Huyện Tiên Yên,Tỉnh Quảng Ninh,Tỉnh Quảng Ninh,Xã Đông Ngũ,Xã,6877
Xã Đông Ngũ,Huyện Tiên Yên,Tỉnh Quảng Ninh,Tỉnh Quảng Ninh,Xã Đông Ngũ,Xã,6877
Xã Đông Ngũ,Huyện Tiên Yên,Tỉnh Quảng Ninh,Tỉnh Quảng Ninh,Xã Tiên Yên,Xã,6862
Xã Đại Dực,Huyện Tiên Yên,Tỉnh Quảng Ninh,Tỉnh Quảng Ninh,Xã Đông Ngũ,Xã,6877
Xã Đại Dực,Huyện Tiên Yên,Tỉnh Quảng Ninh,Tỉnh Quảng Ninh,Xã Tiên Yên,Xã,6862
Xã Đồng Rui,Huyện Tiên Yên,Tỉnh Quảng Ninh,Tỉnh Quảng Ninh,Xã Hải Lạng,Xã,6886
Thị trấn Cái Rồng,Huyện Vân Đồn,Tỉnh Quảng Ninh,Tỉnh Quảng Ninh,Đặc khu Vân Đồn,Đặc khu,6994
Xã Bình Dân,Huyện Vân Đồn,Tỉnh Quảng Ninh,Tỉnh Quảng Ninh,Đặc khu Vân Đồn,Đặc khu,6994
Xã Bản Sen,Huyện Vân Đồn,Tỉnh Quảng Ninh,Tỉnh Quảng Ninh,Đặc khu Vân Đồn,Đặc khu,6994
Xã Hạ Long,Huyện Vân Đồn,Tỉnh Quảng Ninh,Tỉnh Quảng Ninh,Đặc khu Vân Đồn,Đặc khu,6994
Xã Minh Châu,Huyện Vân Đồn,Tỉnh Quảng Ninh,Tỉnh Quảng Ninh,Đặc khu Vân Đồn,Đặc khu,6994
Xã Ngọc Vừng,Huyện Vân Đồn,Tỉnh Quảng Ninh,Tỉnh Quảng Ninh,Đặc khu Vân Đồn,Đặc khu,6994
Xã Quan Lạn,Huyện Vân Đồn,Tỉnh Quảng Ninh,Tỉnh Quảng Ninh,Đặc khu Vân Đồn,Đặc khu,6994
Xã Thắng Lợi,Huyện Vân Đồn,Tỉnh Quảng Ninh,Tỉnh Quảng Ninh,Đặc khu Vân Đồn,Đặc khu,6994
Xã Vạn Yên,Huyện Vân Đồn,Tỉnh Quảng Ninh,Tỉnh Quảng Ninh,Đặc khu Vân Đồn,Đặc khu,6994
Xã Đoàn Kết,Huyện Vân Đồn,Tỉnh Quảng Ninh,Tỉnh Quảng Ninh,Đặc khu Vân Đồn,Đặc khu,6994
Xã Đài Xuyên,Huyện Vân Đồn,Tỉnh Quảng Ninh,Tỉnh Quảng Ninh,Đặc khu Vân Đồn,Đặc khu,6994
Xã Đông Xá,Huyện Vân Đồn,Tỉnh Quảng Ninh,Tỉnh Quảng Ninh,Đặc khu Vân Đồn,Đặc khu,6994
Thị trấn Đầm Hà,Huyện Đầm Hà,Tỉnh Quảng Ninh,Tỉnh Quảng Ninh,Xã Đầm Hà,Xã,6895
Xã Dực Yên,Huyện Đầm Hà,Tỉnh Quảng Ninh,Tỉnh Quảng Ninh,Xã Quảng Tân,Xã,6913
Xã Quảng An,Huyện Đầm Hà,Tỉnh Quảng Ninh,Tỉnh Quảng Ninh,Xã Quảng Tân,Xã,6913
Xã Quảng Lâm,Huyện Đầm Hà,Tỉnh Quảng Ninh,Tỉnh Quảng Ninh,Xã Quảng Tân,Xã,6913
Xã Quảng Tân,Huyện Đầm Hà,Tỉnh Quảng Ninh,Tỉnh Quảng Ninh,Xã Quảng Tân,Xã,6913
Xã Tân Bình,Huyện Đầm Hà,Tỉnh Quảng Ninh,Tỉnh Quảng Ninh,Xã Đầm Hà,Xã,6895
Xã Tân Lập,Huyện Đầm Hà,Tỉnh Quảng Ninh,Tỉnh Quảng Ninh,Xã Đầm Hà,Xã,6895
Xã Đại Bình,Huyện Đầm Hà,Tỉnh Quảng Ninh,Tỉnh Quảng Ninh,Xã Đầm Hà,Xã,6895
Xã Đầm Hà,Huyện Đầm Hà,Tỉnh Quảng Ninh,Tỉnh Quảng Ninh,Xã Đầm Hà,Xã,6895
Phường Cẩm Bình,Thành phố Cẩm Phả,Tỉnh Quảng Ninh,Tỉnh Quảng Ninh,Phường Cẩm Phả,Phường,6793
Phường Cẩm Phú,Thành phố Cẩm Phả,Tỉnh Quảng Ninh,Tỉnh Quảng Ninh,Phường Cửa Ông,Phường,6781
Phường Cẩm Sơn,Thành phố Cẩm Phả,Tỉnh Quảng Ninh,Tỉnh Quảng Ninh,Phường Cửa Ông,Phường,6781
Phường Cẩm Thành,Thành phố Cẩm Phả,Tỉnh Quảng Ninh,Tỉnh Quảng Ninh,Phường Cẩm Phả,Phường,6793
Phường Cẩm Thạch,Thành phố Cẩm Phả,Tỉnh Quảng Ninh,Tỉnh Quảng Ninh,Phường Quang Hanh,Phường,6778
Phường Cẩm Thịnh,Thành phố Cẩm Phả,Tỉnh Quảng Ninh,Tỉnh Quảng Ninh,Phường Cửa Ông,Phường,6781
Phường Cẩm Thủy,Thành phố Cẩm Phả,Tỉnh Quảng Ninh,Tỉnh Quảng Ninh,Phường Quang Hanh,Phường,6778
Phường Cẩm Trung,Thành phố Cẩm Phả,Tỉnh Quảng Ninh,Tỉnh Quảng Ninh,Phường Cẩm Phả,Phường,6793
Phường Cẩm Tây,Thành phố Cẩm Phả,Tỉnh Quảng Ninh,Tỉnh Quảng Ninh,Phường Cẩm Phả,Phường,6793
Phường Cẩm Đông,Thành phố Cẩm Phả,Tỉnh Quảng Ninh,Tỉnh Quảng Ninh,Phường Cẩm Phả,Phường,6793
Phường Cửa Ông,Thành phố Cẩm Phả,Tỉnh Quảng Ninh,Tỉnh Quảng Ninh,Phường Cửa Ông,Phường,6781
Phường Mông Dương,Thành phố Cẩm Phả,Tỉnh Quảng Ninh,Tỉnh Quảng Ninh,Phường Mông Dương,Phường,6760
Phường Quang Hanh,Thành phố Cẩm Phả,Tỉnh Quảng Ninh,Tỉnh Quảng Ninh,Phường Quang Hanh,Phường,6778
Xã Dương Huy,Thành phố Cẩm Phả,Tỉnh Quảng Ninh,Tỉnh Quảng Ninh,Phường Mông Dương,Phường,6760
Xã Hải Hòa,Thành phố Cẩm Phả,Tỉnh Quảng Ninh,Tỉnh Quảng Ninh,Xã Hải Hòa,Xã,6799
Xã Hải Hòa,Thành phố Cẩm Phả,Tỉnh Quảng Ninh,Tỉnh Quảng Ninh,Xã Hải Lạng,Xã,6886
Phường Bãi Cháy,Thành phố Hạ Long,Tỉnh Quảng Ninh,Tỉnh Quảng Ninh,Phường Bãi Cháy,Phường,6673
Phường Bạch Đằng,Thành phố Hạ Long,Tỉnh Quảng Ninh,Tỉnh Quảng Ninh,Phường Hồng Gai,Phường,6685
Phường Cao Thắng,Thành phố Hạ Long,Tỉnh Quảng Ninh,Tỉnh Quảng Ninh,Phường Hà Lầm,Phường,6676
Phường Cao Xanh,Thành phố Hạ Long,Tỉnh Quảng Ninh,Tỉnh Quảng Ninh,Phường Cao Xanh,Phường,6658
Phường Giếng Đáy,Thành phố Hạ Long,Tỉnh Quảng Ninh,Tỉnh Quảng Ninh,Phường Việt Hưng,Phường,6661
Phường Hoành Bồ,Thành phố Hạ Long,Tỉnh Quảng Ninh,Tỉnh Quảng Ninh,Phường Hoành Bồ,Phường,7030
Phường Hà Khánh,Thành phố Hạ Long,Tỉnh Quảng Ninh,Tỉnh Quảng Ninh,Phường Cao Xanh,Phường,6658
Phường Hà Khẩu,Thành phố Hạ Long,Tỉnh Quảng Ninh,Tỉnh Quảng Ninh,Phường Tuần Châu,Phường,6706
Phường Hà Khẩu,Thành phố Hạ Long,Tỉnh Quảng Ninh,Tỉnh Quảng Ninh,Phường Việt Hưng,Phường,6661
Phường Hà Lầm,Thành phố Hạ Long,Tỉnh Quảng Ninh,Tỉnh Quảng Ninh,Phường Hà Lầm,Phường,6676
Phường Hà Phong,Thành phố Hạ Long,Tỉnh Quảng Ninh,Tỉnh Quảng Ninh,Phường Hà Tu,Phường,6652
Phường Hà Trung,Thành phố Hạ Long,Tỉnh Quảng Ninh,Tỉnh Quảng Ninh,Phường Hà Lầm,Phường,6676
Phường Hà Tu,Thành phố Hạ Long,Tỉnh Quảng Ninh,Tỉnh Quảng Ninh,Phường Hà Tu,Phường,6652
Phường Hùng Thắng,Thành phố Hạ Long,Tỉnh Quảng Ninh,Tỉnh Quảng Ninh,Phường Bãi Cháy,Phường,6673
Phường Hồng Gai,Thành phố Hạ Long,Tỉnh Quảng Ninh,Tỉnh Quảng Ninh,Phường Hồng Gai,Phường,6685
Phường Hồng Hà,Thành phố Hạ Long,Tỉnh Quảng Ninh,Tỉnh Quảng Ninh,Phường Hạ Long,Phường,6688
Phường Hồng Hải,Thành phố Hạ Long,Tỉnh Quảng Ninh,Tỉnh Quảng Ninh,Phường Hạ Long,Phường,6688
Phường Trần Hưng Đạo,Thành phố Hạ Long,Tỉnh Quảng Ninh,Tỉnh Quảng Ninh,Phường Hồng Gai,Phường,6685
Phường Tuần Châu,Thành phố Hạ Long,Tỉnh Quảng Ninh,Tỉnh Quảng Ninh,Phường Tuần Châu,Phường,6706
Phường Việt Hưng,Thành phố Hạ Long,Tỉnh Quảng Ninh,Tỉnh Quảng Ninh,Phường Việt Hưng,Phường,6661
Phường Đại Yên,Thành phố Hạ Long,Tỉnh Quảng Ninh,Tỉnh Quảng Ninh,Phường Tuần Châu,Phường,6706
Xã Bằng Cả,Thành phố Hạ Long,Tỉnh Quảng Ninh,Tỉnh Quảng Ninh,Xã Quảng La,Xã,7054
Xã Dân Chủ,Thành phố Hạ Long,Tỉnh Quảng Ninh,Tỉnh Quảng Ninh,Xã Quảng La,Xã,7054
Xã Hòa Bình,Thành phố Hạ Long,Tỉnh Quảng Ninh,Tỉnh Quảng Ninh,Xã Thống Nhất,Xã,7060
Xã Kỳ Thượng,Thành phố Hạ Long,Tỉnh Quảng Ninh,Tỉnh Quảng Ninh,Xã Kỳ Thượng,Xã,6979
Xã Lê Lợi,Thành phố Hạ Long,Tỉnh Quảng Ninh,Tỉnh Quảng Ninh,Phường Hoành Bồ,Phường,7030
Xã Quảng La,Thành phố Hạ Long,Tỉnh Quảng Ninh,Tỉnh Quảng Ninh,Xã Quảng La,Xã,7054
Xã Sơn Dương,Thành phố Hạ Long,Tỉnh Quảng Ninh,Tỉnh Quảng Ninh,Phường Hoành Bồ,Phường,7030
Xã Thống Nhất,Thành phố Hạ Long,Tỉnh Quảng Ninh,Tỉnh Quảng Ninh,Xã Thống Nhất,Xã,7060
Xã Tân Dân,Thành phố Hạ Long,Tỉnh Quảng Ninh,Tỉnh Quảng Ninh,Xã Quảng La,Xã,7054
Xã Vũ Oai,Thành phố Hạ Long,Tỉnh Quảng Ninh,Tỉnh Quảng Ninh,Xã Thống Nhất,Xã,7060
Xã Đồng Lâm,Thành phố Hạ Long,Tỉnh Quảng Ninh,Tỉnh Quảng Ninh,Phường Hoành Bồ,Phường,7030
Xã Đồng Lâm,Thành phố Hạ Long,Tỉnh Quảng Ninh,Tỉnh Quảng Ninh,Xã Thống Nhất,Xã,7060
Xã Đồng Sơn,Thành phố Hạ Long,Tỉnh Quảng Ninh,Tỉnh Quảng Ninh,Xã Lương Minh,Xã,6985
Phường Bình Ngọc,Thành phố Móng Cái,Tỉnh Quảng Ninh,Tỉnh Quảng Ninh,Phường Móng Cái 1,Phường,6712
Phường Hải Hòa,Thành phố Móng Cái,Tỉnh Quảng Ninh,Tỉnh Quảng Ninh,Phường Móng Cái 1,Phường,6712
Phường Hải Yên,Thành phố Móng Cái,Tỉnh Quảng Ninh,Tỉnh Quảng Ninh,Phường Móng Cái 3,Phường,6736
Phường Ka Long,Thành phố Móng Cái,Tỉnh Quảng Ninh,Tỉnh Quảng Ninh,Phường Móng Cái 2,Phường,6709
Phường Ninh Dương,Thành phố Móng Cái,Tỉnh Quảng Ninh,Tỉnh Quảng Ninh,Phường Móng Cái 2,Phường,6709
Phường Trà Cổ,Thành phố Móng Cái,Tỉnh Quảng Ninh,Tỉnh Quảng Ninh,Phường Móng Cái 1,Phường,6712
Phường Trần Phú,Thành phố Móng Cái,Tỉnh Quảng Ninh,Tỉnh Quảng Ninh,Phường Móng Cái 1,Phường,6712
Xã Bắc Sơn,Thành phố Móng Cái,Tỉnh Quảng Ninh,Tỉnh Quảng Ninh,Xã Hải Sơn,Xã,6724
Xã Hải Sơn,Thành phố Móng Cái,Tỉnh Quảng Ninh,Tỉnh Quảng Ninh,Xã Hải Sơn,Xã,6724
Xã Hải Tiến,Thành phố Móng Cái,Tỉnh Quảng Ninh,Tỉnh Quảng Ninh,Xã Hải Ninh,Xã,6733
Xã Hải Xuân,Thành phố Móng Cái,Tỉnh Quảng Ninh,Tỉnh Quảng Ninh,Phường Móng Cái 1,Phường,6712
Xã Hải Đông,Thành phố Móng Cái,Tỉnh Quảng Ninh,Tỉnh Quảng Ninh,Phường Móng Cái 3,Phường,6736
Xã Quảng Nghĩa,Thành phố Móng Cái,Tỉnh Quảng Ninh,Tỉnh Quảng Ninh,Xã Hải Ninh,Xã,6733
Xã Vĩnh Thực,Thành phố Móng Cái,Tỉnh Quảng Ninh,Tỉnh Quảng Ninh,Xã Vĩnh Thực,Xã,6757
Xã Vĩnh Trung,Thành phố Móng Cái,Tỉnh Quảng Ninh,Tỉnh Quảng Ninh,Xã Vĩnh Thực,Xã,6757
Xã Vạn Ninh,Thành phố Móng Cái,Tỉnh Quảng Ninh,Tỉnh Quảng Ninh,Phường Móng Cái 2,Phường,6709
Phường Bắc Sơn,Thành phố Uông Bí,Tỉnh Quảng Ninh,Tỉnh Quảng Ninh,Phường Vàng Danh,Phường,6820
Phường Nam Khê,Thành phố Uông Bí,Tỉnh Quảng Ninh,Tỉnh Quảng Ninh,Phường Vàng Danh,Phường,6820
Phường Phương Nam,Thành phố Uông Bí,Tỉnh Quảng Ninh,Tỉnh Quảng Ninh,Phường Yên Tử,Phường,6832
Phường Phương Đông,Thành phố Uông Bí,Tỉnh Quảng Ninh,Tỉnh Quảng Ninh,Phường Yên Tử,Phường,6832
Phường Quang Trung,Thành phố Uông Bí,Tỉnh Quảng Ninh,Tỉnh Quảng Ninh,Phường Uông Bí,Phường,6811
Phường Thanh Sơn,Thành phố Uông Bí,Tỉnh Quảng Ninh,Tỉnh Quảng Ninh,Phường Uông Bí,Phường,6811
Phường Trưng Vương,Thành phố Uông Bí,Tỉnh Quảng Ninh,Tỉnh Quảng Ninh,Phường Uông Bí,Phường,6811
Phường Trưng Vương,Thành phố Uông Bí,Tỉnh Quảng Ninh,Tỉnh Quảng Ninh,Phường Vàng Danh,Phường,6820
Phường Vàng Danh,Thành phố Uông Bí,Tỉnh Quảng Ninh,Tỉnh Quảng Ninh,Phường Vàng Danh,Phường,6820
Phường Yên Thanh,Thành phố Uông Bí,Tỉnh Quảng Ninh,Tỉnh Quảng Ninh,Phường Uông Bí,Phường,6811
Xã Thượng Yên Công,Thành phố Uông Bí,Tỉnh Quảng Ninh,Tỉnh Quảng Ninh,Phường Yên Tử,Phường,6832
Phường Bình Dương,Thành phố Đông Triều,Tỉnh Quảng Ninh,Tỉnh Quảng Ninh,Phường An Sinh,Phường,7090
Phường Bình Khê,Thành phố Đông Triều,Tỉnh Quảng Ninh,Tỉnh Quảng Ninh,Phường Bình Khê,Phường,7081
Phường Hoàng Quế,Thành phố Đông Triều,Tỉnh Quảng Ninh,Tỉnh Quảng Ninh,Phường Hoàng Quế,Phường,7114
Phường Hưng Đạo,Thành phố Đông Triều,Tỉnh Quảng Ninh,Tỉnh Quảng Ninh,Phường Đông Triều,Phường,7093
Phường Hồng Phong,Thành phố Đông Triều,Tỉnh Quảng Ninh,Tỉnh Quảng Ninh,Phường Đông Triều,Phường,7093
Phường Kim Sơn,Thành phố Đông Triều,Tỉnh Quảng Ninh,Tỉnh Quảng Ninh,Phường Mạo Khê,Phường,7069
Phường Mạo Khê,Thành phố Đông Triều,Tỉnh Quảng Ninh,Tỉnh Quảng Ninh,Phường Mạo Khê,Phường,7069
Phường Thủy An,Thành phố Đông Triều,Tỉnh Quảng Ninh,Tỉnh Quảng Ninh,Phường Đông Triều,Phường,7093
Phường Tràng An,Thành phố Đông Triều,Tỉnh Quảng Ninh,Tỉnh Quảng Ninh,Phường Bình Khê,Phường,7081
Phường Xuân Sơn,Thành phố Đông Triều,Tỉnh Quảng Ninh,Tỉnh Quảng Ninh,Phường Mạo Khê,Phường,7069
Phường Yên Thọ,Thành phố Đông Triều,Tỉnh Quảng Ninh,Tỉnh Quảng Ninh,Phường Mạo Khê,Phường,7069
Phường Yên Đức,Thành phố Đông Triều,Tỉnh Quảng Ninh,Tỉnh Quảng Ninh,Phường Hoàng Quế,Phường,7114
Phường Đức Chính,Thành phố Đông Triều,Tỉnh Quảng Ninh,Tỉnh Quảng Ninh,Phường An Sinh,Phường,7090
Phường Đức Chính,Thành phố Đông Triều,Tỉnh Quảng Ninh,Tỉnh Quảng Ninh,Phường Đông Triều,Phường,7093
Xã An Sinh,Thành phố Đông Triều,Tỉnh Quảng Ninh,Tỉnh Quảng Ninh,Phường An Sinh,Phường,7090
Xã Hồng Thái Tây,Thành phố Đông Triều,Tỉnh Quảng Ninh,Tỉnh Quảng Ninh,Phường Hoàng Quế,Phường,7114
Xã Hồng Thái Đông,Thành phố Đông Triều,Tỉnh Quảng Ninh,Tỉnh Quảng Ninh,Phường Hoàng Quế,Phường,7114
Xã Nguyễn Huệ,Thành phố Đông Triều,Tỉnh Quảng Ninh,Tỉnh Quảng Ninh,Phường Đông Triều,Phường,7093
Xã Tràng Lương,Thành phố Đông Triều,Tỉnh Quảng Ninh,Tỉnh Quảng Ninh,Phường Bình Khê,Phường,7081
Xã Việt Dân,Thành phố Đông Triều,Tỉnh Quảng Ninh,Tỉnh Quảng Ninh,Phường An Sinh,Phường,7090
Phường Cộng Hòa,Thị xã Quảng Yên,Tỉnh Quảng Ninh,Tỉnh Quảng Ninh,Phường Hiệp Hòa,Phường,7147
Phường Hà An,Thị xã Quảng Yên,Tỉnh Quảng Ninh,Tỉnh Quảng Ninh,Phường Hà An,Phường,7168
Phường Minh Thành,Thị xã Quảng Yên,Tỉnh Quảng Ninh,Tỉnh Quảng Ninh,Phường Đông Mai,Phường,7135
Phường Nam Hòa,Thị xã Quảng Yên,Tỉnh Quảng Ninh,Tỉnh Quảng Ninh,Phường Phong Cốc,Phường,7183
Phường Phong Cốc,Thị xã Quảng Yên,Tỉnh Quảng Ninh,Tỉnh Quảng Ninh,Phường Phong Cốc,Phường,7183
Phường Phong Hải,Thị xã Quảng Yên,Tỉnh Quảng Ninh,Tỉnh Quảng Ninh,Phường Liên Hòa,Phường,7180
Phường Quảng Yên,Thị xã Quảng Yên,Tỉnh Quảng Ninh,Tỉnh Quảng Ninh,Phường Quảng Yên,Phường,7132
Phường Tân An,Thị xã Quảng Yên,Tỉnh Quảng Ninh,Tỉnh Quảng Ninh,Phường Hà An,Phường,7168
Phường Yên Giang,Thị xã Quảng Yên,Tỉnh Quảng Ninh,Tỉnh Quảng Ninh,Phường Quảng Yên,Phường,7132
Phường Yên Hải,Thị xã Quảng Yên,Tỉnh Quảng Ninh,Tỉnh Quảng Ninh,Phường Phong Cốc,Phường,7183
Phường Đông Mai,Thị xã Quảng Yên,Tỉnh Quảng Ninh,Tỉnh Quảng Ninh,Phường Đông Mai,Phường,7135
Xã Cẩm La,Thị xã Quảng Yên,Tỉnh Quảng Ninh,Tỉnh Quảng Ninh,Phường Phong Cốc,Phường,7183
Xã Hiệp Hòa,Thị xã Quảng Yên,Tỉnh Quảng Ninh,Tỉnh Quảng Ninh,Phường Hiệp Hòa,Phường,7147
Xã Hoàng Tân,Thị xã Quảng Yên,Tỉnh Quảng Ninh,Tỉnh Quảng Ninh,Phường Hà An,Phường,7168
Xã Liên Hòa,Thị xã Quảng Yên,Tỉnh Quảng Ninh,Tỉnh Quảng Ninh,Phường Hà An,Phường,7168
Xã Liên Hòa,Thị xã Quảng Yên,Tỉnh Quảng Ninh,Tỉnh Quảng Ninh,Phường Liên Hòa,Phường,7180
Xã Liên Vị,Thị xã Quảng Yên,Tỉnh Quảng Ninh,Tỉnh Quảng Ninh,Phường Liên Hòa,Phường,7180
Xã Sông Khoai,Thị xã Quảng Yên,Tỉnh Quảng Ninh,Tỉnh Quảng Ninh,Phường Hiệp Hòa,Phường,7147
Xã Tiền An,Thị xã Quảng Yên,Tỉnh Quảng Ninh,Tỉnh Quảng Ninh,Phường Quảng Yên,Phường,7132
Xã Tiền Phong,Thị xã Quảng Yên,Tỉnh Quảng Ninh,Tỉnh Quảng Ninh,Phường Liên Hòa,Phường,7180
Thị trấn Hoàn Lão,Huyện Bố Trạch,Tỉnh Quảng Bình,Tỉnh Quảng Trị,Xã Hoàn Lão,Xã,19111
Thị trấn Nông trường Việt Trung,Huyện Bố Trạch,Tỉnh Quảng Bình,Tỉnh Quảng Trị,Xã Nam Trạch,Xã,19198
Thị trấn Phong Nha,Huyện Bố Trạch,Tỉnh Quảng Bình,Tỉnh Quảng Trị,Xã Phong Nha,Xã,19138
Xã Bắc Trạch,Huyện Bố Trạch,Tỉnh Quảng Bình,Tỉnh Quảng Trị,Xã Bắc Trạch,Xã,19126
Xã Cự Nẫm,Huyện Bố Trạch,Tỉnh Quảng Bình,Tỉnh Quảng Trị,Xã Bố Trạch,Xã,19141
Xã Hòa Trạch,Huyện Bố Trạch,Tỉnh Quảng Bình,Tỉnh Quảng Trị,Xã Hoàn Lão,Xã,19111
Xã Hưng Trạch,Huyện Bố Trạch,Tỉnh Quảng Bình,Tỉnh Quảng Trị,Xã Bố Trạch,Xã,19141
Xã Hạ Mỹ,Huyện Bố Trạch,Tỉnh Quảng Bình,Tỉnh Quảng Trị,Xã Bắc Trạch,Xã,19126
Xã Hải Phú,Huyện Bố Trạch,Tỉnh Quảng Bình,Tỉnh Quảng Trị,Xã Đông Trạch,Xã,19159
Xã Liên Trạch,Huyện Bố Trạch,Tỉnh Quảng Bình,Tỉnh Quảng Trị,Xã Bắc Trạch,Xã,19126
Xã Lâm Trạch,Huyện Bố Trạch,Tỉnh Quảng Bình,Tỉnh Quảng Trị,Xã Phong Nha,Xã,19138
Xã Lý Nam,Huyện Bố Trạch,Tỉnh Quảng Bình,Tỉnh Quảng Trị,Xã Nam Trạch,Xã,19198
Xã Nhân Trạch,Huyện Bố Trạch,Tỉnh Quảng Bình,Tỉnh Quảng Trị,Xã Nam Trạch,Xã,19198
Xã Phú Định,Huyện Bố Trạch,Tỉnh Quảng Bình,Tỉnh Quảng Trị,Xã Bố Trạch,Xã,19141
Xã Phúc Trạch,Huyện Bố Trạch,Tỉnh Quảng Bình,Tỉnh Quảng Trị,Xã Phong Nha,Xã,19138
Xã Sơn Lộc,Huyện Bố Trạch,Tỉnh Quảng Bình,Tỉnh Quảng Trị,Xã Đông Trạch,Xã,19159
Xã Thanh Trạch,Huyện Bố Trạch,Tỉnh Quảng Bình,Tỉnh Quảng Trị,Xã Bắc Trạch,Xã,19126
Xã Thượng Trạch,Huyện Bố Trạch,Tỉnh Quảng Bình,Tỉnh Quảng Trị,Xã Thượng Trạch,Xã,19147
Xã Trung Trạch,Huyện Bố Trạch,Tỉnh Quảng Bình,Tỉnh Quảng Trị,Xã Hoàn Lão,Xã,19111
Xã Tân Trạch,Huyện Bố Trạch,Tỉnh Quảng Bình,Tỉnh Quảng Trị,Xã Thượng Trạch,Xã,19147
Xã Tây Trạch,Huyện Bố Trạch,Tỉnh Quảng Bình,Tỉnh Quảng Trị,Xã Hoàn Lão,Xã,19111
Xã Vạn Trạch,Huyện Bố Trạch,Tỉnh Quảng Bình,Tỉnh Quảng Trị,Xã Bố Trạch,Xã,19141
Xã Xuân Trạch,Huyện Bố Trạch,Tỉnh Quảng Bình,Tỉnh Quảng Trị,Xã Phong Nha,Xã,19138
Xã Đại Trạch,Huyện Bố Trạch,Tỉnh Quảng Bình,Tỉnh Quảng Trị,Xã Hoàn Lão,Xã,19111
Xã Đồng Trạch,Huyện Bố Trạch,Tỉnh Quảng Bình,Tỉnh Quảng Trị,Xã Đông Trạch,Xã,19159
Xã Đức Trạch,Huyện Bố Trạch,Tỉnh Quảng Bình,Tỉnh Quảng Trị,Xã Đông Trạch,Xã,19159
Thị trấn Kiến Giang,Huyện Lệ Thủy,Tỉnh Quảng Bình,Tỉnh Quảng Trị,Xã Lệ Thủy,Xã,19249
Thị trấn Nông trường Lệ Ninh,Huyện Lệ Thủy,Tỉnh Quảng Bình,Tỉnh Quảng Trị,Xã Lệ Ninh,Xã,19246
Xã An Thủy,Huyện Lệ Thủy,Tỉnh Quảng Bình,Tỉnh Quảng Trị,Xã Lệ Thủy,Xã,19249
Xã Cam Thủy,Huyện Lệ Thủy,Tỉnh Quảng Bình,Tỉnh Quảng Trị,Xã Cam Hồng,Xã,19255
Xã Dương Thủy,Huyện Lệ Thủy,Tỉnh Quảng Bình,Tỉnh Quảng Trị,Xã Tân Mỹ,Xã,19291
Xã Hoa Thủy,Huyện Lệ Thủy,Tỉnh Quảng Bình,Tỉnh Quảng Trị,Xã Lệ Ninh,Xã,19246
Xã Hưng Thủy,Huyện Lệ Thủy,Tỉnh Quảng Bình,Tỉnh Quảng Trị,Xã Sen Ngư,Xã,19288
Xã Hồng Thủy,Huyện Lệ Thủy,Tỉnh Quảng Bình,Tỉnh Quảng Trị,Xã Cam Hồng,Xã,19255
Xã Kim Thủy,Huyện Lệ Thủy,Tỉnh Quảng Bình,Tỉnh Quảng Trị,Xã Kim Ngân,Xã,19318
Xã Liên Thủy,Huyện Lệ Thủy,Tỉnh Quảng Bình,Tỉnh Quảng Trị,Xã Lệ Thủy,Xã,19249
Xã Lâm Thủy,Huyện Lệ Thủy,Tỉnh Quảng Bình,Tỉnh Quảng Trị,Xã Kim Ngân,Xã,19318
Xã Lộc Thủy,Huyện Lệ Thủy,Tỉnh Quảng Bình,Tỉnh Quảng Trị,Xã Lệ Thủy,Xã,19249
Xã Mai Thủy,Huyện Lệ Thủy,Tỉnh Quảng Bình,Tỉnh Quảng Trị,Xã Trường Phú,Xã,19309
Xã Mỹ Thủy,Huyện Lệ Thủy,Tỉnh Quảng Bình,Tỉnh Quảng Trị,Xã Tân Mỹ,Xã,19291
Xã Ngân Thủy,Huyện Lệ Thủy,Tỉnh Quảng Bình,Tỉnh Quảng Trị,Xã Kim Ngân,Xã,19318
Xã Ngư Thủy,Huyện Lệ Thủy,Tỉnh Quảng Bình,Tỉnh Quảng Trị,Xã Sen Ngư,Xã,19288
Xã Ngư Thủy Bắc,Huyện Lệ Thủy,Tỉnh Quảng Bình,Tỉnh Quảng Trị,Xã Cam Hồng,Xã,19255
Xã Phong Thủy,Huyện Lệ Thủy,Tỉnh Quảng Bình,Tỉnh Quảng Trị,Xã Lệ Thủy,Xã,19249
Xã Phú Thủy,Huyện Lệ Thủy,Tỉnh Quảng Bình,Tỉnh Quảng Trị,Xã Trường Phú,Xã,19309
Xã Sen Thủy,Huyện Lệ Thủy,Tỉnh Quảng Bình,Tỉnh Quảng Trị,Xã Sen Ngư,Xã,19288
Xã Sơn Thủy,Huyện Lệ Thủy,Tỉnh Quảng Bình,Tỉnh Quảng Trị,Xã Lệ Ninh,Xã,19246
Xã Thanh Thủy,Huyện Lệ Thủy,Tỉnh Quảng Bình,Tỉnh Quảng Trị,Xã Cam Hồng,Xã,19255
Xã Thái Thủy,Huyện Lệ Thủy,Tỉnh Quảng Bình,Tỉnh Quảng Trị,Xã Tân Mỹ,Xã,19291
Xã Trường Thủy,Huyện Lệ Thủy,Tỉnh Quảng Bình,Tỉnh Quảng Trị,Xã Trường Phú,Xã,19309
Xã Tân Thủy,Huyện Lệ Thủy,Tỉnh Quảng Bình,Tỉnh Quảng Trị,Xã Tân Mỹ,Xã,19291
Xã Xuân Thủy,Huyện Lệ Thủy,Tỉnh Quảng Bình,Tỉnh Quảng Trị,Xã Lệ Thủy,Xã,19249
Thị trấn Quy Đạt,Huyện Minh Hóa,Tỉnh Quảng Bình,Tỉnh Quảng Trị,Xã Minh Hóa,Xã,18901
Xã Dân Hóa,Huyện Minh Hóa,Tỉnh Quảng Bình,Tỉnh Quảng Trị,Xã Dân Hóa,Xã,18904
Xã Hóa Hợp,Huyện Minh Hóa,Tỉnh Quảng Bình,Tỉnh Quảng Trị,Xã Kim Điền,Xã,18922
Xã Hóa Sơn,Huyện Minh Hóa,Tỉnh Quảng Bình,Tỉnh Quảng Trị,Xã Kim Điền,Xã,18922
Xã Hồng Hóa,Huyện Minh Hóa,Tỉnh Quảng Bình,Tỉnh Quảng Trị,Xã Minh Hóa,Xã,18901
Xã Minh Hóa,Huyện Minh Hóa,Tỉnh Quảng Bình,Tỉnh Quảng Trị,Xã Kim Phú,Xã,18943
Xã Thượng Hóa,Huyện Minh Hóa,Tỉnh Quảng Bình,Tỉnh Quảng Trị,Xã Kim Phú,Xã,18943
Xã Trung Hóa,Huyện Minh Hóa,Tỉnh Quảng Bình,Tỉnh Quảng Trị,Xã Kim Phú,Xã,18943
Xã Trọng Hóa,Huyện Minh Hóa,Tỉnh Quảng Bình,Tỉnh Quảng Trị,Xã Dân Hóa,Xã,18904
Xã Tân Hóa,Huyện Minh Hóa,Tỉnh Quảng Bình,Tỉnh Quảng Trị,Xã Kim Phú,Xã,18943
Xã Tân Thành,Huyện Minh Hóa,Tỉnh Quảng Bình,Tỉnh Quảng Trị,Xã Tân Thành,Xã,18919
Xã Xuân Hóa,Huyện Minh Hóa,Tỉnh Quảng Bình,Tỉnh Quảng Trị,Xã Minh Hóa,Xã,18901
Xã Yên Hóa,Huyện Minh Hóa,Tỉnh Quảng Bình,Tỉnh Quảng Trị,Xã Minh Hóa,Xã,18901
Thị trấn Quán Hàu,Huyện Quảng Ninh,Tỉnh Quảng Bình,Tỉnh Quảng Trị,Xã Quảng Ninh,Xã,19207
Xã An Ninh,Huyện Quảng Ninh,Tỉnh Quảng Bình,Tỉnh Quảng Trị,Xã Trường Ninh,Xã,19237
Xã Duy Ninh,Huyện Quảng Ninh,Tỉnh Quảng Bình,Tỉnh Quảng Trị,Xã Ninh Châu,Xã,19225
Xã Gia Ninh,Huyện Quảng Ninh,Tỉnh Quảng Bình,Tỉnh Quảng Trị,Xã Ninh Châu,Xã,19225
Xã Hiền Ninh,Huyện Quảng Ninh,Tỉnh Quảng Bình,Tỉnh Quảng Trị,Xã Trường Ninh,Xã,19237
Xã Hàm Ninh,Huyện Quảng Ninh,Tỉnh Quảng Bình,Tỉnh Quảng Trị,Xã Quảng Ninh,Xã,19207
Xã Hải Ninh,Huyện Quảng Ninh,Tỉnh Quảng Bình,Tỉnh Quảng Trị,Xã Ninh Châu,Xã,19225
Xã Trường Sơn,Huyện Quảng Ninh,Tỉnh Quảng Bình,Tỉnh Quảng Trị,Xã Trường Sơn,Xã,19204
Xã Trường Xuân,Huyện Quảng Ninh,Tỉnh Quảng Bình,Tỉnh Quảng Trị,Xã Trường Sơn,Xã,19204
Xã Tân Ninh,Huyện Quảng Ninh,Tỉnh Quảng Bình,Tỉnh Quảng Trị,Xã Ninh Châu,Xã,19225
Xã Võ Ninh,Huyện Quảng Ninh,Tỉnh Quảng Bình,Tỉnh Quảng Trị,Xã Quảng Ninh,Xã,19207
Xã Vĩnh Ninh,Huyện Quảng Ninh,Tỉnh Quảng Bình,Tỉnh Quảng Trị,Xã Quảng Ninh,Xã,19207
Xã Vạn Ninh,Huyện Quảng Ninh,Tỉnh Quảng Bình,Tỉnh Quảng Trị,Xã Trường Ninh,Xã,19237
Xã Xuân Ninh,Huyện Quảng Ninh,Tỉnh Quảng Bình,Tỉnh Quảng Trị,Xã Trường Ninh,Xã,19237
Xã Cảnh Dương,Huyện Quảng Trạch,Tỉnh Quảng Bình,Tỉnh Quảng Trị,Xã Hòa Trạch,Xã,19033
Xã Liên Trường,Huyện Quảng Trạch,Tỉnh Quảng Bình,Tỉnh Quảng Trị,Xã Tân Gianh,Xã,19051
Xã Phù Cảnh,Huyện Quảng Trạch,Tỉnh Quảng Bình,Tỉnh Quảng Trị,Xã Tân Gianh,Xã,19051
Xã Quảng Châu,Huyện Quảng Trạch,Tỉnh Quảng Bình,Tỉnh Quảng Trị,Xã Hòa Trạch,Xã,19033
Xã Quảng Hưng,Huyện Quảng Trạch,Tỉnh Quảng Bình,Tỉnh Quảng Trị,Xã Quảng Trạch,Xã,19057
Xã Quảng Hợp,Huyện Quảng Trạch,Tỉnh Quảng Bình,Tỉnh Quảng Trị,Xã Phú Trạch,Xã,19021
Xã Quảng Kim,Huyện Quảng Trạch,Tỉnh Quảng Bình,Tỉnh Quảng Trị,Xã Phú Trạch,Xã,19021
Xã Quảng Lưu,Huyện Quảng Trạch,Tỉnh Quảng Bình,Tỉnh Quảng Trị,Xã Trung Thuần,Xã,19030
Xã Quảng Phú,Huyện Quảng Trạch,Tỉnh Quảng Bình,Tỉnh Quảng Trị,Xã Phú Trạch,Xã,19021
Xã Quảng Phương,Huyện Quảng Trạch,Tỉnh Quảng Bình,Tỉnh Quảng Trị,Xã Quảng Trạch,Xã,19057
Xã Quảng Thanh,Huyện Quảng Trạch,Tỉnh Quảng Bình,Tỉnh Quảng Trị,Xã Tân Gianh,Xã,19051
Xã Quảng Thạch,Huyện Quảng Trạch,Tỉnh Quảng Bình,Tỉnh Quảng Trị,Xã Trung Thuần,Xã,19030
Xã Quảng Tiến,Huyện Quảng Trạch,Tỉnh Quảng Bình,Tỉnh Quảng Trị,Xã Trung Thuần,Xã,19030
Xã Quảng Tùng,Huyện Quảng Trạch,Tỉnh Quảng Bình,Tỉnh Quảng Trị,Xã Hòa Trạch,Xã,19033
Xã Quảng Xuân,Huyện Quảng Trạch,Tỉnh Quảng Bình,Tỉnh Quảng Trị,Xã Quảng Trạch,Xã,19057
Xã Quảng Đông,Huyện Quảng Trạch,Tỉnh Quảng Bình,Tỉnh Quảng Trị,Xã Phú Trạch,Xã,19021
Thị trấn Đồng Lê,Huyện Tuyên Hóa,Tỉnh Quảng Bình,Tỉnh Quảng Trị,Xã Đồng Lê,Xã,18949
Xã Cao Quảng,Huyện Tuyên Hóa,Tỉnh Quảng Bình,Tỉnh Quảng Trị,Xã Tuyên Hóa,Xã,18997
Xã Châu Hóa,Huyện Tuyên Hóa,Tỉnh Quảng Bình,Tỉnh Quảng Trị,Xã Tuyên Hóa,Xã,18997
Xã Hương Hóa,Huyện Tuyên Hóa,Tỉnh Quảng Bình,Tỉnh Quảng Trị,Xã Tuyên Sơn,Xã,18952
Xã Kim Hóa,Huyện Tuyên Hóa,Tỉnh Quảng Bình,Tỉnh Quảng Trị,Xã Đồng Lê,Xã,18949
Xã Lâm Hóa,Huyện Tuyên Hóa,Tỉnh Quảng Bình,Tỉnh Quảng Trị,Xã Tuyên Lâm,Xã,18958
Xã Lê Hóa,Huyện Tuyên Hóa,Tỉnh Quảng Bình,Tỉnh Quảng Trị,Xã Đồng Lê,Xã,18949
Xã Mai Hóa,Huyện Tuyên Hóa,Tỉnh Quảng Bình,Tỉnh Quảng Trị,Xã Tuyên Bình,Xã,18991
Xã Ngư Hóa,Huyện Tuyên Hóa,Tỉnh Quảng Bình,Tỉnh Quảng Trị,Xã Tuyên Bình,Xã,18991
Xã Phong Hóa,Huyện Tuyên Hóa,Tỉnh Quảng Bình,Tỉnh Quảng Trị,Xã Tuyên Bình,Xã,18991
Xã Sơn Hóa,Huyện Tuyên Hóa,Tỉnh Quảng Bình,Tỉnh Quảng Trị,Xã Đồng Lê,Xã,18949
Xã Thanh Hóa,Huyện Tuyên Hóa,Tỉnh Quảng Bình,Tỉnh Quảng Trị,Xã Tuyên Lâm,Xã,18958
Xã Thanh Thạch,Huyện Tuyên Hóa,Tỉnh Quảng Bình,Tỉnh Quảng Trị,Xã Tuyên Sơn,Xã,18952
Xã Thuận Hóa,Huyện Tuyên Hóa,Tỉnh Quảng Bình,Tỉnh Quảng Trị,Xã Đồng Lê,Xã,18949
Xã Thạch Hóa,Huyện Tuyên Hóa,Tỉnh Quảng Bình,Tỉnh Quảng Trị,Xã Tuyên Phú,Xã,18985
Xã Tiến Hóa,Huyện Tuyên Hóa,Tỉnh Quảng Bình,Tỉnh Quảng Trị,Xã Tuyên Hóa,Xã,18997
Xã Văn Hóa,Huyện Tuyên Hóa,Tỉnh Quảng Bình,Tỉnh Quảng Trị,Xã Tuyên Hóa,Xã,18997
Xã Đồng Hóa,Huyện Tuyên Hóa,Tỉnh Quảng Bình,Tỉnh Quảng Trị,Xã Tuyên Phú,Xã,18985
Xã Đức Hóa,Huyện Tuyên Hóa,Tỉnh Quảng Bình,Tỉnh Quảng Trị,Xã Tuyên Phú,Xã,18985
Phường Bắc Lý,Thành Phố Đồng Hới,Tỉnh Quảng Bình,Tỉnh Quảng Trị,Phường Đồng Thuận,Phường,18859
Phường Bắc Nghĩa,Thành Phố Đồng Hới,Tỉnh Quảng Bình,Tỉnh Quảng Trị,Phường Đồng Sơn,Phường,18871
Phường Hải Thành,Thành Phố Đồng Hới,Tỉnh Quảng Bình,Tỉnh Quảng Trị,Phường Đồng Hới,Phường,18880
Phường Nam Lý,Thành Phố Đồng Hới,Tỉnh Quảng Bình,Tỉnh Quảng Trị,Phường Đồng Hới,Phường,18880
Phường Phú Hải,Thành Phố Đồng Hới,Tỉnh Quảng Bình,Tỉnh Quảng Trị,Phường Đồng Hới,Phường,18880
Phường Đồng Hải,Thành Phố Đồng Hới,Tỉnh Quảng Bình,Tỉnh Quảng Trị,Phường Đồng Hới,Phường,18880
Phường Đồng Phú,Thành Phố Đồng Hới,Tỉnh Quảng Bình,Tỉnh Quảng Trị,Phường Đồng Hới,Phường,18880
Phường Đồng Sơn,Thành Phố Đồng Hới,Tỉnh Quảng Bình,Tỉnh Quảng Trị,Phường Đồng Sơn,Phường,18871
Phường Đức Ninh Đông,Thành Phố Đồng Hới,Tỉnh Quảng Bình,Tỉnh Quảng Trị,Phường Đồng Hới,Phường,18880
Xã Bảo Ninh,Thành Phố Đồng Hới,Tỉnh Quảng Bình,Tỉnh Quảng Trị,Phường Đồng Hới,Phường,18880
Xã Lộc Ninh,Thành Phố Đồng Hới,Tỉnh Quảng Bình,Tỉnh Quảng Trị,Phường Đồng Thuận,Phường,18859
Xã Nghĩa Ninh,Thành Phố Đồng Hới,Tỉnh Quảng Bình,Tỉnh Quảng Trị,Phường Đồng Sơn,Phường,18871
Xã Quang Phú,Thành Phố Đồng Hới,Tỉnh Quảng Bình,Tỉnh Quảng Trị,Phường Đồng Thuận,Phường,18859
Xã Thuận Đức,Thành Phố Đồng Hới,Tỉnh Quảng Bình,Tỉnh Quảng Trị,Phường Đồng Sơn,Phường,18871
Xã Đức Ninh,Thành Phố Đồng Hới,Tỉnh Quảng Bình,Tỉnh Quảng Trị,Phường Đồng Hới,Phường,18880
Phường Ba Đồn,Thị xã Ba Đồn,Tỉnh Quảng Bình,Tỉnh Quảng Trị,Phường Ba Đồn,Phường,19009
Phường Quảng Long,Thị xã Ba Đồn,Tỉnh Quảng Bình,Tỉnh Quảng Trị,Phường Ba Đồn,Phường,19009
Phường Quảng Phong,Thị xã Ba Đồn,Tỉnh Quảng Bình,Tỉnh Quảng Trị,Phường Ba Đồn,Phường,19009
Phường Quảng Phúc,Thị xã Ba Đồn,Tỉnh Quảng Bình,Tỉnh Quảng Trị,Phường Bắc Gianh,Phường,19066
Phường Quảng Thuận,Thị xã Ba Đồn,Tỉnh Quảng Bình,Tỉnh Quảng Trị,Phường Bắc Gianh,Phường,19066
Phường Quảng Thọ,Thị xã Ba Đồn,Tỉnh Quảng Bình,Tỉnh Quảng Trị,Phường Bắc Gianh,Phường,19066
Xã Quảng Hòa,Thị xã Ba Đồn,Tỉnh Quảng Bình,Tỉnh Quảng Trị,Xã Nam Gianh,Xã,19093
Xã Quảng Hải,Thị xã Ba Đồn,Tỉnh Quảng Bình,Tỉnh Quảng Trị,Phường Ba Đồn,Phường,19009
Xã Quảng Lộc,Thị xã Ba Đồn,Tỉnh Quảng Bình,Tỉnh Quảng Trị,Xã Nam Gianh,Xã,19093
Xã Quảng Minh,Thị xã Ba Đồn,Tỉnh Quảng Bình,Tỉnh Quảng Trị,Xã Nam Gianh,Xã,19093
Xã Quảng Sơn,Thị xã Ba Đồn,Tỉnh Quảng Bình,Tỉnh Quảng Trị,Xã Nam Ba Đồn,Xã,19075
Xã Quảng Thủy,Thị xã Ba Đồn,Tỉnh Quảng Bình,Tỉnh Quảng Trị,Xã Nam Ba Đồn,Xã,19075
Xã Quảng Tiên,Thị xã Ba Đồn,Tỉnh Quảng Bình,Tỉnh Quảng Trị,Xã Nam Ba Đồn,Xã,19075
Xã Quảng Trung,Thị xã Ba Đồn,Tỉnh Quảng Bình,Tỉnh Quảng Trị,Xã Nam Ba Đồn,Xã,19075
Xã Quảng Tân,Thị xã Ba Đồn,Tỉnh Quảng Bình,Tỉnh Quảng Trị,Xã Nam Ba Đồn,Xã,19075
Xã Quảng Văn,Thị xã Ba Đồn,Tỉnh Quảng Bình,Tỉnh Quảng Trị,Xã Nam Gianh,Xã,19093
Thị trấn Cam Lộ,Huyện Cam Lộ,Tỉnh Quảng Trị,Tỉnh Quảng Trị,Xã Cam Lộ,Xã,19597
Xã Cam Chính,Huyện Cam Lộ,Tỉnh Quảng Trị,Tỉnh Quảng Trị,Xã Cam Lộ,Xã,19597
Xã Cam Hiếu,Huyện Cam Lộ,Tỉnh Quảng Trị,Tỉnh Quảng Trị,Xã Hiếu Giang,Xã,19603
Xã Cam Nghĩa,Huyện Cam Lộ,Tỉnh Quảng Trị,Tỉnh Quảng Trị,Xã Cam Lộ,Xã,19597
Xã Cam Thành,Huyện Cam Lộ,Tỉnh Quảng Trị,Tỉnh Quảng Trị,Xã Cam Lộ,Xã,19597
Xã Cam Thủy,Huyện Cam Lộ,Tỉnh Quảng Trị,Tỉnh Quảng Trị,Xã Hiếu Giang,Xã,19603
Xã Cam Tuyền,Huyện Cam Lộ,Tỉnh Quảng Trị,Tỉnh Quảng Trị,Xã Hiếu Giang,Xã,19603
Xã Thanh An,Huyện Cam Lộ,Tỉnh Quảng Trị,Tỉnh Quảng Trị,Xã Hiếu Giang,Xã,19603
,Huyện Cồn Cỏ,Tỉnh Quảng Trị,Tỉnh Quảng Trị,Đặc khu Cồn Cỏ,Đặc khu,19742
Thị trấn Cửa Việt,Huyện Gio Linh,Tỉnh Quảng Trị,Tỉnh Quảng Trị,Xã Cửa Việt,Xã,19496
Thị trấn Gio Linh,Huyện Gio Linh,Tỉnh Quảng Trị,Tỉnh Quảng Trị,Xã Gio Linh,Xã,19495
Xã Gio An,Huyện Gio Linh,Tỉnh Quảng Trị,Tỉnh Quảng Trị,Xã Cồn Tiên,Xã,19537
Xã Gio Hải,Huyện Gio Linh,Tỉnh Quảng Trị,Tỉnh Quảng Trị,Xã Cửa Việt,Xã,19496
Xã Gio Mai,Huyện Gio Linh,Tỉnh Quảng Trị,Tỉnh Quảng Trị,Xã Cửa Việt,Xã,19496
Xã Gio Mỹ,Huyện Gio Linh,Tỉnh Quảng Trị,Tỉnh Quảng Trị,Xã Gio Linh,Xã,19495
Xã Gio Quang,Huyện Gio Linh,Tỉnh Quảng Trị,Tỉnh Quảng Trị,Xã Gio Linh,Xã,19495
Xã Gio Sơn,Huyện Gio Linh,Tỉnh Quảng Trị,Tỉnh Quảng Trị,Xã Cồn Tiên,Xã,19537
Xã Hải Thái,Huyện Gio Linh,Tỉnh Quảng Trị,Tỉnh Quảng Trị,Xã Cồn Tiên,Xã,19537
Xã Linh Trường,Huyện Gio Linh,Tỉnh Quảng Trị,Tỉnh Quảng Trị,Xã Cồn Tiên,Xã,19537
Xã Phong Bình,Huyện Gio Linh,Tỉnh Quảng Trị,Tỉnh Quảng Trị,Xã Gio Linh,Xã,19495
Xã Trung Giang,Huyện Gio Linh,Tỉnh Quảng Trị,Tỉnh Quảng Trị,Xã Bến Hải,Xã,19501
Xã Trung Hải,Huyện Gio Linh,Tỉnh Quảng Trị,Tỉnh Quảng Trị,Xã Bến Hải,Xã,19501
Xã Trung Sơn,Huyện Gio Linh,Tỉnh Quảng Trị,Tỉnh Quảng Trị,Xã Bến Hải,Xã,19501
Thị trấn Khe Sanh,Huyện Hướng Hóa,Tỉnh Quảng Trị,Tỉnh Quảng Trị,Xã Khe Sanh,Xã,19429
Thị trấn Lao Bảo,Huyện Hướng Hóa,Tỉnh Quảng Trị,Tỉnh Quảng Trị,Xã Lao Bảo,Xã,19432
Xã A Dơi,Huyện Hướng Hóa,Tỉnh Quảng Trị,Tỉnh Quảng Trị,Xã A Dơi,Xã,19483
Xã Ba Tầng,Huyện Hướng Hóa,Tỉnh Quảng Trị,Tỉnh Quảng Trị,Xã A Dơi,Xã,19483
Xã Húc,Huyện Hướng Hóa,Tỉnh Quảng Trị,Tỉnh Quảng Trị,Xã Khe Sanh,Xã,19429
Xã Hướng Linh,Huyện Hướng Hóa,Tỉnh Quảng Trị,Tỉnh Quảng Trị,Xã Hướng Phùng,Xã,19441
Xã Hướng Lập,Huyện Hướng Hóa,Tỉnh Quảng Trị,Tỉnh Quảng Trị,Xã Hướng Lập,Xã,19435
Xã Hướng Lộc,Huyện Hướng Hóa,Tỉnh Quảng Trị,Tỉnh Quảng Trị,Xã Tân Lập,Xã,19462
Xã Hướng Phùng,Huyện Hướng Hóa,Tỉnh Quảng Trị,Tỉnh Quảng Trị,Xã Hướng Phùng,Xã,19441
Xã Hướng Sơn,Huyện Hướng Hóa,Tỉnh Quảng Trị,Tỉnh Quảng Trị,Xã Hướng Phùng,Xã,19441
Xã Hướng Tân,Huyện Hướng Hóa,Tỉnh Quảng Trị,Tỉnh Quảng Trị,Xã Khe Sanh,Xã,19429
Xã Hướng Việt,Huyện Hướng Hóa,Tỉnh Quảng Trị,Tỉnh Quảng Trị,Xã Hướng Lập,Xã,19435
Xã Lìa,Huyện Hướng Hóa,Tỉnh Quảng Trị,Tỉnh Quảng Trị,Xã Lìa,Xã,19489
Xã Thanh,Huyện Hướng Hóa,Tỉnh Quảng Trị,Tỉnh Quảng Trị,Xã Lìa,Xã,19489
Xã Thuận,Huyện Hướng Hóa,Tỉnh Quảng Trị,Tỉnh Quảng Trị,Xã Lìa,Xã,19489
Xã Tân Hợp,Huyện Hướng Hóa,Tỉnh Quảng Trị,Tỉnh Quảng Trị,Xã Khe Sanh,Xã,19429
Xã Tân Liên,Huyện Hướng Hóa,Tỉnh Quảng Trị,Tỉnh Quảng Trị,Xã Tân Lập,Xã,19462
Xã Tân Long,Huyện Hướng Hóa,Tỉnh Quảng Trị,Tỉnh Quảng Trị,Xã Lao Bảo,Xã,19432
Xã Tân Lập,Huyện Hướng Hóa,Tỉnh Quảng Trị,Tỉnh Quảng Trị,Xã Tân Lập,Xã,19462
Xã Tân Thành,Huyện Hướng Hóa,Tỉnh Quảng Trị,Tỉnh Quảng Trị,Xã Lao Bảo,Xã,19432
Xã Xy,Huyện Hướng Hóa,Tỉnh Quảng Trị,Tỉnh Quảng Trị,Xã A Dơi,Xã,19483
Thị trấn Diên Sanh,Huyện Hải Lăng,Tỉnh Quảng Trị,Tỉnh Quảng Trị,Xã Diên Sanh,Xã,19681
Xã Hải An,Huyện Hải Lăng,Tỉnh Quảng Trị,Tỉnh Quảng Trị,Xã Mỹ Thủy,Xã,19741
Xã Hải Bình,Huyện Hải Lăng,Tỉnh Quảng Trị,Tỉnh Quảng Trị,Xã Vĩnh Định,Xã,19699
Xã Hải Chánh,Huyện Hải Lăng,Tỉnh Quảng Trị,Tỉnh Quảng Trị,Xã Nam Hải Lăng,Xã,19735
Xã Hải Dương,Huyện Hải Lăng,Tỉnh Quảng Trị,Tỉnh Quảng Trị,Xã Mỹ Thủy,Xã,19741
Xã Hải Hưng,Huyện Hải Lăng,Tỉnh Quảng Trị,Tỉnh Quảng Trị,Xã Vĩnh Định,Xã,19699
Xã Hải Khê,Huyện Hải Lăng,Tỉnh Quảng Trị,Tỉnh Quảng Trị,Xã Mỹ Thủy,Xã,19741
Xã Hải Lâm,Huyện Hải Lăng,Tỉnh Quảng Trị,Tỉnh Quảng Trị,Xã Hải Lăng,Xã,19702
Xã Hải Phong,Huyện Hải Lăng,Tỉnh Quảng Trị,Tỉnh Quảng Trị,Xã Nam Hải Lăng,Xã,19735
Xã Hải Phú,Huyện Hải Lăng,Tỉnh Quảng Trị,Tỉnh Quảng Trị,Xã Hải Lăng,Xã,19702
Xã Hải Quy,Huyện Hải Lăng,Tỉnh Quảng Trị,Tỉnh Quảng Trị,Xã Vĩnh Định,Xã,19699
Xã Hải Sơn,Huyện Hải Lăng,Tỉnh Quảng Trị,Tỉnh Quảng Trị,Xã Nam Hải Lăng,Xã,19735
Xã Hải Thượng,Huyện Hải Lăng,Tỉnh Quảng Trị,Tỉnh Quảng Trị,Xã Hải Lăng,Xã,19702
Xã Hải Trường,Huyện Hải Lăng,Tỉnh Quảng Trị,Tỉnh Quảng Trị,Xã Diên Sanh,Xã,19681
Xã Hải Định,Huyện Hải Lăng,Tỉnh Quảng Trị,Tỉnh Quảng Trị,Xã Diên Sanh,Xã,19681
Thị Trấn Ái Tử,Huyện Triệu Phong,Tỉnh Quảng Trị,Tỉnh Quảng Trị,Xã Triệu Phong,Xã,19624
Xã Triệu Cơ,Huyện Triệu Phong,Tỉnh Quảng Trị,Tỉnh Quảng Trị,Xã Triệu Cơ,Xã,19654
Xã Triệu Giang,Huyện Triệu Phong,Tỉnh Quảng Trị,Tỉnh Quảng Trị,Xã Ái Tử,Xã,19669
Xã Triệu Hòa,Huyện Triệu Phong,Tỉnh Quảng Trị,Tỉnh Quảng Trị,Xã Triệu Bình,Xã,19645
Xã Triệu Long,Huyện Triệu Phong,Tỉnh Quảng Trị,Tỉnh Quảng Trị,Xã Ái Tử,Xã,19669
Xã Triệu Phước,Huyện Triệu Phong,Tỉnh Quảng Trị,Tỉnh Quảng Trị,Xã Nam Cửa Việt,Xã,19639
Xã Triệu Thuận,Huyện Triệu Phong,Tỉnh Quảng Trị,Tỉnh Quảng Trị,Xã Triệu Bình,Xã,19645
Xã Triệu Thành,Huyện Triệu Phong,Tỉnh Quảng Trị,Tỉnh Quảng Trị,Xã Triệu Phong,Xã,19624
Xã Triệu Thượng,Huyện Triệu Phong,Tỉnh Quảng Trị,Tỉnh Quảng Trị,Xã Triệu Phong,Xã,19624
Xã Triệu Trung,Huyện Triệu Phong,Tỉnh Quảng Trị,Tỉnh Quảng Trị,Xã Triệu Cơ,Xã,19654
Xã Triệu Trạch,Huyện Triệu Phong,Tỉnh Quảng Trị,Tỉnh Quảng Trị,Xã Nam Cửa Việt,Xã,19639
Xã Triệu Tài,Huyện Triệu Phong,Tỉnh Quảng Trị,Tỉnh Quảng Trị,Xã Triệu Cơ,Xã,19654
Xã Triệu Tân,Huyện Triệu Phong,Tỉnh Quảng Trị,Tỉnh Quảng Trị,Xã Nam Cửa Việt,Xã,19639
Xã Triệu Ái,Huyện Triệu Phong,Tỉnh Quảng Trị,Tỉnh Quảng Trị,Xã Ái Tử,Xã,19669
Xã Triệu Đại,Huyện Triệu Phong,Tỉnh Quảng Trị,Tỉnh Quảng Trị,Xã Triệu Bình,Xã,19645
Xã Triệu Độ,Huyện Triệu Phong,Tỉnh Quảng Trị,Tỉnh Quảng Trị,Xã Triệu Bình,Xã,19645
Thị trấn Bến Quan,Huyện Vĩnh Linh,Tỉnh Quảng Trị,Tỉnh Quảng Trị,Xã Bến Quan,Xã,19366
Thị trấn Cửa Tùng,Huyện Vĩnh Linh,Tỉnh Quảng Trị,Tỉnh Quảng Trị,Xã Cửa Tùng,Xã,19414
Thị trấn Hồ Xá,Huyện Vĩnh Linh,Tỉnh Quảng Trị,Tỉnh Quảng Trị,Xã Vĩnh Linh,Xã,19363
Xã Hiền Thành,Huyện Vĩnh Linh,Tỉnh Quảng Trị,Tỉnh Quảng Trị,Xã Cửa Tùng,Xã,19414
Xã Kim Thạch,Huyện Vĩnh Linh,Tỉnh Quảng Trị,Tỉnh Quảng Trị,Xã Cửa Tùng,Xã,19414
Xã Trung Nam,Huyện Vĩnh Linh,Tỉnh Quảng Trị,Tỉnh Quảng Trị,Xã Vĩnh Hoàng,Xã,19372
Xã Vĩnh Chấp,Huyện Vĩnh Linh,Tỉnh Quảng Trị,Tỉnh Quảng Trị,Xã Vĩnh Linh,Xã,19363
Xã Vĩnh Giang,Huyện Vĩnh Linh,Tỉnh Quảng Trị,Tỉnh Quảng Trị,Xã Cửa Tùng,Xã,19414
Xã Vĩnh Hà,Huyện Vĩnh Linh,Tỉnh Quảng Trị,Tỉnh Quảng Trị,Xã Bến Quan,Xã,19366
Xã Vĩnh Hòa,Huyện Vĩnh Linh,Tỉnh Quảng Trị,Tỉnh Quảng Trị,Xã Vĩnh Hoàng,Xã,19372
Xã Vĩnh Khê,Huyện Vĩnh Linh,Tỉnh Quảng Trị,Tỉnh Quảng Trị,Xã Bến Quan,Xã,19366
Xã Vĩnh Long,Huyện Vĩnh Linh,Tỉnh Quảng Trị,Tỉnh Quảng Trị,Xã Vĩnh Linh,Xã,19363
Xã Vĩnh Lâm,Huyện Vĩnh Linh,Tỉnh Quảng Trị,Tỉnh Quảng Trị,Xã Vĩnh Thủy,Xã,19405
Xã Vĩnh Sơn,Huyện Vĩnh Linh,Tỉnh Quảng Trị,Tỉnh Quảng Trị,Xã Vĩnh Thủy,Xã,19405
Xã Vĩnh Thái,Huyện Vĩnh Linh,Tỉnh Quảng Trị,Tỉnh Quảng Trị,Xã Vĩnh Hoàng,Xã,19372
Xã Vĩnh Thủy,Huyện Vĩnh Linh,Tỉnh Quảng Trị,Tỉnh Quảng Trị,Xã Vĩnh Thủy,Xã,19405
Xã Vĩnh Tú,Huyện Vĩnh Linh,Tỉnh Quảng Trị,Tỉnh Quảng Trị,Xã Vĩnh Hoàng,Xã,19372
Xã Vĩnh Ô,Huyện Vĩnh Linh,Tỉnh Quảng Trị,Tỉnh Quảng Trị,Xã Bến Quan,Xã,19366
Thị trấn Krông Klang,Huyện Đa Krông,Tỉnh Quảng Trị,Tỉnh Quảng Trị,Xã Hướng Hiệp,Xã,19555
Xã A Bung,Huyện Đa Krông,Tỉnh Quảng Trị,Tỉnh Quảng Trị,Xã La Lay,Xã,19594
Xã A Ngo,Huyện Đa Krông,Tỉnh Quảng Trị,Tỉnh Quảng Trị,Xã La Lay,Xã,19594
Xã A Vao,Huyện Đa Krông,Tỉnh Quảng Trị,Tỉnh Quảng Trị,Xã Tà Rụt,Xã,19588
Xã Ba Lòng,Huyện Đa Krông,Tỉnh Quảng Trị,Tỉnh Quảng Trị,Xã Ba Lòng,Xã,19567
Xã Ba Nang,Huyện Đa Krông,Tỉnh Quảng Trị,Tỉnh Quảng Trị,Xã Đakrông,Xã,19564
Xã Húc Nghì,Huyện Đa Krông,Tỉnh Quảng Trị,Tỉnh Quảng Trị,Xã Tà Rụt,Xã,19588
Xã Hướng Hiệp,Huyện Đa Krông,Tỉnh Quảng Trị,Tỉnh Quảng Trị,Xã Hướng Hiệp,Xã,19555
Xã Mò Ó,Huyện Đa Krông,Tỉnh Quảng Trị,Tỉnh Quảng Trị,Xã Hướng Hiệp,Xã,19555
Xã Triệu Nguyên,Huyện Đa Krông,Tỉnh Quảng Trị,Tỉnh Quảng Trị,Xã Ba Lòng,Xã,19567
Xã Tà Long,Huyện Đa Krông,Tỉnh Quảng Trị,Tỉnh Quảng Trị,Xã Đakrông,Xã,19564
Xã Tà Rụt,Huyện Đa Krông,Tỉnh Quảng Trị,Tỉnh Quảng Trị,Xã Tà Rụt,Xã,19588
Xã Đakrông,Huyện Đa Krông,Tỉnh Quảng Trị,Tỉnh Quảng Trị,Xã Đakrông,Xã,19564
Phường 1,Thành phố Đông Hà,Tỉnh Quảng Trị,Tỉnh Quảng Trị,Phường Đông Hà,Phường,19333
Phường 2,Thành phố Đông Hà,Tỉnh Quảng Trị,Tỉnh Quảng Trị,Phường Nam Đông Hà,Phường,19351
Phường 3,Thành phố Đông Hà,Tỉnh Quảng Trị,Tỉnh Quảng Trị,Phường Đông Hà,Phường,19333
Phường 4,Thành phố Đông Hà,Tỉnh Quảng Trị,Tỉnh Quảng Trị,Phường Đông Hà,Phường,19333
Phường 5,Thành phố Đông Hà,Tỉnh Quảng Trị,Tỉnh Quảng Trị,Phường Nam Đông Hà,Phường,19351
Phường Đông Giang,Thành phố Đông Hà,Tỉnh Quảng Trị,Tỉnh Quảng Trị,Phường Đông Hà,Phường,19333
Phường Đông Lương,Thành phố Đông Hà,Tỉnh Quảng Trị,Tỉnh Quảng Trị,Phường Nam Đông Hà,Phường,19351
Phường Đông Lễ,Thành phố Đông Hà,Tỉnh Quảng Trị,Tỉnh Quảng Trị,Phường Nam Đông Hà,Phường,19351
Phường Đông Thanh,Thành phố Đông Hà,Tỉnh Quảng Trị,Tỉnh Quảng Trị,Phường Đông Hà,Phường,19333
Phường 1,Thị xã Quảng Trị,Tỉnh Quảng Trị,Tỉnh Quảng Trị,Phường Quảng Trị,Phường,19360
Phường 2,Thị xã Quảng Trị,Tỉnh Quảng Trị,Tỉnh Quảng Trị,Phường Quảng Trị,Phường,19360
Phường 3,Thị xã Quảng Trị,Tỉnh Quảng Trị,Tỉnh Quảng Trị,Phường Quảng Trị,Phường,19360
Phường An Đôn,Thị xã Quảng Trị,Tỉnh Quảng Trị,Tỉnh Quảng Trị,Phường Quảng Trị,Phường,19360
Xã Hải Lệ,Thị xã Quảng Trị,Tỉnh Quảng Trị,Tỉnh Quảng Trị,Phường Quảng Trị,Phường,19360
Thị trấn Bắc Yên,Huyện Bắc Yên,Tỉnh Sơn La,Tỉnh Sơn La,Xã Bắc Yên,Xã,3856
Xã Chim Vàn,Huyện Bắc Yên,Tỉnh Sơn La,Tỉnh Sơn La,Xã Pắc Ngà,Xã,3871
Xã Chiềng Sại,Huyện Bắc Yên,Tỉnh Sơn La,Tỉnh Sơn La,Xã Chiềng Sại,Xã,3892
Xã Hang Chú,Huyện Bắc Yên,Tỉnh Sơn La,Tỉnh Sơn La,Xã Xím Vàng,Xã,3862
Xã Hua Nhàn,Huyện Bắc Yên,Tỉnh Sơn La,Tỉnh Sơn La,Xã Tạ Khoa,Xã,3880
Xã Háng Đồng,Huyện Bắc Yên,Tỉnh Sơn La,Tỉnh Sơn La,Xã Tà Xùa,Xã,3868
Xã Hồng Ngài,Huyện Bắc Yên,Tỉnh Sơn La,Tỉnh Sơn La,Xã Bắc Yên,Xã,3856
Xã Làng Chếu,Huyện Bắc Yên,Tỉnh Sơn La,Tỉnh Sơn La,Xã Tà Xùa,Xã,3868
Xã Mường Khoa,Huyện Bắc Yên,Tỉnh Sơn La,Tỉnh Sơn La,Xã Tạ Khoa,Xã,3880
Xã Phiêng Ban,Huyện Bắc Yên,Tỉnh Sơn La,Tỉnh Sơn La,Xã Bắc Yên,Xã,3856
Xã Phiêng Côn,Huyện Bắc Yên,Tỉnh Sơn La,Tỉnh Sơn La,Xã Chiềng Sại,Xã,3892
Xã Pắc Ngà,Huyện Bắc Yên,Tỉnh Sơn La,Tỉnh Sơn La,Xã Pắc Ngà,Xã,3871
Xã Song Pe,Huyện Bắc Yên,Tỉnh Sơn La,Tỉnh Sơn La,Xã Bắc Yên,Xã,3856
Xã Tà Xùa,Huyện Bắc Yên,Tỉnh Sơn La,Tỉnh Sơn La,Xã Tà Xùa,Xã,3868
Xã Tạ Khoa,Huyện Bắc Yên,Tỉnh Sơn La,Tỉnh Sơn La,Xã Tạ Khoa,Xã,3880
Xã Xím Vàng,Huyện Bắc Yên,Tỉnh Sơn La,Tỉnh Sơn La,Xã Xím Vàng,Xã,3862
Thị trấn Hát Lót,Huyện Mai Sơn,Tỉnh Sơn La,Tỉnh Sơn La,Xã Mai Sơn,Xã,4105
Xã Chiềng Ban,Huyện Mai Sơn,Tỉnh Sơn La,Tỉnh Sơn La,Xã Chiềng Mai,Xã,4132
Xã Chiềng Chung,Huyện Mai Sơn,Tỉnh Sơn La,Tỉnh Sơn La,Xã Mường Chanh,Xã,4117
Xã Chiềng Chăn,Huyện Mai Sơn,Tỉnh Sơn La,Tỉnh Sơn La,Xã Chiềng Sung,Xã,4108
Xã Chiềng Dong,Huyện Mai Sơn,Tỉnh Sơn La,Tỉnh Sơn La,Xã Chiềng Mai,Xã,4132
Xã Chiềng Kheo,Huyện Mai Sơn,Tỉnh Sơn La,Tỉnh Sơn La,Xã Chiềng Mai,Xã,4132
Xã Chiềng Lương,Huyện Mai Sơn,Tỉnh Sơn La,Tỉnh Sơn La,Xã Phiêng Pằn,Xã,4159
Xã Chiềng Mai,Huyện Mai Sơn,Tỉnh Sơn La,Tỉnh Sơn La,Xã Chiềng Mai,Xã,4132
Xã Chiềng Mung,Huyện Mai Sơn,Tỉnh Sơn La,Tỉnh Sơn La,Xã Chiềng Mung,Xã,4123
Xã Chiềng Nơi,Huyện Mai Sơn,Tỉnh Sơn La,Tỉnh Sơn La,Xã Phiêng Cằm,Xã,4144
Xã Chiềng Sung,Huyện Mai Sơn,Tỉnh Sơn La,Tỉnh Sơn La,Xã Chiềng Sung,Xã,4108
Xã Chiềng Ve,Huyện Mai Sơn,Tỉnh Sơn La,Tỉnh Sơn La,Xã Chiềng Mai,Xã,4132
Xã Cò Nòi,Huyện Mai Sơn,Tỉnh Sơn La,Tỉnh Sơn La,Xã Mai Sơn,Xã,4105
Xã Hát Lót,Huyện Mai Sơn,Tỉnh Sơn La,Tỉnh Sơn La,Xã Mai Sơn,Xã,4105
Xã Mường Bon,Huyện Mai Sơn,Tỉnh Sơn La,Tỉnh Sơn La,Xã Chiềng Mung,Xã,4123
Xã Mường Bằng,Huyện Mai Sơn,Tỉnh Sơn La,Tỉnh Sơn La,Xã Chiềng Mung,Xã,4123
Xã Mường Chanh,Huyện Mai Sơn,Tỉnh Sơn La,Tỉnh Sơn La,Xã Mường Chanh,Xã,4117
Xã Nà Bó,Huyện Mai Sơn,Tỉnh Sơn La,Tỉnh Sơn La,Xã Tà Hộc,Xã,4136
Xã Nà Ớt,Huyện Mai Sơn,Tỉnh Sơn La,Tỉnh Sơn La,Xã Phiêng Pằn,Xã,4159
Xã Phiêng Cằm,Huyện Mai Sơn,Tỉnh Sơn La,Tỉnh Sơn La,Xã Phiêng Cằm,Xã,4144
Xã Phiêng Pằn,Huyện Mai Sơn,Tỉnh Sơn La,Tỉnh Sơn La,Xã Phiêng Pằn,Xã,4159
Xã Tà Hộc,Huyện Mai Sơn,Tỉnh Sơn La,Tỉnh Sơn La,Xã Tà Hộc,Xã,4136
Thị trấn Ít Ong,Huyện Mường La,Tỉnh Sơn La,Tỉnh Sơn La,Xã Mường La,Xã,3808
Xã Chiềng Công,Huyện Mường La,Tỉnh Sơn La,Tỉnh Sơn La,Xã Chiềng Hoa,Xã,3850
Xã Chiềng Hoa,Huyện Mường La,Tỉnh Sơn La,Tỉnh Sơn La,Xã Chiềng Hoa,Xã,3850
Xã Chiềng Lao,Huyện Mường La,Tỉnh Sơn La,Tỉnh Sơn La,Xã Chiềng Lao,Xã,3814
Xã Chiềng Muôn,Huyện Mường La,Tỉnh Sơn La,Tỉnh Sơn La,Xã Mường La,Xã,3808
Xã Chiềng San,Huyện Mường La,Tỉnh Sơn La,Tỉnh Sơn La,Xã Mường La,Xã,3808
Xã Chiềng Ân,Huyện Mường La,Tỉnh Sơn La,Tỉnh Sơn La,Xã Chiềng Hoa,Xã,3850
Xã Hua Trai,Huyện Mường La,Tỉnh Sơn La,Tỉnh Sơn La,Xã Chiềng Lao,Xã,3814
Xã Mường Bú,Huyện Mường La,Tỉnh Sơn La,Tỉnh Sơn La,Xã Mường Bú,Xã,3847
Xã Mường Chùm,Huyện Mường La,Tỉnh Sơn La,Tỉnh Sơn La,Xã Mường Bú,Xã,3847
Xã Mường Trai,Huyện Mường La,Tỉnh Sơn La,Tỉnh Sơn La,Xã Mường La,Xã,3808
Xã Ngọc Chiến,Huyện Mường La,Tỉnh Sơn La,Tỉnh Sơn La,Xã Ngọc Chiến,Xã,3820
Xã Nậm Giôn,Huyện Mường La,Tỉnh Sơn La,Tỉnh Sơn La,Xã Chiềng Lao,Xã,3814
Xã Nậm Păm,Huyện Mường La,Tỉnh Sơn La,Tỉnh Sơn La,Xã Mường La,Xã,3808
Xã Pi Toong,Huyện Mường La,Tỉnh Sơn La,Tỉnh Sơn La,Xã Mường La,Xã,3808
Xã Tạ Bú,Huyện Mường La,Tỉnh Sơn La,Tỉnh Sơn La,Xã Mường Bú,Xã,3847
Thị trấn Quang Huy,Huyện Phù Yên,Tỉnh Sơn La,Tỉnh Sơn La,Xã Phù Yên,Xã,3910
Xã Bắc Phong,Huyện Phù Yên,Tỉnh Sơn La,Tỉnh Sơn La,Xã Tân Phong,Xã,3970
Xã Gia Phù,Huyện Phù Yên,Tỉnh Sơn La,Tỉnh Sơn La,Xã Gia Phù,Xã,3922
Xã Huy Hạ,Huyện Phù Yên,Tỉnh Sơn La,Tỉnh Sơn La,Xã Phù Yên,Xã,3910
Xã Huy Thượng,Huyện Phù Yên,Tỉnh Sơn La,Tỉnh Sơn La,Xã Phù Yên,Xã,3910
Xã Huy Tân,Huyện Phù Yên,Tỉnh Sơn La,Tỉnh Sơn La,Xã Phù Yên,Xã,3910
Xã Huy Tường,Huyện Phù Yên,Tỉnh Sơn La,Tỉnh Sơn La,Xã Phù Yên,Xã,3910
Xã Kim Bon,Huyện Phù Yên,Tỉnh Sơn La,Tỉnh Sơn La,Xã Kim Bon,Xã,3961
Xã Mường Bang,Huyện Phù Yên,Tỉnh Sơn La,Tỉnh Sơn La,Xã Mường Bang,Xã,3943
Xã Mường Cơi,Huyện Phù Yên,Tỉnh Sơn La,Tỉnh Sơn La,Xã Mường Cơi,Xã,3907
Xã Mường Do,Huyện Phù Yên,Tỉnh Sơn La,Tỉnh Sơn La,Xã Mường Bang,Xã,3943
Xã Mường Lang,Huyện Phù Yên,Tỉnh Sơn La,Tỉnh Sơn La,Xã Mường Bang,Xã,3943
Xã Mường Thải,Huyện Phù Yên,Tỉnh Sơn La,Tỉnh Sơn La,Xã Mường Cơi,Xã,3907
Xã Nam Phong,Huyện Phù Yên,Tỉnh Sơn La,Tỉnh Sơn La,Xã Tân Phong,Xã,3970
Xã Suối Bau,Huyện Phù Yên,Tỉnh Sơn La,Tỉnh Sơn La,Xã Gia Phù,Xã,3922
Xã Suối Tọ,Huyện Phù Yên,Tỉnh Sơn La,Tỉnh Sơn La,Xã Suối Tọ,Xã,3901
Xã Sập Xa,Huyện Phù Yên,Tỉnh Sơn La,Tỉnh Sơn La,Xã Gia Phù,Xã,3922
Xã Tân Lang,Huyện Phù Yên,Tỉnh Sơn La,Tỉnh Sơn La,Xã Mường Cơi,Xã,3907
Xã Tân Phong,Huyện Phù Yên,Tỉnh Sơn La,Tỉnh Sơn La,Xã Tân Phong,Xã,3970
Xã Tường Hạ,Huyện Phù Yên,Tỉnh Sơn La,Tỉnh Sơn La,Xã Tường Hạ,Xã,3958
Xã Tường Phong,Huyện Phù Yên,Tỉnh Sơn La,Tỉnh Sơn La,Xã Tường Hạ,Xã,3958
Xã Tường Phù,Huyện Phù Yên,Tỉnh Sơn La,Tỉnh Sơn La,Xã Gia Phù,Xã,3922
Xã Tường Thượng,Huyện Phù Yên,Tỉnh Sơn La,Tỉnh Sơn La,Xã Tường Hạ,Xã,3958
Xã Tường Tiến,Huyện Phù Yên,Tỉnh Sơn La,Tỉnh Sơn La,Xã Tường Hạ,Xã,3958
Xã Đá Đỏ,Huyện Phù Yên,Tỉnh Sơn La,Tỉnh Sơn La,Xã Kim Bon,Xã,3961
Thị trấn Mường Giàng,Huyện Quỳnh Nhai,Tỉnh Sơn La,Tỉnh Sơn La,Xã Quỳnh Nhai,Xã,3703
Xã Chiềng Bằng,Huyện Quỳnh Nhai,Tỉnh Sơn La,Tỉnh Sơn La,Xã Quỳnh Nhai,Xã,3703
Xã Chiềng Khay,Huyện Quỳnh Nhai,Tỉnh Sơn La,Tỉnh Sơn La,Xã Mường Chiên,Xã,3688
Xã Chiềng Khoang,Huyện Quỳnh Nhai,Tỉnh Sơn La,Tỉnh Sơn La,Xã Quỳnh Nhai,Xã,3703
Xã Chiềng Ơn,Huyện Quỳnh Nhai,Tỉnh Sơn La,Tỉnh Sơn La,Xã Quỳnh Nhai,Xã,3703
Xã Cà Nàng,Huyện Quỳnh Nhai,Tỉnh Sơn La,Tỉnh Sơn La,Xã Mường Chiên,Xã,3688
Xã Mường Chiên,Huyện Quỳnh Nhai,Tỉnh Sơn La,Tỉnh Sơn La,Xã Mường Chiên,Xã,3688
Xã Mường Giôn,Huyện Quỳnh Nhai,Tỉnh Sơn La,Tỉnh Sơn La,Xã Mường Giôn,Xã,3694
Xã Mường Sại,Huyện Quỳnh Nhai,Tỉnh Sơn La,Tỉnh Sơn La,Xã Mường Sại,Xã,3712
Xã Nặm Ét,Huyện Quỳnh Nhai,Tỉnh Sơn La,Tỉnh Sơn La,Xã Mường Sại,Xã,3712
Xã Pá Ma Pha Khinh,Huyện Quỳnh Nhai,Tỉnh Sơn La,Tỉnh Sơn La,Xã Mường Giôn,Xã,3694
Thị trấn Sông Mã,Huyện Sông Mã,Tỉnh Sơn La,Tỉnh Sơn La,Xã Sông Mã,Xã,4168
Xã Bó Sinh,Huyện Sông Mã,Tỉnh Sơn La,Tỉnh Sơn La,Xã Bó Sinh,Xã,4171
Xã Chiềng Cang,Huyện Sông Mã,Tỉnh Sơn La,Tỉnh Sơn La,Xã Mường Hung,Xã,4219
Xã Chiềng En,Huyện Sông Mã,Tỉnh Sơn La,Tỉnh Sơn La,Xã Bó Sinh,Xã,4171
Xã Chiềng Khoong,Huyện Sông Mã,Tỉnh Sơn La,Tỉnh Sơn La,Xã Chiềng Khoong,Xã,4204
Xã Chiềng Khương,Huyện Sông Mã,Tỉnh Sơn La,Tỉnh Sơn La,Xã Chiềng Khương,Xã,4222
Xã Chiềng Phung,Huyện Sông Mã,Tỉnh Sơn La,Tỉnh Sơn La,Xã Nậm Ty,Xã,4186
Xã Chiềng Sơ,Huyện Sông Mã,Tỉnh Sơn La,Tỉnh Sơn La,Xã Chiềng Sơ,Xã,4195
Xã Huổi Một,Huyện Sông Mã,Tỉnh Sơn La,Tỉnh Sơn La,Xã Huổi Một,Xã,4210
Xã Mường Cai,Huyện Sông Mã,Tỉnh Sơn La,Tỉnh Sơn La,Xã Chiềng Khoong,Xã,4204
Xã Mường Hung,Huyện Sông Mã,Tỉnh Sơn La,Tỉnh Sơn La,Xã Mường Hung,Xã,4219
Xã Mường Lầm,Huyện Sông Mã,Tỉnh Sơn La,Tỉnh Sơn La,Xã Mường Lầm,Xã,4183
Xã Mường Sai,Huyện Sông Mã,Tỉnh Sơn La,Tỉnh Sơn La,Xã Chiềng Khương,Xã,4222
Xã Nà Nghịu,Huyện Sông Mã,Tỉnh Sơn La,Tỉnh Sơn La,Xã Sông Mã,Xã,4168
Xã Nậm Mằn,Huyện Sông Mã,Tỉnh Sơn La,Tỉnh Sơn La,Xã Huổi Một,Xã,4210
Xã Nậm Ty,Huyện Sông Mã,Tỉnh Sơn La,Tỉnh Sơn La,Xã Nậm Ty,Xã,4186
Xã Pú Bẩu,Huyện Sông Mã,Tỉnh Sơn La,Tỉnh Sơn La,Xã Bó Sinh,Xã,4171
Xã Yên Hưng,Huyện Sông Mã,Tỉnh Sơn La,Tỉnh Sơn La,Xã Chiềng Sơ,Xã,4195
Xã Đứa Mòn,Huyện Sông Mã,Tỉnh Sơn La,Tỉnh Sơn La,Xã Mường Lầm,Xã,4183
Xã Dồm Cang,Huyện Sốp Cộp,Tỉnh Sơn La,Tỉnh Sơn La,Xã Púng Bánh,Xã,4228
Xã Mường Lèo,Huyện Sốp Cộp,Tỉnh Sơn La,Tỉnh Sơn La,Xã Mường Lèo,Xã,4240
Xã Mường Lạn,Huyện Sốp Cộp,Tỉnh Sơn La,Tỉnh Sơn La,Xã Mường Lạn,Xã,4246
Xã Mường Và,Huyện Sốp Cộp,Tỉnh Sơn La,Tỉnh Sơn La,Xã Sốp Cộp,Xã,4231
Xã Nậm Lạnh,Huyện Sốp Cộp,Tỉnh Sơn La,Tỉnh Sơn La,Xã Sốp Cộp,Xã,4231
Xã Púng Bánh,Huyện Sốp Cộp,Tỉnh Sơn La,Tỉnh Sơn La,Xã Púng Bánh,Xã,4228
Xã Sam Kha,Huyện Sốp Cộp,Tỉnh Sơn La,Tỉnh Sơn La,Xã Púng Bánh,Xã,4228
Xã Sốp Cộp,Huyện Sốp Cộp,Tỉnh Sơn La,Tỉnh Sơn La,Xã Sốp Cộp,Xã,4231
Thị trấn Thuận Châu,Huyện Thuận Châu,Tỉnh Sơn La,Tỉnh Sơn La,Xã Thuận Châu,Xã,3721
Xã Bon Phặng,Huyện Thuận Châu,Tỉnh Sơn La,Tỉnh Sơn La,Xã Muổi Nọi,Xã,3799
Xã Bó Mười,Huyện Thuận Châu,Tỉnh Sơn La,Tỉnh Sơn La,Xã Mường Khiêng,Xã,3757
Xã Bản Lầm,Huyện Thuận Châu,Tỉnh Sơn La,Tỉnh Sơn La,Xã Muổi Nọi,Xã,3799
Xã Chiềng Bôm,Huyện Thuận Châu,Tỉnh Sơn La,Tỉnh Sơn La,Xã Nậm Lầu,Xã,3784
Xã Chiềng La,Huyện Thuận Châu,Tỉnh Sơn La,Tỉnh Sơn La,Xã Chiềng La,Xã,3754
Xã Chiềng Ngàm,Huyện Thuận Châu,Tỉnh Sơn La,Tỉnh Sơn La,Xã Chiềng La,Xã,3754
Xã Chiềng Pha,Huyện Thuận Châu,Tỉnh Sơn La,Tỉnh Sơn La,Xã Bình Thuận,Xã,3724
Xã Chiềng Pấc,Huyện Thuận Châu,Tỉnh Sơn La,Tỉnh Sơn La,Xã Thuận Châu,Xã,3721
Xã Co Mạ,Huyện Thuận Châu,Tỉnh Sơn La,Tỉnh Sơn La,Xã Co Mạ,Xã,3781
Xã Co Tòng,Huyện Thuận Châu,Tỉnh Sơn La,Tỉnh Sơn La,Xã Co Mạ,Xã,3781
Xã Liệp Tè,Huyện Thuận Châu,Tỉnh Sơn La,Tỉnh Sơn La,Xã Mường Khiêng,Xã,3757
Xã Long Hẹ,Huyện Thuận Châu,Tỉnh Sơn La,Tỉnh Sơn La,Xã Long Hẹ,Xã,3763
Xã Muổi Nọi,Huyện Thuận Châu,Tỉnh Sơn La,Tỉnh Sơn La,Xã Muổi Nọi,Xã,3799
Xã Mường Bám,Huyện Thuận Châu,Tỉnh Sơn La,Tỉnh Sơn La,Xã Mường Bám,Xã,3760
Xã Mường Khiêng,Huyện Thuận Châu,Tỉnh Sơn La,Tỉnh Sơn La,Xã Mường Khiêng,Xã,3757
Xã Mường é,Huyện Thuận Châu,Tỉnh Sơn La,Tỉnh Sơn La,Xã Mường É,Xã,3727
Xã Nong Lay,Huyện Thuận Châu,Tỉnh Sơn La,Tỉnh Sơn La,Xã Chiềng La,Xã,3754
Xã Nậm Lầu,Huyện Thuận Châu,Tỉnh Sơn La,Tỉnh Sơn La,Xã Nậm Lầu,Xã,3784
Xã Phổng Ly,Huyện Thuận Châu,Tỉnh Sơn La,Tỉnh Sơn La,Xã Thuận Châu,Xã,3721
Xã Phổng Lái,Huyện Thuận Châu,Tỉnh Sơn La,Tỉnh Sơn La,Xã Bình Thuận,Xã,3724
Xã Phổng Lập,Huyện Thuận Châu,Tỉnh Sơn La,Tỉnh Sơn La,Xã Mường É,Xã,3727
Xã Pá Lông,Huyện Thuận Châu,Tỉnh Sơn La,Tỉnh Sơn La,Xã Co Mạ,Xã,3781
Xã Púng Tra,Huyện Thuận Châu,Tỉnh Sơn La,Tỉnh Sơn La,Xã Nậm Lầu,Xã,3784
Xã Thôm Mòn,Huyện Thuận Châu,Tỉnh Sơn La,Tỉnh Sơn La,Xã Thuận Châu,Xã,3721
Xã Tông Cọ,Huyện Thuận Châu,Tỉnh Sơn La,Tỉnh Sơn La,Xã Chiềng La,Xã,3754
Xã Tông Lạnh,Huyện Thuận Châu,Tỉnh Sơn La,Tỉnh Sơn La,Xã Thuận Châu,Xã,3721
Xã é Tòng,Huyện Thuận Châu,Tỉnh Sơn La,Tỉnh Sơn La,Xã Long Hẹ,Xã,3763
Xã Chiềng Khoa,Huyện Vân Hồ,Tỉnh Sơn La,Tỉnh Sơn La,Xã Tô Múa,Xã,4018
Xã Chiềng Xuân,Huyện Vân Hồ,Tỉnh Sơn La,Tỉnh Sơn La,Xã Chiềng Sơn,Xã,3985
Xã Chiềng Yên,Huyện Vân Hồ,Tỉnh Sơn La,Tỉnh Sơn La,Xã Vân Hồ,Xã,4048
Xã Liên Hòa,Huyện Vân Hồ,Tỉnh Sơn La,Tỉnh Sơn La,Xã Song Khủa,Xã,4006
Xã Lóng Luông,Huyện Vân Hồ,Tỉnh Sơn La,Tỉnh Sơn La,Xã Vân Hồ,Xã,4048
Xã Mường Men,Huyện Vân Hồ,Tỉnh Sơn La,Tỉnh Sơn La,Xã Vân Hồ,Xã,4048
Xã Mường Tè,Huyện Vân Hồ,Tỉnh Sơn La,Tỉnh Sơn La,Xã Song Khủa,Xã,4006
Xã Quang Minh,Huyện Vân Hồ,Tỉnh Sơn La,Tỉnh Sơn La,Xã Song Khủa,Xã,4006
Xã Song Khủa,Huyện Vân Hồ,Tỉnh Sơn La,Tỉnh Sơn La,Xã Song Khủa,Xã,4006
Xã Suối Bàng,Huyện Vân Hồ,Tỉnh Sơn La,Tỉnh Sơn La,Xã Tô Múa,Xã,4018
Xã Tân Xuân,Huyện Vân Hồ,Tỉnh Sơn La,Tỉnh Sơn La,Xã Xuân Nha,Xã,4057
Xã Tô Múa,Huyện Vân Hồ,Tỉnh Sơn La,Tỉnh Sơn La,Xã Tô Múa,Xã,4018
Xã Vân Hồ,Huyện Vân Hồ,Tỉnh Sơn La,Tỉnh Sơn La,Xã Vân Hồ,Xã,4048
Xã Xuân Nha,Huyện Vân Hồ,Tỉnh Sơn La,Tỉnh Sơn La,Xã Xuân Nha,Xã,4057
Thị trấn Yên Châu,Huyện Yên Châu,Tỉnh Sơn La,Tỉnh Sơn La,Xã Yên Châu,Xã,4075
Xã Chiềng Hặc,Huyện Yên Châu,Tỉnh Sơn La,Tỉnh Sơn La,Xã Chiềng Hặc,Xã,4078
Xã Chiềng Khoi,Huyện Yên Châu,Tỉnh Sơn La,Tỉnh Sơn La,Xã Yên Châu,Xã,4075
Xã Chiềng On,Huyện Yên Châu,Tỉnh Sơn La,Tỉnh Sơn La,Xã Yên Sơn,Xã,4087
Xã Chiềng Pằn,Huyện Yên Châu,Tỉnh Sơn La,Tỉnh Sơn La,Xã Yên Châu,Xã,4075
Xã Chiềng Sàng,Huyện Yên Châu,Tỉnh Sơn La,Tỉnh Sơn La,Xã Yên Châu,Xã,4075
Xã Chiềng Tương,Huyện Yên Châu,Tỉnh Sơn La,Tỉnh Sơn La,Xã Lóng Phiêng,Xã,4096
Xã Chiềng Đông,Huyện Yên Châu,Tỉnh Sơn La,Tỉnh Sơn La,Xã Yên Châu,Xã,4075
Xã Lóng Phiêng,Huyện Yên Châu,Tỉnh Sơn La,Tỉnh Sơn La,Xã Lóng Phiêng,Xã,4096
Xã Mường Lựm,Huyện Yên Châu,Tỉnh Sơn La,Tỉnh Sơn La,Xã Chiềng Hặc,Xã,4078
Xã Phiêng Khoài,Huyện Yên Châu,Tỉnh Sơn La,Tỉnh Sơn La,Xã Phiêng Khoài,Xã,4099
Xã Sặp Vạt,Huyện Yên Châu,Tỉnh Sơn La,Tỉnh Sơn La,Xã Yên Châu,Xã,4075
Xã Tú Nang,Huyện Yên Châu,Tỉnh Sơn La,Tỉnh Sơn La,Xã Chiềng Hặc,Xã,4078
Xã Yên Sơn,Huyện Yên Châu,Tỉnh Sơn La,Tỉnh Sơn La,Xã Yên Sơn,Xã,4087
Phường Chiềng An,Thành phố Sơn La,Tỉnh Sơn La,Tỉnh Sơn La,Phường Chiềng An,Phường,3664
Phường Chiềng Cơi,Thành phố Sơn La,Tỉnh Sơn La,Tỉnh Sơn La,Phường Chiềng Cơi,Phường,3670
Phường Chiềng Lề,Thành phố Sơn La,Tỉnh Sơn La,Tỉnh Sơn La,Phường Tô Hiệu,Phường,3646
Phường Chiềng Sinh,Thành phố Sơn La,Tỉnh Sơn La,Tỉnh Sơn La,Phường Chiềng Sinh,Phường,3679
Phường Quyết Thắng,Thành phố Sơn La,Tỉnh Sơn La,Tỉnh Sơn La,Phường Tô Hiệu,Phường,3646
Phường Quyết Tâm,Thành phố Sơn La,Tỉnh Sơn La,Tỉnh Sơn La,Phường Tô Hiệu,Phường,3646
Phường Tô Hiệu,Thành phố Sơn La,Tỉnh Sơn La,Tỉnh Sơn La,Phường Tô Hiệu,Phường,3646
Xã Chiềng Cọ,Thành phố Sơn La,Tỉnh Sơn La,Tỉnh Sơn La,Phường Chiềng Cơi,Phường,3670
Xã Chiềng Ngần,Thành phố Sơn La,Tỉnh Sơn La,Tỉnh Sơn La,Phường Chiềng Sinh,Phường,3679
Xã Chiềng Xôm,Thành phố Sơn La,Tỉnh Sơn La,Tỉnh Sơn La,Phường Chiềng An,Phường,3664
Xã Chiềng Đen,Thành phố Sơn La,Tỉnh Sơn La,Tỉnh Sơn La,Phường Chiềng An,Phường,3664
Xã Hua La,Thành phố Sơn La,Tỉnh Sơn La,Tỉnh Sơn La,Phường Chiềng Cơi,Phường,3670
Phường Bình Minh,Thị xã Mộc Châu,Tỉnh Sơn La,Tỉnh Sơn La,Phường Vân Sơn,Phường,4033
Phường Cờ Đỏ,Thị xã Mộc Châu,Tỉnh Sơn La,Tỉnh Sơn La,Phường Thảo Nguyên,Phường,3982
Phường Mường Sang,Thị xã Mộc Châu,Tỉnh Sơn La,Tỉnh Sơn La,Phường Mộc Châu,Phường,3980
Phường Mộc Lỵ,Thị xã Mộc Châu,Tỉnh Sơn La,Tỉnh Sơn La,Phường Mộc Châu,Phường,3980
Phường Mộc Sơn,Thị xã Mộc Châu,Tỉnh Sơn La,Tỉnh Sơn La,Phường Mộc Sơn,Phường,3979
Phường Thảo Nguyên,Thị xã Mộc Châu,Tỉnh Sơn La,Tỉnh Sơn La,Phường Thảo Nguyên,Phường,3982
Phường Vân Sơn,Thị xã Mộc Châu,Tỉnh Sơn La,Tỉnh Sơn La,Phường Vân Sơn,Phường,4033
Phường Đông Sang,Thị xã Mộc Châu,Tỉnh Sơn La,Tỉnh Sơn La,Phường Mộc Sơn,Phường,3979
Xã Chiềng Chung,Thị xã Mộc Châu,Tỉnh Sơn La,Tỉnh Sơn La,Xã Đoàn Kết,Xã,4000
Xã Chiềng Hắc,Thị xã Mộc Châu,Tỉnh Sơn La,Tỉnh Sơn La,Phường Mộc Châu,Phường,3980
Xã Chiềng Khừa,Thị xã Mộc Châu,Tỉnh Sơn La,Tỉnh Sơn La,Xã Lóng Sập,Xã,4045
Xã Chiềng Sơn,Thị xã Mộc Châu,Tỉnh Sơn La,Tỉnh Sơn La,Xã Chiềng Sơn,Xã,3985
Xã Lóng Sập,Thị xã Mộc Châu,Tỉnh Sơn La,Tỉnh Sơn La,Xã Lóng Sập,Xã,4045
Xã Tân Yên,Thị xã Mộc Châu,Tỉnh Sơn La,Tỉnh Sơn La,Xã Tân Yên,Xã,3997
Xã Đoàn Kết,Thị xã Mộc Châu,Tỉnh Sơn La,Tỉnh Sơn La,Xã Đoàn Kết,Xã,4000
Thị trấn Cành Nàng,Huyện Bá Thước,Tỉnh Thanh Hóa,Tỉnh Thanh Hóa,Xã Bá Thước,Xã,14923
Xã Ban Công,Huyện Bá Thước,Tỉnh Thanh Hóa,Tỉnh Thanh Hóa,Xã Bá Thước,Xã,14923
Xã Cổ Lũng,Huyện Bá Thước,Tỉnh Thanh Hóa,Tỉnh Thanh Hóa,Xã Cổ Lũng,Xã,14959
Xã Hạ Trung,Huyện Bá Thước,Tỉnh Thanh Hóa,Tỉnh Thanh Hóa,Xã Bá Thước,Xã,14923
Xã Kỳ Tân,Huyện Bá Thước,Tỉnh Thanh Hóa,Tỉnh Thanh Hóa,Xã Văn Nho,Xã,14974
Xã Lũng Cao,Huyện Bá Thước,Tỉnh Thanh Hóa,Tỉnh Thanh Hóa,Xã Cổ Lũng,Xã,14959
Xã Lũng Niêm,Huyện Bá Thước,Tỉnh Thanh Hóa,Tỉnh Thanh Hóa,Xã Pù Luông,Xã,14956
Xã Lương Ngoại,Huyện Bá Thước,Tỉnh Thanh Hóa,Tỉnh Thanh Hóa,Xã Quý Lương,Xã,14953
Xã Lương Nội,Huyện Bá Thước,Tỉnh Thanh Hóa,Tỉnh Thanh Hóa,Xã Quý Lương,Xã,14953
Xã Lương Trung,Huyện Bá Thước,Tỉnh Thanh Hóa,Tỉnh Thanh Hóa,Xã Quý Lương,Xã,14953
Xã Thiết Kế,Huyện Bá Thước,Tỉnh Thanh Hóa,Tỉnh Thanh Hóa,Xã Thiết Ống,Xã,14980
Xã Thiết Ống,Huyện Bá Thước,Tỉnh Thanh Hóa,Tỉnh Thanh Hóa,Xã Thiết Ống,Xã,14980
Xã Thành Lâm,Huyện Bá Thước,Tỉnh Thanh Hóa,Tỉnh Thanh Hóa,Xã Pù Luông,Xã,14956
Xã Thành Sơn,Huyện Bá Thước,Tỉnh Thanh Hóa,Tỉnh Thanh Hóa,Xã Pù Luông,Xã,14956
Xã Văn Nho,Huyện Bá Thước,Tỉnh Thanh Hóa,Tỉnh Thanh Hóa,Xã Văn Nho,Xã,14974
Xã Ái Thượng,Huyện Bá Thước,Tỉnh Thanh Hóa,Tỉnh Thanh Hóa,Xã Điền Lư,Xã,14950
Xã Điền Hạ,Huyện Bá Thước,Tỉnh Thanh Hóa,Tỉnh Thanh Hóa,Xã Điền Quang,Xã,14932
Xã Điền Lư,Huyện Bá Thước,Tỉnh Thanh Hóa,Tỉnh Thanh Hóa,Xã Điền Lư,Xã,14950
Xã Điền Quang,Huyện Bá Thước,Tỉnh Thanh Hóa,Tỉnh Thanh Hóa,Xã Điền Quang,Xã,14932
Xã Điền Thượng,Huyện Bá Thước,Tỉnh Thanh Hóa,Tỉnh Thanh Hóa,Xã Điền Quang,Xã,14932
Xã Điền Trung,Huyện Bá Thước,Tỉnh Thanh Hóa,Tỉnh Thanh Hóa,Xã Điền Lư,Xã,14950
Thị trấn Phong Sơn,Huyện Cẩm Thủy,Tỉnh Thanh Hóa,Tỉnh Thanh Hóa,Xã Cẩm Thủy,Xã,15127
Xã Cẩm Bình,Huyện Cẩm Thủy,Tỉnh Thanh Hóa,Tỉnh Thanh Hóa,Xã Cẩm Thạch,Xã,15142
Xã Cẩm Châu,Huyện Cẩm Thủy,Tỉnh Thanh Hóa,Tỉnh Thanh Hóa,Xã Cẩm Vân,Xã,15163
Xã Cẩm Giang,Huyện Cẩm Thủy,Tỉnh Thanh Hóa,Tỉnh Thanh Hóa,Xã Cẩm Tú,Xã,15148
Xã Cẩm Liên,Huyện Cẩm Thủy,Tỉnh Thanh Hóa,Tỉnh Thanh Hóa,Xã Cẩm Thạch,Xã,15142
Xã Cẩm Long,Huyện Cẩm Thủy,Tỉnh Thanh Hóa,Tỉnh Thanh Hóa,Xã Cẩm Tân,Xã,15178
Xã Cẩm Lương,Huyện Cẩm Thủy,Tỉnh Thanh Hóa,Tỉnh Thanh Hóa,Xã Cẩm Tú,Xã,15148
Xã Cẩm Ngọc,Huyện Cẩm Thủy,Tỉnh Thanh Hóa,Tỉnh Thanh Hóa,Xã Cẩm Thủy,Xã,15127
Xã Cẩm Phú,Huyện Cẩm Thủy,Tỉnh Thanh Hóa,Tỉnh Thanh Hóa,Xã Cẩm Tân,Xã,15178
Xã Cẩm Quý,Huyện Cẩm Thủy,Tỉnh Thanh Hóa,Tỉnh Thanh Hóa,Xã Cẩm Tú,Xã,15148
Xã Cẩm Thành,Huyện Cẩm Thủy,Tỉnh Thanh Hóa,Tỉnh Thanh Hóa,Xã Cẩm Thạch,Xã,15142
Xã Cẩm Thạch,Huyện Cẩm Thủy,Tỉnh Thanh Hóa,Tỉnh Thanh Hóa,Xã Cẩm Thạch,Xã,15142
Xã Cẩm Tâm,Huyện Cẩm Thủy,Tỉnh Thanh Hóa,Tỉnh Thanh Hóa,Xã Cẩm Vân,Xã,15163
Xã Cẩm Tân,Huyện Cẩm Thủy,Tỉnh Thanh Hóa,Tỉnh Thanh Hóa,Xã Cẩm Tân,Xã,15178
Xã Cẩm Tú,Huyện Cẩm Thủy,Tỉnh Thanh Hóa,Tỉnh Thanh Hóa,Xã Cẩm Tú,Xã,15148
Xã Cẩm Vân,Huyện Cẩm Thủy,Tỉnh Thanh Hóa,Tỉnh Thanh Hóa,Xã Cẩm Vân,Xã,15163
Xã Cẩm Yên,Huyện Cẩm Thủy,Tỉnh Thanh Hóa,Tỉnh Thanh Hóa,Xã Cẩm Vân,Xã,15163
Thị trấn Bút Sơn,Huyện Hoằng Hóa,Tỉnh Thanh Hóa,Tỉnh Thanh Hóa,Xã Hoằng Hóa,Xã,15865
Xã Hoằng Châu,Huyện Hoằng Hóa,Tỉnh Thanh Hóa,Tỉnh Thanh Hóa,Xã Hoằng Châu,Xã,15976
Xã Hoằng Cát,Huyện Hoằng Hóa,Tỉnh Thanh Hóa,Tỉnh Thanh Hóa,Xã Hoằng Sơn,Xã,15910
Xã Hoằng Giang,Huyện Hoằng Hóa,Tỉnh Thanh Hóa,Tỉnh Thanh Hóa,Xã Hoằng Giang,Xã,15880
Xã Hoằng Hà,Huyện Hoằng Hóa,Tỉnh Thanh Hóa,Tỉnh Thanh Hóa,Xã Hoằng Hóa,Xã,15865
Xã Hoằng Hải,Huyện Hoằng Hóa,Tỉnh Thanh Hóa,Tỉnh Thanh Hóa,Xã Hoằng Tiến,Xã,15991
Xã Hoằng Hợp,Huyện Hoằng Hóa,Tỉnh Thanh Hóa,Tỉnh Thanh Hóa,Xã Hoằng Giang,Xã,15880
Xã Hoằng Kim,Huyện Hoằng Hóa,Tỉnh Thanh Hóa,Tỉnh Thanh Hóa,Xã Hoằng Phú,Xã,15889
Xã Hoằng Lưu,Huyện Hoằng Hóa,Tỉnh Thanh Hóa,Tỉnh Thanh Hóa,Xã Hoằng Châu,Xã,15976
Xã Hoằng Lộc,Huyện Hoằng Hóa,Tỉnh Thanh Hóa,Tỉnh Thanh Hóa,Xã Hoằng Lộc,Xã,15961
Xã Hoằng Ngọc,Huyện Hoằng Hóa,Tỉnh Thanh Hóa,Tỉnh Thanh Hóa,Xã Hoằng Thanh,Xã,16000
Xã Hoằng Phong,Huyện Hoằng Hóa,Tỉnh Thanh Hóa,Tỉnh Thanh Hóa,Xã Hoằng Châu,Xã,15976
Xã Hoằng Phú,Huyện Hoằng Hóa,Tỉnh Thanh Hóa,Tỉnh Thanh Hóa,Xã Hoằng Phú,Xã,15889
Xã Hoằng Phụ,Huyện Hoằng Hóa,Tỉnh Thanh Hóa,Tỉnh Thanh Hóa,Xã Hoằng Thanh,Xã,16000
Xã Hoằng Quý,Huyện Hoằng Hóa,Tỉnh Thanh Hóa,Tỉnh Thanh Hóa,Xã Hoằng Phú,Xã,15889
Xã Hoằng Quỳ,Huyện Hoằng Hóa,Tỉnh Thanh Hóa,Tỉnh Thanh Hóa,Xã Hoằng Giang,Xã,15880
Xã Hoằng Sơn,Huyện Hoằng Hóa,Tỉnh Thanh Hóa,Tỉnh Thanh Hóa,Xã Hoằng Sơn,Xã,15910
Xã Hoằng Thanh,Huyện Hoằng Hóa,Tỉnh Thanh Hóa,Tỉnh Thanh Hóa,Xã Hoằng Thanh,Xã,16000
Xã Hoằng Thành,Huyện Hoằng Hóa,Tỉnh Thanh Hóa,Tỉnh Thanh Hóa,Xã Hoằng Lộc,Xã,15961
Xã Hoằng Thái,Huyện Hoằng Hóa,Tỉnh Thanh Hóa,Tỉnh Thanh Hóa,Xã Hoằng Lộc,Xã,15961
Xã Hoằng Thắng,Huyện Hoằng Hóa,Tỉnh Thanh Hóa,Tỉnh Thanh Hóa,Xã Hoằng Châu,Xã,15976
Xã Hoằng Thịnh,Huyện Hoằng Hóa,Tỉnh Thanh Hóa,Tỉnh Thanh Hóa,Xã Hoằng Lộc,Xã,15961
Xã Hoằng Tiến,Huyện Hoằng Hóa,Tỉnh Thanh Hóa,Tỉnh Thanh Hóa,Xã Hoằng Tiến,Xã,15991
Xã Hoằng Trinh,Huyện Hoằng Hóa,Tỉnh Thanh Hóa,Tỉnh Thanh Hóa,Xã Hoằng Sơn,Xã,15910
Xã Hoằng Trung,Huyện Hoằng Hóa,Tỉnh Thanh Hóa,Tỉnh Thanh Hóa,Xã Hoằng Phú,Xã,15889
Xã Hoằng Trường,Huyện Hoằng Hóa,Tỉnh Thanh Hóa,Tỉnh Thanh Hóa,Xã Hoằng Tiến,Xã,15991
Xã Hoằng Trạch,Huyện Hoằng Hóa,Tỉnh Thanh Hóa,Tỉnh Thanh Hóa,Xã Hoằng Lộc,Xã,15961
Xã Hoằng Tân,Huyện Hoằng Hóa,Tỉnh Thanh Hóa,Tỉnh Thanh Hóa,Xã Hoằng Lộc,Xã,15961
Xã Hoằng Xuyên,Huyện Hoằng Hóa,Tỉnh Thanh Hóa,Tỉnh Thanh Hóa,Xã Hoằng Sơn,Xã,15910
Xã Hoằng Xuân,Huyện Hoằng Hóa,Tỉnh Thanh Hóa,Tỉnh Thanh Hóa,Xã Hoằng Giang,Xã,15880
Xã Hoằng Yến,Huyện Hoằng Hóa,Tỉnh Thanh Hóa,Tỉnh Thanh Hóa,Xã Hoằng Tiến,Xã,15991
Xã Hoằng Đông,Huyện Hoằng Hóa,Tỉnh Thanh Hóa,Tỉnh Thanh Hóa,Xã Hoằng Thanh,Xã,16000
Xã Hoằng Đạo,Huyện Hoằng Hóa,Tỉnh Thanh Hóa,Tỉnh Thanh Hóa,Xã Hoằng Hóa,Xã,15865
Xã Hoằng Đạt,Huyện Hoằng Hóa,Tỉnh Thanh Hóa,Tỉnh Thanh Hóa,Xã Hoằng Hóa,Xã,15865
Xã Hoằng Đồng,Huyện Hoằng Hóa,Tỉnh Thanh Hóa,Tỉnh Thanh Hóa,Xã Hoằng Hóa,Xã,15865
Xã Hoằng Đức,Huyện Hoằng Hóa,Tỉnh Thanh Hóa,Tỉnh Thanh Hóa,Xã Hoằng Hóa,Xã,15865
Thị trấn Hà Long,Huyện Hà Trung,Tỉnh Thanh Hóa,Tỉnh Thanh Hóa,Xã Hà Long,Xã,15274
Thị trấn Hà Lĩnh,Huyện Hà Trung,Tỉnh Thanh Hóa,Tỉnh Thanh Hóa,Xã Tống Sơn,Xã,15316
Thị trấn Hà Trung,Huyện Hà Trung,Tỉnh Thanh Hóa,Tỉnh Thanh Hóa,Xã Hà Trung,Xã,15271
Thị trấn Hà Trung,Huyện Hà Trung,Tỉnh Thanh Hóa,Tỉnh Thanh Hóa,Xã Hoạt Giang,Xã,15286
Xã Hoạt Giang,Huyện Hà Trung,Tỉnh Thanh Hóa,Tỉnh Thanh Hóa,Xã Hoạt Giang,Xã,15286
Xã Hà Bình,Huyện Hà Trung,Tỉnh Thanh Hóa,Tỉnh Thanh Hóa,Xã Hà Trung,Xã,15271
Xã Hà Bình,Huyện Hà Trung,Tỉnh Thanh Hóa,Tỉnh Thanh Hóa,Xã Hoạt Giang,Xã,15286
Xã Hà Bắc,Huyện Hà Trung,Tỉnh Thanh Hóa,Tỉnh Thanh Hóa,Xã Hà Long,Xã,15274
Xã Hà Châu,Huyện Hà Trung,Tỉnh Thanh Hóa,Tỉnh Thanh Hóa,Xã Lĩnh Toại,Xã,15298
Xã Hà Giang,Huyện Hà Trung,Tỉnh Thanh Hóa,Tỉnh Thanh Hóa,Xã Hà Long,Xã,15274
Xã Hà Hải,Huyện Hà Trung,Tỉnh Thanh Hóa,Tỉnh Thanh Hóa,Xã Lĩnh Toại,Xã,15298
Xã Hà Ngọc,Huyện Hà Trung,Tỉnh Thanh Hóa,Tỉnh Thanh Hóa,Xã Hà Trung,Xã,15271
Xã Hà Sơn,Huyện Hà Trung,Tỉnh Thanh Hóa,Tỉnh Thanh Hóa,Xã Tống Sơn,Xã,15316
Xã Hà Tiến,Huyện Hà Trung,Tỉnh Thanh Hóa,Tỉnh Thanh Hóa,Xã Tống Sơn,Xã,15316
Xã Hà Tân,Huyện Hà Trung,Tỉnh Thanh Hóa,Tỉnh Thanh Hóa,Xã Tống Sơn,Xã,15316
Xã Hà Vinh,Huyện Hà Trung,Tỉnh Thanh Hóa,Tỉnh Thanh Hóa,Phường Bỉm Sơn,Phường,14812
Xã Hà Đông,Huyện Hà Trung,Tỉnh Thanh Hóa,Tỉnh Thanh Hóa,Xã Hà Trung,Xã,15271
Xã Lĩnh Toại,Huyện Hà Trung,Tỉnh Thanh Hóa,Tỉnh Thanh Hóa,Xã Lĩnh Toại,Xã,15298
Xã Thái Lai,Huyện Hà Trung,Tỉnh Thanh Hóa,Tỉnh Thanh Hóa,Xã Lĩnh Toại,Xã,15298
Xã Yên Dương,Huyện Hà Trung,Tỉnh Thanh Hóa,Tỉnh Thanh Hóa,Xã Hoạt Giang,Xã,15286
Xã Yến Sơn,Huyện Hà Trung,Tỉnh Thanh Hóa,Tỉnh Thanh Hóa,Xã Hà Trung,Xã,15271
Thị trấn Hậu Lộc,Huyện Hậu Lộc,Tỉnh Thanh Hóa,Tỉnh Thanh Hóa,Xã Hậu Lộc,Xã,16012
Xã Cầu Lộc,Huyện Hậu Lộc,Tỉnh Thanh Hóa,Tỉnh Thanh Hóa,Xã Đông Thành,Xã,16033
Xã Hoa Lộc,Huyện Hậu Lộc,Tỉnh Thanh Hóa,Tỉnh Thanh Hóa,Xã Hoa Lộc,Xã,16072
Xã Hòa Lộc,Huyện Hậu Lộc,Tỉnh Thanh Hóa,Tỉnh Thanh Hóa,Xã Hoa Lộc,Xã,16072
Xã Hưng Lộc,Huyện Hậu Lộc,Tỉnh Thanh Hóa,Tỉnh Thanh Hóa,Xã Vạn Lộc,Xã,16078
Xã Hải Lộc,Huyện Hậu Lộc,Tỉnh Thanh Hóa,Tỉnh Thanh Hóa,Xã Vạn Lộc,Xã,16078
Xã Liên Lộc,Huyện Hậu Lộc,Tỉnh Thanh Hóa,Tỉnh Thanh Hóa,Xã Hoa Lộc,Xã,16072
Xã Lộc Sơn,Huyện Hậu Lộc,Tỉnh Thanh Hóa,Tỉnh Thanh Hóa,Xã Hậu Lộc,Xã,16012
Xã Minh Lộc,Huyện Hậu Lộc,Tỉnh Thanh Hóa,Tỉnh Thanh Hóa,Xã Vạn Lộc,Xã,16078
Xã Mỹ Lộc,Huyện Hậu Lộc,Tỉnh Thanh Hóa,Tỉnh Thanh Hóa,Xã Hậu Lộc,Xã,16012
Xã Ngư Lộc,Huyện Hậu Lộc,Tỉnh Thanh Hóa,Tỉnh Thanh Hóa,Xã Vạn Lộc,Xã,16078
Xã Phú Lộc,Huyện Hậu Lộc,Tỉnh Thanh Hóa,Tỉnh Thanh Hóa,Xã Hoa Lộc,Xã,16072
Xã Quang Lộc,Huyện Hậu Lộc,Tỉnh Thanh Hóa,Tỉnh Thanh Hóa,Xã Hoa Lộc,Xã,16072
Xã Thuần Lộc,Huyện Hậu Lộc,Tỉnh Thanh Hóa,Tỉnh Thanh Hóa,Xã Hậu Lộc,Xã,16012
Xã Thành Lộc,Huyện Hậu Lộc,Tỉnh Thanh Hóa,Tỉnh Thanh Hóa,Xã Đông Thành,Xã,16033
Xã Tiến Lộc,Huyện Hậu Lộc,Tỉnh Thanh Hóa,Tỉnh Thanh Hóa,Xã Triệu Lộc,Xã,16021
Xã Triệu Lộc,Huyện Hậu Lộc,Tỉnh Thanh Hóa,Tỉnh Thanh Hóa,Xã Triệu Lộc,Xã,16021
Xã Tuy Lộc,Huyện Hậu Lộc,Tỉnh Thanh Hóa,Tỉnh Thanh Hóa,Xã Đông Thành,Xã,16033
Xã Xuân Lộc,Huyện Hậu Lộc,Tỉnh Thanh Hóa,Tỉnh Thanh Hóa,Xã Hoa Lộc,Xã,16072
Xã Đa Lộc,Huyện Hậu Lộc,Tỉnh Thanh Hóa,Tỉnh Thanh Hóa,Xã Vạn Lộc,Xã,16078
Xã Đại Lộc,Huyện Hậu Lộc,Tỉnh Thanh Hóa,Tỉnh Thanh Hóa,Xã Triệu Lộc,Xã,16021
Xã Đồng Lộc,Huyện Hậu Lộc,Tỉnh Thanh Hóa,Tỉnh Thanh Hóa,Xã Đông Thành,Xã,16033
Thị trấn Lang Chánh,Huyện Lang Chánh,Tỉnh Thanh Hóa,Tỉnh Thanh Hóa,Xã Linh Sơn,Xã,15055
Xã Giao An,Huyện Lang Chánh,Tỉnh Thanh Hóa,Tỉnh Thanh Hóa,Xã Giao An,Xã,15043
Xã Giao Thiện,Huyện Lang Chánh,Tỉnh Thanh Hóa,Tỉnh Thanh Hóa,Xã Giao An,Xã,15043
Xã Lâm Phú,Huyện Lang Chánh,Tỉnh Thanh Hóa,Tỉnh Thanh Hóa,Xã Văn Phú,Xã,15049
Xã Tam Văn,Huyện Lang Chánh,Tỉnh Thanh Hóa,Tỉnh Thanh Hóa,Xã Văn Phú,Xã,15049
Xã Trí Nang,Huyện Lang Chánh,Tỉnh Thanh Hóa,Tỉnh Thanh Hóa,Xã Linh Sơn,Xã,15055
Xã Tân Phúc,Huyện Lang Chánh,Tỉnh Thanh Hóa,Tỉnh Thanh Hóa,Xã Đồng Lương,Xã,15058
Xã Yên Khương,Huyện Lang Chánh,Tỉnh Thanh Hóa,Tỉnh Thanh Hóa,Xã Yên Khương,Xã,15031
Xã Yên Thắng,Huyện Lang Chánh,Tỉnh Thanh Hóa,Tỉnh Thanh Hóa,Xã Yên Thắng,Xã,15034
Xã Đồng Lương,Huyện Lang Chánh,Tỉnh Thanh Hóa,Tỉnh Thanh Hóa,Xã Đồng Lương,Xã,15058
Thị trấn Mường Lát,Huyện Mường Lát,Tỉnh Thanh Hóa,Tỉnh Thanh Hóa,Xã Mường Lát,Xã,14845
Xã Mường Chanh,Huyện Mường Lát,Tỉnh Thanh Hóa,Tỉnh Thanh Hóa,Xã Mường Chanh,Xã,14866
Xã Mường Lý,Huyện Mường Lát,Tỉnh Thanh Hóa,Tỉnh Thanh Hóa,Xã Mường Lý,Xã,14854
Xã Nhi Sơn,Huyện Mường Lát,Tỉnh Thanh Hóa,Tỉnh Thanh Hóa,Xã Nhi Sơn,Xã,14864
Xã Pù Nhi,Huyện Mường Lát,Tỉnh Thanh Hóa,Tỉnh Thanh Hóa,Xã Pù Nhi,Xã,14863
Xã Quang Chiểu,Huyện Mường Lát,Tỉnh Thanh Hóa,Tỉnh Thanh Hóa,Xã Quang Chiểu,Xã,14860
Xã Tam Chung,Huyện Mường Lát,Tỉnh Thanh Hóa,Tỉnh Thanh Hóa,Xã Tam Chung,Xã,14848
Xã Trung Lý,Huyện Mường Lát,Tỉnh Thanh Hóa,Tỉnh Thanh Hóa,Xã Trung Lý,Xã,14857
Thị trấn Nga Sơn,Huyện Nga Sơn,Tỉnh Thanh Hóa,Tỉnh Thanh Hóa,Xã Nga Sơn,Xã,16093
Xã Ba Đình,Huyện Nga Sơn,Tỉnh Thanh Hóa,Tỉnh Thanh Hóa,Xã Ba Đình,Xã,16171
Xã Nga An,Huyện Nga Sơn,Tỉnh Thanh Hóa,Tỉnh Thanh Hóa,Xã Nga An,Xã,16144
Xã Nga Giáp,Huyện Nga Sơn,Tỉnh Thanh Hóa,Tỉnh Thanh Hóa,Xã Hồ Vương,Xã,16138
Xã Nga Hiệp,Huyện Nga Sơn,Tỉnh Thanh Hóa,Tỉnh Thanh Hóa,Xã Nga Sơn,Xã,16093
Xã Nga Hải,Huyện Nga Sơn,Tỉnh Thanh Hóa,Tỉnh Thanh Hóa,Xã Hồ Vương,Xã,16138
Xã Nga Liên,Huyện Nga Sơn,Tỉnh Thanh Hóa,Tỉnh Thanh Hóa,Xã Hồ Vương,Xã,16138
Xã Nga Phú,Huyện Nga Sơn,Tỉnh Thanh Hóa,Tỉnh Thanh Hóa,Xã Nga An,Xã,16144
Xã Nga Phượng,Huyện Nga Sơn,Tỉnh Thanh Hóa,Tỉnh Thanh Hóa,Xã Nga Thắng,Xã,16114
Xã Nga Thanh,Huyện Nga Sơn,Tỉnh Thanh Hóa,Tỉnh Thanh Hóa,Xã Nga Sơn,Xã,16093
Xã Nga Thiện,Huyện Nga Sơn,Tỉnh Thanh Hóa,Tỉnh Thanh Hóa,Xã Ba Đình,Xã,16171
Xã Nga Thành,Huyện Nga Sơn,Tỉnh Thanh Hóa,Tỉnh Thanh Hóa,Xã Hồ Vương,Xã,16138
Xã Nga Thái,Huyện Nga Sơn,Tỉnh Thanh Hóa,Tỉnh Thanh Hóa,Xã Tân Tiến,Xã,16108
Xã Nga Thạch,Huyện Nga Sơn,Tỉnh Thanh Hóa,Tỉnh Thanh Hóa,Xã Nga Thắng,Xã,16114
Xã Nga Thắng,Huyện Nga Sơn,Tỉnh Thanh Hóa,Tỉnh Thanh Hóa,Xã Nga Thắng,Xã,16114
Xã Nga Thủy,Huyện Nga Sơn,Tỉnh Thanh Hóa,Tỉnh Thanh Hóa,Xã Nga Sơn,Xã,16093
Xã Nga Tiến,Huyện Nga Sơn,Tỉnh Thanh Hóa,Tỉnh Thanh Hóa,Xã Tân Tiến,Xã,16108
Xã Nga Trường,Huyện Nga Sơn,Tỉnh Thanh Hóa,Tỉnh Thanh Hóa,Xã Ba Đình,Xã,16171
Xã Nga Tân,Huyện Nga Sơn,Tỉnh Thanh Hóa,Tỉnh Thanh Hóa,Xã Tân Tiến,Xã,16108
Xã Nga Văn,Huyện Nga Sơn,Tỉnh Thanh Hóa,Tỉnh Thanh Hóa,Xã Nga Thắng,Xã,16114
Xã Nga Vịnh,Huyện Nga Sơn,Tỉnh Thanh Hóa,Tỉnh Thanh Hóa,Xã Ba Đình,Xã,16171
Xã Nga Yên,Huyện Nga Sơn,Tỉnh Thanh Hóa,Tỉnh Thanh Hóa,Xã Nga Sơn,Xã,16093
Xã Nga Điền,Huyện Nga Sơn,Tỉnh Thanh Hóa,Tỉnh Thanh Hóa,Xã Nga An,Xã,16144
Thị trấn Ngọc Lặc,Huyện Ngọc Lặc,Tỉnh Thanh Hóa,Tỉnh Thanh Hóa,Xã Ngọc Lặc,Xã,15061
Xã Cao Ngọc,Huyện Ngọc Lặc,Tỉnh Thanh Hóa,Tỉnh Thanh Hóa,Xã Minh Sơn,Xã,15124
Xã Cao Thịnh,Huyện Ngọc Lặc,Tỉnh Thanh Hóa,Tỉnh Thanh Hóa,Xã Ngọc Liên,Xã,15091
Xã Kiên Thọ,Huyện Ngọc Lặc,Tỉnh Thanh Hóa,Tỉnh Thanh Hóa,Xã Kiên Thọ,Xã,15112
Xã Lam Sơn,Huyện Ngọc Lặc,Tỉnh Thanh Hóa,Tỉnh Thanh Hóa,Xã Minh Sơn,Xã,15124
Xã Lộc Thịnh,Huyện Ngọc Lặc,Tỉnh Thanh Hóa,Tỉnh Thanh Hóa,Xã Ngọc Liên,Xã,15091
Xã Minh Sơn,Huyện Ngọc Lặc,Tỉnh Thanh Hóa,Tỉnh Thanh Hóa,Xã Minh Sơn,Xã,15124
Xã Minh Tiến,Huyện Ngọc Lặc,Tỉnh Thanh Hóa,Tỉnh Thanh Hóa,Xã Minh Sơn,Xã,15124
Xã Mỹ Tân,Huyện Ngọc Lặc,Tỉnh Thanh Hóa,Tỉnh Thanh Hóa,Xã Ngọc Lặc,Xã,15061
Xã Nguyệt Ấn,Huyện Ngọc Lặc,Tỉnh Thanh Hóa,Tỉnh Thanh Hóa,Xã Nguyệt Ấn,Xã,15106
Xã Ngọc Liên,Huyện Ngọc Lặc,Tỉnh Thanh Hóa,Tỉnh Thanh Hóa,Xã Ngọc Liên,Xã,15091
Xã Ngọc Sơn,Huyện Ngọc Lặc,Tỉnh Thanh Hóa,Tỉnh Thanh Hóa,Xã Ngọc Liên,Xã,15091
Xã Ngọc Trung,Huyện Ngọc Lặc,Tỉnh Thanh Hóa,Tỉnh Thanh Hóa,Xã Ngọc Liên,Xã,15091
Xã Phùng Giáo,Huyện Ngọc Lặc,Tỉnh Thanh Hóa,Tỉnh Thanh Hóa,Xã Nguyệt Ấn,Xã,15106
Xã Phùng Minh,Huyện Ngọc Lặc,Tỉnh Thanh Hóa,Tỉnh Thanh Hóa,Xã Kiên Thọ,Xã,15112
Xã Phúc Thịnh,Huyện Ngọc Lặc,Tỉnh Thanh Hóa,Tỉnh Thanh Hóa,Xã Kiên Thọ,Xã,15112
Xã Quang Trung,Huyện Ngọc Lặc,Tỉnh Thanh Hóa,Tỉnh Thanh Hóa,Xã Thạch Lập,Xã,15085
Xã Thúy Sơn,Huyện Ngọc Lặc,Tỉnh Thanh Hóa,Tỉnh Thanh Hóa,Xã Ngọc Lặc,Xã,15061
Xã Thạch Lập,Huyện Ngọc Lặc,Tỉnh Thanh Hóa,Tỉnh Thanh Hóa,Xã Thạch Lập,Xã,15085
Xã Vân Am,Huyện Ngọc Lặc,Tỉnh Thanh Hóa,Tỉnh Thanh Hóa,Xã Nguyệt Ấn,Xã,15106
Xã Đồng Thịnh,Huyện Ngọc Lặc,Tỉnh Thanh Hóa,Tỉnh Thanh Hóa,Xã Thạch Lập,Xã,15085
Thị trấn Bến Sung,Huyện Như Thanh,Tỉnh Thanh Hóa,Tỉnh Thanh Hóa,Xã Như Thanh,Xã,16228
Xã Cán Khê,Huyện Như Thanh,Tỉnh Thanh Hóa,Tỉnh Thanh Hóa,Xã Xuân Du,Xã,16234
Xã Hải Long,Huyện Như Thanh,Tỉnh Thanh Hóa,Tỉnh Thanh Hóa,Xã Như Thanh,Xã,16228
Xã Mậu Lâm,Huyện Như Thanh,Tỉnh Thanh Hóa,Tỉnh Thanh Hóa,Xã Mậu Lâm,Xã,16249
Xã Phú Nhuận,Huyện Như Thanh,Tỉnh Thanh Hóa,Tỉnh Thanh Hóa,Xã Mậu Lâm,Xã,16249
Xã Phượng Nghi,Huyện Như Thanh,Tỉnh Thanh Hóa,Tỉnh Thanh Hóa,Xã Xuân Du,Xã,16234
Xã Thanh Kỳ,Huyện Như Thanh,Tỉnh Thanh Hóa,Tỉnh Thanh Hóa,Xã Thanh Kỳ,Xã,16273
Xã Thanh Tân,Huyện Như Thanh,Tỉnh Thanh Hóa,Tỉnh Thanh Hóa,Xã Công Chính,Xã,16369
Xã Thanh Tân,Huyện Như Thanh,Tỉnh Thanh Hóa,Tỉnh Thanh Hóa,Xã Thanh Kỳ,Xã,16273
Xã Xuân Du,Huyện Như Thanh,Tỉnh Thanh Hóa,Tỉnh Thanh Hóa,Xã Xuân Du,Xã,16234
Xã Xuân Khang,Huyện Như Thanh,Tỉnh Thanh Hóa,Tỉnh Thanh Hóa,Xã Như Thanh,Xã,16228
Xã Xuân Phúc,Huyện Như Thanh,Tỉnh Thanh Hóa,Tỉnh Thanh Hóa,Xã Yên Thọ,Xã,16264
Xã Xuân Thái,Huyện Như Thanh,Tỉnh Thanh Hóa,Tỉnh Thanh Hóa,Xã Xuân Thái,Xã,16258
Xã Yên Lạc,Huyện Như Thanh,Tỉnh Thanh Hóa,Tỉnh Thanh Hóa,Xã Yên Thọ,Xã,16264
Xã Yên Thọ,Huyện Như Thanh,Tỉnh Thanh Hóa,Tỉnh Thanh Hóa,Xã Như Thanh,Xã,16228
Xã Yên Thọ,Huyện Như Thanh,Tỉnh Thanh Hóa,Tỉnh Thanh Hóa,Xã Yên Thọ,Xã,16264
Thị trấn Yên Cát,Huyện Như Xuân,Tỉnh Thanh Hóa,Tỉnh Thanh Hóa,Xã Như Xuân,Xã,16174
Xã Bãi Trành,Huyện Như Xuân,Tỉnh Thanh Hóa,Tỉnh Thanh Hóa,Xã Xuân Bình,Xã,16177
Xã Bình Lương,Huyện Như Xuân,Tỉnh Thanh Hóa,Tỉnh Thanh Hóa,Xã Hóa Quỳ,Xã,16186
Xã Cát Tân,Huyện Như Xuân,Tỉnh Thanh Hóa,Tỉnh Thanh Hóa,Xã Thượng Ninh,Xã,16225
Xã Cát Vân,Huyện Như Xuân,Tỉnh Thanh Hóa,Tỉnh Thanh Hóa,Xã Thượng Ninh,Xã,16225
Xã Hóa Quỳ,Huyện Như Xuân,Tỉnh Thanh Hóa,Tỉnh Thanh Hóa,Xã Hóa Quỳ,Xã,16186
Xã Thanh Hòa,Huyện Như Xuân,Tỉnh Thanh Hóa,Tỉnh Thanh Hóa,Xã Thanh Phong,Xã,16213
Xã Thanh Lâm,Huyện Như Xuân,Tỉnh Thanh Hóa,Tỉnh Thanh Hóa,Xã Thanh Phong,Xã,16213
Xã Thanh Phong,Huyện Như Xuân,Tỉnh Thanh Hóa,Tỉnh Thanh Hóa,Xã Thanh Phong,Xã,16213
Xã Thanh Quân,Huyện Như Xuân,Tỉnh Thanh Hóa,Tỉnh Thanh Hóa,Xã Thanh Quân,Xã,16222
Xã Thanh Sơn,Huyện Như Xuân,Tỉnh Thanh Hóa,Tỉnh Thanh Hóa,Xã Thanh Quân,Xã,16222
Xã Thanh Xuân,Huyện Như Xuân,Tỉnh Thanh Hóa,Tỉnh Thanh Hóa,Xã Thanh Quân,Xã,16222
Xã Thượng Ninh,Huyện Như Xuân,Tỉnh Thanh Hóa,Tỉnh Thanh Hóa,Xã Thượng Ninh,Xã,16225
Xã Tân Bình,Huyện Như Xuân,Tỉnh Thanh Hóa,Tỉnh Thanh Hóa,Xã Như Xuân,Xã,16174
Xã Xuân Bình,Huyện Như Xuân,Tỉnh Thanh Hóa,Tỉnh Thanh Hóa,Xã Xuân Bình,Xã,16177
Xã Xuân Hòa,Huyện Như Xuân,Tỉnh Thanh Hóa,Tỉnh Thanh Hóa,Xã Xuân Bình,Xã,16177
Thị trấn Nông Cống,Huyện Nông Cống,Tỉnh Thanh Hóa,Tỉnh Thanh Hóa,Xã Nông Cống,Xã,16279
Xã Công Chính,Huyện Nông Cống,Tỉnh Thanh Hóa,Tỉnh Thanh Hóa,Xã Công Chính,Xã,16369
Xã Công Liêm,Huyện Nông Cống,Tỉnh Thanh Hóa,Tỉnh Thanh Hóa,Xã Công Chính,Xã,16369
Xã Hoàng Giang,Huyện Nông Cống,Tỉnh Thanh Hóa,Tỉnh Thanh Hóa,Xã Trung Chính,Xã,16297
Xã Hoàng Sơn,Huyện Nông Cống,Tỉnh Thanh Hóa,Tỉnh Thanh Hóa,Xã Trung Chính,Xã,16297
Xã Minh Khôi,Huyện Nông Cống,Tỉnh Thanh Hóa,Tỉnh Thanh Hóa,Xã Nông Cống,Xã,16279
Xã Minh Nghĩa,Huyện Nông Cống,Tỉnh Thanh Hóa,Tỉnh Thanh Hóa,Xã Nông Cống,Xã,16279
Xã Thăng Bình,Huyện Nông Cống,Tỉnh Thanh Hóa,Tỉnh Thanh Hóa,Xã Thăng Bình,Xã,16342
Xã Thăng Long,Huyện Nông Cống,Tỉnh Thanh Hóa,Tỉnh Thanh Hóa,Xã Thăng Bình,Xã,16342
Xã Thăng Thọ,Huyện Nông Cống,Tỉnh Thanh Hóa,Tỉnh Thanh Hóa,Xã Thăng Bình,Xã,16342
Xã Trung Chính,Huyện Nông Cống,Tỉnh Thanh Hóa,Tỉnh Thanh Hóa,Xã Trung Chính,Xã,16297
Xã Trung Thành,Huyện Nông Cống,Tỉnh Thanh Hóa,Tỉnh Thanh Hóa,Xã Thắng Lợi,Xã,16309
Xã Trường Giang,Huyện Nông Cống,Tỉnh Thanh Hóa,Tỉnh Thanh Hóa,Xã Trường Văn,Xã,16348
Xã Trường Minh,Huyện Nông Cống,Tỉnh Thanh Hóa,Tỉnh Thanh Hóa,Xã Trường Văn,Xã,16348
Xã Trường Sơn,Huyện Nông Cống,Tỉnh Thanh Hóa,Tỉnh Thanh Hóa,Xã Trường Văn,Xã,16348
Xã Trường Trung,Huyện Nông Cống,Tỉnh Thanh Hóa,Tỉnh Thanh Hóa,Xã Trường Văn,Xã,16348
Xã Tân Khang,Huyện Nông Cống,Tỉnh Thanh Hóa,Tỉnh Thanh Hóa,Xã Trung Chính,Xã,16297
Xã Tân Phúc,Huyện Nông Cống,Tỉnh Thanh Hóa,Tỉnh Thanh Hóa,Xã Trung Chính,Xã,16297
Xã Tân Thọ,Huyện Nông Cống,Tỉnh Thanh Hóa,Tỉnh Thanh Hóa,Xã Trung Chính,Xã,16297
Xã Tượng Lĩnh,Huyện Nông Cống,Tỉnh Thanh Hóa,Tỉnh Thanh Hóa,Xã Tượng Lĩnh,Xã,16363
Xã Tượng Sơn,Huyện Nông Cống,Tỉnh Thanh Hóa,Tỉnh Thanh Hóa,Xã Tượng Lĩnh,Xã,16363
Xã Tượng Văn,Huyện Nông Cống,Tỉnh Thanh Hóa,Tỉnh Thanh Hóa,Xã Tượng Lĩnh,Xã,16363
Xã Tế Lợi,Huyện Nông Cống,Tỉnh Thanh Hóa,Tỉnh Thanh Hóa,Xã Thắng Lợi,Xã,16309
Xã Tế Nông,Huyện Nông Cống,Tỉnh Thanh Hóa,Tỉnh Thanh Hóa,Xã Thắng Lợi,Xã,16309
Xã Tế Thắng,Huyện Nông Cống,Tỉnh Thanh Hóa,Tỉnh Thanh Hóa,Xã Thắng Lợi,Xã,16309
Xã Vạn Hòa,Huyện Nông Cống,Tỉnh Thanh Hóa,Tỉnh Thanh Hóa,Xã Nông Cống,Xã,16279
Xã Vạn Thiện,Huyện Nông Cống,Tỉnh Thanh Hóa,Tỉnh Thanh Hóa,Xã Nông Cống,Xã,16279
Xã Vạn Thắng,Huyện Nông Cống,Tỉnh Thanh Hóa,Tỉnh Thanh Hóa,Xã Nông Cống,Xã,16279
Xã Yên Mỹ,Huyện Nông Cống,Tỉnh Thanh Hóa,Tỉnh Thanh Hóa,Xã Công Chính,Xã,16369
Thị trấn Hồi Xuân,Huyện Quan Hóa,Tỉnh Thanh Hóa,Tỉnh Thanh Hóa,Xã Hồi Xuân,Xã,14869
Xã Hiền Chung,Huyện Quan Hóa,Tỉnh Thanh Hóa,Tỉnh Thanh Hóa,Xã Hiền Kiệt,Xã,14896
Xã Hiền Kiệt,Huyện Quan Hóa,Tỉnh Thanh Hóa,Tỉnh Thanh Hóa,Xã Hiền Kiệt,Xã,14896
Xã Nam Tiến,Huyện Quan Hóa,Tỉnh Thanh Hóa,Tỉnh Thanh Hóa,Xã Nam Xuân,Xã,14902
Xã Nam Xuân,Huyện Quan Hóa,Tỉnh Thanh Hóa,Tỉnh Thanh Hóa,Xã Nam Xuân,Xã,14902
Xã Nam Động,Huyện Quan Hóa,Tỉnh Thanh Hóa,Tỉnh Thanh Hóa,Xã Thiên Phủ,Xã,14908
Xã Phú Lệ,Huyện Quan Hóa,Tỉnh Thanh Hóa,Tỉnh Thanh Hóa,Xã Phú Lệ,Xã,14878
Xã Phú Nghiêm,Huyện Quan Hóa,Tỉnh Thanh Hóa,Tỉnh Thanh Hóa,Xã Hồi Xuân,Xã,14869
Xã Phú Sơn,Huyện Quan Hóa,Tỉnh Thanh Hóa,Tỉnh Thanh Hóa,Xã Phú Lệ,Xã,14878
Xã Phú Thanh,Huyện Quan Hóa,Tỉnh Thanh Hóa,Tỉnh Thanh Hóa,Xã Phú Lệ,Xã,14878
Xã Phú Xuân,Huyện Quan Hóa,Tỉnh Thanh Hóa,Tỉnh Thanh Hóa,Xã Phú Xuân,Xã,14890
Xã Thiên Phủ,Huyện Quan Hóa,Tỉnh Thanh Hóa,Tỉnh Thanh Hóa,Xã Thiên Phủ,Xã,14908
Xã Thành Sơn,Huyện Quan Hóa,Tỉnh Thanh Hóa,Tỉnh Thanh Hóa,Xã Trung Thành,Xã,14872
Xã Trung Sơn,Huyện Quan Hóa,Tỉnh Thanh Hóa,Tỉnh Thanh Hóa,Xã Trung Sơn,Xã,14875
Xã Trung Thành,Huyện Quan Hóa,Tỉnh Thanh Hóa,Tỉnh Thanh Hóa,Xã Trung Thành,Xã,14872
Thị trấn Sơn Lư,Huyện Quan Sơn,Tỉnh Thanh Hóa,Tỉnh Thanh Hóa,Xã Quan Sơn,Xã,15016
Thị trấn Sơn Lư,Huyện Quan Sơn,Tỉnh Thanh Hóa,Tỉnh Thanh Hóa,Xã Tam Lư,Xã,15019
Xã Mường Mìn,Huyện Quan Sơn,Tỉnh Thanh Hóa,Tỉnh Thanh Hóa,Xã Mường Mìn,Xã,15025
Xã Na Mèo,Huyện Quan Sơn,Tỉnh Thanh Hóa,Tỉnh Thanh Hóa,Xã Na Mèo,Xã,15013
Xã Sơn Hà,Huyện Quan Sơn,Tỉnh Thanh Hóa,Tỉnh Thanh Hóa,Xã Tam Lư,Xã,15019
Xã Sơn Thủy,Huyện Quan Sơn,Tỉnh Thanh Hóa,Tỉnh Thanh Hóa,Xã Sơn Thủy,Xã,15010
Xã Sơn Điện,Huyện Quan Sơn,Tỉnh Thanh Hóa,Tỉnh Thanh Hóa,Xã Sơn Điện,Xã,15022
Xã Tam Lư,Huyện Quan Sơn,Tỉnh Thanh Hóa,Tỉnh Thanh Hóa,Xã Tam Lư,Xã,15019
Xã Tam Thanh,Huyện Quan Sơn,Tỉnh Thanh Hóa,Tỉnh Thanh Hóa,Xã Tam Thanh,Xã,15007
Xã Trung Hạ,Huyện Quan Sơn,Tỉnh Thanh Hóa,Tỉnh Thanh Hóa,Xã Trung Hạ,Xã,15001
Xã Trung Thượng,Huyện Quan Sơn,Tỉnh Thanh Hóa,Tỉnh Thanh Hóa,Xã Quan Sơn,Xã,15016
Xã Trung Tiến,Huyện Quan Sơn,Tỉnh Thanh Hóa,Tỉnh Thanh Hóa,Xã Trung Hạ,Xã,15001
Xã Trung Xuân,Huyện Quan Sơn,Tỉnh Thanh Hóa,Tỉnh Thanh Hóa,Xã Trung Hạ,Xã,15001
Thị trấn Tân Phong,Huyện Quảng Xương,Tỉnh Thanh Hóa,Tỉnh Thanh Hóa,Xã Lưu Vệ,Xã,16438
Xã Quảng Bình,Huyện Quảng Xương,Tỉnh Thanh Hóa,Tỉnh Thanh Hóa,Xã Quảng Bình,Xã,16543
Xã Quảng Chính,Huyện Quảng Xương,Tỉnh Thanh Hóa,Tỉnh Thanh Hóa,Xã Quảng Chính,Xã,16489
Xã Quảng Giao,Huyện Quảng Xương,Tỉnh Thanh Hóa,Tỉnh Thanh Hóa,Phường Nam Sầm Sơn,Phường,16516
Xã Quảng Hòa,Huyện Quảng Xương,Tỉnh Thanh Hóa,Tỉnh Thanh Hóa,Xã Quảng Yên,Xã,16480
Xã Quảng Hải,Huyện Quảng Xương,Tỉnh Thanh Hóa,Tỉnh Thanh Hóa,Xã Quảng Ninh,Xã,16540
Xã Quảng Hợp,Huyện Quảng Xương,Tỉnh Thanh Hóa,Tỉnh Thanh Hóa,Xã Quảng Ngọc,Xã,16498
Xã Quảng Khê,Huyện Quảng Xương,Tỉnh Thanh Hóa,Tỉnh Thanh Hóa,Xã Quảng Chính,Xã,16489
Xã Quảng Long,Huyện Quảng Xương,Tỉnh Thanh Hóa,Tỉnh Thanh Hóa,Xã Quảng Yên,Xã,16480
Xã Quảng Lưu,Huyện Quảng Xương,Tỉnh Thanh Hóa,Tỉnh Thanh Hóa,Xã Quảng Bình,Xã,16543
Xã Quảng Lộc,Huyện Quảng Xương,Tỉnh Thanh Hóa,Tỉnh Thanh Hóa,Xã Quảng Bình,Xã,16543
Xã Quảng Ngọc,Huyện Quảng Xương,Tỉnh Thanh Hóa,Tỉnh Thanh Hóa,Xã Quảng Ngọc,Xã,16498
Xã Quảng Nham,Huyện Quảng Xương,Tỉnh Thanh Hóa,Tỉnh Thanh Hóa,Xã Tiên Trang,Xã,16549
Xã Quảng Nhân,Huyện Quảng Xương,Tỉnh Thanh Hóa,Tỉnh Thanh Hóa,Xã Quảng Ninh,Xã,16540
Xã Quảng Ninh,Huyện Quảng Xương,Tỉnh Thanh Hóa,Tỉnh Thanh Hóa,Xã Quảng Ninh,Xã,16540
Xã Quảng Phúc,Huyện Quảng Xương,Tỉnh Thanh Hóa,Tỉnh Thanh Hóa,Xã Quảng Ngọc,Xã,16498
Xã Quảng Thái,Huyện Quảng Xương,Tỉnh Thanh Hóa,Tỉnh Thanh Hóa,Xã Quảng Bình,Xã,16543
Xã Quảng Thạch,Huyện Quảng Xương,Tỉnh Thanh Hóa,Tỉnh Thanh Hóa,Xã Tiên Trang,Xã,16549
Xã Quảng Trung,Huyện Quảng Xương,Tỉnh Thanh Hóa,Tỉnh Thanh Hóa,Xã Quảng Chính,Xã,16489
Xã Quảng Trường,Huyện Quảng Xương,Tỉnh Thanh Hóa,Tỉnh Thanh Hóa,Xã Quảng Chính,Xã,16489
Xã Quảng Trạch,Huyện Quảng Xương,Tỉnh Thanh Hóa,Tỉnh Thanh Hóa,Xã Quảng Yên,Xã,16480
Xã Quảng Văn,Huyện Quảng Xương,Tỉnh Thanh Hóa,Tỉnh Thanh Hóa,Xã Quảng Ngọc,Xã,16498
Xã Quảng Yên,Huyện Quảng Xương,Tỉnh Thanh Hóa,Tỉnh Thanh Hóa,Xã Quảng Yên,Xã,16480
Xã Quảng Định,Huyện Quảng Xương,Tỉnh Thanh Hóa,Tỉnh Thanh Hóa,Xã Lưu Vệ,Xã,16438
Xã Quảng Đức,Huyện Quảng Xương,Tỉnh Thanh Hóa,Tỉnh Thanh Hóa,Xã Lưu Vệ,Xã,16438
Xã Tiên Trang,Huyện Quảng Xương,Tỉnh Thanh Hóa,Tỉnh Thanh Hóa,Xã Tiên Trang,Xã,16549
Thị trấn Hậu Hiền,Huyện Thiệu Hóa,Tỉnh Thanh Hóa,Tỉnh Thanh Hóa,Xã Thiệu Toán,Xã,15820
Thị trấn Thiệu Hóa,Huyện Thiệu Hóa,Tỉnh Thanh Hóa,Tỉnh Thanh Hóa,Xã Thiệu Hóa,Xã,15772
Thị trấn Thiệu Hóa,Huyện Thiệu Hóa,Tỉnh Thanh Hóa,Tỉnh Thanh Hóa,Xã Thiệu Quang,Xã,15796
Thị trấn Thiệu Hóa,Huyện Thiệu Hóa,Tỉnh Thanh Hóa,Tỉnh Thanh Hóa,Xã Thiệu Trung,Xã,15835
Xã Thiệu Chính,Huyện Thiệu Hóa,Tỉnh Thanh Hóa,Tỉnh Thanh Hóa,Xã Thiệu Toán,Xã,15820
Xã Thiệu Công,Huyện Thiệu Hóa,Tỉnh Thanh Hóa,Tỉnh Thanh Hóa,Xã Thiệu Hóa,Xã,15772
Xã Thiệu Duy,Huyện Thiệu Hóa,Tỉnh Thanh Hóa,Tỉnh Thanh Hóa,Xã Thiệu Quang,Xã,15796
Xã Thiệu Giang,Huyện Thiệu Hóa,Tỉnh Thanh Hóa,Tỉnh Thanh Hóa,Xã Thiệu Quang,Xã,15796
Xã Thiệu Giao,Huyện Thiệu Hóa,Tỉnh Thanh Hóa,Tỉnh Thanh Hóa,Phường Đông Tiến,Phường,15853
Xã Thiệu Hòa,Huyện Thiệu Hóa,Tỉnh Thanh Hóa,Tỉnh Thanh Hóa,Xã Thiệu Toán,Xã,15820
Xã Thiệu Hợp,Huyện Thiệu Hóa,Tỉnh Thanh Hóa,Tỉnh Thanh Hóa,Xã Thiệu Quang,Xã,15796
Xã Thiệu Long,Huyện Thiệu Hóa,Tỉnh Thanh Hóa,Tỉnh Thanh Hóa,Xã Định Hòa,Xã,15448
Xã Thiệu Long,Huyện Thiệu Hóa,Tỉnh Thanh Hóa,Tỉnh Thanh Hóa,Xã Thiệu Hóa,Xã,15772
Xã Thiệu Lý,Huyện Thiệu Hóa,Tỉnh Thanh Hóa,Tỉnh Thanh Hóa,Xã Thiệu Trung,Xã,15835
Xã Thiệu Nguyên,Huyện Thiệu Hóa,Tỉnh Thanh Hóa,Tỉnh Thanh Hóa,Xã Thiệu Hóa,Xã,15772
Xã Thiệu Ngọc,Huyện Thiệu Hóa,Tỉnh Thanh Hóa,Tỉnh Thanh Hóa,Xã Thiệu Tiến,Xã,15778
Xã Thiệu Phúc,Huyện Thiệu Hóa,Tỉnh Thanh Hóa,Tỉnh Thanh Hóa,Xã Thiệu Hóa,Xã,15772
Xã Thiệu Quang,Huyện Thiệu Hóa,Tỉnh Thanh Hóa,Tỉnh Thanh Hóa,Xã Thiệu Quang,Xã,15796
Xã Thiệu Thành,Huyện Thiệu Hóa,Tỉnh Thanh Hóa,Tỉnh Thanh Hóa,Xã Thiệu Tiến,Xã,15778
Xã Thiệu Thịnh,Huyện Thiệu Hóa,Tỉnh Thanh Hóa,Tỉnh Thanh Hóa,Xã Thiệu Quang,Xã,15796
Xã Thiệu Tiến,Huyện Thiệu Hóa,Tỉnh Thanh Hóa,Tỉnh Thanh Hóa,Xã Thiệu Tiến,Xã,15778
Xã Thiệu Toán,Huyện Thiệu Hóa,Tỉnh Thanh Hóa,Tỉnh Thanh Hóa,Xã Thiệu Toán,Xã,15820
Xã Thiệu Trung,Huyện Thiệu Hóa,Tỉnh Thanh Hóa,Tỉnh Thanh Hóa,Xã Thiệu Trung,Xã,15835
Xã Thiệu Viên,Huyện Thiệu Hóa,Tỉnh Thanh Hóa,Tỉnh Thanh Hóa,Xã Thiệu Trung,Xã,15835
Xã Thiệu Vũ,Huyện Thiệu Hóa,Tỉnh Thanh Hóa,Tỉnh Thanh Hóa,Xã Thiệu Tiến,Xã,15778
Xã Thiệu Vận,Huyện Thiệu Hóa,Tỉnh Thanh Hóa,Tỉnh Thanh Hóa,Xã Thiệu Trung,Xã,15835
Xã Tân Châu,Huyện Thiệu Hóa,Tỉnh Thanh Hóa,Tỉnh Thanh Hóa,Phường Đông Tiến,Phường,15853
Thị trấn Thường Xuân,Huyện Thường Xuân,Tỉnh Thanh Hóa,Tỉnh Thanh Hóa,Xã Thường Xuân,Xã,15646
Xã Bát Mọt,Huyện Thường Xuân,Tỉnh Thanh Hóa,Tỉnh Thanh Hóa,Xã Bát Mọt,Xã,15607
Xã Luận Khê,Huyện Thường Xuân,Tỉnh Thanh Hóa,Tỉnh Thanh Hóa,Xã Luận Thành,Xã,15634
Xã Luận Khê,Huyện Thường Xuân,Tỉnh Thanh Hóa,Tỉnh Thanh Hóa,Xã Tân Thành,Xã,15661
Xã Luận Thành,Huyện Thường Xuân,Tỉnh Thanh Hóa,Tỉnh Thanh Hóa,Xã Luận Thành,Xã,15634
Xã Lương Sơn,Huyện Thường Xuân,Tỉnh Thanh Hóa,Tỉnh Thanh Hóa,Xã Lương Sơn,Xã,15628
Xã Ngọc Phụng,Huyện Thường Xuân,Tỉnh Thanh Hóa,Tỉnh Thanh Hóa,Xã Thường Xuân,Xã,15646
Xã Thọ Thanh,Huyện Thường Xuân,Tỉnh Thanh Hóa,Tỉnh Thanh Hóa,Xã Thường Xuân,Xã,15646
Xã Tân Thành,Huyện Thường Xuân,Tỉnh Thanh Hóa,Tỉnh Thanh Hóa,Xã Tân Thành,Xã,15661
Xã Vạn Xuân,Huyện Thường Xuân,Tỉnh Thanh Hóa,Tỉnh Thanh Hóa,Xã Vạn Xuân,Xã,15622
Xã Xuân Cao,Huyện Thường Xuân,Tỉnh Thanh Hóa,Tỉnh Thanh Hóa,Xã Luận Thành,Xã,15634
Xã Xuân Chinh,Huyện Thường Xuân,Tỉnh Thanh Hóa,Tỉnh Thanh Hóa,Xã Xuân Chinh,Xã,15658
Xã Xuân Dương,Huyện Thường Xuân,Tỉnh Thanh Hóa,Tỉnh Thanh Hóa,Xã Thường Xuân,Xã,15646
Xã Xuân Lẹ,Huyện Thường Xuân,Tỉnh Thanh Hóa,Tỉnh Thanh Hóa,Xã Xuân Chinh,Xã,15658
Xã Xuân Lộc,Huyện Thường Xuân,Tỉnh Thanh Hóa,Tỉnh Thanh Hóa,Xã Thắng Lộc,Xã,15643
Xã Xuân Thắng,Huyện Thường Xuân,Tỉnh Thanh Hóa,Tỉnh Thanh Hóa,Xã Thắng Lộc,Xã,15643
Xã Yên Nhân,Huyện Thường Xuân,Tỉnh Thanh Hóa,Tỉnh Thanh Hóa,Xã Yên Nhân,Xã,15610
Thị trấn Kim Tân,Huyện Thạch Thành,Tỉnh Thanh Hóa,Tỉnh Thanh Hóa,Xã Kim Tân,Xã,15187
Thị trấn Vân Du,Huyện Thạch Thành,Tỉnh Thanh Hóa,Tỉnh Thanh Hóa,Xã Vân Du,Xã,15190
Xã Ngọc Trạo,Huyện Thạch Thành,Tỉnh Thanh Hóa,Tỉnh Thanh Hóa,Xã Ngọc Trạo,Xã,15250
Xã Thành An,Huyện Thạch Thành,Tỉnh Thanh Hóa,Tỉnh Thanh Hóa,Xã Ngọc Trạo,Xã,15250
Xã Thành Công,Huyện Thạch Thành,Tỉnh Thanh Hóa,Tỉnh Thanh Hóa,Xã Vân Du,Xã,15190
Xã Thành Hưng,Huyện Thạch Thành,Tỉnh Thanh Hóa,Tỉnh Thanh Hóa,Xã Kim Tân,Xã,15187
Xã Thành Long,Huyện Thạch Thành,Tỉnh Thanh Hóa,Tỉnh Thanh Hóa,Xã Ngọc Trạo,Xã,15250
Xã Thành Minh,Huyện Thạch Thành,Tỉnh Thanh Hóa,Tỉnh Thanh Hóa,Xã Thành Vinh,Xã,15229
Xã Thành Mỹ,Huyện Thạch Thành,Tỉnh Thanh Hóa,Tỉnh Thanh Hóa,Xã Thành Vinh,Xã,15229
Xã Thành Thọ,Huyện Thạch Thành,Tỉnh Thanh Hóa,Tỉnh Thanh Hóa,Xã Kim Tân,Xã,15187
Xã Thành Tiến,Huyện Thạch Thành,Tỉnh Thanh Hóa,Tỉnh Thanh Hóa,Xã Kim Tân,Xã,15187
Xã Thành Trực,Huyện Thạch Thành,Tỉnh Thanh Hóa,Tỉnh Thanh Hóa,Xã Kim Tân,Xã,15187
Xã Thành Tâm,Huyện Thạch Thành,Tỉnh Thanh Hóa,Tỉnh Thanh Hóa,Xã Ngọc Trạo,Xã,15250
Xã Thành Tân,Huyện Thạch Thành,Tỉnh Thanh Hóa,Tỉnh Thanh Hóa,Xã Vân Du,Xã,15190
Xã Thành Vinh,Huyện Thạch Thành,Tỉnh Thanh Hóa,Tỉnh Thanh Hóa,Xã Thành Vinh,Xã,15229
Xã Thành Yên,Huyện Thạch Thành,Tỉnh Thanh Hóa,Tỉnh Thanh Hóa,Xã Thành Vinh,Xã,15229
Xã Thạch Bình,Huyện Thạch Thành,Tỉnh Thanh Hóa,Tỉnh Thanh Hóa,Xã Thạch Bình,Xã,15211
Xã Thạch Cẩm,Huyện Thạch Thành,Tỉnh Thanh Hóa,Tỉnh Thanh Hóa,Xã Thạch Bình,Xã,15211
Xã Thạch Long,Huyện Thạch Thành,Tỉnh Thanh Hóa,Tỉnh Thanh Hóa,Xã Thạch Bình,Xã,15211
Xã Thạch Lâm,Huyện Thạch Thành,Tỉnh Thanh Hóa,Tỉnh Thanh Hóa,Xã Thạch Quảng,Xã,15199
Xã Thạch Quảng,Huyện Thạch Thành,Tỉnh Thanh Hóa,Tỉnh Thanh Hóa,Xã Thạch Quảng,Xã,15199
Xã Thạch Sơn,Huyện Thạch Thành,Tỉnh Thanh Hóa,Tỉnh Thanh Hóa,Xã Thạch Bình,Xã,15211
Xã Thạch Tượng,Huyện Thạch Thành,Tỉnh Thanh Hóa,Tỉnh Thanh Hóa,Xã Thạch Quảng,Xã,15199
Xã Thạch Định,Huyện Thạch Thành,Tỉnh Thanh Hóa,Tỉnh Thanh Hóa,Xã Kim Tân,Xã,15187
Thị trấn Lam Sơn,Huyện Thọ Xuân,Tỉnh Thanh Hóa,Tỉnh Thanh Hóa,Xã Lam Sơn,Xã,15544
Thị trấn Sao Vàng,Huyện Thọ Xuân,Tỉnh Thanh Hóa,Tỉnh Thanh Hóa,Xã Sao Vàng,Xã,15553
Thị trấn Thọ Xuân,Huyện Thọ Xuân,Tỉnh Thanh Hóa,Tỉnh Thanh Hóa,Xã Thọ Xuân,Xã,15499
Xã Bắc Lương,Huyện Thọ Xuân,Tỉnh Thanh Hóa,Tỉnh Thanh Hóa,Xã Thọ Long,Xã,15505
Xã Nam Giang,Huyện Thọ Xuân,Tỉnh Thanh Hóa,Tỉnh Thanh Hóa,Xã Thọ Long,Xã,15505
Xã Phú Xuân,Huyện Thọ Xuân,Tỉnh Thanh Hóa,Tỉnh Thanh Hóa,Xã Xuân Tín,Xã,15574
Xã Quảng Phú,Huyện Thọ Xuân,Tỉnh Thanh Hóa,Tỉnh Thanh Hóa,Xã Xuân Tín,Xã,15574
Xã Thuận Minh,Huyện Thọ Xuân,Tỉnh Thanh Hóa,Tỉnh Thanh Hóa,Xã Thọ Lập,Xã,15568
Xã Thọ Diên,Huyện Thọ Xuân,Tỉnh Thanh Hóa,Tỉnh Thanh Hóa,Xã Xuân Hòa,Xã,15520
Xã Thọ Hải,Huyện Thọ Xuân,Tỉnh Thanh Hóa,Tỉnh Thanh Hóa,Xã Xuân Hòa,Xã,15520
Xã Thọ Lâm,Huyện Thọ Xuân,Tỉnh Thanh Hóa,Tỉnh Thanh Hóa,Xã Sao Vàng,Xã,15553
Xã Thọ Lập,Huyện Thọ Xuân,Tỉnh Thanh Hóa,Tỉnh Thanh Hóa,Xã Thọ Lập,Xã,15568
Xã Thọ Lộc,Huyện Thọ Xuân,Tỉnh Thanh Hóa,Tỉnh Thanh Hóa,Xã Thọ Long,Xã,15505
Xã Thọ Xương,Huyện Thọ Xuân,Tỉnh Thanh Hóa,Tỉnh Thanh Hóa,Xã Lam Sơn,Xã,15544
Xã Trường Xuân,Huyện Thọ Xuân,Tỉnh Thanh Hóa,Tỉnh Thanh Hóa,Xã Xuân Lập,Xã,15592
Xã Tây Hồ,Huyện Thọ Xuân,Tỉnh Thanh Hóa,Tỉnh Thanh Hóa,Xã Thọ Long,Xã,15505
Xã Xuân Bái,Huyện Thọ Xuân,Tỉnh Thanh Hóa,Tỉnh Thanh Hóa,Xã Lam Sơn,Xã,15544
Xã Xuân Giang,Huyện Thọ Xuân,Tỉnh Thanh Hóa,Tỉnh Thanh Hóa,Xã Thọ Xuân,Xã,15499
Xã Xuân Hòa,Huyện Thọ Xuân,Tỉnh Thanh Hóa,Tỉnh Thanh Hóa,Xã Xuân Hòa,Xã,15520
Xã Xuân Hưng,Huyện Thọ Xuân,Tỉnh Thanh Hóa,Tỉnh Thanh Hóa,Xã Xuân Hòa,Xã,15520
Xã Xuân Hồng,Huyện Thọ Xuân,Tỉnh Thanh Hóa,Tỉnh Thanh Hóa,Xã Thọ Xuân,Xã,15499
Xã Xuân Lai,Huyện Thọ Xuân,Tỉnh Thanh Hóa,Tỉnh Thanh Hóa,Xã Xuân Lập,Xã,15592
Xã Xuân Lập,Huyện Thọ Xuân,Tỉnh Thanh Hóa,Tỉnh Thanh Hóa,Xã Xuân Lập,Xã,15592
Xã Xuân Minh,Huyện Thọ Xuân,Tỉnh Thanh Hóa,Tỉnh Thanh Hóa,Xã Xuân Lập,Xã,15592
Xã Xuân Phong,Huyện Thọ Xuân,Tỉnh Thanh Hóa,Tỉnh Thanh Hóa,Xã Thọ Long,Xã,15505
Xã Xuân Phú,Huyện Thọ Xuân,Tỉnh Thanh Hóa,Tỉnh Thanh Hóa,Xã Sao Vàng,Xã,15553
Xã Xuân Sinh,Huyện Thọ Xuân,Tỉnh Thanh Hóa,Tỉnh Thanh Hóa,Xã Sao Vàng,Xã,15553
Xã Xuân Thiên,Huyện Thọ Xuân,Tỉnh Thanh Hóa,Tỉnh Thanh Hóa,Xã Thọ Lập,Xã,15568
Xã Xuân Trường,Huyện Thọ Xuân,Tỉnh Thanh Hóa,Tỉnh Thanh Hóa,Xã Thọ Xuân,Xã,15499
Xã Xuân Tín,Huyện Thọ Xuân,Tỉnh Thanh Hóa,Tỉnh Thanh Hóa,Xã Xuân Tín,Xã,15574
Thị trấn Nưa,Huyện Triệu Sơn,Tỉnh Thanh Hóa,Tỉnh Thanh Hóa,Xã Tân Ninh,Xã,15715
Thị trấn Triệu Sơn,Huyện Triệu Sơn,Tỉnh Thanh Hóa,Tỉnh Thanh Hóa,Xã Triệu Sơn,Xã,15664
Xã An Nông,Huyện Triệu Sơn,Tỉnh Thanh Hóa,Tỉnh Thanh Hóa,Xã An Nông,Xã,15766
Xã Bình Sơn,Huyện Triệu Sơn,Tỉnh Thanh Hóa,Tỉnh Thanh Hóa,Xã Thọ Bình,Xã,15667
Xã Dân Lý,Huyện Triệu Sơn,Tỉnh Thanh Hóa,Tỉnh Thanh Hóa,Xã Triệu Sơn,Xã,15664
Xã Dân Lực,Huyện Triệu Sơn,Tỉnh Thanh Hóa,Tỉnh Thanh Hóa,Xã Triệu Sơn,Xã,15664
Xã Dân Quyền,Huyện Triệu Sơn,Tỉnh Thanh Hóa,Tỉnh Thanh Hóa,Xã Triệu Sơn,Xã,15664
Xã Hợp Lý,Huyện Triệu Sơn,Tỉnh Thanh Hóa,Tỉnh Thanh Hóa,Xã Hợp Tiến,Xã,15682
Xã Hợp Thành,Huyện Triệu Sơn,Tỉnh Thanh Hóa,Tỉnh Thanh Hóa,Xã Hợp Tiến,Xã,15682
Xã Hợp Thắng,Huyện Triệu Sơn,Tỉnh Thanh Hóa,Tỉnh Thanh Hóa,Xã Hợp Tiến,Xã,15682
Xã Hợp Tiến,Huyện Triệu Sơn,Tỉnh Thanh Hóa,Tỉnh Thanh Hóa,Xã Hợp Tiến,Xã,15682
Xã Khuyến Nông,Huyện Triệu Sơn,Tỉnh Thanh Hóa,Tỉnh Thanh Hóa,Xã An Nông,Xã,15766
Xã Minh Sơn,Huyện Triệu Sơn,Tỉnh Thanh Hóa,Tỉnh Thanh Hóa,Xã Triệu Sơn,Xã,15664
Xã Nông Trường,Huyện Triệu Sơn,Tỉnh Thanh Hóa,Tỉnh Thanh Hóa,Xã An Nông,Xã,15766
Xã Thái Hòa,Huyện Triệu Sơn,Tỉnh Thanh Hóa,Tỉnh Thanh Hóa,Xã Tân Ninh,Xã,15715
Xã Thọ Bình,Huyện Triệu Sơn,Tỉnh Thanh Hóa,Tỉnh Thanh Hóa,Xã Thọ Bình,Xã,15667
Xã Thọ Cường,Huyện Triệu Sơn,Tỉnh Thanh Hóa,Tỉnh Thanh Hóa,Xã Thọ Ngọc,Xã,15754
Xã Thọ Dân,Huyện Triệu Sơn,Tỉnh Thanh Hóa,Tỉnh Thanh Hóa,Xã Thọ Phú,Xã,15763
Xã Thọ Ngọc,Huyện Triệu Sơn,Tỉnh Thanh Hóa,Tỉnh Thanh Hóa,Xã Thọ Ngọc,Xã,15754
Xã Thọ Phú,Huyện Triệu Sơn,Tỉnh Thanh Hóa,Tỉnh Thanh Hóa,Xã Thọ Phú,Xã,15763
Xã Thọ Sơn,Huyện Triệu Sơn,Tỉnh Thanh Hóa,Tỉnh Thanh Hóa,Xã Thọ Bình,Xã,15667
Xã Thọ Thế,Huyện Triệu Sơn,Tỉnh Thanh Hóa,Tỉnh Thanh Hóa,Xã Thọ Phú,Xã,15763
Xã Thọ Tiến,Huyện Triệu Sơn,Tỉnh Thanh Hóa,Tỉnh Thanh Hóa,Xã Thọ Ngọc,Xã,15754
Xã Thọ Tân,Huyện Triệu Sơn,Tỉnh Thanh Hóa,Tỉnh Thanh Hóa,Xã Thọ Phú,Xã,15763
Xã Tiến Nông,Huyện Triệu Sơn,Tỉnh Thanh Hóa,Tỉnh Thanh Hóa,Xã An Nông,Xã,15766
Xã Triệu Thành,Huyện Triệu Sơn,Tỉnh Thanh Hóa,Tỉnh Thanh Hóa,Xã Hợp Tiến,Xã,15682
Xã Vân Sơn,Huyện Triệu Sơn,Tỉnh Thanh Hóa,Tỉnh Thanh Hóa,Xã Tân Ninh,Xã,15715
Xã Xuân Lộc,Huyện Triệu Sơn,Tỉnh Thanh Hóa,Tỉnh Thanh Hóa,Xã Thọ Phú,Xã,15763
Xã Xuân Thọ,Huyện Triệu Sơn,Tỉnh Thanh Hóa,Tỉnh Thanh Hóa,Xã Thọ Ngọc,Xã,15754
Xã Đồng Lợi,Huyện Triệu Sơn,Tỉnh Thanh Hóa,Tỉnh Thanh Hóa,Xã Đồng Tiến,Xã,15724
Xã Đồng Thắng,Huyện Triệu Sơn,Tỉnh Thanh Hóa,Tỉnh Thanh Hóa,Xã Đồng Tiến,Xã,15724
Xã Đồng Tiến,Huyện Triệu Sơn,Tỉnh Thanh Hóa,Tỉnh Thanh Hóa,Xã Đồng Tiến,Xã,15724
Thị trấn Vĩnh Lộc,Huyện Vĩnh Lộc,Tỉnh Thanh Hóa,Tỉnh Thanh Hóa,Xã Vĩnh Lộc,Xã,15349
Xã Minh Tân,Huyện Vĩnh Lộc,Tỉnh Thanh Hóa,Tỉnh Thanh Hóa,Xã Biện Thượng,Xã,15382
Xã Ninh Khang,Huyện Vĩnh Lộc,Tỉnh Thanh Hóa,Tỉnh Thanh Hóa,Xã Vĩnh Lộc,Xã,15349
Xã Vĩnh An,Huyện Vĩnh Lộc,Tỉnh Thanh Hóa,Tỉnh Thanh Hóa,Xã Biện Thượng,Xã,15382
Xã Vĩnh Hòa,Huyện Vĩnh Lộc,Tỉnh Thanh Hóa,Tỉnh Thanh Hóa,Xã Vĩnh Lộc,Xã,15349
Xã Vĩnh Hùng,Huyện Vĩnh Lộc,Tỉnh Thanh Hóa,Tỉnh Thanh Hóa,Xã Biện Thượng,Xã,15382
Xã Vĩnh Hưng,Huyện Vĩnh Lộc,Tỉnh Thanh Hóa,Tỉnh Thanh Hóa,Xã Vĩnh Lộc,Xã,15349
Xã Vĩnh Long,Huyện Vĩnh Lộc,Tỉnh Thanh Hóa,Tỉnh Thanh Hóa,Xã Tây Đô,Xã,15361
Xã Vĩnh Phúc,Huyện Vĩnh Lộc,Tỉnh Thanh Hóa,Tỉnh Thanh Hóa,Xã Vĩnh Lộc,Xã,15349
Xã Vĩnh Quang,Huyện Vĩnh Lộc,Tỉnh Thanh Hóa,Tỉnh Thanh Hóa,Xã Tây Đô,Xã,15361
Xã Vĩnh Thịnh,Huyện Vĩnh Lộc,Tỉnh Thanh Hóa,Tỉnh Thanh Hóa,Xã Biện Thượng,Xã,15382
Xã Vĩnh Tiến,Huyện Vĩnh Lộc,Tỉnh Thanh Hóa,Tỉnh Thanh Hóa,Xã Tây Đô,Xã,15361
Xã Vĩnh Yên,Huyện Vĩnh Lộc,Tỉnh Thanh Hóa,Tỉnh Thanh Hóa,Xã Tây Đô,Xã,15361
Thị trấn Quán Lào,Huyện Yên Định,Tỉnh Thanh Hóa,Tỉnh Thanh Hóa,Xã Yên Định,Xã,15469
Thị trấn Quý Lộc,Huyện Yên Định,Tỉnh Thanh Hóa,Tỉnh Thanh Hóa,Xã Quý Lộc,Xã,15412
Thị trấn Thống Nhất,Huyện Yên Định,Tỉnh Thanh Hóa,Tỉnh Thanh Hóa,Xã Yên Phú,Xã,15409
Thị trấn Yên Lâm,Huyện Yên Định,Tỉnh Thanh Hóa,Tỉnh Thanh Hóa,Xã Quý Lộc,Xã,15412
Xã Yên Hùng,Huyện Yên Định,Tỉnh Thanh Hóa,Tỉnh Thanh Hóa,Xã Yên Ninh,Xã,15442
Xã Yên Ninh,Huyện Yên Định,Tỉnh Thanh Hóa,Tỉnh Thanh Hóa,Xã Yên Ninh,Xã,15442
Xã Yên Phong,Huyện Yên Định,Tỉnh Thanh Hóa,Tỉnh Thanh Hóa,Xã Yên Trường,Xã,15421
Xã Yên Phú,Huyện Yên Định,Tỉnh Thanh Hóa,Tỉnh Thanh Hóa,Xã Yên Phú,Xã,15409
Xã Yên Thái,Huyện Yên Định,Tỉnh Thanh Hóa,Tỉnh Thanh Hóa,Xã Yên Trường,Xã,15421
Xã Yên Thịnh,Huyện Yên Định,Tỉnh Thanh Hóa,Tỉnh Thanh Hóa,Xã Yên Ninh,Xã,15442
Xã Yên Thọ,Huyện Yên Định,Tỉnh Thanh Hóa,Tỉnh Thanh Hóa,Xã Quý Lộc,Xã,15412
Xã Yên Trung,Huyện Yên Định,Tỉnh Thanh Hóa,Tỉnh Thanh Hóa,Xã Yên Trường,Xã,15421
Xã Yên Trường,Huyện Yên Định,Tỉnh Thanh Hóa,Tỉnh Thanh Hóa,Xã Yên Trường,Xã,15421
Xã Yên Tâm,Huyện Yên Định,Tỉnh Thanh Hóa,Tỉnh Thanh Hóa,Xã Yên Phú,Xã,15409
Xã Định Bình,Huyện Yên Định,Tỉnh Thanh Hóa,Tỉnh Thanh Hóa,Xã Định Hòa,Xã,15448
Xã Định Công,Huyện Yên Định,Tỉnh Thanh Hóa,Tỉnh Thanh Hóa,Xã Định Hòa,Xã,15448
Xã Định Hòa,Huyện Yên Định,Tỉnh Thanh Hóa,Tỉnh Thanh Hóa,Xã Định Hòa,Xã,15448
Xã Định Hưng,Huyện Yên Định,Tỉnh Thanh Hóa,Tỉnh Thanh Hóa,Xã Định Tân,Xã,15457
Xã Định Hải,Huyện Yên Định,Tỉnh Thanh Hóa,Tỉnh Thanh Hóa,Xã Định Tân,Xã,15457
Xã Định Liên,Huyện Yên Định,Tỉnh Thanh Hóa,Tỉnh Thanh Hóa,Xã Yên Định,Xã,15469
Xã Định Long,Huyện Yên Định,Tỉnh Thanh Hóa,Tỉnh Thanh Hóa,Xã Yên Định,Xã,15469
Xã Định Thành,Huyện Yên Định,Tỉnh Thanh Hóa,Tỉnh Thanh Hóa,Xã Định Hòa,Xã,15448
Xã Định Tiến,Huyện Yên Định,Tỉnh Thanh Hóa,Tỉnh Thanh Hóa,Xã Định Tân,Xã,15457
Xã Định Tân,Huyện Yên Định,Tỉnh Thanh Hóa,Tỉnh Thanh Hóa,Xã Định Tân,Xã,15457
Xã Định Tăng,Huyện Yên Định,Tỉnh Thanh Hóa,Tỉnh Thanh Hóa,Xã Yên Định,Xã,15469
Phường Bắc Sơn,Thành phố Sầm Sơn,Tỉnh Thanh Hóa,Tỉnh Thanh Hóa,Phường Sầm Sơn,Phường,16531
Phường Quảng Châu,Thành phố Sầm Sơn,Tỉnh Thanh Hóa,Tỉnh Thanh Hóa,Phường Sầm Sơn,Phường,16531
Phường Quảng Cư,Thành phố Sầm Sơn,Tỉnh Thanh Hóa,Tỉnh Thanh Hóa,Phường Sầm Sơn,Phường,16531
Phường Quảng Thọ,Thành phố Sầm Sơn,Tỉnh Thanh Hóa,Tỉnh Thanh Hóa,Phường Sầm Sơn,Phường,16531
Phường Quảng Tiến,Thành phố Sầm Sơn,Tỉnh Thanh Hóa,Tỉnh Thanh Hóa,Phường Sầm Sơn,Phường,16531
Phường Quảng Vinh,Thành phố Sầm Sơn,Tỉnh Thanh Hóa,Tỉnh Thanh Hóa,Phường Nam Sầm Sơn,Phường,16516
Phường Trung Sơn,Thành phố Sầm Sơn,Tỉnh Thanh Hóa,Tỉnh Thanh Hóa,Phường Sầm Sơn,Phường,16531
Phường Trường Sơn,Thành phố Sầm Sơn,Tỉnh Thanh Hóa,Tỉnh Thanh Hóa,Phường Sầm Sơn,Phường,16531
Xã Quảng Minh,Thành phố Sầm Sơn,Tỉnh Thanh Hóa,Tỉnh Thanh Hóa,Phường Nam Sầm Sơn,Phường,16516
Xã Đại Hùng,Thành phố Sầm Sơn,Tỉnh Thanh Hóa,Tỉnh Thanh Hóa,Phường Nam Sầm Sơn,Phường,16516
Phường An Hưng,Thành phố Thanh Hóa,Tỉnh Thanh Hóa,Tỉnh Thanh Hóa,Phường Đông Quang,Phường,16417
Phường An Hưng,Thành phố Thanh Hóa,Tỉnh Thanh Hóa,Tỉnh Thanh Hóa,Phường Hạc Thành,Phường,14797
Phường Ba Đình,Thành phố Thanh Hóa,Tỉnh Thanh Hóa,Tỉnh Thanh Hóa,Phường Hạc Thành,Phường,14797
Phường Hoằng Quang,Thành phố Thanh Hóa,Tỉnh Thanh Hóa,Tỉnh Thanh Hóa,Phường Nguyệt Viên,Phường,15925
Phường Hoằng Đại,Thành phố Thanh Hóa,Tỉnh Thanh Hóa,Tỉnh Thanh Hóa,Phường Nguyệt Viên,Phường,15925
Phường Hàm Rồng,Thành phố Thanh Hóa,Tỉnh Thanh Hóa,Tỉnh Thanh Hóa,Phường Hàm Rồng,Phường,14758
Phường Lam Sơn,Thành phố Thanh Hóa,Tỉnh Thanh Hóa,Tỉnh Thanh Hóa,Phường Hạc Thành,Phường,14797
Phường Long Anh,Thành phố Thanh Hóa,Tỉnh Thanh Hóa,Tỉnh Thanh Hóa,Phường Nguyệt Viên,Phường,15925
Phường Nam Ngạn,Thành phố Thanh Hóa,Tỉnh Thanh Hóa,Tỉnh Thanh Hóa,Phường Hàm Rồng,Phường,14758
Phường Ngọc Trạo,Thành phố Thanh Hóa,Tỉnh Thanh Hóa,Tỉnh Thanh Hóa,Phường Hạc Thành,Phường,14797
Phường Phú Sơn,Thành phố Thanh Hóa,Tỉnh Thanh Hóa,Tỉnh Thanh Hóa,Phường Hạc Thành,Phường,14797
Phường Quảng Cát,Thành phố Thanh Hóa,Tỉnh Thanh Hóa,Tỉnh Thanh Hóa,Phường Quảng Phú,Phường,16522
Phường Quảng Hưng,Thành phố Thanh Hóa,Tỉnh Thanh Hóa,Tỉnh Thanh Hóa,Phường Quảng Phú,Phường,16522
Phường Quảng Phú,Thành phố Thanh Hóa,Tỉnh Thanh Hóa,Tỉnh Thanh Hóa,Phường Quảng Phú,Phường,16522
Phường Quảng Thành,Thành phố Thanh Hóa,Tỉnh Thanh Hóa,Tỉnh Thanh Hóa,Phường Quảng Phú,Phường,16522
Phường Quảng Thắng,Thành phố Thanh Hóa,Tỉnh Thanh Hóa,Tỉnh Thanh Hóa,Phường Đông Quang,Phường,16417
Phường Quảng Thịnh,Thành phố Thanh Hóa,Tỉnh Thanh Hóa,Tỉnh Thanh Hóa,Phường Quảng Phú,Phường,16522
Phường Quảng Tâm,Thành phố Thanh Hóa,Tỉnh Thanh Hóa,Tỉnh Thanh Hóa,Phường Quảng Phú,Phường,16522
Phường Quảng Đông,Thành phố Thanh Hóa,Tỉnh Thanh Hóa,Tỉnh Thanh Hóa,Phường Quảng Phú,Phường,16522
Phường Rừng Thông,Thành phố Thanh Hóa,Tỉnh Thanh Hóa,Tỉnh Thanh Hóa,Phường Đông Sơn,Phường,16378
Phường Thiệu Dương,Thành phố Thanh Hóa,Tỉnh Thanh Hóa,Tỉnh Thanh Hóa,Phường Hàm Rồng,Phường,14758
Phường Thiệu Khánh,Thành phố Thanh Hóa,Tỉnh Thanh Hóa,Tỉnh Thanh Hóa,Phường Đông Tiến,Phường,15853
Phường Trường Thi,Thành phố Thanh Hóa,Tỉnh Thanh Hóa,Tỉnh Thanh Hóa,Phường Hạc Thành,Phường,14797
Phường Tào Xuyên,Thành phố Thanh Hóa,Tỉnh Thanh Hóa,Tỉnh Thanh Hóa,Phường Nguyệt Viên,Phường,15925
Phường Điện Biên,Thành phố Thanh Hóa,Tỉnh Thanh Hóa,Tỉnh Thanh Hóa,Phường Hạc Thành,Phường,14797
Phường Đông Cương,Thành phố Thanh Hóa,Tỉnh Thanh Hóa,Tỉnh Thanh Hóa,Phường Hàm Rồng,Phường,14758
Phường Đông Hương,Thành phố Thanh Hóa,Tỉnh Thanh Hóa,Tỉnh Thanh Hóa,Phường Hạc Thành,Phường,14797
Phường Đông Hải,Thành phố Thanh Hóa,Tỉnh Thanh Hóa,Tỉnh Thanh Hóa,Phường Hạc Thành,Phường,14797
Phường Đông Lĩnh,Thành phố Thanh Hóa,Tỉnh Thanh Hóa,Tỉnh Thanh Hóa,Phường Đông Tiến,Phường,15853
Phường Đông Sơn,Thành phố Thanh Hóa,Tỉnh Thanh Hóa,Tỉnh Thanh Hóa,Phường Hạc Thành,Phường,14797
Phường Đông Thịnh,Thành phố Thanh Hóa,Tỉnh Thanh Hóa,Tỉnh Thanh Hóa,Phường Đông Sơn,Phường,16378
Phường Đông Thọ,Thành phố Thanh Hóa,Tỉnh Thanh Hóa,Tỉnh Thanh Hóa,Phường Hạc Thành,Phường,14797
Phường Đông Thọ,Thành phố Thanh Hóa,Tỉnh Thanh Hóa,Tỉnh Thanh Hóa,Phường Hàm Rồng,Phường,14758
Phường Đông Tân,Thành phố Thanh Hóa,Tỉnh Thanh Hóa,Tỉnh Thanh Hóa,Phường Đông Sơn,Phường,16378
Phường Đông Vệ,Thành phố Thanh Hóa,Tỉnh Thanh Hóa,Tỉnh Thanh Hóa,Phường Hạc Thành,Phường,14797
Xã Thiệu Vân,Thành phố Thanh Hóa,Tỉnh Thanh Hóa,Tỉnh Thanh Hóa,Phường Đông Tiến,Phường,15853
Xã Đông Hoàng,Thành phố Thanh Hóa,Tỉnh Thanh Hóa,Tỉnh Thanh Hóa,Phường Đông Sơn,Phường,16378
Xã Đông Hòa,Thành phố Thanh Hóa,Tỉnh Thanh Hóa,Tỉnh Thanh Hóa,Phường Đông Sơn,Phường,16378
Xã Đông Khê,Thành phố Thanh Hóa,Tỉnh Thanh Hóa,Tỉnh Thanh Hóa,Phường Đông Sơn,Phường,16378
Xã Đông Minh,Thành phố Thanh Hóa,Tỉnh Thanh Hóa,Tỉnh Thanh Hóa,Phường Đông Sơn,Phường,16378
Xã Đông Nam,Thành phố Thanh Hóa,Tỉnh Thanh Hóa,Tỉnh Thanh Hóa,Phường Đông Quang,Phường,16417
Xã Đông Ninh,Thành phố Thanh Hóa,Tỉnh Thanh Hóa,Tỉnh Thanh Hóa,Phường Đông Sơn,Phường,16378
Xã Đông Phú,Thành phố Thanh Hóa,Tỉnh Thanh Hóa,Tỉnh Thanh Hóa,Phường Đông Quang,Phường,16417
Xã Đông Quang,Thành phố Thanh Hóa,Tỉnh Thanh Hóa,Tỉnh Thanh Hóa,Phường Đông Quang,Phường,16417
Xã Đông Thanh,Thành phố Thanh Hóa,Tỉnh Thanh Hóa,Tỉnh Thanh Hóa,Phường Đông Tiến,Phường,15853
Xã Đông Tiến,Thành phố Thanh Hóa,Tỉnh Thanh Hóa,Tỉnh Thanh Hóa,Phường Đông Tiến,Phường,15853
Xã Đông Vinh,Thành phố Thanh Hóa,Tỉnh Thanh Hóa,Tỉnh Thanh Hóa,Phường Đông Quang,Phường,16417
Xã Đông Văn,Thành phố Thanh Hóa,Tỉnh Thanh Hóa,Tỉnh Thanh Hóa,Phường Đông Quang,Phường,16417
Xã Đông Yên,Thành phố Thanh Hóa,Tỉnh Thanh Hóa,Tỉnh Thanh Hóa,Phường Đông Quang,Phường,16417
Phường Ba Đình,Thị xã Bỉm Sơn,Tỉnh Thanh Hóa,Tỉnh Thanh Hóa,Phường Bỉm Sơn,Phường,14812
Phường Bắc Sơn,Thị xã Bỉm Sơn,Tỉnh Thanh Hóa,Tỉnh Thanh Hóa,Phường Quang Trung,Phường,14818
Phường Lam Sơn,Thị xã Bỉm Sơn,Tỉnh Thanh Hóa,Tỉnh Thanh Hóa,Phường Bỉm Sơn,Phường,14812
Phường Ngọc Trạo,Thị xã Bỉm Sơn,Tỉnh Thanh Hóa,Tỉnh Thanh Hóa,Phường Quang Trung,Phường,14818
Phường Phú Sơn,Thị xã Bỉm Sơn,Tỉnh Thanh Hóa,Tỉnh Thanh Hóa,Phường Quang Trung,Phường,14818
Phường Đông Sơn,Thị xã Bỉm Sơn,Tỉnh Thanh Hóa,Tỉnh Thanh Hóa,Phường Bỉm Sơn,Phường,14812
Xã Quang Trung,Thị xã Bỉm Sơn,Tỉnh Thanh Hóa,Tỉnh Thanh Hóa,Phường Quang Trung,Phường,14818
Phường Bình Minh,Thị xã Nghi Sơn,Tỉnh Thanh Hóa,Tỉnh Thanh Hóa,Phường Tĩnh Gia,Phường,16561
Phường Hải An,Thị xã Nghi Sơn,Tỉnh Thanh Hóa,Tỉnh Thanh Hóa,Phường Tân Dân,Phường,16594
Phường Hải Bình,Thị xã Nghi Sơn,Tỉnh Thanh Hóa,Tỉnh Thanh Hóa,Phường Hải Bình,Phường,16645
Phường Hải Châu,Thị xã Nghi Sơn,Tỉnh Thanh Hóa,Tỉnh Thanh Hóa,Phường Ngọc Sơn,Phường,16576
Phường Hải Hòa,Thị xã Nghi Sơn,Tỉnh Thanh Hóa,Tỉnh Thanh Hóa,Phường Tĩnh Gia,Phường,16561
Phường Hải Lĩnh,Thị xã Nghi Sơn,Tỉnh Thanh Hóa,Tỉnh Thanh Hóa,Phường Hải Lĩnh,Phường,16597
Phường Hải Ninh,Thị xã Nghi Sơn,Tỉnh Thanh Hóa,Tỉnh Thanh Hóa,Phường Ngọc Sơn,Phường,16576
Phường Hải Thanh,Thị xã Nghi Sơn,Tỉnh Thanh Hóa,Tỉnh Thanh Hóa,Phường Tĩnh Gia,Phường,16561
Phường Hải Thượng,Thị xã Nghi Sơn,Tỉnh Thanh Hóa,Tỉnh Thanh Hóa,Phường Nghi Sơn,Phường,16654
Phường Mai Lâm,Thị xã Nghi Sơn,Tỉnh Thanh Hóa,Tỉnh Thanh Hóa,Phường Hải Bình,Phường,16645
Phường Nguyên Bình,Thị xã Nghi Sơn,Tỉnh Thanh Hóa,Tỉnh Thanh Hóa,Phường Đào Duy Từ,Phường,16609
Phường Ninh Hải,Thị xã Nghi Sơn,Tỉnh Thanh Hóa,Tỉnh Thanh Hóa,Phường Hải Lĩnh,Phường,16597
Phường Trúc Lâm,Thị xã Nghi Sơn,Tỉnh Thanh Hóa,Tỉnh Thanh Hóa,Phường Trúc Lâm,Phường,16624
Phường Tân Dân,Thị xã Nghi Sơn,Tỉnh Thanh Hóa,Tỉnh Thanh Hóa,Phường Tân Dân,Phường,16594
Phường Tĩnh Hải,Thị xã Nghi Sơn,Tỉnh Thanh Hóa,Tỉnh Thanh Hóa,Phường Hải Bình,Phường,16645
Phường Xuân Lâm,Thị xã Nghi Sơn,Tỉnh Thanh Hóa,Tỉnh Thanh Hóa,Phường Đào Duy Từ,Phường,16609
Xã Anh Sơn,Thị xã Nghi Sơn,Tỉnh Thanh Hóa,Tỉnh Thanh Hóa,Xã Các Sơn,Xã,16591
Xã Các Sơn,Thị xã Nghi Sơn,Tỉnh Thanh Hóa,Tỉnh Thanh Hóa,Xã Các Sơn,Xã,16591
Xã Hải Hà,Thị xã Nghi Sơn,Tỉnh Thanh Hóa,Tỉnh Thanh Hóa,Phường Nghi Sơn,Phường,16654
Xã Hải Nhân,Thị xã Nghi Sơn,Tỉnh Thanh Hóa,Tỉnh Thanh Hóa,Phường Tĩnh Gia,Phường,16561
Xã Nghi Sơn,Thị xã Nghi Sơn,Tỉnh Thanh Hóa,Tỉnh Thanh Hóa,Phường Nghi Sơn,Phường,16654
Xã Ngọc Lĩnh,Thị xã Nghi Sơn,Tỉnh Thanh Hóa,Tỉnh Thanh Hóa,Phường Tân Dân,Phường,16594
Xã Phú Lâm,Thị xã Nghi Sơn,Tỉnh Thanh Hóa,Tỉnh Thanh Hóa,Phường Trúc Lâm,Phường,16624
Xã Phú Sơn,Thị xã Nghi Sơn,Tỉnh Thanh Hóa,Tỉnh Thanh Hóa,Phường Trúc Lâm,Phường,16624
Xã Thanh Sơn,Thị xã Nghi Sơn,Tỉnh Thanh Hóa,Tỉnh Thanh Hóa,Phường Ngọc Sơn,Phường,16576
Xã Thanh Thủy,Thị xã Nghi Sơn,Tỉnh Thanh Hóa,Tỉnh Thanh Hóa,Phường Ngọc Sơn,Phường,16576
Xã Trường Lâm,Thị xã Nghi Sơn,Tỉnh Thanh Hóa,Tỉnh Thanh Hóa,Xã Trường Lâm,Xã,16636
Xã Tân Trường,Thị xã Nghi Sơn,Tỉnh Thanh Hóa,Tỉnh Thanh Hóa,Xã Trường Lâm,Xã,16636
Xã Tùng Lâm,Thị xã Nghi Sơn,Tỉnh Thanh Hóa,Tỉnh Thanh Hóa,Phường Trúc Lâm,Phường,16624
Xã Định Hải,Thị xã Nghi Sơn,Tỉnh Thanh Hóa,Tỉnh Thanh Hóa,Phường Hải Lĩnh,Phường,16597
Thị trấn Chợ Rã,Huyện Ba Bể,Tỉnh Bắc Kạn,Tỉnh Thái Nguyên,Xã Chợ Rã,Xã,1912
Xã Bành Trạch,Huyện Ba Bể,Tỉnh Bắc Kạn,Tỉnh Thái Nguyên,Xã Phúc Lộc,Xã,1894
Xã Cao Thượng,Huyện Ba Bể,Tỉnh Bắc Kạn,Tỉnh Thái Nguyên,Xã Ba Bể,Xã,1906
Xã Chu Hương,Huyện Ba Bể,Tỉnh Bắc Kạn,Tỉnh Thái Nguyên,Xã Thượng Minh,Xã,1921
Xã Hoàng Trĩ,Huyện Ba Bể,Tỉnh Bắc Kạn,Tỉnh Thái Nguyên,Xã Đồng Phúc,Xã,1933
Xã Hà Hiệu,Huyện Ba Bể,Tỉnh Bắc Kạn,Tỉnh Thái Nguyên,Xã Phúc Lộc,Xã,1894
Xã Khang Ninh,Huyện Ba Bể,Tỉnh Bắc Kạn,Tỉnh Thái Nguyên,Xã Ba Bể,Xã,1906
Xã Mỹ Phương,Huyện Ba Bể,Tỉnh Bắc Kạn,Tỉnh Thái Nguyên,Xã Thượng Minh,Xã,1921
Xã Nam Mẫu,Huyện Ba Bể,Tỉnh Bắc Kạn,Tỉnh Thái Nguyên,Xã Ba Bể,Xã,1906
Xã Phúc Lộc,Huyện Ba Bể,Tỉnh Bắc Kạn,Tỉnh Thái Nguyên,Xã Phúc Lộc,Xã,1894
Xã Quảng Khê,Huyện Ba Bể,Tỉnh Bắc Kạn,Tỉnh Thái Nguyên,Xã Đồng Phúc,Xã,1933
Xã Thượng Giáo,Huyện Ba Bể,Tỉnh Bắc Kạn,Tỉnh Thái Nguyên,Xã Chợ Rã,Xã,1912
Xã Yến Dương,Huyện Ba Bể,Tỉnh Bắc Kạn,Tỉnh Thái Nguyên,Xã Thượng Minh,Xã,1921
Xã Địa Linh,Huyện Ba Bể,Tỉnh Bắc Kạn,Tỉnh Thái Nguyên,Xã Chợ Rã,Xã,1912
Xã Đồng Phúc,Huyện Ba Bể,Tỉnh Bắc Kạn,Tỉnh Thái Nguyên,Xã Đồng Phúc,Xã,1933
Thị trấn Phủ Thông,Huyện Bạch Thông,Tỉnh Bắc Kạn,Tỉnh Thái Nguyên,Xã Phủ Thông,Xã,1969
Xã Cao Sơn,Huyện Bạch Thông,Tỉnh Bắc Kạn,Tỉnh Thái Nguyên,Xã Vĩnh Thông,Xã,1981
Xã Cẩm Giàng,Huyện Bạch Thông,Tỉnh Bắc Kạn,Tỉnh Thái Nguyên,Xã Cẩm Giàng,Xã,2008
Xã Dương Phong,Huyện Bạch Thông,Tỉnh Bắc Kạn,Tỉnh Thái Nguyên,Xã Bạch Thông,Xã,2014
Xã Lục Bình,Huyện Bạch Thông,Tỉnh Bắc Kạn,Tỉnh Thái Nguyên,Xã Phủ Thông,Xã,1969
Xã Mỹ Thanh,Huyện Bạch Thông,Tỉnh Bắc Kạn,Tỉnh Thái Nguyên,Xã Cẩm Giàng,Xã,2008
Xã Nguyên Phúc,Huyện Bạch Thông,Tỉnh Bắc Kạn,Tỉnh Thái Nguyên,Xã Cẩm Giàng,Xã,2008
Xã Quang Thuận,Huyện Bạch Thông,Tỉnh Bắc Kạn,Tỉnh Thái Nguyên,Xã Bạch Thông,Xã,2014
Xã Quân Hà,Huyện Bạch Thông,Tỉnh Bắc Kạn,Tỉnh Thái Nguyên,Xã Cẩm Giàng,Xã,2008
Xã Sỹ Bình,Huyện Bạch Thông,Tỉnh Bắc Kạn,Tỉnh Thái Nguyên,Xã Vĩnh Thông,Xã,1981
Xã Tân Tú,Huyện Bạch Thông,Tỉnh Bắc Kạn,Tỉnh Thái Nguyên,Xã Phủ Thông,Xã,1969
Xã Vi Hương,Huyện Bạch Thông,Tỉnh Bắc Kạn,Tỉnh Thái Nguyên,Xã Phủ Thông,Xã,1969
Xã Vũ Muộn,Huyện Bạch Thông,Tỉnh Bắc Kạn,Tỉnh Thái Nguyên,Xã Vĩnh Thông,Xã,1981
Xã Đôn Phong,Huyện Bạch Thông,Tỉnh Bắc Kạn,Tỉnh Thái Nguyên,Xã Phong Quang,Xã,1849
Thị trấn Đồng Tâm,Huyện Chợ Mới,Tỉnh Bắc Kạn,Tỉnh Thái Nguyên,Xã Chợ Mới,Xã,2086
Xã Bình Văn,Huyện Chợ Mới,Tỉnh Bắc Kạn,Tỉnh Thái Nguyên,Xã Yên Bình,Xã,2116
Xã Cao Kỳ,Huyện Chợ Mới,Tỉnh Bắc Kạn,Tỉnh Thái Nguyên,Xã Tân Kỳ,Xã,2104
Xã Hòa Mục,Huyện Chợ Mới,Tỉnh Bắc Kạn,Tỉnh Thái Nguyên,Xã Tân Kỳ,Xã,2104
Xã Mai Lạp,Huyện Chợ Mới,Tỉnh Bắc Kạn,Tỉnh Thái Nguyên,Xã Thanh Mai,Xã,2101
Xã Như Cố,Huyện Chợ Mới,Tỉnh Bắc Kạn,Tỉnh Thái Nguyên,Xã Chợ Mới,Xã,2086
Xã Nông Hạ,Huyện Chợ Mới,Tỉnh Bắc Kạn,Tỉnh Thái Nguyên,Xã Thanh Thịnh,Xã,2107
Xã Quảng Chu,Huyện Chợ Mới,Tỉnh Bắc Kạn,Tỉnh Thái Nguyên,Xã Chợ Mới,Xã,2086
Xã Thanh Mai,Huyện Chợ Mới,Tỉnh Bắc Kạn,Tỉnh Thái Nguyên,Xã Thanh Mai,Xã,2101
Xã Thanh Thịnh,Huyện Chợ Mới,Tỉnh Bắc Kạn,Tỉnh Thái Nguyên,Xã Thanh Thịnh,Xã,2107
Xã Thanh Vận,Huyện Chợ Mới,Tỉnh Bắc Kạn,Tỉnh Thái Nguyên,Xã Thanh Mai,Xã,2101
Xã Tân Sơn,Huyện Chợ Mới,Tỉnh Bắc Kạn,Tỉnh Thái Nguyên,Xã Tân Kỳ,Xã,2104
Xã Yên Cư,Huyện Chợ Mới,Tỉnh Bắc Kạn,Tỉnh Thái Nguyên,Xã Yên Bình,Xã,2116
Xã Yên Hân,Huyện Chợ Mới,Tỉnh Bắc Kạn,Tỉnh Thái Nguyên,Xã Yên Bình,Xã,2116
Thị trấn Bằng Lũng,Huyện Chợ Đồn,Tỉnh Bắc Kạn,Tỉnh Thái Nguyên,Xã Chợ Đồn,Xã,2020
Xã Bình Trung,Huyện Chợ Đồn,Tỉnh Bắc Kạn,Tỉnh Thái Nguyên,Xã Nghĩa Tá,Xã,2071
Xã Bản Thi,Huyện Chợ Đồn,Tỉnh Bắc Kạn,Tỉnh Thái Nguyên,Xã Yên Thịnh,Xã,2044
Xã Bằng Lãng,Huyện Chợ Đồn,Tỉnh Bắc Kạn,Tỉnh Thái Nguyên,Xã Chợ Đồn,Xã,2020
Xã Bằng Phúc,Huyện Chợ Đồn,Tỉnh Bắc Kạn,Tỉnh Thái Nguyên,Xã Đồng Phúc,Xã,1933
Xã Lương Bằng,Huyện Chợ Đồn,Tỉnh Bắc Kạn,Tỉnh Thái Nguyên,Xã Nghĩa Tá,Xã,2071
Xã Nam Cường,Huyện Chợ Đồn,Tỉnh Bắc Kạn,Tỉnh Thái Nguyên,Xã Nam Cường,Xã,2026
Xã Nghĩa Tá,Huyện Chợ Đồn,Tỉnh Bắc Kạn,Tỉnh Thái Nguyên,Xã Nghĩa Tá,Xã,2071
Xã Ngọc Phái,Huyện Chợ Đồn,Tỉnh Bắc Kạn,Tỉnh Thái Nguyên,Xã Chợ Đồn,Xã,2020
Xã Phương Viên,Huyện Chợ Đồn,Tỉnh Bắc Kạn,Tỉnh Thái Nguyên,Xã Chợ Đồn,Xã,2020
Xã Quảng Bạch,Huyện Chợ Đồn,Tỉnh Bắc Kạn,Tỉnh Thái Nguyên,Xã Quảng Bạch,Xã,2038
Xã Tân Lập,Huyện Chợ Đồn,Tỉnh Bắc Kạn,Tỉnh Thái Nguyên,Xã Quảng Bạch,Xã,2038
Xã Xuân Lạc,Huyện Chợ Đồn,Tỉnh Bắc Kạn,Tỉnh Thái Nguyên,Xã Nam Cường,Xã,2026
Xã Yên Mỹ,Huyện Chợ Đồn,Tỉnh Bắc Kạn,Tỉnh Thái Nguyên,Xã Yên Phong,Xã,2083
Xã Yên Phong,Huyện Chợ Đồn,Tỉnh Bắc Kạn,Tỉnh Thái Nguyên,Xã Yên Phong,Xã,2083
Xã Yên Thượng,Huyện Chợ Đồn,Tỉnh Bắc Kạn,Tỉnh Thái Nguyên,Xã Yên Thịnh,Xã,2044
Xã Yên Thịnh,Huyện Chợ Đồn,Tỉnh Bắc Kạn,Tỉnh Thái Nguyên,Xã Yên Thịnh,Xã,2044
Xã Đại Sảo,Huyện Chợ Đồn,Tỉnh Bắc Kạn,Tỉnh Thái Nguyên,Xã Yên Phong,Xã,2083
Xã Đồng Lạc,Huyện Chợ Đồn,Tỉnh Bắc Kạn,Tỉnh Thái Nguyên,Xã Nam Cường,Xã,2026
Xã Đồng Thắng,Huyện Chợ Đồn,Tỉnh Bắc Kạn,Tỉnh Thái Nguyên,Xã Bạch Thông,Xã,2014
Thị trấn Yến Lạc,Huyện Na Rì,Tỉnh Bắc Kạn,Tỉnh Thái Nguyên,Xã Na Rì,Xã,2155
Xã Côn Minh,Huyện Na Rì,Tỉnh Bắc Kạn,Tỉnh Thái Nguyên,Xã Côn Minh,Xã,2185
Xã Cư Lễ,Huyện Na Rì,Tỉnh Bắc Kạn,Tỉnh Thái Nguyên,Xã Trần Phú,Xã,2176
Xã Cường Lợi,Huyện Na Rì,Tỉnh Bắc Kạn,Tỉnh Thái Nguyên,Xã Cường Lợi,Xã,2152
Xã Dương Sơn,Huyện Na Rì,Tỉnh Bắc Kạn,Tỉnh Thái Nguyên,Xã Côn Minh,Xã,2185
Xã Kim Hỷ,Huyện Na Rì,Tỉnh Bắc Kạn,Tỉnh Thái Nguyên,Xã Văn Lang,Xã,2143
Xã Kim Lư,Huyện Na Rì,Tỉnh Bắc Kạn,Tỉnh Thái Nguyên,Xã Na Rì,Xã,2155
Xã Liêm Thủy,Huyện Na Rì,Tỉnh Bắc Kạn,Tỉnh Thái Nguyên,Xã Xuân Dương,Xã,2191
Xã Lương Thượng,Huyện Na Rì,Tỉnh Bắc Kạn,Tỉnh Thái Nguyên,Xã Văn Lang,Xã,2143
Xã Quang Phong,Huyện Na Rì,Tỉnh Bắc Kạn,Tỉnh Thái Nguyên,Xã Côn Minh,Xã,2185
Xã Sơn Thành,Huyện Na Rì,Tỉnh Bắc Kạn,Tỉnh Thái Nguyên,Xã Na Rì,Xã,2155
Xã Trần Phú,Huyện Na Rì,Tỉnh Bắc Kạn,Tỉnh Thái Nguyên,Xã Trần Phú,Xã,2176
Xã Văn Lang,Huyện Na Rì,Tỉnh Bắc Kạn,Tỉnh Thái Nguyên,Xã Văn Lang,Xã,2143
Xã Văn Minh,Huyện Na Rì,Tỉnh Bắc Kạn,Tỉnh Thái Nguyên,Xã Trần Phú,Xã,2176
Xã Văn Vũ,Huyện Na Rì,Tỉnh Bắc Kạn,Tỉnh Thái Nguyên,Xã Cường Lợi,Xã,2152
Xã Xuân Dương,Huyện Na Rì,Tỉnh Bắc Kạn,Tỉnh Thái Nguyên,Xã Xuân Dương,Xã,2191
Xã Đổng Xá,Huyện Na Rì,Tỉnh Bắc Kạn,Tỉnh Thái Nguyên,Xã Xuân Dương,Xã,2191
Thị trấn Nà Phặc,Huyện Ngân Sơn,Tỉnh Bắc Kạn,Tỉnh Thái Nguyên,Xã Nà Phặc,Xã,1936
Thị trấn Vân Tùng,Huyện Ngân Sơn,Tỉnh Bắc Kạn,Tỉnh Thái Nguyên,Xã Ngân Sơn,Xã,1954
Xã Bằng Vân,Huyện Ngân Sơn,Tỉnh Bắc Kạn,Tỉnh Thái Nguyên,Xã Bằng Vân,Xã,1942
Xã Cốc Đán,Huyện Ngân Sơn,Tỉnh Bắc Kạn,Tỉnh Thái Nguyên,Xã Ngân Sơn,Xã,1954
Xã Hiệp Lực,Huyện Ngân Sơn,Tỉnh Bắc Kạn,Tỉnh Thái Nguyên,Xã Hiệp Lực,Xã,1960
Xã Thuần Mang,Huyện Ngân Sơn,Tỉnh Bắc Kạn,Tỉnh Thái Nguyên,Xã Hiệp Lực,Xã,1960
Xã Thượng Quan,Huyện Ngân Sơn,Tỉnh Bắc Kạn,Tỉnh Thái Nguyên,Xã Thượng Quan,Xã,1957
Xã Thượng Ân,Huyện Ngân Sơn,Tỉnh Bắc Kạn,Tỉnh Thái Nguyên,Xã Bằng Vân,Xã,1942
Xã Trung Hòa,Huyện Ngân Sơn,Tỉnh Bắc Kạn,Tỉnh Thái Nguyên,Xã Nà Phặc,Xã,1936
Xã Đức Vân,Huyện Ngân Sơn,Tỉnh Bắc Kạn,Tỉnh Thái Nguyên,Xã Ngân Sơn,Xã,1954
Xã An Thắng,Huyện Pác Nặm,Tỉnh Bắc Kạn,Tỉnh Thái Nguyên,Xã Nghiên Loan,Xã,1882
Xã Bằng Thành,Huyện Pác Nặm,Tỉnh Bắc Kạn,Tỉnh Thái Nguyên,Xã Bằng Thành,Xã,1864
Xã Bộc Bố,Huyện Pác Nặm,Tỉnh Bắc Kạn,Tỉnh Thái Nguyên,Xã Bằng Thành,Xã,1864
Xã Cao Tân,Huyện Pác Nặm,Tỉnh Bắc Kạn,Tỉnh Thái Nguyên,Xã Cao Minh,Xã,1879
Xã Công Bằng,Huyện Pác Nặm,Tỉnh Bắc Kạn,Tỉnh Thái Nguyên,Xã Cao Minh,Xã,1879
Xã Cổ Linh,Huyện Pác Nặm,Tỉnh Bắc Kạn,Tỉnh Thái Nguyên,Xã Cao Minh,Xã,1879
Xã Giáo Hiệu,Huyện Pác Nặm,Tỉnh Bắc Kạn,Tỉnh Thái Nguyên,Xã Bằng Thành,Xã,1864
Xã Nghiên Loan,Huyện Pác Nặm,Tỉnh Bắc Kạn,Tỉnh Thái Nguyên,Xã Nghiên Loan,Xã,1882
Xã Nhạn Môn,Huyện Pác Nặm,Tỉnh Bắc Kạn,Tỉnh Thái Nguyên,Xã Bằng Thành,Xã,1864
Xã Xuân La,Huyện Pác Nặm,Tỉnh Bắc Kạn,Tỉnh Thái Nguyên,Xã Nghiên Loan,Xã,1882
Phường Huyền Tụng,Thành Phố Bắc Kạn,Tỉnh Bắc Kạn,Tỉnh Thái Nguyên,Phường Đức Xuân,Phường,1840
Phường Nguyễn Thị Minh Khai,Thành Phố Bắc Kạn,Tỉnh Bắc Kạn,Tỉnh Thái Nguyên,Phường Đức Xuân,Phường,1840
Phường Phùng Chí Kiên,Thành Phố Bắc Kạn,Tỉnh Bắc Kạn,Tỉnh Thái Nguyên,Phường Bắc Kạn,Phường,1843
Phường Sông Cầu,Thành Phố Bắc Kạn,Tỉnh Bắc Kạn,Tỉnh Thái Nguyên,Phường Bắc Kạn,Phường,1843
Phường Xuất Hóa,Thành Phố Bắc Kạn,Tỉnh Bắc Kạn,Tỉnh Thái Nguyên,Phường Bắc Kạn,Phường,1843
Phường Đức Xuân,Thành Phố Bắc Kạn,Tỉnh Bắc Kạn,Tỉnh Thái Nguyên,Phường Đức Xuân,Phường,1840
Xã Dương Quang,Thành Phố Bắc Kạn,Tỉnh Bắc Kạn,Tỉnh Thái Nguyên,Xã Phong Quang,Xã,1849
Xã Nông Thượng,Thành Phố Bắc Kạn,Tỉnh Bắc Kạn,Tỉnh Thái Nguyên,Phường Bắc Kạn,Phường,1843
Thị trấn Hương Sơn,Huyện Phú Bình,Tỉnh Thái Nguyên,Tỉnh Thái Nguyên,Xã Phú Bình,Xã,5908
Xã Bàn Đạt,Huyện Phú Bình,Tỉnh Thái Nguyên,Tỉnh Thái Nguyên,Xã Tân Khánh,Xã,5917
Xã Bảo Lý,Huyện Phú Bình,Tỉnh Thái Nguyên,Tỉnh Thái Nguyên,Xã Phú Bình,Xã,5908
Xã Dương Thành,Huyện Phú Bình,Tỉnh Thái Nguyên,Tỉnh Thái Nguyên,Xã Kha Sơn,Xã,5953
Xã Hà Châu,Huyện Phú Bình,Tỉnh Thái Nguyên,Tỉnh Thái Nguyên,Xã Điềm Thụy,Xã,5941
Xã Kha Sơn,Huyện Phú Bình,Tỉnh Thái Nguyên,Tỉnh Thái Nguyên,Xã Kha Sơn,Xã,5953
Xã Lương Phú,Huyện Phú Bình,Tỉnh Thái Nguyên,Tỉnh Thái Nguyên,Xã Kha Sơn,Xã,5953
Xã Nga My,Huyện Phú Bình,Tỉnh Thái Nguyên,Tỉnh Thái Nguyên,Xã Điềm Thụy,Xã,5941
Xã Nhã Lộng,Huyện Phú Bình,Tỉnh Thái Nguyên,Tỉnh Thái Nguyên,Xã Phú Bình,Xã,5908
Xã Thanh Ninh,Huyện Phú Bình,Tỉnh Thái Nguyên,Tỉnh Thái Nguyên,Xã Kha Sơn,Xã,5953
Xã Thượng Đình,Huyện Phú Bình,Tỉnh Thái Nguyên,Tỉnh Thái Nguyên,Xã Điềm Thụy,Xã,5941
Xã Thượng Đình,Huyện Phú Bình,Tỉnh Thái Nguyên,Tỉnh Thái Nguyên,Xã Phú Bình,Xã,5908
Xã Tân Hòa,Huyện Phú Bình,Tỉnh Thái Nguyên,Tỉnh Thái Nguyên,Xã Tân Thành,Xã,5923
Xã Tân Khánh,Huyện Phú Bình,Tỉnh Thái Nguyên,Tỉnh Thái Nguyên,Xã Tân Khánh,Xã,5917
Xã Tân Kim,Huyện Phú Bình,Tỉnh Thái Nguyên,Tỉnh Thái Nguyên,Xã Tân Thành,Xã,5923
Xã Tân Thành,Huyện Phú Bình,Tỉnh Thái Nguyên,Tỉnh Thái Nguyên,Xã Tân Thành,Xã,5923
Xã Tân Đức,Huyện Phú Bình,Tỉnh Thái Nguyên,Tỉnh Thái Nguyên,Xã Kha Sơn,Xã,5953
Xã Xuân Phương,Huyện Phú Bình,Tỉnh Thái Nguyên,Tỉnh Thái Nguyên,Xã Phú Bình,Xã,5908
Xã Úc Kỳ,Huyện Phú Bình,Tỉnh Thái Nguyên,Tỉnh Thái Nguyên,Xã Phú Bình,Xã,5908
Xã Điềm Thụy,Huyện Phú Bình,Tỉnh Thái Nguyên,Tỉnh Thái Nguyên,Xã Điềm Thụy,Xã,5941
Xã Đào Xá,Huyện Phú Bình,Tỉnh Thái Nguyên,Tỉnh Thái Nguyên,Xã Tân Khánh,Xã,5917
Thị trấn Giang Tiên,Huyện Phú Lương,Tỉnh Thái Nguyên,Tỉnh Thái Nguyên,Xã Phú Lương,Xã,5611
Thị trấn Đu,Huyện Phú Lương,Tỉnh Thái Nguyên,Tỉnh Thái Nguyên,Xã Phú Lương,Xã,5611
Xã Cổ Lũng,Huyện Phú Lương,Tỉnh Thái Nguyên,Tỉnh Thái Nguyên,Xã Vô Tranh,Xã,5641
Xã Hợp Thành,Huyện Phú Lương,Tỉnh Thái Nguyên,Tỉnh Thái Nguyên,Xã Hợp Thành,Xã,5632
Xã Phú Đô,Huyện Phú Lương,Tỉnh Thái Nguyên,Tỉnh Thái Nguyên,Xã Vô Tranh,Xã,5641
Xã Phủ Lý,Huyện Phú Lương,Tỉnh Thái Nguyên,Tỉnh Thái Nguyên,Xã Hợp Thành,Xã,5632
Xã Tức Tranh,Huyện Phú Lương,Tỉnh Thái Nguyên,Tỉnh Thái Nguyên,Xã Vô Tranh,Xã,5641
Xã Vô Tranh,Huyện Phú Lương,Tỉnh Thái Nguyên,Tỉnh Thái Nguyên,Xã Vô Tranh,Xã,5641
Xã Yên Lạc,Huyện Phú Lương,Tỉnh Thái Nguyên,Tỉnh Thái Nguyên,Xã Phú Lương,Xã,5611
Xã Yên Ninh,Huyện Phú Lương,Tỉnh Thái Nguyên,Tỉnh Thái Nguyên,Xã Yên Trạch,Xã,5620
Xã Yên Trạch,Huyện Phú Lương,Tỉnh Thái Nguyên,Tỉnh Thái Nguyên,Xã Yên Trạch,Xã,5620
Xã Yên Đổ,Huyện Phú Lương,Tỉnh Thái Nguyên,Tỉnh Thái Nguyên,Xã Yên Trạch,Xã,5620
Xã Ôn Lương,Huyện Phú Lương,Tỉnh Thái Nguyên,Tỉnh Thái Nguyên,Xã Hợp Thành,Xã,5632
Xã Động Đạt,Huyện Phú Lương,Tỉnh Thái Nguyên,Tỉnh Thái Nguyên,Xã Phú Lương,Xã,5611
Thị trấn Đình Cả,Huyện Võ Nhai,Tỉnh Thái Nguyên,Tỉnh Thái Nguyên,Xã Võ Nhai,Xã,5716
Xã Bình Long,Huyện Võ Nhai,Tỉnh Thái Nguyên,Tỉnh Thái Nguyên,Xã Dân Tiến,Xã,5755
Xã Cúc Đường,Huyện Võ Nhai,Tỉnh Thái Nguyên,Tỉnh Thái Nguyên,Xã La Hiên,Xã,5740
Xã Dân Tiến,Huyện Võ Nhai,Tỉnh Thái Nguyên,Tỉnh Thái Nguyên,Xã Dân Tiến,Xã,5755
Xã La Hiên,Huyện Võ Nhai,Tỉnh Thái Nguyên,Tỉnh Thái Nguyên,Xã La Hiên,Xã,5740
Xã Liên Minh,Huyện Võ Nhai,Tỉnh Thái Nguyên,Tỉnh Thái Nguyên,Xã Tràng Xá,Xã,5746
Xã Lâu Thượng,Huyện Võ Nhai,Tỉnh Thái Nguyên,Tỉnh Thái Nguyên,Xã Võ Nhai,Xã,5716
Xã Nghinh Tường,Huyện Võ Nhai,Tỉnh Thái Nguyên,Tỉnh Thái Nguyên,Xã Nghinh Tường,Xã,5722
Xã Phú Thượng,Huyện Võ Nhai,Tỉnh Thái Nguyên,Tỉnh Thái Nguyên,Xã Võ Nhai,Xã,5716
Xã Phương Giao,Huyện Võ Nhai,Tỉnh Thái Nguyên,Tỉnh Thái Nguyên,Xã Dân Tiến,Xã,5755
Xã Sảng Mộc,Huyện Võ Nhai,Tỉnh Thái Nguyên,Tỉnh Thái Nguyên,Xã Sảng Mộc,Xã,5719
Xã Thượng Nung,Huyện Võ Nhai,Tỉnh Thái Nguyên,Tỉnh Thái Nguyên,Xã Thần Sa,Xã,5725
Xã Thần Xa,Huyện Võ Nhai,Tỉnh Thái Nguyên,Tỉnh Thái Nguyên,Xã Thần Sa,Xã,5725
Xã Tràng Xá,Huyện Võ Nhai,Tỉnh Thái Nguyên,Tỉnh Thái Nguyên,Xã Tràng Xá,Xã,5746
Xã Vũ Chấn,Huyện Võ Nhai,Tỉnh Thái Nguyên,Tỉnh Thái Nguyên,Xã Nghinh Tường,Xã,5722
Thị trấn Hùng Sơn,Huyện Đại Từ,Tỉnh Thái Nguyên,Tỉnh Thái Nguyên,Xã Đại Phúc,Xã,5488
Thị trấn Quân Chu,Huyện Đại Từ,Tỉnh Thái Nguyên,Tỉnh Thái Nguyên,Xã Quân Chu,Xã,5851
Xã An Khánh,Huyện Đại Từ,Tỉnh Thái Nguyên,Tỉnh Thái Nguyên,Xã An Khánh,Xã,5809
Xã Bình Thuận,Huyện Đại Từ,Tỉnh Thái Nguyên,Tỉnh Thái Nguyên,Xã Đại Từ,Xã,5830
Xã Bản Ngoại,Huyện Đại Từ,Tỉnh Thái Nguyên,Tỉnh Thái Nguyên,Xã Phú Thịnh,Xã,5800
Xã Cát Nê,Huyện Đại Từ,Tỉnh Thái Nguyên,Tỉnh Thái Nguyên,Xã Quân Chu,Xã,5851
Xã Cù Vân,Huyện Đại Từ,Tỉnh Thái Nguyên,Tỉnh Thái Nguyên,Xã An Khánh,Xã,5809
Xã Hoàng Nông,Huyện Đại Từ,Tỉnh Thái Nguyên,Tỉnh Thái Nguyên,Xã La Bằng,Xã,5818
Xã Hà Thượng,Huyện Đại Từ,Tỉnh Thái Nguyên,Tỉnh Thái Nguyên,Xã An Khánh,Xã,5809
Xã Khôi Kỳ,Huyện Đại Từ,Tỉnh Thái Nguyên,Tỉnh Thái Nguyên,Xã Đại Từ,Xã,5830
Xã La Bằng,Huyện Đại Từ,Tỉnh Thái Nguyên,Tỉnh Thái Nguyên,Xã La Bằng,Xã,5818
Xã Lục Ba,Huyện Đại Từ,Tỉnh Thái Nguyên,Tỉnh Thái Nguyên,Xã Đại Từ,Xã,5830
Xã Minh Tiến,Huyện Đại Từ,Tỉnh Thái Nguyên,Tỉnh Thái Nguyên,Xã Đức Lương,Xã,5776
Xã Mỹ Yên,Huyện Đại Từ,Tỉnh Thái Nguyên,Tỉnh Thái Nguyên,Xã Đại Từ,Xã,5830
Xã Phú Cường,Huyện Đại Từ,Tỉnh Thái Nguyên,Tỉnh Thái Nguyên,Xã Phú Thịnh,Xã,5800
Xã Phú Lạc,Huyện Đại Từ,Tỉnh Thái Nguyên,Tỉnh Thái Nguyên,Xã Phú Lạc,Xã,5788
Xã Phú Thịnh,Huyện Đại Từ,Tỉnh Thái Nguyên,Tỉnh Thái Nguyên,Xã Phú Thịnh,Xã,5800
Xã Phú Xuyên,Huyện Đại Từ,Tỉnh Thái Nguyên,Tỉnh Thái Nguyên,Xã Phú Xuyên,Xã,5773
Xã Phúc Lương,Huyện Đại Từ,Tỉnh Thái Nguyên,Tỉnh Thái Nguyên,Xã Đức Lương,Xã,5776
Xã Phục Linh,Huyện Đại Từ,Tỉnh Thái Nguyên,Tỉnh Thái Nguyên,Xã Phú Lạc,Xã,5788
Xã Tiên Hội,Huyện Đại Từ,Tỉnh Thái Nguyên,Tỉnh Thái Nguyên,Xã La Bằng,Xã,5818
Xã Tân Linh,Huyện Đại Từ,Tỉnh Thái Nguyên,Tỉnh Thái Nguyên,Xã Phú Lạc,Xã,5788
Xã Tân Thái,Huyện Đại Từ,Tỉnh Thái Nguyên,Tỉnh Thái Nguyên,Xã Đại Phúc,Xã,5488
Xã Văn Yên,Huyện Đại Từ,Tỉnh Thái Nguyên,Tỉnh Thái Nguyên,Xã Vạn Phú,Xã,5845
Xã Vạn Phú,Huyện Đại Từ,Tỉnh Thái Nguyên,Tỉnh Thái Nguyên,Xã Vạn Phú,Xã,5845
Xã Yên Lãng,Huyện Đại Từ,Tỉnh Thái Nguyên,Tỉnh Thái Nguyên,Xã Phú Xuyên,Xã,5773
Xã Đức Lương,Huyện Đại Từ,Tỉnh Thái Nguyên,Tỉnh Thái Nguyên,Xã Đức Lương,Xã,5776
Thị trấn Chợ Chu,Huyện Định Hóa,Tỉnh Thái Nguyên,Tỉnh Thái Nguyên,Xã Định Hóa,Xã,5569
Xã Bình Thành,Huyện Định Hóa,Tỉnh Thái Nguyên,Tỉnh Thái Nguyên,Xã Bình Thành,Xã,5605
Xã Bình Yên,Huyện Định Hóa,Tỉnh Thái Nguyên,Tỉnh Thái Nguyên,Xã Bình Yên,Xã,5587
Xã Bảo Linh,Huyện Định Hóa,Tỉnh Thái Nguyên,Tỉnh Thái Nguyên,Xã Định Hóa,Xã,5569
Xã Bộc Nhiêu,Huyện Định Hóa,Tỉnh Thái Nguyên,Tỉnh Thái Nguyên,Xã Trung Hội,Xã,5581
Xã Kim Phượng,Huyện Định Hóa,Tỉnh Thái Nguyên,Tỉnh Thái Nguyên,Xã Kim Phượng,Xã,5551
Xã Lam Vỹ,Huyện Định Hóa,Tỉnh Thái Nguyên,Tỉnh Thái Nguyên,Xã Lam Vỹ,Xã,5542
Xã Linh Thông,Huyện Định Hóa,Tỉnh Thái Nguyên,Tỉnh Thái Nguyên,Xã Lam Vỹ,Xã,5542
Xã Phú Tiến,Huyện Định Hóa,Tỉnh Thái Nguyên,Tỉnh Thái Nguyên,Xã Trung Hội,Xã,5581
Xã Phú Đình,Huyện Định Hóa,Tỉnh Thái Nguyên,Tỉnh Thái Nguyên,Xã Phú Đình,Xã,5602
Xã Phúc Chu,Huyện Định Hóa,Tỉnh Thái Nguyên,Tỉnh Thái Nguyên,Xã Định Hóa,Xã,5569
Xã Phượng Tiến,Huyện Định Hóa,Tỉnh Thái Nguyên,Tỉnh Thái Nguyên,Xã Phượng Tiến,Xã,5563
Xã Quy Kỳ,Huyện Định Hóa,Tỉnh Thái Nguyên,Tỉnh Thái Nguyên,Xã Kim Phượng,Xã,5551
Xã Sơn Phú,Huyện Định Hóa,Tỉnh Thái Nguyên,Tỉnh Thái Nguyên,Xã Bình Thành,Xã,5605
Xã Thanh Định,Huyện Định Hóa,Tỉnh Thái Nguyên,Tỉnh Thái Nguyên,Xã Bình Yên,Xã,5587
Xã Trung Hội,Huyện Định Hóa,Tỉnh Thái Nguyên,Tỉnh Thái Nguyên,Xã Trung Hội,Xã,5581
Xã Trung Lương,Huyện Định Hóa,Tỉnh Thái Nguyên,Tỉnh Thái Nguyên,Xã Bình Yên,Xã,5587
Xã Tân Dương,Huyện Định Hóa,Tỉnh Thái Nguyên,Tỉnh Thái Nguyên,Xã Phượng Tiến,Xã,5563
Xã Tân Thịnh,Huyện Định Hóa,Tỉnh Thái Nguyên,Tỉnh Thái Nguyên,Xã Phượng Tiến,Xã,5563
Xã Điềm Mặc,Huyện Định Hóa,Tỉnh Thái Nguyên,Tỉnh Thái Nguyên,Xã Phú Đình,Xã,5602
Xã Định Biên,Huyện Định Hóa,Tỉnh Thái Nguyên,Tỉnh Thái Nguyên,Xã Bình Yên,Xã,5587
Xã Đồng Thịnh,Huyện Định Hóa,Tỉnh Thái Nguyên,Tỉnh Thái Nguyên,Xã Định Hóa,Xã,5569
Thị trấn Hóa Thượng,Huyện Đồng Hỷ,Tỉnh Thái Nguyên,Tỉnh Thái Nguyên,Xã Đồng Hỷ,Xã,5692
Thị trấn Sông Cầu,Huyện Đồng Hỷ,Tỉnh Thái Nguyên,Tỉnh Thái Nguyên,Xã Đồng Hỷ,Xã,5692
Thị trấn Trại Cau,Huyện Đồng Hỷ,Tỉnh Thái Nguyên,Tỉnh Thái Nguyên,Xã Trại Cau,Xã,5662
Xã Cây Thị,Huyện Đồng Hỷ,Tỉnh Thái Nguyên,Tỉnh Thái Nguyên,Xã Nam Hòa,Xã,5707
Xã Hòa Bình,Huyện Đồng Hỷ,Tỉnh Thái Nguyên,Tỉnh Thái Nguyên,Xã Văn Lăng,Xã,5665
Xã Hóa Trung,Huyện Đồng Hỷ,Tỉnh Thái Nguyên,Tỉnh Thái Nguyên,Xã Đồng Hỷ,Xã,5692
Xã Hợp Tiến,Huyện Đồng Hỷ,Tỉnh Thái Nguyên,Tỉnh Thái Nguyên,Xã Trại Cau,Xã,5662
Xã Khe Mo,Huyện Đồng Hỷ,Tỉnh Thái Nguyên,Tỉnh Thái Nguyên,Xã Văn Hán,Xã,5680
Xã Minh Lập,Huyện Đồng Hỷ,Tỉnh Thái Nguyên,Tỉnh Thái Nguyên,Xã Đồng Hỷ,Xã,5692
Xã Nam Hòa,Huyện Đồng Hỷ,Tỉnh Thái Nguyên,Tỉnh Thái Nguyên,Xã Nam Hòa,Xã,5707
Xã Quang Sơn,Huyện Đồng Hỷ,Tỉnh Thái Nguyên,Tỉnh Thái Nguyên,Xã Quang Sơn,Xã,5674
Xã Tân Long,Huyện Đồng Hỷ,Tỉnh Thái Nguyên,Tỉnh Thái Nguyên,Xã Quang Sơn,Xã,5674
Xã Văn Hán,Huyện Đồng Hỷ,Tỉnh Thái Nguyên,Tỉnh Thái Nguyên,Xã Văn Hán,Xã,5680
Xã Văn Lăng,Huyện Đồng Hỷ,Tỉnh Thái Nguyên,Tỉnh Thái Nguyên,Xã Văn Lăng,Xã,5665
Phường Ba Hàng,Thành phố Phổ Yên,Tỉnh Thái Nguyên,Tỉnh Thái Nguyên,Phường Phổ Yên,Phường,5860
Phường Bãi Bông,Thành phố Phổ Yên,Tỉnh Thái Nguyên,Tỉnh Thái Nguyên,Phường Phổ Yên,Phường,5860
Phường Bắc Sơn,Thành phố Phổ Yên,Tỉnh Thái Nguyên,Tỉnh Thái Nguyên,Phường Phúc Thuận,Phường,5857
Phường Hồng Tiến,Thành phố Phổ Yên,Tỉnh Thái Nguyên,Tỉnh Thái Nguyên,Phường Phổ Yên,Phường,5860
Phường Nam Tiến,Thành phố Phổ Yên,Tỉnh Thái Nguyên,Tỉnh Thái Nguyên,Phường Vạn Xuân,Phường,5890
Phường Thuận Thành,Thành phố Phổ Yên,Tỉnh Thái Nguyên,Tỉnh Thái Nguyên,Phường Trung Thành,Phường,5899
Phường Tiên Phong,Thành phố Phổ Yên,Tỉnh Thái Nguyên,Tỉnh Thái Nguyên,Phường Vạn Xuân,Phường,5890
Phường Trung Thành,Thành phố Phổ Yên,Tỉnh Thái Nguyên,Tỉnh Thái Nguyên,Phường Trung Thành,Phường,5899
Phường Tân Hương,Thành phố Phổ Yên,Tỉnh Thái Nguyên,Tỉnh Thái Nguyên,Phường Vạn Xuân,Phường,5890
Phường Tân Phú,Thành phố Phổ Yên,Tỉnh Thái Nguyên,Tỉnh Thái Nguyên,Phường Trung Thành,Phường,5899
Phường Đông Cao,Thành phố Phổ Yên,Tỉnh Thái Nguyên,Tỉnh Thái Nguyên,Phường Trung Thành,Phường,5899
Phường Đắc Sơn,Thành phố Phổ Yên,Tỉnh Thái Nguyên,Tỉnh Thái Nguyên,Phường Phổ Yên,Phường,5860
Phường Đồng Tiến,Thành phố Phổ Yên,Tỉnh Thái Nguyên,Tỉnh Thái Nguyên,Phường Vạn Xuân,Phường,5890
Xã Minh Đức,Thành phố Phổ Yên,Tỉnh Thái Nguyên,Tỉnh Thái Nguyên,Phường Phúc Thuận,Phường,5857
Xã Phúc Thuận,Thành phố Phổ Yên,Tỉnh Thái Nguyên,Tỉnh Thái Nguyên,Phường Phúc Thuận,Phường,5857
Xã Phúc Tân,Thành phố Phổ Yên,Tỉnh Thái Nguyên,Tỉnh Thái Nguyên,Xã Đại Phúc,Xã,5488
Xã Thành Công,Thành phố Phổ Yên,Tỉnh Thái Nguyên,Tỉnh Thái Nguyên,Xã Thành Công,Xã,5881
Xã Vạn Phái,Thành phố Phổ Yên,Tỉnh Thái Nguyên,Tỉnh Thái Nguyên,Xã Thành Công,Xã,5881
Phường Bách Quang,Thành phố Sông Công,Tỉnh Thái Nguyên,Tỉnh Thái Nguyên,Phường Bách Quang,Phường,5528
Phường Châu Sơn,Thành phố Sông Công,Tỉnh Thái Nguyên,Tỉnh Thái Nguyên,Phường Bá Xuyên,Phường,5533
Phường Cải Đan,Thành phố Sông Công,Tỉnh Thái Nguyên,Tỉnh Thái Nguyên,Phường Sông Công,Phường,5518
Phường Lương Sơn,Thành phố Sông Công,Tỉnh Thái Nguyên,Tỉnh Thái Nguyên,Phường Bách Quang,Phường,5528
Phường Mỏ Chè,Thành phố Sông Công,Tỉnh Thái Nguyên,Tỉnh Thái Nguyên,Phường Bá Xuyên,Phường,5533
Phường Phố Cò,Thành phố Sông Công,Tỉnh Thái Nguyên,Tỉnh Thái Nguyên,Phường Sông Công,Phường,5518
Phường Thắng Lợi,Thành phố Sông Công,Tỉnh Thái Nguyên,Tỉnh Thái Nguyên,Phường Sông Công,Phường,5518
Xã Bá Xuyên,Thành phố Sông Công,Tỉnh Thái Nguyên,Tỉnh Thái Nguyên,Phường Bá Xuyên,Phường,5533
Xã Bình Sơn,Thành phố Sông Công,Tỉnh Thái Nguyên,Tỉnh Thái Nguyên,Xã Tân Cương,Xã,5503
Xã Tân Quang,Thành phố Sông Công,Tỉnh Thái Nguyên,Tỉnh Thái Nguyên,Phường Bách Quang,Phường,5528
Phường Cam Giá,Thành phố Thái Nguyên,Tỉnh Thái Nguyên,Tỉnh Thái Nguyên,Phường Gia Sàng,Phường,5467
Phường Cam Giá,Thành phố Thái Nguyên,Tỉnh Thái Nguyên,Tỉnh Thái Nguyên,Phường Tích Lương,Phường,5500
Phường Chùa Hang,Thành phố Thái Nguyên,Tỉnh Thái Nguyên,Tỉnh Thái Nguyên,Phường Linh Sơn,Phường,5710
Phường Gia Sàng,Thành phố Thái Nguyên,Tỉnh Thái Nguyên,Tỉnh Thái Nguyên,Phường Gia Sàng,Phường,5467
Phường Gia Sàng,Thành phố Thái Nguyên,Tỉnh Thái Nguyên,Tỉnh Thái Nguyên,Phường Phan Đình Phùng,Phường,5443
Phường Hoàng Văn Thụ,Thành phố Thái Nguyên,Tỉnh Thái Nguyên,Tỉnh Thái Nguyên,Phường Phan Đình Phùng,Phường,5443
Phường Hương Sơn,Thành phố Thái Nguyên,Tỉnh Thái Nguyên,Tỉnh Thái Nguyên,Phường Gia Sàng,Phường,5467
Phường Phan Đình Phùng,Thành phố Thái Nguyên,Tỉnh Thái Nguyên,Tỉnh Thái Nguyên,Phường Phan Đình Phùng,Phường,5443
Phường Phú Xá,Thành phố Thái Nguyên,Tỉnh Thái Nguyên,Tỉnh Thái Nguyên,Phường Tích Lương,Phường,5500
Phường Quan Triều,Thành phố Thái Nguyên,Tỉnh Thái Nguyên,Tỉnh Thái Nguyên,Phường Quan Triều,Phường,5482
Phường Quang Trung,Thành phố Thái Nguyên,Tỉnh Thái Nguyên,Tỉnh Thái Nguyên,Phường Phan Đình Phùng,Phường,5443
Phường Quang Vinh,Thành phố Thái Nguyên,Tỉnh Thái Nguyên,Tỉnh Thái Nguyên,Phường Quan Triều,Phường,5482
Phường Thịnh Đán,Thành phố Thái Nguyên,Tỉnh Thái Nguyên,Tỉnh Thái Nguyên,Phường Quyết Thắng,Phường,5455
Phường Trung Thành,Thành phố Thái Nguyên,Tỉnh Thái Nguyên,Tỉnh Thái Nguyên,Phường Tích Lương,Phường,5500
Phường Trưng Vương,Thành phố Thái Nguyên,Tỉnh Thái Nguyên,Tỉnh Thái Nguyên,Phường Phan Đình Phùng,Phường,5443
Phường Tân Long,Thành phố Thái Nguyên,Tỉnh Thái Nguyên,Tỉnh Thái Nguyên,Phường Quan Triều,Phường,5482
Phường Tân Lập,Thành phố Thái Nguyên,Tỉnh Thái Nguyên,Tỉnh Thái Nguyên,Phường Tích Lương,Phường,5500
Phường Tân Thành,Thành phố Thái Nguyên,Tỉnh Thái Nguyên,Tỉnh Thái Nguyên,Phường Tích Lương,Phường,5500
Phường Tân Thịnh,Thành phố Thái Nguyên,Tỉnh Thái Nguyên,Tỉnh Thái Nguyên,Phường Phan Đình Phùng,Phường,5443
Phường Tích Lương,Thành phố Thái Nguyên,Tỉnh Thái Nguyên,Tỉnh Thái Nguyên,Phường Tích Lương,Phường,5500
Phường Túc Duyên,Thành phố Thái Nguyên,Tỉnh Thái Nguyên,Tỉnh Thái Nguyên,Phường Phan Đình Phùng,Phường,5443
Phường Đồng Bẩm,Thành phố Thái Nguyên,Tỉnh Thái Nguyên,Tỉnh Thái Nguyên,Phường Linh Sơn,Phường,5710
Phường Đồng Quang,Thành phố Thái Nguyên,Tỉnh Thái Nguyên,Tỉnh Thái Nguyên,Phường Phan Đình Phùng,Phường,5443
Xã Cao Ngạn,Thành phố Thái Nguyên,Tỉnh Thái Nguyên,Tỉnh Thái Nguyên,Phường Linh Sơn,Phường,5710
Xã Huống Thượng,Thành phố Thái Nguyên,Tỉnh Thái Nguyên,Tỉnh Thái Nguyên,Phường Linh Sơn,Phường,5710
Xã Linh Sơn,Thành phố Thái Nguyên,Tỉnh Thái Nguyên,Tỉnh Thái Nguyên,Phường Linh Sơn,Phường,5710
Xã Phúc Hà,Thành phố Thái Nguyên,Tỉnh Thái Nguyên,Tỉnh Thái Nguyên,Phường Quyết Thắng,Phường,5455
Xã Phúc Trìu,Thành phố Thái Nguyên,Tỉnh Thái Nguyên,Tỉnh Thái Nguyên,Xã Đại Phúc,Xã,5488
Xã Phúc Xuân,Thành phố Thái Nguyên,Tỉnh Thái Nguyên,Tỉnh Thái Nguyên,Xã Đại Phúc,Xã,5488
Xã Quyết Thắng,Thành phố Thái Nguyên,Tỉnh Thái Nguyên,Tỉnh Thái Nguyên,Phường Quyết Thắng,Phường,5455
Xã Sơn Cẩm,Thành phố Thái Nguyên,Tỉnh Thái Nguyên,Tỉnh Thái Nguyên,Phường Quan Triều,Phường,5482
Xã Thịnh Đức,Thành phố Thái Nguyên,Tỉnh Thái Nguyên,Tỉnh Thái Nguyên,Xã Tân Cương,Xã,5503
Xã Tân Cương,Thành phố Thái Nguyên,Tỉnh Thái Nguyên,Tỉnh Thái Nguyên,Xã Tân Cương,Xã,5503
Xã Đồng Liên,Thành phố Thái Nguyên,Tỉnh Thái Nguyên,Tỉnh Thái Nguyên,Phường Gia Sàng,Phường,5467
Thị trấn Yên Phú,Huyện Bắc Mê,Tỉnh Hà Giang,Tỉnh Tuyên Quang,Xã Bắc Mê,Xã,991
Xã Giáp Trung,Huyện Bắc Mê,Tỉnh Hà Giang,Tỉnh Tuyên Quang,Xã Giáp Trung,Xã,985
Xã Lạc Nông,Huyện Bắc Mê,Tỉnh Hà Giang,Tỉnh Tuyên Quang,Xã Bắc Mê,Xã,991
Xã Minh Ngọc,Huyện Bắc Mê,Tỉnh Hà Giang,Tỉnh Tuyên Quang,Xã Minh Ngọc,Xã,994
Xã Minh Sơn,Huyện Bắc Mê,Tỉnh Hà Giang,Tỉnh Tuyên Quang,Xã Minh Sơn,Xã,982
Xã Phiêng Luông,Huyện Bắc Mê,Tỉnh Hà Giang,Tỉnh Tuyên Quang,Xã Yên Cường,Xã,1006
Xã Phú Nam,Huyện Bắc Mê,Tỉnh Hà Giang,Tỉnh Tuyên Quang,Xã Đường Hồng,Xã,1012
Xã Thượng Tân,Huyện Bắc Mê,Tỉnh Hà Giang,Tỉnh Tuyên Quang,Xã Minh Ngọc,Xã,994
Xã Yên Cường,Huyện Bắc Mê,Tỉnh Hà Giang,Tỉnh Tuyên Quang,Xã Yên Cường,Xã,1006
Xã Yên Phong,Huyện Bắc Mê,Tỉnh Hà Giang,Tỉnh Tuyên Quang,Xã Bắc Mê,Xã,991
Xã Yên Định,Huyện Bắc Mê,Tỉnh Hà Giang,Tỉnh Tuyên Quang,Xã Minh Ngọc,Xã,994
Xã Yên Định,Huyện Bắc Mê,Tỉnh Hà Giang,Tỉnh Tuyên Quang,Xã Ngọc Đường,Xã,700
Xã Đường Hồng,Huyện Bắc Mê,Tỉnh Hà Giang,Tỉnh Tuyên Quang,Xã Đường Hồng,Xã,1012
Xã Đường Âm,Huyện Bắc Mê,Tỉnh Hà Giang,Tỉnh Tuyên Quang,Xã Đường Hồng,Xã,1012
Thị trấn Việt Quang,Huyện Bắc Quang,Tỉnh Hà Giang,Tỉnh Tuyên Quang,Xã Bắc Quang,Xã,1153
Thị trấn Vĩnh Tuy,Huyện Bắc Quang,Tỉnh Hà Giang,Tỉnh Tuyên Quang,Xã Vĩnh Tuy,Xã,1156
Xã Bằng Hành,Huyện Bắc Quang,Tỉnh Hà Giang,Tỉnh Tuyên Quang,Xã Bằng Hành,Xã,1180
Xã Hùng An,Huyện Bắc Quang,Tỉnh Hà Giang,Tỉnh Tuyên Quang,Xã Hùng An,Xã,1201
Xã Hữu Sản,Huyện Bắc Quang,Tỉnh Hà Giang,Tỉnh Tuyên Quang,Xã Liên Hiệp,Xã,1192
Xã Kim Ngọc,Huyện Bắc Quang,Tỉnh Hà Giang,Tỉnh Tuyên Quang,Xã Bằng Hành,Xã,1180
Xã Liên Hiệp,Huyện Bắc Quang,Tỉnh Hà Giang,Tỉnh Tuyên Quang,Xã Liên Hiệp,Xã,1192
Xã Quang Minh,Huyện Bắc Quang,Tỉnh Hà Giang,Tỉnh Tuyên Quang,Xã Bắc Quang,Xã,1153
Xã Thượng Bình,Huyện Bắc Quang,Tỉnh Hà Giang,Tỉnh Tuyên Quang,Xã Đồng Tâm,Xã,1165
Xã Tiên Kiều,Huyện Bắc Quang,Tỉnh Hà Giang,Tỉnh Tuyên Quang,Xã Hùng An,Xã,1201
Xã Tân Lập,Huyện Bắc Quang,Tỉnh Hà Giang,Tỉnh Tuyên Quang,Xã Tân Quang,Xã,1171
Xã Tân Quang,Huyện Bắc Quang,Tỉnh Hà Giang,Tỉnh Tuyên Quang,Xã Tân Quang,Xã,1171
Xã Tân Thành,Huyện Bắc Quang,Tỉnh Hà Giang,Tỉnh Tuyên Quang,Xã Tân Quang,Xã,1171
Xã Việt Hồng,Huyện Bắc Quang,Tỉnh Hà Giang,Tỉnh Tuyên Quang,Xã Hùng An,Xã,1201
Xã Việt Vinh,Huyện Bắc Quang,Tỉnh Hà Giang,Tỉnh Tuyên Quang,Xã Bắc Quang,Xã,1153
Xã Vô Điếm,Huyện Bắc Quang,Tỉnh Hà Giang,Tỉnh Tuyên Quang,Xã Bằng Hành,Xã,1180
Xã Vĩnh Hảo,Huyện Bắc Quang,Tỉnh Hà Giang,Tỉnh Tuyên Quang,Xã Vĩnh Tuy,Xã,1156
Xã Vĩnh Phúc,Huyện Bắc Quang,Tỉnh Hà Giang,Tỉnh Tuyên Quang,Xã Đồng Yên,Xã,1216
Xã Đông Thành,Huyện Bắc Quang,Tỉnh Hà Giang,Tỉnh Tuyên Quang,Xã Vĩnh Tuy,Xã,1156
Xã Đồng Tiến,Huyện Bắc Quang,Tỉnh Hà Giang,Tỉnh Tuyên Quang,Xã Đồng Tâm,Xã,1165
Xã Đồng Tâm,Huyện Bắc Quang,Tỉnh Hà Giang,Tỉnh Tuyên Quang,Xã Đồng Tâm,Xã,1165
Xã Đồng Yên,Huyện Bắc Quang,Tỉnh Hà Giang,Tỉnh Tuyên Quang,Xã Đồng Yên,Xã,1216
Xã Đức Xuân,Huyện Bắc Quang,Tỉnh Hà Giang,Tỉnh Tuyên Quang,Xã Liên Hiệp,Xã,1192
Thị trấn Vinh Quang,Huyện Hoàng Su Phì,Tỉnh Hà Giang,Tỉnh Tuyên Quang,Xã Hoàng Su Phì,Xã,1021
Xã Bản Luốc,Huyện Hoàng Su Phì,Tỉnh Hà Giang,Tỉnh Tuyên Quang,Xã Hoàng Su Phì,Xã,1021
Xã Bản Máy,Huyện Hoàng Su Phì,Tỉnh Hà Giang,Tỉnh Tuyên Quang,Xã Bản Máy,Xã,1024
Xã Bản Nhùng,Huyện Hoàng Su Phì,Tỉnh Hà Giang,Tỉnh Tuyên Quang,Xã Tân Tiến,Xã,1051
Xã Bản Phùng,Huyện Hoàng Su Phì,Tỉnh Hà Giang,Tỉnh Tuyên Quang,Xã Bản Máy,Xã,1024
Xã Chiến Phố,Huyện Hoàng Su Phì,Tỉnh Hà Giang,Tỉnh Tuyên Quang,Xã Bản Máy,Xã,1024
Xã Hồ Thầu,Huyện Hoàng Su Phì,Tỉnh Hà Giang,Tỉnh Tuyên Quang,Xã Hồ Thầu,Xã,1084
Xã Nam Sơn,Huyện Hoàng Su Phì,Tỉnh Hà Giang,Tỉnh Tuyên Quang,Xã Hồ Thầu,Xã,1084
Xã Ngàm Đăng Vài,Huyện Hoàng Su Phì,Tỉnh Hà Giang,Tỉnh Tuyên Quang,Xã Hoàng Su Phì,Xã,1021
Xã Nàng Đôn,Huyện Hoàng Su Phì,Tỉnh Hà Giang,Tỉnh Tuyên Quang,Xã Pờ Ly Ngài,Xã,1057
Xã Nậm Dịch,Huyện Hoàng Su Phì,Tỉnh Hà Giang,Tỉnh Tuyên Quang,Xã Nậm Dịch,Xã,1075
Xã Nậm Khòa,Huyện Hoàng Su Phì,Tỉnh Hà Giang,Tỉnh Tuyên Quang,Xã Hồ Thầu,Xã,1084
Xã Nậm Ty,Huyện Hoàng Su Phì,Tỉnh Hà Giang,Tỉnh Tuyên Quang,Xã Nậm Dịch,Xã,1075
Xã Pố Lồ,Huyện Hoàng Su Phì,Tỉnh Hà Giang,Tỉnh Tuyên Quang,Xã Thàng Tín,Xã,1033
Xã Pờ Ly Ngài,Huyện Hoàng Su Phì,Tỉnh Hà Giang,Tỉnh Tuyên Quang,Xã Pờ Ly Ngài,Xã,1057
Xã Sán Sả Hồ,Huyện Hoàng Su Phì,Tỉnh Hà Giang,Tỉnh Tuyên Quang,Xã Pờ Ly Ngài,Xã,1057
Xã Thàng Tín,Huyện Hoàng Su Phì,Tỉnh Hà Giang,Tỉnh Tuyên Quang,Xã Thàng Tín,Xã,1033
Xã Thèn Chu Phìn,Huyện Hoàng Su Phì,Tỉnh Hà Giang,Tỉnh Tuyên Quang,Xã Thàng Tín,Xã,1033
Xã Thông Nguyên,Huyện Hoàng Su Phì,Tỉnh Hà Giang,Tỉnh Tuyên Quang,Xã Thông Nguyên,Xã,1090
Xã Tân Tiến,Huyện Hoàng Su Phì,Tỉnh Hà Giang,Tỉnh Tuyên Quang,Xã Tân Tiến,Xã,1051
Xã Túng Sán,Huyện Hoàng Su Phì,Tỉnh Hà Giang,Tỉnh Tuyên Quang,Xã Tân Tiến,Xã,1051
Xã Tả Sử Choóng,Huyện Hoàng Su Phì,Tỉnh Hà Giang,Tỉnh Tuyên Quang,Xã Nậm Dịch,Xã,1075
Xã Tụ Nhân,Huyện Hoàng Su Phì,Tỉnh Hà Giang,Tỉnh Tuyên Quang,Xã Hoàng Su Phì,Xã,1021
Xã Đản Ván,Huyện Hoàng Su Phì,Tỉnh Hà Giang,Tỉnh Tuyên Quang,Xã Hoàng Su Phì,Xã,1021
Thị trấn Mèo Vạc,Huyện Mèo Vạc,Tỉnh Hà Giang,Tỉnh Tuyên Quang,Xã Mèo Vạc,Xã,769
Xã Cán Chu Phìn,Huyện Mèo Vạc,Tỉnh Hà Giang,Tỉnh Tuyên Quang,Xã Khâu Vai,Xã,802
Xã Giàng Chu Phìn,Huyện Mèo Vạc,Tỉnh Hà Giang,Tỉnh Tuyên Quang,Xã Mèo Vạc,Xã,769
Xã Khâu Vai,Huyện Mèo Vạc,Tỉnh Hà Giang,Tỉnh Tuyên Quang,Xã Khâu Vai,Xã,802
Xã Lũng Chinh,Huyện Mèo Vạc,Tỉnh Hà Giang,Tỉnh Tuyên Quang,Xã Sủng Máng,Xã,787
Xã Lũng Pù,Huyện Mèo Vạc,Tỉnh Hà Giang,Tỉnh Tuyên Quang,Xã Khâu Vai,Xã,802
Xã Niêm Sơn,Huyện Mèo Vạc,Tỉnh Hà Giang,Tỉnh Tuyên Quang,Xã Niêm Sơn,Xã,817
Xã Niêm Tòng,Huyện Mèo Vạc,Tỉnh Hà Giang,Tỉnh Tuyên Quang,Xã Niêm Sơn,Xã,817
Xã Nậm Ban,Huyện Mèo Vạc,Tỉnh Hà Giang,Tỉnh Tuyên Quang,Xã Tát Ngà,Xã,808
Xã Pả Vi,Huyện Mèo Vạc,Tỉnh Hà Giang,Tỉnh Tuyên Quang,Xã Mèo Vạc,Xã,769
Xã Pải Lủng,Huyện Mèo Vạc,Tỉnh Hà Giang,Tỉnh Tuyên Quang,Xã Đồng Văn,Xã,721
Xã Sơn Vĩ,Huyện Mèo Vạc,Tỉnh Hà Giang,Tỉnh Tuyên Quang,Xã Sơn Vĩ,Xã,778
Xã Sủng Máng,Huyện Mèo Vạc,Tỉnh Hà Giang,Tỉnh Tuyên Quang,Xã Sủng Máng,Xã,787
Xã Sủng Trà,Huyện Mèo Vạc,Tỉnh Hà Giang,Tỉnh Tuyên Quang,Xã Sủng Máng,Xã,787
Xã Thượng Phùng,Huyện Mèo Vạc,Tỉnh Hà Giang,Tỉnh Tuyên Quang,Xã Sơn Vĩ,Xã,778
Xã Tát Ngà,Huyện Mèo Vạc,Tỉnh Hà Giang,Tỉnh Tuyên Quang,Xã Tát Ngà,Xã,808
Xã Tả Lủng,Huyện Mèo Vạc,Tỉnh Hà Giang,Tỉnh Tuyên Quang,Xã Mèo Vạc,Xã,769
Xã Xín Cái,Huyện Mèo Vạc,Tỉnh Hà Giang,Tỉnh Tuyên Quang,Xã Sơn Vĩ,Xã,778
Thị trấn Yên Bình,Huyện Quang Bình,Tỉnh Hà Giang,Tỉnh Tuyên Quang,Xã Quang Bình,Xã,1237
Xã Bản Rịa,Huyện Quang Bình,Tỉnh Hà Giang,Tỉnh Tuyên Quang,Xã Yên Thành,Xã,1234
Xã Bằng Lang,Huyện Quang Bình,Tỉnh Hà Giang,Tỉnh Tuyên Quang,Xã Bằng Lang,Xã,1246
Xã Hương Sơn,Huyện Quang Bình,Tỉnh Hà Giang,Tỉnh Tuyên Quang,Xã Tiên Yên,Xã,1261
Xã Nà Khương,Huyện Quang Bình,Tỉnh Hà Giang,Tỉnh Tuyên Quang,Xã Xuân Giang,Xã,1255
Xã Tiên Nguyên,Huyện Quang Bình,Tỉnh Hà Giang,Tỉnh Tuyên Quang,Xã Tiên Nguyên,Xã,1225
Xã Tiên Yên,Huyện Quang Bình,Tỉnh Hà Giang,Tỉnh Tuyên Quang,Xã Tiên Yên,Xã,1261
Xã Tân Bắc,Huyện Quang Bình,Tỉnh Hà Giang,Tỉnh Tuyên Quang,Xã Tân Trịnh,Xã,1243
Xã Tân Nam,Huyện Quang Bình,Tỉnh Hà Giang,Tỉnh Tuyên Quang,Xã Quang Bình,Xã,1237
Xã Tân Trịnh,Huyện Quang Bình,Tỉnh Hà Giang,Tỉnh Tuyên Quang,Xã Tân Trịnh,Xã,1243
Xã Vĩ Thượng,Huyện Quang Bình,Tỉnh Hà Giang,Tỉnh Tuyên Quang,Xã Tiên Yên,Xã,1261
Xã Xuân Giang,Huyện Quang Bình,Tỉnh Hà Giang,Tỉnh Tuyên Quang,Xã Xuân Giang,Xã,1255
Xã Xuân Minh,Huyện Quang Bình,Tỉnh Hà Giang,Tỉnh Tuyên Quang,Xã Thông Nguyên,Xã,1090
Xã Yên Hà,Huyện Quang Bình,Tỉnh Hà Giang,Tỉnh Tuyên Quang,Xã Bằng Lang,Xã,1246
Xã Yên Thành,Huyện Quang Bình,Tỉnh Hà Giang,Tỉnh Tuyên Quang,Xã Yên Thành,Xã,1234
Thị trấn Tam Sơn,Huyện Quản Bạ,Tỉnh Hà Giang,Tỉnh Tuyên Quang,Xã Quản Bạ,Xã,874
Xã Bát Đại Sơn,Huyện Quản Bạ,Tỉnh Hà Giang,Tỉnh Tuyên Quang,Xã Cán Tỷ,Xã,883
Xã Cao Mã Pờ,Huyện Quản Bạ,Tỉnh Hà Giang,Tỉnh Tuyên Quang,Xã Tùng Vài,Xã,892
Xã Cán Tỷ,Huyện Quản Bạ,Tỉnh Hà Giang,Tỉnh Tuyên Quang,Xã Cán Tỷ,Xã,883
Xã Lùng Tám,Huyện Quản Bạ,Tỉnh Hà Giang,Tỉnh Tuyên Quang,Xã Lùng Tám,Xã,901
Xã Nghĩa Thuận,Huyện Quản Bạ,Tỉnh Hà Giang,Tỉnh Tuyên Quang,Xã Nghĩa Thuận,Xã,889
Xã Quyết Tiến,Huyện Quản Bạ,Tỉnh Hà Giang,Tỉnh Tuyên Quang,Xã Quản Bạ,Xã,874
Xã Quản Bạ,Huyện Quản Bạ,Tỉnh Hà Giang,Tỉnh Tuyên Quang,Xã Quản Bạ,Xã,874
Xã Thanh Vân,Huyện Quản Bạ,Tỉnh Hà Giang,Tỉnh Tuyên Quang,Xã Nghĩa Thuận,Xã,889
Xã Thái An,Huyện Quản Bạ,Tỉnh Hà Giang,Tỉnh Tuyên Quang,Xã Lùng Tám,Xã,901
Xã Tùng Vài,Huyện Quản Bạ,Tỉnh Hà Giang,Tỉnh Tuyên Quang,Xã Tùng Vài,Xã,892
Xã Tả Ván,Huyện Quản Bạ,Tỉnh Hà Giang,Tỉnh Tuyên Quang,Xã Tùng Vài,Xã,892
Xã Đông Hà,Huyện Quản Bạ,Tỉnh Hà Giang,Tỉnh Tuyên Quang,Xã Lùng Tám,Xã,901
Thị trấn Nông trường Việt Lâm,Huyện Vị Xuyên,Tỉnh Hà Giang,Tỉnh Tuyên Quang,Xã Vị Xuyên,Xã,913
Thị trấn Vị Xuyên,Huyện Vị Xuyên,Tỉnh Hà Giang,Tỉnh Tuyên Quang,Xã Vị Xuyên,Xã,913
Xã Bạch Ngọc,Huyện Vị Xuyên,Tỉnh Hà Giang,Tỉnh Tuyên Quang,Xã Bạch Ngọc,Xã,976
Xã Cao Bồ,Huyện Vị Xuyên,Tỉnh Hà Giang,Tỉnh Tuyên Quang,Xã Cao Bồ,Xã,952
Xã Kim Linh,Huyện Vị Xuyên,Tỉnh Hà Giang,Tỉnh Tuyên Quang,Xã Phú Linh,Xã,706
Xã Kim Thạch,Huyện Vị Xuyên,Tỉnh Hà Giang,Tỉnh Tuyên Quang,Xã Phú Linh,Xã,706
Xã Lao Chải,Huyện Vị Xuyên,Tỉnh Hà Giang,Tỉnh Tuyên Quang,Xã Lao Chải,Xã,937
Xã Linh Hồ,Huyện Vị Xuyên,Tỉnh Hà Giang,Tỉnh Tuyên Quang,Xã Linh Hồ,Xã,970
Xã Minh Tân,Huyện Vị Xuyên,Tỉnh Hà Giang,Tỉnh Tuyên Quang,Xã Minh Tân,Xã,919
Xã Ngọc Linh,Huyện Vị Xuyên,Tỉnh Hà Giang,Tỉnh Tuyên Quang,Xã Linh Hồ,Xã,970
Xã Ngọc Minh,Huyện Vị Xuyên,Tỉnh Hà Giang,Tỉnh Tuyên Quang,Xã Bạch Ngọc,Xã,976
Xã Phong Quang,Huyện Vị Xuyên,Tỉnh Hà Giang,Tỉnh Tuyên Quang,Phường Hà Giang 2,Phường,691
Xã Phú Linh,Huyện Vị Xuyên,Tỉnh Hà Giang,Tỉnh Tuyên Quang,Xã Phú Linh,Xã,706
Xã Phương Tiến,Huyện Vị Xuyên,Tỉnh Hà Giang,Tỉnh Tuyên Quang,Xã Thanh Thủy,Xã,928
Xã Quảng Ngần,Huyện Vị Xuyên,Tỉnh Hà Giang,Tỉnh Tuyên Quang,Xã Việt Lâm,Xã,967
Xã Thanh Thủy,Huyện Vị Xuyên,Tỉnh Hà Giang,Tỉnh Tuyên Quang,Xã Thanh Thủy,Xã,928
Xã Thanh Đức,Huyện Vị Xuyên,Tỉnh Hà Giang,Tỉnh Tuyên Quang,Xã Lao Chải,Xã,937
Xã Thuận Hòa,Huyện Vị Xuyên,Tỉnh Hà Giang,Tỉnh Tuyên Quang,Xã Thuận Hòa,Xã,922
Xã Thượng Sơn,Huyện Vị Xuyên,Tỉnh Hà Giang,Tỉnh Tuyên Quang,Xã Thượng Sơn,Xã,958
Xã Trung Thành,Huyện Vị Xuyên,Tỉnh Hà Giang,Tỉnh Tuyên Quang,Xã Linh Hồ,Xã,970
Xã Tùng Bá,Huyện Vị Xuyên,Tỉnh Hà Giang,Tỉnh Tuyên Quang,Xã Tùng Bá,Xã,925
Xã Việt Lâm,Huyện Vị Xuyên,Tỉnh Hà Giang,Tỉnh Tuyên Quang,Xã Việt Lâm,Xã,967
Xã Việt Lâm,Huyện Vị Xuyên,Tỉnh Hà Giang,Tỉnh Tuyên Quang,Xã Vị Xuyên,Xã,913
Xã Xín Chải,Huyện Vị Xuyên,Tỉnh Hà Giang,Tỉnh Tuyên Quang,Xã Lao Chải,Xã,937
Xã Đạo Đức,Huyện Vị Xuyên,Tỉnh Hà Giang,Tỉnh Tuyên Quang,Xã Vị Xuyên,Xã,913
Thị trấn Cốc Pài,Huyện Xín Mần,Tỉnh Hà Giang,Tỉnh Tuyên Quang,Xã Pà Vầy Sủ,Xã,1096
Xã Bản Díu,Huyện Xín Mần,Tỉnh Hà Giang,Tỉnh Tuyên Quang,Xã Xín Mần,Xã,1108
Xã Bản Ngò,Huyện Xín Mần,Tỉnh Hà Giang,Tỉnh Tuyên Quang,Xã Pà Vầy Sủ,Xã,1096
Xã Chí Cà,Huyện Xín Mần,Tỉnh Hà Giang,Tỉnh Tuyên Quang,Xã Xín Mần,Xã,1108
Xã Chế Là,Huyện Xín Mần,Tỉnh Hà Giang,Tỉnh Tuyên Quang,Xã Nấm Dẩn,Xã,1141
Xã Cốc Rế,Huyện Xín Mần,Tỉnh Hà Giang,Tỉnh Tuyên Quang,Xã Trung Thịnh,Xã,1117
Xã Khuôn Lùng,Huyện Xín Mần,Tỉnh Hà Giang,Tỉnh Tuyên Quang,Xã Khuôn Lùng,Xã,1147
Xã Nà Chì,Huyện Xín Mần,Tỉnh Hà Giang,Tỉnh Tuyên Quang,Xã Khuôn Lùng,Xã,1147
Xã Nàn Ma,Huyện Xín Mần,Tỉnh Hà Giang,Tỉnh Tuyên Quang,Xã Pà Vầy Sủ,Xã,1096
Xã Nàn Xỉn,Huyện Xín Mần,Tỉnh Hà Giang,Tỉnh Tuyên Quang,Xã Xín Mần,Xã,1108
Xã Nấm Dẩn,Huyện Xín Mần,Tỉnh Hà Giang,Tỉnh Tuyên Quang,Xã Nấm Dẩn,Xã,1141
Xã Pà Vầy Sủ,Huyện Xín Mần,Tỉnh Hà Giang,Tỉnh Tuyên Quang,Xã Pà Vầy Sủ,Xã,1096
Xã Quảng Nguyên,Huyện Xín Mần,Tỉnh Hà Giang,Tỉnh Tuyên Quang,Xã Quảng Nguyên,Xã,1144
Xã Thu Tà,Huyện Xín Mần,Tỉnh Hà Giang,Tỉnh Tuyên Quang,Xã Trung Thịnh,Xã,1117
Xã Thèn Phàng,Huyện Xín Mần,Tỉnh Hà Giang,Tỉnh Tuyên Quang,Xã Xín Mần,Xã,1108
Xã Trung Thịnh,Huyện Xín Mần,Tỉnh Hà Giang,Tỉnh Tuyên Quang,Xã Trung Thịnh,Xã,1117
Xã Tả Nhìu,Huyện Xín Mần,Tỉnh Hà Giang,Tỉnh Tuyên Quang,Xã Nấm Dẩn,Xã,1141
Xã Xín Mần,Huyện Xín Mần,Tỉnh Hà Giang,Tỉnh Tuyên Quang,Xã Xín Mần,Xã,1108
Thị trấn Yên Minh,Huyện Yên Minh,Tỉnh Hà Giang,Tỉnh Tuyên Quang,Xã Yên Minh,Xã,820
Xã Bạch Đích,Huyện Yên Minh,Tỉnh Hà Giang,Tỉnh Tuyên Quang,Xã Bạch Đích,Xã,832
Xã Du Già,Huyện Yên Minh,Tỉnh Hà Giang,Tỉnh Tuyên Quang,Xã Du Già,Xã,871
Xã Du Tiến,Huyện Yên Minh,Tỉnh Hà Giang,Tỉnh Tuyên Quang,Xã Du Già,Xã,871
Xã Hữu Vinh,Huyện Yên Minh,Tỉnh Hà Giang,Tỉnh Tuyên Quang,Xã Yên Minh,Xã,820
Xã Lao Và Chải,Huyện Yên Minh,Tỉnh Hà Giang,Tỉnh Tuyên Quang,Xã Yên Minh,Xã,820
Xã Lũng Hồ,Huyện Yên Minh,Tỉnh Hà Giang,Tỉnh Tuyên Quang,Xã Đường Thượng,Xã,865
Xã Mậu Duệ,Huyện Yên Minh,Tỉnh Hà Giang,Tỉnh Tuyên Quang,Xã Mậu Duệ,Xã,847
Xã Mậu Long,Huyện Yên Minh,Tỉnh Hà Giang,Tỉnh Tuyên Quang,Xã Mậu Duệ,Xã,847
Xã Na Khê,Huyện Yên Minh,Tỉnh Hà Giang,Tỉnh Tuyên Quang,Xã Bạch Đích,Xã,832
Xã Ngam La,Huyện Yên Minh,Tỉnh Hà Giang,Tỉnh Tuyên Quang,Xã Mậu Duệ,Xã,847
Xã Ngọc Long,Huyện Yên Minh,Tỉnh Hà Giang,Tỉnh Tuyên Quang,Xã Ngọc Long,Xã,859
Xã Phú Lũng,Huyện Yên Minh,Tỉnh Hà Giang,Tỉnh Tuyên Quang,Xã Bạch Đích,Xã,832
Xã Sủng Cháng,Huyện Yên Minh,Tỉnh Hà Giang,Tỉnh Tuyên Quang,Xã Thắng Mố,Xã,829
Xã Sủng Thài,Huyện Yên Minh,Tỉnh Hà Giang,Tỉnh Tuyên Quang,Xã Thắng Mố,Xã,829
Xã Thắng Mố,Huyện Yên Minh,Tỉnh Hà Giang,Tỉnh Tuyên Quang,Xã Thắng Mố,Xã,829
Xã Đông Minh,Huyện Yên Minh,Tỉnh Hà Giang,Tỉnh Tuyên Quang,Xã Yên Minh,Xã,820
Xã Đường Thượng,Huyện Yên Minh,Tỉnh Hà Giang,Tỉnh Tuyên Quang,Xã Đường Thượng,Xã,865
Thị trấn Phố Bảng,Huyện Đồng Văn,Tỉnh Hà Giang,Tỉnh Tuyên Quang,Xã Phố Bảng,Xã,745
Thị trấn Đồng Văn,Huyện Đồng Văn,Tỉnh Hà Giang,Tỉnh Tuyên Quang,Xã Đồng Văn,Xã,721
Xã Hố Quáng Phìn,Huyện Đồng Văn,Tỉnh Hà Giang,Tỉnh Tuyên Quang,Xã Lũng Phìn,Xã,763
Xã Lũng Cú,Huyện Đồng Văn,Tỉnh Hà Giang,Tỉnh Tuyên Quang,Xã Lũng Cú,Xã,715
Xã Lũng Phìn,Huyện Đồng Văn,Tỉnh Hà Giang,Tỉnh Tuyên Quang,Xã Lũng Phìn,Xã,763
Xã Lũng Thầu,Huyện Đồng Văn,Tỉnh Hà Giang,Tỉnh Tuyên Quang,Xã Phố Bảng,Xã,745
Xã Lũng Táo,Huyện Đồng Văn,Tỉnh Hà Giang,Tỉnh Tuyên Quang,Xã Lũng Cú,Xã,715
Xã Má Lé,Huyện Đồng Văn,Tỉnh Hà Giang,Tỉnh Tuyên Quang,Xã Lũng Cú,Xã,715
Xã Phố Cáo,Huyện Đồng Văn,Tỉnh Hà Giang,Tỉnh Tuyên Quang,Xã Phố Bảng,Xã,745
Xã Phố Là,Huyện Đồng Văn,Tỉnh Hà Giang,Tỉnh Tuyên Quang,Xã Phố Bảng,Xã,745
Xã Sà Phìn,Huyện Đồng Văn,Tỉnh Hà Giang,Tỉnh Tuyên Quang,Xã Sà Phìn,Xã,733
Xã Sính Lủng,Huyện Đồng Văn,Tỉnh Hà Giang,Tỉnh Tuyên Quang,Xã Sà Phìn,Xã,733
Xã Sảng Tủng,Huyện Đồng Văn,Tỉnh Hà Giang,Tỉnh Tuyên Quang,Xã Sà Phìn,Xã,733
Xã Sủng Là,Huyện Đồng Văn,Tỉnh Hà Giang,Tỉnh Tuyên Quang,Xã Sà Phìn,Xã,733
Xã Sủng Trái,Huyện Đồng Văn,Tỉnh Hà Giang,Tỉnh Tuyên Quang,Xã Lũng Phìn,Xã,763
Xã Thài Phìn Tủng,Huyện Đồng Văn,Tỉnh Hà Giang,Tỉnh Tuyên Quang,Xã Đồng Văn,Xã,721
Xã Tả Lủng,Huyện Đồng Văn,Tỉnh Hà Giang,Tỉnh Tuyên Quang,Xã Đồng Văn,Xã,721
Xã Tả Phìn,Huyện Đồng Văn,Tỉnh Hà Giang,Tỉnh Tuyên Quang,Xã Đồng Văn,Xã,721
Xã Vần Chải,Huyện Đồng Văn,Tỉnh Hà Giang,Tỉnh Tuyên Quang,Xã Yên Minh,Xã,820
Phường Minh Khai,Thành phố Hà Giang,Tỉnh Hà Giang,Tỉnh Tuyên Quang,Phường Hà Giang 2,Phường,691
Phường Nguyễn Trãi,Thành phố Hà Giang,Tỉnh Hà Giang,Tỉnh Tuyên Quang,Phường Hà Giang 1,Phường,694
Phường Ngọc Hà,Thành phố Hà Giang,Tỉnh Hà Giang,Tỉnh Tuyên Quang,Phường Hà Giang 2,Phường,691
Phường Quang Trung,Thành phố Hà Giang,Tỉnh Hà Giang,Tỉnh Tuyên Quang,Phường Hà Giang 1,Phường,694
Phường Quang Trung,Thành phố Hà Giang,Tỉnh Hà Giang,Tỉnh Tuyên Quang,Phường Hà Giang 2,Phường,691
Phường Trần Phú,Thành phố Hà Giang,Tỉnh Hà Giang,Tỉnh Tuyên Quang,Phường Hà Giang 2,Phường,691
Xã Ngọc Đường,Thành phố Hà Giang,Tỉnh Hà Giang,Tỉnh Tuyên Quang,Xã Ngọc Đường,Xã,700
Xã Phương Thiện,Thành phố Hà Giang,Tỉnh Hà Giang,Tỉnh Tuyên Quang,Phường Hà Giang 1,Phường,694
Xã Phương Độ,Thành phố Hà Giang,Tỉnh Hà Giang,Tỉnh Tuyên Quang,Phường Hà Giang 1,Phường,694
Thị trấn Vĩnh Lộc,Huyện Chiêm Hóa,Tỉnh Tuyên Quang,Tỉnh Tuyên Quang,Xã Chiêm Hóa,Xã,2287
Xã Bình Nhân,Huyện Chiêm Hóa,Tỉnh Tuyên Quang,Tỉnh Tuyên Quang,Xã Kim Bình,Xã,2350
Xã Bình Phú,Huyện Chiêm Hóa,Tỉnh Tuyên Quang,Tỉnh Tuyên Quang,Xã Yên Lập,Xã,2317
Xã Hà Lang,Huyện Chiêm Hóa,Tỉnh Tuyên Quang,Tỉnh Tuyên Quang,Xã Tân An,Xã,2320
Xã Hòa An,Huyện Chiêm Hóa,Tỉnh Tuyên Quang,Tỉnh Tuyên Quang,Xã Hòa An,Xã,2353
Xã Hòa Phú,Huyện Chiêm Hóa,Tỉnh Tuyên Quang,Tỉnh Tuyên Quang,Xã Yên Nguyên,Xã,2365
Xã Hùng Mỹ,Huyện Chiêm Hóa,Tỉnh Tuyên Quang,Tỉnh Tuyên Quang,Xã Tân Mỹ,Xã,2308
Xã Kim Bình,Huyện Chiêm Hóa,Tỉnh Tuyên Quang,Tỉnh Tuyên Quang,Xã Kim Bình,Xã,2350
Xã Kiên Đài,Huyện Chiêm Hóa,Tỉnh Tuyên Quang,Tỉnh Tuyên Quang,Xã Kiên Đài,Xã,2332
Xã Linh Phú,Huyện Chiêm Hóa,Tỉnh Tuyên Quang,Tỉnh Tuyên Quang,Xã Tri Phú,Xã,2359
Xã Ngọc Hội,Huyện Chiêm Hóa,Tỉnh Tuyên Quang,Tỉnh Tuyên Quang,Xã Chiêm Hóa,Xã,2287
Xã Nhân Lý,Huyện Chiêm Hóa,Tỉnh Tuyên Quang,Tỉnh Tuyên Quang,Xã Hòa An,Xã,2353
Xã Phú Bình,Huyện Chiêm Hóa,Tỉnh Tuyên Quang,Tỉnh Tuyên Quang,Xã Kiên Đài,Xã,2332
Xã Phúc Thịnh,Huyện Chiêm Hóa,Tỉnh Tuyên Quang,Tỉnh Tuyên Quang,Xã Chiêm Hóa,Xã,2287
Xã Tri Phú,Huyện Chiêm Hóa,Tỉnh Tuyên Quang,Tỉnh Tuyên Quang,Xã Tri Phú,Xã,2359
Xã Trung Hà,Huyện Chiêm Hóa,Tỉnh Tuyên Quang,Tỉnh Tuyên Quang,Xã Trung Hà,Xã,2305
Xã Trung Hòa,Huyện Chiêm Hóa,Tỉnh Tuyên Quang,Tỉnh Tuyên Quang,Xã Chiêm Hóa,Xã,2287
Xã Tân An,Huyện Chiêm Hóa,Tỉnh Tuyên Quang,Tỉnh Tuyên Quang,Xã Tân An,Xã,2320
Xã Tân Mỹ,Huyện Chiêm Hóa,Tỉnh Tuyên Quang,Tỉnh Tuyên Quang,Xã Tân Mỹ,Xã,2308
Xã Tân Thịnh,Huyện Chiêm Hóa,Tỉnh Tuyên Quang,Tỉnh Tuyên Quang,Xã Hòa An,Xã,2353
Xã Vinh Quang,Huyện Chiêm Hóa,Tỉnh Tuyên Quang,Tỉnh Tuyên Quang,Xã Kim Bình,Xã,2350
Xã Xuân Quang,Huyện Chiêm Hóa,Tỉnh Tuyên Quang,Tỉnh Tuyên Quang,Xã Chiêm Hóa,Xã,2287
Xã Yên Lập,Huyện Chiêm Hóa,Tỉnh Tuyên Quang,Tỉnh Tuyên Quang,Xã Yên Lập,Xã,2317
Xã Yên Nguyên,Huyện Chiêm Hóa,Tỉnh Tuyên Quang,Tỉnh Tuyên Quang,Xã Yên Nguyên,Xã,2365
Thị trấn Tân Yên,Huyện Hàm Yên,Tỉnh Tuyên Quang,Tỉnh Tuyên Quang,Xã Hàm Yên,Xã,2374
Xã Bình Xa,Huyện Hàm Yên,Tỉnh Tuyên Quang,Tỉnh Tuyên Quang,Xã Bình Xa,Xã,2404
Xã Bạch Xa,Huyện Hàm Yên,Tỉnh Tuyên Quang,Tỉnh Tuyên Quang,Xã Bạch Xa,Xã,2380
Xã Bằng Cốc,Huyện Hàm Yên,Tỉnh Tuyên Quang,Tỉnh Tuyên Quang,Xã Hàm Yên,Xã,2374
Xã Hùng Đức,Huyện Hàm Yên,Tỉnh Tuyên Quang,Tỉnh Tuyên Quang,Xã Hùng Đức,Xã,2425
Xã Minh Dân,Huyện Hàm Yên,Tỉnh Tuyên Quang,Tỉnh Tuyên Quang,Xã Phù Lưu,Xã,2392
Xã Minh Hương,Huyện Hàm Yên,Tỉnh Tuyên Quang,Tỉnh Tuyên Quang,Xã Bình Xa,Xã,2404
Xã Minh Khương,Huyện Hàm Yên,Tỉnh Tuyên Quang,Tỉnh Tuyên Quang,Xã Bạch Xa,Xã,2380
Xã Nhân Mục,Huyện Hàm Yên,Tỉnh Tuyên Quang,Tỉnh Tuyên Quang,Xã Hàm Yên,Xã,2374
Xã Phù Lưu,Huyện Hàm Yên,Tỉnh Tuyên Quang,Tỉnh Tuyên Quang,Xã Phù Lưu,Xã,2392
Xã Thành Long,Huyện Hàm Yên,Tỉnh Tuyên Quang,Tỉnh Tuyên Quang,Xã Thái Sơn,Xã,2407
Xã Thái Hòa,Huyện Hàm Yên,Tỉnh Tuyên Quang,Tỉnh Tuyên Quang,Xã Thái Hòa,Xã,2419
Xã Thái Sơn,Huyện Hàm Yên,Tỉnh Tuyên Quang,Tỉnh Tuyên Quang,Xã Thái Sơn,Xã,2407
Xã Tân Thành,Huyện Hàm Yên,Tỉnh Tuyên Quang,Tỉnh Tuyên Quang,Xã Hàm Yên,Xã,2374
Xã Yên Lâm,Huyện Hàm Yên,Tỉnh Tuyên Quang,Tỉnh Tuyên Quang,Xã Yên Phú,Xã,2398
Xã Yên Phú,Huyện Hàm Yên,Tỉnh Tuyên Quang,Tỉnh Tuyên Quang,Xã Yên Phú,Xã,2398
Xã Yên Thuận,Huyện Hàm Yên,Tỉnh Tuyên Quang,Tỉnh Tuyên Quang,Xã Bạch Xa,Xã,2380
Xã Đức Ninh,Huyện Hàm Yên,Tỉnh Tuyên Quang,Tỉnh Tuyên Quang,Xã Thái Hòa,Xã,2419
Thị trấn Lăng Can,Huyện Lâm Bình,Tỉnh Tuyên Quang,Tỉnh Tuyên Quang,Xã Lâm Bình,Xã,2266
Xã Bình An,Huyện Lâm Bình,Tỉnh Tuyên Quang,Tỉnh Tuyên Quang,Xã Bình An,Xã,2296
Xã Hồng Quang,Huyện Lâm Bình,Tỉnh Tuyên Quang,Tỉnh Tuyên Quang,Xã Minh Quang,Xã,2302
Xã Khuôn Hà,Huyện Lâm Bình,Tỉnh Tuyên Quang,Tỉnh Tuyên Quang,Xã Thượng Lâm,Xã,2269
Xã Minh Quang,Huyện Lâm Bình,Tỉnh Tuyên Quang,Tỉnh Tuyên Quang,Xã Minh Quang,Xã,2302
Xã Phúc Sơn,Huyện Lâm Bình,Tỉnh Tuyên Quang,Tỉnh Tuyên Quang,Xã Minh Quang,Xã,2302
Xã Phúc Yên,Huyện Lâm Bình,Tỉnh Tuyên Quang,Tỉnh Tuyên Quang,Xã Lâm Bình,Xã,2266
Xã Thượng Lâm,Huyện Lâm Bình,Tỉnh Tuyên Quang,Tỉnh Tuyên Quang,Xã Thượng Lâm,Xã,2269
Xã Thổ Bình,Huyện Lâm Bình,Tỉnh Tuyên Quang,Tỉnh Tuyên Quang,Xã Bình An,Xã,2296
Xã Xuân Lập,Huyện Lâm Bình,Tỉnh Tuyên Quang,Tỉnh Tuyên Quang,Xã Lâm Bình,Xã,2266
Thị trấn Na Hang,Huyện Na Hang,Tỉnh Tuyên Quang,Tỉnh Tuyên Quang,Xã Nà Hang,Xã,2221
Xã Côn Lôn,Huyện Na Hang,Tỉnh Tuyên Quang,Tỉnh Tuyên Quang,Xã Côn Lôn,Xã,2245
Xã Hồng Thái,Huyện Na Hang,Tỉnh Tuyên Quang,Tỉnh Tuyên Quang,Xã Hồng Thái,Xã,2260
Xã Khâu Tinh,Huyện Na Hang,Tỉnh Tuyên Quang,Tỉnh Tuyên Quang,Xã Yên Hoa,Xã,2248
Xã Năng Khả,Huyện Na Hang,Tỉnh Tuyên Quang,Tỉnh Tuyên Quang,Xã Nà Hang,Xã,2221
Xã Sinh Long,Huyện Na Hang,Tỉnh Tuyên Quang,Tỉnh Tuyên Quang,Xã Côn Lôn,Xã,2245
Xã Sơn Phú,Huyện Na Hang,Tỉnh Tuyên Quang,Tỉnh Tuyên Quang,Xã Hồng Thái,Xã,2260
Xã Thanh Tương,Huyện Na Hang,Tỉnh Tuyên Quang,Tỉnh Tuyên Quang,Xã Nà Hang,Xã,2221
Xã Thượng Giáp,Huyện Na Hang,Tỉnh Tuyên Quang,Tỉnh Tuyên Quang,Xã Thượng Nông,Xã,2239
Xã Thượng Nông,Huyện Na Hang,Tỉnh Tuyên Quang,Tỉnh Tuyên Quang,Xã Thượng Nông,Xã,2239
Xã Yên Hoa,Huyện Na Hang,Tỉnh Tuyên Quang,Tỉnh Tuyên Quang,Xã Yên Hoa,Xã,2248
Xã Đà Vị,Huyện Na Hang,Tỉnh Tuyên Quang,Tỉnh Tuyên Quang,Xã Hồng Thái,Xã,2260
Thị trấn Sơn Dương,Huyện Sơn Dương,Tỉnh Tuyên Quang,Tỉnh Tuyên Quang,Xã Sơn Dương,Xã,2536
Xã Bình Yên,Huyện Sơn Dương,Tỉnh Tuyên Quang,Tỉnh Tuyên Quang,Xã Minh Thanh,Xã,2554
Xã Chi Thiết,Huyện Sơn Dương,Tỉnh Tuyên Quang,Tỉnh Tuyên Quang,Xã Hồng Sơn,Xã,2608
Xã Cấp Tiến,Huyện Sơn Dương,Tỉnh Tuyên Quang,Tỉnh Tuyên Quang,Xã Bình Ca,Xã,2548
Xã Hào Phú,Huyện Sơn Dương,Tỉnh Tuyên Quang,Tỉnh Tuyên Quang,Xã Trường Sinh,Xã,2623
Xã Hồng Sơn,Huyện Sơn Dương,Tỉnh Tuyên Quang,Tỉnh Tuyên Quang,Xã Hồng Sơn,Xã,2608
Xã Hợp Hòa,Huyện Sơn Dương,Tỉnh Tuyên Quang,Tỉnh Tuyên Quang,Xã Tân Thanh,Xã,2578
Xã Hợp Thành,Huyện Sơn Dương,Tỉnh Tuyên Quang,Tỉnh Tuyên Quang,Xã Sơn Dương,Xã,2536
Xã Kháng Nhật,Huyện Sơn Dương,Tỉnh Tuyên Quang,Tỉnh Tuyên Quang,Xã Tân Thanh,Xã,2578
Xã Lương Thiện,Huyện Sơn Dương,Tỉnh Tuyên Quang,Tỉnh Tuyên Quang,Xã Minh Thanh,Xã,2554
Xã Minh Thanh,Huyện Sơn Dương,Tỉnh Tuyên Quang,Tỉnh Tuyên Quang,Xã Minh Thanh,Xã,2554
Xã Ninh Lai,Huyện Sơn Dương,Tỉnh Tuyên Quang,Tỉnh Tuyên Quang,Xã Sơn Thủy,Xã,2620
Xã Phú Lương,Huyện Sơn Dương,Tỉnh Tuyên Quang,Tỉnh Tuyên Quang,Xã Phú Lương,Xã,2611
Xã Phúc Ứng,Huyện Sơn Dương,Tỉnh Tuyên Quang,Tỉnh Tuyên Quang,Xã Sơn Dương,Xã,2536
Xã Quyết Thắng,Huyện Sơn Dương,Tỉnh Tuyên Quang,Tỉnh Tuyên Quang,Xã Đông Thọ,Xã,2572
Xã Sơn Nam,Huyện Sơn Dương,Tỉnh Tuyên Quang,Tỉnh Tuyên Quang,Xã Sơn Thủy,Xã,2620
Xã Tam Đa,Huyện Sơn Dương,Tỉnh Tuyên Quang,Tỉnh Tuyên Quang,Xã Phú Lương,Xã,2611
Xã Thiện Kế,Huyện Sơn Dương,Tỉnh Tuyên Quang,Tỉnh Tuyên Quang,Xã Sơn Thủy,Xã,2620
Xã Thượng Ấm,Huyện Sơn Dương,Tỉnh Tuyên Quang,Tỉnh Tuyên Quang,Xã Bình Ca,Xã,2548
Xã Trung Yên,Huyện Sơn Dương,Tỉnh Tuyên Quang,Tỉnh Tuyên Quang,Xã Tân Trào,Xã,2545
Xã Trường Sinh,Huyện Sơn Dương,Tỉnh Tuyên Quang,Tỉnh Tuyên Quang,Xã Trường Sinh,Xã,2623
Xã Tân Thanh,Huyện Sơn Dương,Tỉnh Tuyên Quang,Tỉnh Tuyên Quang,Xã Tân Thanh,Xã,2578
Xã Tân Trào,Huyện Sơn Dương,Tỉnh Tuyên Quang,Tỉnh Tuyên Quang,Xã Tân Trào,Xã,2545
Xã Tú Thịnh,Huyện Sơn Dương,Tỉnh Tuyên Quang,Tỉnh Tuyên Quang,Xã Sơn Dương,Xã,2536
Xã Văn Phú,Huyện Sơn Dương,Tỉnh Tuyên Quang,Tỉnh Tuyên Quang,Xã Hồng Sơn,Xã,2608
Xã Vĩnh Lợi,Huyện Sơn Dương,Tỉnh Tuyên Quang,Tỉnh Tuyên Quang,Xã Bình Ca,Xã,2548
Xã Đông Lợi,Huyện Sơn Dương,Tỉnh Tuyên Quang,Tỉnh Tuyên Quang,Xã Trường Sinh,Xã,2623
Xã Đông Thọ,Huyện Sơn Dương,Tỉnh Tuyên Quang,Tỉnh Tuyên Quang,Xã Đông Thọ,Xã,2572
Xã Đại Phú,Huyện Sơn Dương,Tỉnh Tuyên Quang,Tỉnh Tuyên Quang,Xã Phú Lương,Xã,2611
Xã Đồng Quý,Huyện Sơn Dương,Tỉnh Tuyên Quang,Tỉnh Tuyên Quang,Xã Đông Thọ,Xã,2572
Thị trấn Yên Sơn,Huyện Yên Sơn,Tỉnh Tuyên Quang,Tỉnh Tuyên Quang,Xã Yên Sơn,Xã,2473
Xã Chiêu Yên,Huyện Yên Sơn,Tỉnh Tuyên Quang,Tỉnh Tuyên Quang,Xã Lực Hành,Xã,2434
Xã Chân Sơn,Huyện Yên Sơn,Tỉnh Tuyên Quang,Tỉnh Tuyên Quang,Xã Yên Sơn,Xã,2473
Xã Công Đa,Huyện Yên Sơn,Tỉnh Tuyên Quang,Tỉnh Tuyên Quang,Xã Trung Sơn,Xã,2458
Xã Hoàng Khai,Huyện Yên Sơn,Tỉnh Tuyên Quang,Tỉnh Tuyên Quang,Phường An Tường,Phường,2512
Xã Hùng Lợi,Huyện Yên Sơn,Tỉnh Tuyên Quang,Tỉnh Tuyên Quang,Xã Hùng Lợi,Xã,2455
Xã Kim Quan,Huyện Yên Sơn,Tỉnh Tuyên Quang,Tỉnh Tuyên Quang,Xã Tân Trào,Xã,2545
Xã Kiến Thiết,Huyện Yên Sơn,Tỉnh Tuyên Quang,Tỉnh Tuyên Quang,Xã Kiến Thiết,Xã,2437
Xã Lang Quán,Huyện Yên Sơn,Tỉnh Tuyên Quang,Tỉnh Tuyên Quang,Xã Yên Sơn,Xã,2473
Xã Lực Hành,Huyện Yên Sơn,Tỉnh Tuyên Quang,Tỉnh Tuyên Quang,Xã Lực Hành,Xã,2434
Xã Mỹ Bằng,Huyện Yên Sơn,Tỉnh Tuyên Quang,Tỉnh Tuyên Quang,Phường Mỹ Lâm,Phường,2509
Xã Nhữ Hán,Huyện Yên Sơn,Tỉnh Tuyên Quang,Tỉnh Tuyên Quang,Xã Nhữ Khê,Xã,2530
Xã Nhữ Khê,Huyện Yên Sơn,Tỉnh Tuyên Quang,Tỉnh Tuyên Quang,Xã Nhữ Khê,Xã,2530
Xã Phú Thịnh,Huyện Yên Sơn,Tỉnh Tuyên Quang,Tỉnh Tuyên Quang,Xã Thái Bình,Xã,2494
Xã Phúc Ninh,Huyện Yên Sơn,Tỉnh Tuyên Quang,Tỉnh Tuyên Quang,Xã Xuân Vân,Xã,2449
Xã Quý Quân,Huyện Yên Sơn,Tỉnh Tuyên Quang,Tỉnh Tuyên Quang,Xã Lực Hành,Xã,2434
Xã Thái Bình,Huyện Yên Sơn,Tỉnh Tuyên Quang,Tỉnh Tuyên Quang,Phường Nông Tiến,Phường,2212
Xã Thái Bình,Huyện Yên Sơn,Tỉnh Tuyên Quang,Tỉnh Tuyên Quang,Xã Thái Bình,Xã,2494
Xã Tiến Bộ,Huyện Yên Sơn,Tỉnh Tuyên Quang,Tỉnh Tuyên Quang,Xã Thái Bình,Xã,2494
Xã Trung Minh,Huyện Yên Sơn,Tỉnh Tuyên Quang,Tỉnh Tuyên Quang,Xã Hùng Lợi,Xã,2455
Xã Trung Môn,Huyện Yên Sơn,Tỉnh Tuyên Quang,Tỉnh Tuyên Quang,Phường Minh Xuân,Phường,2215
Xã Trung Sơn,Huyện Yên Sơn,Tỉnh Tuyên Quang,Tỉnh Tuyên Quang,Xã Trung Sơn,Xã,2458
Xã Trung Trực,Huyện Yên Sơn,Tỉnh Tuyên Quang,Tỉnh Tuyên Quang,Xã Xuân Vân,Xã,2449
Xã Tân Long,Huyện Yên Sơn,Tỉnh Tuyên Quang,Tỉnh Tuyên Quang,Xã Tân Long,Xã,2470
Xã Tân Tiến,Huyện Yên Sơn,Tỉnh Tuyên Quang,Tỉnh Tuyên Quang,Xã Tân Long,Xã,2470
Xã Tứ Quận,Huyện Yên Sơn,Tỉnh Tuyên Quang,Tỉnh Tuyên Quang,Xã Yên Sơn,Xã,2473
Xã Xuân Vân,Huyện Yên Sơn,Tỉnh Tuyên Quang,Tỉnh Tuyên Quang,Xã Xuân Vân,Xã,2449
Xã Đạo Viện,Huyện Yên Sơn,Tỉnh Tuyên Quang,Tỉnh Tuyên Quang,Xã Trung Sơn,Xã,2458
Xã Đội Bình,Huyện Yên Sơn,Tỉnh Tuyên Quang,Tỉnh Tuyên Quang,Xã Nhữ Khê,Xã,2530
Phường An Tường,Thành phố Tuyên Quang,Tỉnh Tuyên Quang,Tỉnh Tuyên Quang,Phường An Tường,Phường,2512
Phường Hưng Thành,Thành phố Tuyên Quang,Tỉnh Tuyên Quang,Tỉnh Tuyên Quang,Phường An Tường,Phường,2512
Phường Minh Xuân,Thành phố Tuyên Quang,Tỉnh Tuyên Quang,Tỉnh Tuyên Quang,Phường Minh Xuân,Phường,2215
Phường Mỹ Lâm,Thành phố Tuyên Quang,Tỉnh Tuyên Quang,Tỉnh Tuyên Quang,Phường Mỹ Lâm,Phường,2509
Phường Nông Tiến,Thành phố Tuyên Quang,Tỉnh Tuyên Quang,Tỉnh Tuyên Quang,Phường Nông Tiến,Phường,2212
Phường Phan Thiết,Thành phố Tuyên Quang,Tỉnh Tuyên Quang,Tỉnh Tuyên Quang,Phường Minh Xuân,Phường,2215
Phường Tân Hà,Thành phố Tuyên Quang,Tỉnh Tuyên Quang,Tỉnh Tuyên Quang,Phường Minh Xuân,Phường,2215
Phường Tân Quang,Thành phố Tuyên Quang,Tỉnh Tuyên Quang,Tỉnh Tuyên Quang,Phường Minh Xuân,Phường,2215
Phường Đội Cấn,Thành phố Tuyên Quang,Tỉnh Tuyên Quang,Tỉnh Tuyên Quang,Phường Bình Thuận,Phường,2524
Phường Ỷ La,Thành phố Tuyên Quang,Tỉnh Tuyên Quang,Tỉnh Tuyên Quang,Phường Minh Xuân,Phường,2215
Xã An Khang,Thành phố Tuyên Quang,Tỉnh Tuyên Quang,Tỉnh Tuyên Quang,Phường An Tường,Phường,2512
Xã Kim Phú,Thành phố Tuyên Quang,Tỉnh Tuyên Quang,Tỉnh Tuyên Quang,Phường Minh Xuân,Phường,2215
Xã Kim Phú,Thành phố Tuyên Quang,Tỉnh Tuyên Quang,Tỉnh Tuyên Quang,Phường Mỹ Lâm,Phường,2509
Xã Lưỡng Vượng,Thành phố Tuyên Quang,Tỉnh Tuyên Quang,Tỉnh Tuyên Quang,Phường An Tường,Phường,2512
Xã Thái Long,Thành phố Tuyên Quang,Tỉnh Tuyên Quang,Tỉnh Tuyên Quang,Phường Bình Thuận,Phường,2524
Xã Tràng Đà,Thành phố Tuyên Quang,Tỉnh Tuyên Quang,Tỉnh Tuyên Quang,Phường Nông Tiến,Phường,2212
Thị trấn Bến Lức,Huyện Bến Lức,Tỉnh Long An,Tỉnh Tây Ninh,Xã Bến Lức,Xã,27991
Xã An Thạnh,Huyện Bến Lức,Tỉnh Long An,Tỉnh Tây Ninh,Xã Bến Lức,Xã,27991
Xã Bình Đức,Huyện Bến Lức,Tỉnh Long An,Tỉnh Tây Ninh,Xã Bình Đức,Xã,28015
Xã Long Hiệp,Huyện Bến Lức,Tỉnh Long An,Tỉnh Tây Ninh,Xã Mỹ Yên,Xã,28018
Xã Lương Bình,Huyện Bến Lức,Tỉnh Long An,Tỉnh Tây Ninh,Xã Thạnh Lợi,Xã,27994
Xã Lương Hòa,Huyện Bến Lức,Tỉnh Long An,Tỉnh Tây Ninh,Xã Lương Hòa,Xã,28003
Xã Mỹ Yên,Huyện Bến Lức,Tỉnh Long An,Tỉnh Tây Ninh,Xã Mỹ Yên,Xã,28018
Xã Nhựt Chánh,Huyện Bến Lức,Tỉnh Long An,Tỉnh Tây Ninh,Xã Bình Đức,Xã,28015
Xã Phước Lợi,Huyện Bến Lức,Tỉnh Long An,Tỉnh Tây Ninh,Xã Mỹ Yên,Xã,28018
Xã Thanh Phú,Huyện Bến Lức,Tỉnh Long An,Tỉnh Tây Ninh,Xã Bến Lức,Xã,27991
Xã Thạnh Hòa,Huyện Bến Lức,Tỉnh Long An,Tỉnh Tây Ninh,Xã Thạnh Lợi,Xã,27994
Xã Thạnh Lợi,Huyện Bến Lức,Tỉnh Long An,Tỉnh Tây Ninh,Xã Thạnh Lợi,Xã,27994
Xã Thạnh Đức,Huyện Bến Lức,Tỉnh Long An,Tỉnh Tây Ninh,Xã Bình Đức,Xã,28015
Xã Tân Bửu,Huyện Bến Lức,Tỉnh Long An,Tỉnh Tây Ninh,Xã Lương Hòa,Xã,28003
Thị trấn Tầm Vu,Huyện Châu Thành,Tỉnh Long An,Tỉnh Tây Ninh,Xã Tầm Vu,Xã,28210
Xã An Lục Long,Huyện Châu Thành,Tỉnh Long An,Tỉnh Tây Ninh,Xã An Lục Long,Xã,28243
Xã Bình Quới,Huyện Châu Thành,Tỉnh Long An,Tỉnh Tây Ninh,Xã Vĩnh Công,Xã,28222
Xã Dương Xuân Hội,Huyện Châu Thành,Tỉnh Long An,Tỉnh Tây Ninh,Xã An Lục Long,Xã,28243
Xã Hiệp Thạnh,Huyện Châu Thành,Tỉnh Long An,Tỉnh Tây Ninh,Xã Tầm Vu,Xã,28210
Xã Hòa Phú,Huyện Châu Thành,Tỉnh Long An,Tỉnh Tây Ninh,Xã Vĩnh Công,Xã,28222
Xã Long Trì,Huyện Châu Thành,Tỉnh Long An,Tỉnh Tây Ninh,Xã An Lục Long,Xã,28243
Xã Phú Ngãi Trị,Huyện Châu Thành,Tỉnh Long An,Tỉnh Tây Ninh,Xã Tầm Vu,Xã,28210
Xã Phước Tân Hưng,Huyện Châu Thành,Tỉnh Long An,Tỉnh Tây Ninh,Xã Tầm Vu,Xã,28210
Xã Thanh Phú Long,Huyện Châu Thành,Tỉnh Long An,Tỉnh Tây Ninh,Xã Thuận Mỹ,Xã,28225
Xã Thanh Vĩnh Đông,Huyện Châu Thành,Tỉnh Long An,Tỉnh Tây Ninh,Xã Thuận Mỹ,Xã,28225
Xã Thuận Mỹ,Huyện Châu Thành,Tỉnh Long An,Tỉnh Tây Ninh,Xã Thuận Mỹ,Xã,28225
Xã Vĩnh Công,Huyện Châu Thành,Tỉnh Long An,Tỉnh Tây Ninh,Xã Vĩnh Công,Xã,28222
Thị trấn Cần Giuộc,Huyện Cần Giuộc,Tỉnh Long An,Tỉnh Tây Ninh,Xã Cần Giuộc,Xã,28159
Xã Long An,Huyện Cần Giuộc,Tỉnh Long An,Tỉnh Tây Ninh,Xã Phước Vĩnh Tây,Xã,28201
Xã Long Hậu,Huyện Cần Giuộc,Tỉnh Long An,Tỉnh Tây Ninh,Xã Cần Giuộc,Xã,28159
Xã Long Phụng,Huyện Cần Giuộc,Tỉnh Long An,Tỉnh Tây Ninh,Xã Phước Vĩnh Tây,Xã,28201
Xã Long Thượng,Huyện Cần Giuộc,Tỉnh Long An,Tỉnh Tây Ninh,Xã Phước Lý,Xã,28165
Xã Mỹ Lộc,Huyện Cần Giuộc,Tỉnh Long An,Tỉnh Tây Ninh,Xã Mỹ Lộc,Xã,28177
Xã Phước Hậu,Huyện Cần Giuộc,Tỉnh Long An,Tỉnh Tây Ninh,Xã Phước Lý,Xã,28165
Xã Phước Lâm,Huyện Cần Giuộc,Tỉnh Long An,Tỉnh Tây Ninh,Xã Mỹ Lộc,Xã,28177
Xã Phước Lý,Huyện Cần Giuộc,Tỉnh Long An,Tỉnh Tây Ninh,Xã Phước Lý,Xã,28165
Xã Phước Lại,Huyện Cần Giuộc,Tỉnh Long An,Tỉnh Tây Ninh,Xã Cần Giuộc,Xã,28159
Xã Phước Vĩnh Tây,Huyện Cần Giuộc,Tỉnh Long An,Tỉnh Tây Ninh,Xã Phước Vĩnh Tây,Xã,28201
Xã Phước Vĩnh Đông,Huyện Cần Giuộc,Tỉnh Long An,Tỉnh Tây Ninh,Xã Tân Tập,Xã,28207
Xã Thuận Thành,Huyện Cần Giuộc,Tỉnh Long An,Tỉnh Tây Ninh,Xã Mỹ Lộc,Xã,28177
Xã Tân Tập,Huyện Cần Giuộc,Tỉnh Long An,Tỉnh Tây Ninh,Xã Tân Tập,Xã,28207
Xã Đông Thạnh,Huyện Cần Giuộc,Tỉnh Long An,Tỉnh Tây Ninh,Xã Tân Tập,Xã,28207
Thị trấn Cần Đước,Huyện Cần Đước,Tỉnh Long An,Tỉnh Tây Ninh,Xã Cần Đước,Xã,28108
Xã Long Cang,Huyện Cần Đước,Tỉnh Long An,Tỉnh Tây Ninh,Xã Long Cang,Xã,28126
Xã Long Hòa,Huyện Cần Đước,Tỉnh Long An,Tỉnh Tây Ninh,Xã Rạch Kiến,Xã,28114
Xã Long Hựu Tây,Huyện Cần Đước,Tỉnh Long An,Tỉnh Tây Ninh,Xã Long Hựu,Xã,28144
Xã Long Hựu Đông,Huyện Cần Đước,Tỉnh Long An,Tỉnh Tây Ninh,Xã Long Hựu,Xã,28144
Xã Long Khê,Huyện Cần Đước,Tỉnh Long An,Tỉnh Tây Ninh,Xã Rạch Kiến,Xã,28114
Xã Long Sơn,Huyện Cần Đước,Tỉnh Long An,Tỉnh Tây Ninh,Xã Mỹ Lệ,Xã,28132
Xã Long Trạch,Huyện Cần Đước,Tỉnh Long An,Tỉnh Tây Ninh,Xã Rạch Kiến,Xã,28114
Xã Long Định,Huyện Cần Đước,Tỉnh Long An,Tỉnh Tây Ninh,Xã Long Cang,Xã,28126
Xã Mỹ Lệ,Huyện Cần Đước,Tỉnh Long An,Tỉnh Tây Ninh,Xã Mỹ Lệ,Xã,28132
Xã Phước Tuy,Huyện Cần Đước,Tỉnh Long An,Tỉnh Tây Ninh,Xã Cần Đước,Xã,28108
Xã Phước Vân,Huyện Cần Đước,Tỉnh Long An,Tỉnh Tây Ninh,Xã Long Cang,Xã,28126
Xã Phước Đông,Huyện Cần Đước,Tỉnh Long An,Tỉnh Tây Ninh,Xã Tân Lân,Xã,28138
Xã Tân Chánh,Huyện Cần Đước,Tỉnh Long An,Tỉnh Tây Ninh,Xã Cần Đước,Xã,28108
Xã Tân Lân,Huyện Cần Đước,Tỉnh Long An,Tỉnh Tây Ninh,Xã Tân Lân,Xã,28138
Xã Tân Trạch,Huyện Cần Đước,Tỉnh Long An,Tỉnh Tây Ninh,Xã Mỹ Lệ,Xã,28132
Xã Tân Ân,Huyện Cần Đước,Tỉnh Long An,Tỉnh Tây Ninh,Xã Cần Đước,Xã,28108
Thị trấn Bình Phong Thạnh,Huyện Mộc Hóa,Tỉnh Long An,Tỉnh Tây Ninh,Xã Mộc Hóa,Xã,27823
Xã Bình Hòa Trung,Huyện Mộc Hóa,Tỉnh Long An,Tỉnh Tây Ninh,Xã Bình Hòa,Xã,27811
Xã Bình Hòa Tây,Huyện Mộc Hóa,Tỉnh Long An,Tỉnh Tây Ninh,Xã Bình Hiệp,Xã,27793
Xã Bình Hòa Đông,Huyện Mộc Hóa,Tỉnh Long An,Tỉnh Tây Ninh,Xã Bình Hòa,Xã,27811
Xã Bình Thạnh,Huyện Mộc Hóa,Tỉnh Long An,Tỉnh Tây Ninh,Xã Bình Hòa,Xã,27811
Xã Tân Lập,Huyện Mộc Hóa,Tỉnh Long An,Tỉnh Tây Ninh,Xã Mộc Hóa,Xã,27823
Xã Tân Thành,Huyện Mộc Hóa,Tỉnh Long An,Tỉnh Tây Ninh,Xã Mộc Hóa,Xã,27823
Thị trấn Thạnh Hóa,Huyện Thạnh Hóa,Tỉnh Long An,Tỉnh Tây Ninh,Xã Thạnh Hóa,Xã,27865
Xã Thuận Bình,Huyện Thạnh Hóa,Tỉnh Long An,Tỉnh Tây Ninh,Xã Bình Thành,Xã,27868
Xã Thuận Nghĩa Hòa,Huyện Thạnh Hóa,Tỉnh Long An,Tỉnh Tây Ninh,Xã Thạnh Phước,Xã,27877
Xã Thạnh An,Huyện Thạnh Hóa,Tỉnh Long An,Tỉnh Tây Ninh,Xã Thạnh Hóa,Xã,27865
Xã Thạnh Phú,Huyện Thạnh Hóa,Tỉnh Long An,Tỉnh Tây Ninh,Xã Thạnh Phước,Xã,27877
Xã Thạnh Phước,Huyện Thạnh Hóa,Tỉnh Long An,Tỉnh Tây Ninh,Xã Thạnh Phước,Xã,27877
Xã Thủy Tây,Huyện Thạnh Hóa,Tỉnh Long An,Tỉnh Tây Ninh,Xã Thạnh Hóa,Xã,27865
Xã Thủy Đông,Huyện Thạnh Hóa,Tỉnh Long An,Tỉnh Tây Ninh,Xã Tân Tây,Xã,27889
Xã Tân Hiệp,Huyện Thạnh Hóa,Tỉnh Long An,Tỉnh Tây Ninh,Xã Bình Thành,Xã,27868
Xã Tân Tây,Huyện Thạnh Hóa,Tỉnh Long An,Tỉnh Tây Ninh,Xã Tân Tây,Xã,27889
Xã Tân Đông,Huyện Thạnh Hóa,Tỉnh Long An,Tỉnh Tây Ninh,Xã Tân Tây,Xã,27889
Thị trấn Thủ Thừa,Huyện Thủ Thừa,Tỉnh Long An,Tỉnh Tây Ninh,Xã Nhựt Tảo,Xã,28087
Thị trấn Thủ Thừa,Huyện Thủ Thừa,Tỉnh Long An,Tỉnh Tây Ninh,Xã Thủ Thừa,Xã,28036
Xã Bình An,Huyện Thủ Thừa,Tỉnh Long An,Tỉnh Tây Ninh,Xã Mỹ Thạnh,Xã,28051
Xã Bình Thạnh,Huyện Thủ Thừa,Tỉnh Long An,Tỉnh Tây Ninh,Phường Long An,Phường,27694
Xã Bình Thạnh,Huyện Thủ Thừa,Tỉnh Long An,Tỉnh Tây Ninh,Xã Thủ Thừa,Xã,28036
Xã Long Thuận,Huyện Thủ Thừa,Tỉnh Long An,Tỉnh Tây Ninh,Xã Tân Long,Xã,28072
Xã Long Thạnh,Huyện Thủ Thừa,Tỉnh Long An,Tỉnh Tây Ninh,Xã Tân Long,Xã,28072
Xã Mỹ An,Huyện Thủ Thừa,Tỉnh Long An,Tỉnh Tây Ninh,Xã Mỹ An,Xã,28066
Xã Mỹ Lạc,Huyện Thủ Thừa,Tỉnh Long An,Tỉnh Tây Ninh,Xã Mỹ Thạnh,Xã,28051
Xã Mỹ Phú,Huyện Thủ Thừa,Tỉnh Long An,Tỉnh Tây Ninh,Xã Mỹ An,Xã,28066
Xã Mỹ Thạnh,Huyện Thủ Thừa,Tỉnh Long An,Tỉnh Tây Ninh,Xã Mỹ Thạnh,Xã,28051
Xã Nhị Thành,Huyện Thủ Thừa,Tỉnh Long An,Tỉnh Tây Ninh,Xã Nhựt Tảo,Xã,28087
Xã Nhị Thành,Huyện Thủ Thừa,Tỉnh Long An,Tỉnh Tây Ninh,Xã Thủ Thừa,Xã,28036
Xã Tân Long,Huyện Thủ Thừa,Tỉnh Long An,Tỉnh Tây Ninh,Xã Tân Long,Xã,28072
Xã Tân Thành,Huyện Thủ Thừa,Tỉnh Long An,Tỉnh Tây Ninh,Xã Mỹ Thạnh,Xã,28051
Xã Tân Thành,Huyện Thủ Thừa,Tỉnh Long An,Tỉnh Tây Ninh,Xã Thủ Thừa,Xã,28036
Thị trấn Tân Hưng,Huyện Tân Hưng,Tỉnh Long An,Tỉnh Tây Ninh,Xã Tân Hưng,Xã,27721
Xã Hưng Hà,Huyện Tân Hưng,Tỉnh Long An,Tỉnh Tây Ninh,Xã Hưng Điền,Xã,27727
Xã Hưng Thạnh,Huyện Tân Hưng,Tỉnh Long An,Tỉnh Tây Ninh,Xã Vĩnh Thạnh,Xã,27736
Xã Hưng Điền,Huyện Tân Hưng,Tỉnh Long An,Tỉnh Tây Ninh,Xã Hưng Điền,Xã,27727
Xã Hưng Điền B,Huyện Tân Hưng,Tỉnh Long An,Tỉnh Tây Ninh,Xã Hưng Điền,Xã,27727
Xã Thạnh Hưng,Huyện Tân Hưng,Tỉnh Long An,Tỉnh Tây Ninh,Xã Vĩnh Thạnh,Xã,27736
Xã Vĩnh Bửu,Huyện Tân Hưng,Tỉnh Long An,Tỉnh Tây Ninh,Xã Vĩnh Châu,Xã,27748
Xã Vĩnh Châu A,Huyện Tân Hưng,Tỉnh Long An,Tỉnh Tây Ninh,Xã Vĩnh Châu,Xã,27748
Xã Vĩnh Châu B,Huyện Tân Hưng,Tỉnh Long An,Tỉnh Tây Ninh,Xã Vĩnh Thạnh,Xã,27736
Xã Vĩnh Lợi,Huyện Tân Hưng,Tỉnh Long An,Tỉnh Tây Ninh,Xã Tân Hưng,Xã,27721
Xã Vĩnh Thạnh,Huyện Tân Hưng,Tỉnh Long An,Tỉnh Tây Ninh,Xã Tân Hưng,Xã,27721
Xã Vĩnh Đại,Huyện Tân Hưng,Tỉnh Long An,Tỉnh Tây Ninh,Xã Vĩnh Châu,Xã,27748
Thị trấn Tân Thạnh,Huyện Tân Thạnh,Tỉnh Long An,Tỉnh Tây Ninh,Xã Tân Thạnh,Xã,27826
Xã Bắc Hòa,Huyện Tân Thạnh,Tỉnh Long An,Tỉnh Tây Ninh,Xã Hậu Thạnh,Xã,27841
Xã Bắc Hòa,Huyện Tân Thạnh,Tỉnh Long An,Tỉnh Tây Ninh,Xã Tuyên Thạnh,Xã,27817
Xã Hậu Thạnh Tây,Huyện Tân Thạnh,Tỉnh Long An,Tỉnh Tây Ninh,Xã Hậu Thạnh,Xã,27841
Xã Hậu Thạnh Đông,Huyện Tân Thạnh,Tỉnh Long An,Tỉnh Tây Ninh,Xã Hậu Thạnh,Xã,27841
Xã Kiến Bình,Huyện Tân Thạnh,Tỉnh Long An,Tỉnh Tây Ninh,Xã Tân Thạnh,Xã,27826
Xã Nhơn Hòa,Huyện Tân Thạnh,Tỉnh Long An,Tỉnh Tây Ninh,Xã Nhơn Hòa Lập,Xã,27838
Xã Nhơn Hòa Lập,Huyện Tân Thạnh,Tỉnh Long An,Tỉnh Tây Ninh,Xã Nhơn Hòa Lập,Xã,27838
Xã Nhơn Ninh,Huyện Tân Thạnh,Tỉnh Long An,Tỉnh Tây Ninh,Xã Nhơn Ninh,Xã,27856
Xã Tân Bình,Huyện Tân Thạnh,Tỉnh Long An,Tỉnh Tây Ninh,Xã Tân Thạnh,Xã,27826
Xã Tân Hòa,Huyện Tân Thạnh,Tỉnh Long An,Tỉnh Tây Ninh,Xã Tân Thạnh,Xã,27826
Xã Tân Lập,Huyện Tân Thạnh,Tỉnh Long An,Tỉnh Tây Ninh,Xã Nhơn Hòa Lập,Xã,27838
Xã Tân Ninh,Huyện Tân Thạnh,Tỉnh Long An,Tỉnh Tây Ninh,Xã Nhơn Ninh,Xã,27856
Xã Tân Thành,Huyện Tân Thạnh,Tỉnh Long An,Tỉnh Tây Ninh,Xã Nhơn Ninh,Xã,27856
Thị trấn Tân Trụ,Huyện Tân Trụ,Tỉnh Long An,Tỉnh Tây Ninh,Xã Tân Trụ,Xã,28075
Xã Bình Lãng,Huyện Tân Trụ,Tỉnh Long An,Tỉnh Tây Ninh,Xã Tân Trụ,Xã,28075
Xã Bình Trinh Đông,Huyện Tân Trụ,Tỉnh Long An,Tỉnh Tây Ninh,Xã Tân Trụ,Xã,28075
Xã Bình Tịnh,Huyện Tân Trụ,Tỉnh Long An,Tỉnh Tây Ninh,Xã Tân Trụ,Xã,28075
Xã Lạc Tấn,Huyện Tân Trụ,Tỉnh Long An,Tỉnh Tây Ninh,Xã Nhựt Tảo,Xã,28087
Xã Nhựt Ninh,Huyện Tân Trụ,Tỉnh Long An,Tỉnh Tây Ninh,Xã Vàm Cỏ,Xã,28093
Xã Quê Mỹ Thạnh,Huyện Tân Trụ,Tỉnh Long An,Tỉnh Tây Ninh,Xã Nhựt Tảo,Xã,28087
Xã Tân Bình,Huyện Tân Trụ,Tỉnh Long An,Tỉnh Tây Ninh,Xã Nhựt Tảo,Xã,28087
Xã Tân Phước Tây,Huyện Tân Trụ,Tỉnh Long An,Tỉnh Tây Ninh,Xã Vàm Cỏ,Xã,28093
Xã Đức Tân,Huyện Tân Trụ,Tỉnh Long An,Tỉnh Tây Ninh,Xã Vàm Cỏ,Xã,28093
Thị trấn Vĩnh Hưng,Huyện Vĩnh Hưng,Tỉnh Long An,Tỉnh Tây Ninh,Xã Vĩnh Hưng,Xã,27757
Xã Hưng Điền A,Huyện Vĩnh Hưng,Tỉnh Long An,Tỉnh Tây Ninh,Xã Khánh Hưng,Xã,27763
Xã Khánh Hưng,Huyện Vĩnh Hưng,Tỉnh Long An,Tỉnh Tây Ninh,Xã Khánh Hưng,Xã,27763
Xã Khánh Hưng,Huyện Vĩnh Hưng,Tỉnh Long An,Tỉnh Tây Ninh,Xã Vĩnh Hưng,Xã,27757
Xã Thái Bình Trung,Huyện Vĩnh Hưng,Tỉnh Long An,Tỉnh Tây Ninh,Xã Khánh Hưng,Xã,27763
Xã Thái Bình Trung,Huyện Vĩnh Hưng,Tỉnh Long An,Tỉnh Tây Ninh,Xã Tuyên Bình,Xã,27775
Xã Thái Bình Trung,Huyện Vĩnh Hưng,Tỉnh Long An,Tỉnh Tây Ninh,Xã Vĩnh Hưng,Xã,27757
Xã Thái Trị,Huyện Vĩnh Hưng,Tỉnh Long An,Tỉnh Tây Ninh,Xã Khánh Hưng,Xã,27763
Xã Thái Trị,Huyện Vĩnh Hưng,Tỉnh Long An,Tỉnh Tây Ninh,Xã Vĩnh Hưng,Xã,27757
Xã Tuyên Bình,Huyện Vĩnh Hưng,Tỉnh Long An,Tỉnh Tây Ninh,Xã Tuyên Bình,Xã,27775
Xã Tuyên Bình Tây,Huyện Vĩnh Hưng,Tỉnh Long An,Tỉnh Tây Ninh,Xã Tuyên Bình,Xã,27775
Xã Vĩnh Bình,Huyện Vĩnh Hưng,Tỉnh Long An,Tỉnh Tây Ninh,Xã Tuyên Bình,Xã,27775
Xã Vĩnh Bình,Huyện Vĩnh Hưng,Tỉnh Long An,Tỉnh Tây Ninh,Xã Vĩnh Hưng,Xã,27757
Xã Vĩnh Thuận,Huyện Vĩnh Hưng,Tỉnh Long An,Tỉnh Tây Ninh,Xã Tuyên Bình,Xã,27775
Xã Vĩnh Thuận,Huyện Vĩnh Hưng,Tỉnh Long An,Tỉnh Tây Ninh,Xã Vĩnh Hưng,Xã,27757
Xã Vĩnh Trị,Huyện Vĩnh Hưng,Tỉnh Long An,Tỉnh Tây Ninh,Xã Khánh Hưng,Xã,27763
Xã Vĩnh Trị,Huyện Vĩnh Hưng,Tỉnh Long An,Tỉnh Tây Ninh,Xã Vĩnh Hưng,Xã,27757
Thị trấn Đông Thành,Huyện Đức Huệ,Tỉnh Long An,Tỉnh Tây Ninh,Xã Đông Thành,Xã,27898
Xã Bình Hòa Bắc,Huyện Đức Huệ,Tỉnh Long An,Tỉnh Tây Ninh,Xã Đức Huệ,Xã,27925
Xã Bình Hòa Hưng,Huyện Đức Huệ,Tỉnh Long An,Tỉnh Tây Ninh,Xã Bình Thành,Xã,27868
Xã Bình Hòa Nam,Huyện Đức Huệ,Tỉnh Long An,Tỉnh Tây Ninh,Xã Đức Huệ,Xã,27925
Xã Bình Thành,Huyện Đức Huệ,Tỉnh Long An,Tỉnh Tây Ninh,Xã Đức Huệ,Xã,27925
Xã Mỹ Bình,Huyện Đức Huệ,Tỉnh Long An,Tỉnh Tây Ninh,Xã Đông Thành,Xã,27898
Xã Mỹ Quý Tây,Huyện Đức Huệ,Tỉnh Long An,Tỉnh Tây Ninh,Xã Mỹ Quý,Xã,27907
Xã Mỹ Quý Đông,Huyện Đức Huệ,Tỉnh Long An,Tỉnh Tây Ninh,Xã Mỹ Quý,Xã,27907
Xã Mỹ Thạnh Bắc,Huyện Đức Huệ,Tỉnh Long An,Tỉnh Tây Ninh,Xã Mỹ Quý,Xã,27907
Xã Mỹ Thạnh Tây,Huyện Đức Huệ,Tỉnh Long An,Tỉnh Tây Ninh,Xã Đông Thành,Xã,27898
Xã Mỹ Thạnh Đông,Huyện Đức Huệ,Tỉnh Long An,Tỉnh Tây Ninh,Xã Đông Thành,Xã,27898
Thị trấn Hiệp Hòa,Huyện Đức Hòa,Tỉnh Long An,Tỉnh Tây Ninh,Xã Hiệp Hòa,Xã,27952
Thị trấn Hậu Nghĩa,Huyện Đức Hòa,Tỉnh Long An,Tỉnh Tây Ninh,Xã Hậu Nghĩa,Xã,27931
Thị trấn Đức Hòa,Huyện Đức Hòa,Tỉnh Long An,Tỉnh Tây Ninh,Xã Đức Hòa,Xã,27937
Xã An Ninh Tây,Huyện Đức Hòa,Tỉnh Long An,Tỉnh Tây Ninh,Xã An Ninh,Xã,27943
Xã An Ninh Đông,Huyện Đức Hòa,Tỉnh Long An,Tỉnh Tây Ninh,Xã An Ninh,Xã,27943
Xã Hiệp Hòa,Huyện Đức Hòa,Tỉnh Long An,Tỉnh Tây Ninh,Xã Hiệp Hòa,Xã,27952
Xã Hòa Khánh Nam,Huyện Đức Hòa,Tỉnh Long An,Tỉnh Tây Ninh,Xã Hòa Khánh,Xã,27979
Xã Hòa Khánh Tây,Huyện Đức Hòa,Tỉnh Long An,Tỉnh Tây Ninh,Xã Hòa Khánh,Xã,27979
Xã Hòa Khánh Đông,Huyện Đức Hòa,Tỉnh Long An,Tỉnh Tây Ninh,Xã Hòa Khánh,Xã,27979
Xã Hựu Thạnh,Huyện Đức Hòa,Tỉnh Long An,Tỉnh Tây Ninh,Xã Đức Hòa,Xã,27937
Xã Lộc Giang,Huyện Đức Hòa,Tỉnh Long An,Tỉnh Tây Ninh,Xã An Ninh,Xã,27943
Xã Mỹ Hạnh Bắc,Huyện Đức Hòa,Tỉnh Long An,Tỉnh Tây Ninh,Xã Đức Lập,Xã,27964
Xã Mỹ Hạnh Nam,Huyện Đức Hòa,Tỉnh Long An,Tỉnh Tây Ninh,Xã Mỹ Hạnh,Xã,27976
Xã Tân Mỹ,Huyện Đức Hòa,Tỉnh Long An,Tỉnh Tây Ninh,Xã Hậu Nghĩa,Xã,27931
Xã Tân Phú,Huyện Đức Hòa,Tỉnh Long An,Tỉnh Tây Ninh,Xã Hiệp Hòa,Xã,27952
Xã Đức Hòa Hạ,Huyện Đức Hòa,Tỉnh Long An,Tỉnh Tây Ninh,Xã Đức Hòa,Xã,27937
Xã Đức Hòa Thượng,Huyện Đức Hòa,Tỉnh Long An,Tỉnh Tây Ninh,Xã Đức Lập,Xã,27964
Xã Đức Hòa Thượng,Huyện Đức Hòa,Tỉnh Long An,Tỉnh Tây Ninh,Xã Mỹ Hạnh,Xã,27976
Xã Đức Hòa Đông,Huyện Đức Hòa,Tỉnh Long An,Tỉnh Tây Ninh,Xã Mỹ Hạnh,Xã,27976
Xã Đức Lập Hạ,Huyện Đức Hòa,Tỉnh Long An,Tỉnh Tây Ninh,Xã Đức Lập,Xã,27964
Xã Đức Lập Thượng,Huyện Đức Hòa,Tỉnh Long An,Tỉnh Tây Ninh,Xã Hậu Nghĩa,Xã,27931
Phường 1,Thành phố Tân An,Tỉnh Long An,Tỉnh Tây Ninh,Phường Long An,Phường,27694
Phường 3,Thành phố Tân An,Tỉnh Long An,Tỉnh Tây Ninh,Phường Long An,Phường,27694
Phường 4,Thành phố Tân An,Tỉnh Long An,Tỉnh Tây Ninh,Phường Long An,Phường,27694
Phường 4,Thành phố Tân An,Tỉnh Long An,Tỉnh Tây Ninh,Phường Tân Ninh,Phường,25459
Phường 5,Thành phố Tân An,Tỉnh Long An,Tỉnh Tây Ninh,Phường Long An,Phường,27694
Phường 6,Thành phố Tân An,Tỉnh Long An,Tỉnh Tây Ninh,Phường Long An,Phường,27694
Phường 7,Thành phố Tân An,Tỉnh Long An,Tỉnh Tây Ninh,Phường Tân An,Phường,27712
Phường Khánh Hậu,Thành phố Tân An,Tỉnh Long An,Tỉnh Tây Ninh,Phường Khánh Hậu,Phường,27715
Phường Tân Khánh,Thành phố Tân An,Tỉnh Long An,Tỉnh Tây Ninh,Phường Khánh Hậu,Phường,27715
Xã An Vĩnh Ngãi,Thành phố Tân An,Tỉnh Long An,Tỉnh Tây Ninh,Phường Tân An,Phường,27712
Xã Bình Tâm,Thành phố Tân An,Tỉnh Long An,Tỉnh Tây Ninh,Phường Tân An,Phường,27712
Xã Hướng Thọ Phú,Thành phố Tân An,Tỉnh Long An,Tỉnh Tây Ninh,Phường Long An,Phường,27694
Xã Lợi Bình Nhơn,Thành phố Tân An,Tỉnh Long An,Tỉnh Tây Ninh,Phường Khánh Hậu,Phường,27715
Xã Nhơn Thạnh Trung,Thành phố Tân An,Tỉnh Long An,Tỉnh Tây Ninh,Phường Tân An,Phường,27712
Phường 1,Thị xã Kiến Tường,Tỉnh Long An,Tỉnh Tây Ninh,Phường Kiến Tường,Phường,27787
Phường 2,Thị xã Kiến Tường,Tỉnh Long An,Tỉnh Tây Ninh,Phường Kiến Tường,Phường,27787
Phường 3,Thị xã Kiến Tường,Tỉnh Long An,Tỉnh Tây Ninh,Phường Kiến Tường,Phường,27787
Xã Bình Hiệp,Thị xã Kiến Tường,Tỉnh Long An,Tỉnh Tây Ninh,Xã Bình Hiệp,Xã,27793
Xã Bình Tân,Thị xã Kiến Tường,Tỉnh Long An,Tỉnh Tây Ninh,Xã Bình Hiệp,Xã,27793
Xã Thạnh Hưng,Thị xã Kiến Tường,Tỉnh Long An,Tỉnh Tây Ninh,Xã Tuyên Thạnh,Xã,27817
Xã Thạnh Trị,Thị xã Kiến Tường,Tỉnh Long An,Tỉnh Tây Ninh,Xã Bình Hiệp,Xã,27793
Xã Tuyên Thạnh,Thị xã Kiến Tường,Tỉnh Long An,Tỉnh Tây Ninh,Xã Tuyên Thạnh,Xã,27817
Thị trấn Bến Cầu,Huyện Bến Cầu,Tỉnh Tây Ninh,Tỉnh Tây Ninh,Xã Bến Cầu,Xã,25681
Xã An Thạnh,Huyện Bến Cầu,Tỉnh Tây Ninh,Tỉnh Tây Ninh,Xã Bến Cầu,Xã,25681
Xã Long Chữ,Huyện Bến Cầu,Tỉnh Tây Ninh,Tỉnh Tây Ninh,Xã Long Chữ,Xã,25684
Xã Long Giang,Huyện Bến Cầu,Tỉnh Tây Ninh,Tỉnh Tây Ninh,Xã Long Thuận,Xã,25702
Xã Long Khánh,Huyện Bến Cầu,Tỉnh Tây Ninh,Tỉnh Tây Ninh,Xã Long Thuận,Xã,25702
Xã Long Phước,Huyện Bến Cầu,Tỉnh Tây Ninh,Tỉnh Tây Ninh,Xã Long Chữ,Xã,25684
Xã Long Thuận,Huyện Bến Cầu,Tỉnh Tây Ninh,Tỉnh Tây Ninh,Xã Long Thuận,Xã,25702
Xã Lợi Thuận,Huyện Bến Cầu,Tỉnh Tây Ninh,Tỉnh Tây Ninh,Xã Bến Cầu,Xã,25681
Xã Tiên Thuận,Huyện Bến Cầu,Tỉnh Tây Ninh,Tỉnh Tây Ninh,Xã Bến Cầu,Xã,25681
Thị trấn Châu Thành,Huyện Châu Thành,Tỉnh Tây Ninh,Tỉnh Tây Ninh,Xã Châu Thành,Xã,25585
Xã An Bình,Huyện Châu Thành,Tỉnh Tây Ninh,Tỉnh Tây Ninh,Xã Châu Thành,Xã,25585
Xã An Cơ,Huyện Châu Thành,Tỉnh Tây Ninh,Tỉnh Tây Ninh,Xã Hảo Đước,Xã,25588
Xã Biên Giới,Huyện Châu Thành,Tỉnh Tây Ninh,Tỉnh Tây Ninh,Xã Hòa Hội,Xã,25606
Xã Hòa Hội,Huyện Châu Thành,Tỉnh Tây Ninh,Tỉnh Tây Ninh,Xã Hòa Hội,Xã,25606
Xã Hòa Thạnh,Huyện Châu Thành,Tỉnh Tây Ninh,Tỉnh Tây Ninh,Xã Hòa Hội,Xã,25606
Xã Hảo Đước,Huyện Châu Thành,Tỉnh Tây Ninh,Tỉnh Tây Ninh,Xã Hảo Đước,Xã,25588
Xã Long Vĩnh,Huyện Châu Thành,Tỉnh Tây Ninh,Tỉnh Tây Ninh,Xã Long Chữ,Xã,25684
Xã Ninh Điền,Huyện Châu Thành,Tỉnh Tây Ninh,Tỉnh Tây Ninh,Xã Ninh Điền,Xã,25621
Xã Phước Vinh,Huyện Châu Thành,Tỉnh Tây Ninh,Tỉnh Tây Ninh,Xã Phước Vinh,Xã,25591
Xã Thanh Điền,Huyện Châu Thành,Tỉnh Tây Ninh,Tỉnh Tây Ninh,Phường Thanh Điền,Phường,25633
Xã Thành Long,Huyện Châu Thành,Tỉnh Tây Ninh,Tỉnh Tây Ninh,Xã Ninh Điền,Xã,25621
Xã Thái Bình,Huyện Châu Thành,Tỉnh Tây Ninh,Tỉnh Tây Ninh,Phường Tân Ninh,Phường,25459
Xã Thái Bình,Huyện Châu Thành,Tỉnh Tây Ninh,Tỉnh Tây Ninh,Xã Châu Thành,Xã,25585
Xã Trí Bình,Huyện Châu Thành,Tỉnh Tây Ninh,Tỉnh Tây Ninh,Xã Hảo Đước,Xã,25588
Xã Đồng Khởi,Huyện Châu Thành,Tỉnh Tây Ninh,Tỉnh Tây Ninh,Xã Châu Thành,Xã,25585
Thị trấn Dương Minh Châu,Huyện Dương Minh Châu,Tỉnh Tây Ninh,Tỉnh Tây Ninh,Xã Dương Minh Châu,Xã,25552
Xã Bàu Năng,Huyện Dương Minh Châu,Tỉnh Tây Ninh,Tỉnh Tây Ninh,Phường Ninh Thạnh,Phường,25567
Xã Bến Củi,Huyện Dương Minh Châu,Tỉnh Tây Ninh,Tỉnh Tây Ninh,Xã Lộc Ninh,Xã,25579
Xã Chà Là,Huyện Dương Minh Châu,Tỉnh Tây Ninh,Tỉnh Tây Ninh,Phường Ninh Thạnh,Phường,25567
Xã Chà Là,Huyện Dương Minh Châu,Tỉnh Tây Ninh,Tỉnh Tây Ninh,Xã Cầu Khởi,Xã,25573
Xã Cầu Khởi,Huyện Dương Minh Châu,Tỉnh Tây Ninh,Tỉnh Tây Ninh,Xã Cầu Khởi,Xã,25573
Xã Lộc Ninh,Huyện Dương Minh Châu,Tỉnh Tây Ninh,Tỉnh Tây Ninh,Xã Lộc Ninh,Xã,25579
Xã Phan,Huyện Dương Minh Châu,Tỉnh Tây Ninh,Tỉnh Tây Ninh,Phường Bình Minh,Phường,25480
Xã Phan,Huyện Dương Minh Châu,Tỉnh Tây Ninh,Tỉnh Tây Ninh,Xã Dương Minh Châu,Xã,25552
Xã Phước Minh,Huyện Dương Minh Châu,Tỉnh Tây Ninh,Tỉnh Tây Ninh,Xã Dương Minh Châu,Xã,25552
Xã Phước Minh,Huyện Dương Minh Châu,Tỉnh Tây Ninh,Tỉnh Tây Ninh,Xã Lộc Ninh,Xã,25579
Xã Phước Ninh,Huyện Dương Minh Châu,Tỉnh Tây Ninh,Tỉnh Tây Ninh,Xã Cầu Khởi,Xã,25573
Xã Suối Đá,Huyện Dương Minh Châu,Tỉnh Tây Ninh,Tỉnh Tây Ninh,Phường Bình Minh,Phường,25480
Xã Suối Đá,Huyện Dương Minh Châu,Tỉnh Tây Ninh,Tỉnh Tây Ninh,Xã Dương Minh Châu,Xã,25552
Xã Truông Mít,Huyện Dương Minh Châu,Tỉnh Tây Ninh,Tỉnh Tây Ninh,Xã Truông Mít,Xã,25666
Thị trấn Gò Dầu,Huyện Gò Dầu,Tỉnh Tây Ninh,Tỉnh Tây Ninh,Phường Gò Dầu,Phường,25654
Xã Bàu Đồn,Huyện Gò Dầu,Tỉnh Tây Ninh,Tỉnh Tây Ninh,Xã Truông Mít,Xã,25666
Xã Cẩm Giang,Huyện Gò Dầu,Tỉnh Tây Ninh,Tỉnh Tây Ninh,Xã Thạnh Đức,Xã,25657
Xã Hiệp Thạnh,Huyện Gò Dầu,Tỉnh Tây Ninh,Tỉnh Tây Ninh,Xã Phước Thạnh,Xã,25663
Xã Phước Thạnh,Huyện Gò Dầu,Tỉnh Tây Ninh,Tỉnh Tây Ninh,Xã Phước Thạnh,Xã,25663
Xã Phước Trạch,Huyện Gò Dầu,Tỉnh Tây Ninh,Tỉnh Tây Ninh,Xã Phước Thạnh,Xã,25663
Xã Phước Đông,Huyện Gò Dầu,Tỉnh Tây Ninh,Tỉnh Tây Ninh,Phường Gia Lộc,Phường,25672
Xã Thanh Phước,Huyện Gò Dầu,Tỉnh Tây Ninh,Tỉnh Tây Ninh,Phường Gò Dầu,Phường,25654
Xã Thạnh Đức,Huyện Gò Dầu,Tỉnh Tây Ninh,Tỉnh Tây Ninh,Xã Thạnh Đức,Xã,25657
Thị trấn Tân Biên,Huyện Tân Biên,Tỉnh Tây Ninh,Tỉnh Tây Ninh,Xã Tân Biên,Xã,25486
Xã Hòa Hiệp,Huyện Tân Biên,Tỉnh Tây Ninh,Tỉnh Tây Ninh,Xã Phước Vinh,Xã,25591
Xã Mỏ Công,Huyện Tân Biên,Tỉnh Tây Ninh,Tỉnh Tây Ninh,Xã Tân Phú,Xã,25549
Xã Mỏ Công,Huyện Tân Biên,Tỉnh Tây Ninh,Tỉnh Tây Ninh,Xã Trà Vong,Xã,25510
Xã Thạnh Bình,Huyện Tân Biên,Tỉnh Tây Ninh,Tỉnh Tây Ninh,Xã Thạnh Bình,Xã,25498
Xã Thạnh Bắc,Huyện Tân Biên,Tỉnh Tây Ninh,Tỉnh Tây Ninh,Xã Tân Lập,Xã,25489
Xã Thạnh Tây,Huyện Tân Biên,Tỉnh Tây Ninh,Tỉnh Tây Ninh,Xã Tân Biên,Xã,25486
Xã Trà Vong,Huyện Tân Biên,Tỉnh Tây Ninh,Tỉnh Tây Ninh,Xã Tân Phú,Xã,25549
Xã Trà Vong,Huyện Tân Biên,Tỉnh Tây Ninh,Tỉnh Tây Ninh,Xã Trà Vong,Xã,25510
Xã Tân Bình,Huyện Tân Biên,Tỉnh Tây Ninh,Tỉnh Tây Ninh,Xã Tân Biên,Xã,25486
Xã Tân Lập,Huyện Tân Biên,Tỉnh Tây Ninh,Tỉnh Tây Ninh,Xã Tân Lập,Xã,25489
Xã Tân Phong,Huyện Tân Biên,Tỉnh Tây Ninh,Tỉnh Tây Ninh,Xã Tân Phú,Xã,25549
Xã Tân Phong,Huyện Tân Biên,Tỉnh Tây Ninh,Tỉnh Tây Ninh,Xã Thạnh Bình,Xã,25498
Thị trấn Tân Châu,Huyện Tân Châu,Tỉnh Tây Ninh,Tỉnh Tây Ninh,Xã Tân Châu,Xã,25516
Xã Suối Dây,Huyện Tân Châu,Tỉnh Tây Ninh,Tỉnh Tây Ninh,Xã Tân Châu,Xã,25516
Xã Suối Dây,Huyện Tân Châu,Tỉnh Tây Ninh,Tỉnh Tây Ninh,Xã Tân Thành,Xã,25534
Xã Suối Ngô,Huyện Tân Châu,Tỉnh Tây Ninh,Tỉnh Tây Ninh,Xã Tân Hòa,Xã,25531
Xã Thạnh Đông,Huyện Tân Châu,Tỉnh Tây Ninh,Tỉnh Tây Ninh,Xã Tân Châu,Xã,25516
Xã Tân Hiệp,Huyện Tân Châu,Tỉnh Tây Ninh,Tỉnh Tây Ninh,Xã Tân Hội,Xã,25525
Xã Tân Hà,Huyện Tân Châu,Tỉnh Tây Ninh,Tỉnh Tây Ninh,Xã Tân Đông,Xã,25522
Xã Tân Hòa,Huyện Tân Châu,Tỉnh Tây Ninh,Tỉnh Tây Ninh,Xã Tân Hòa,Xã,25531
Xã Tân Hưng,Huyện Tân Châu,Tỉnh Tây Ninh,Tỉnh Tây Ninh,Xã Tân Phú,Xã,25549
Xã Tân Hội,Huyện Tân Châu,Tỉnh Tây Ninh,Tỉnh Tây Ninh,Xã Tân Hội,Xã,25525
Xã Tân Phú,Huyện Tân Châu,Tỉnh Tây Ninh,Tỉnh Tây Ninh,Xã Tân Châu,Xã,25516
Xã Tân Phú,Huyện Tân Châu,Tỉnh Tây Ninh,Tỉnh Tây Ninh,Xã Tân Phú,Xã,25549
Xã Tân Thành,Huyện Tân Châu,Tỉnh Tây Ninh,Tỉnh Tây Ninh,Xã Tân Thành,Xã,25534
Xã Tân Đông,Huyện Tân Châu,Tỉnh Tây Ninh,Tỉnh Tây Ninh,Xã Tân Đông,Xã,25522
Phường 1,Thành phố Tây Ninh,Tỉnh Tây Ninh,Tỉnh Tây Ninh,Phường Tân Ninh,Phường,25459
Phường 2,Thành phố Tây Ninh,Tỉnh Tây Ninh,Tỉnh Tây Ninh,Phường Tân Ninh,Phường,25459
Phường 3,Thành phố Tây Ninh,Tỉnh Tây Ninh,Tỉnh Tây Ninh,Phường Tân Ninh,Phường,25459
Phường 4,Thành phố Tây Ninh,Tỉnh Tây Ninh,Tỉnh Tây Ninh,Phường Long An,Phường,27694
Phường 4,Thành phố Tây Ninh,Tỉnh Tây Ninh,Tỉnh Tây Ninh,Phường Tân Ninh,Phường,25459
Phường Hiệp Ninh,Thành phố Tây Ninh,Tỉnh Tây Ninh,Tỉnh Tây Ninh,Phường Tân Ninh,Phường,25459
Phường Ninh Sơn,Thành phố Tây Ninh,Tỉnh Tây Ninh,Tỉnh Tây Ninh,Phường Bình Minh,Phường,25480
Phường Ninh Thạnh,Thành phố Tây Ninh,Tỉnh Tây Ninh,Tỉnh Tây Ninh,Phường Ninh Thạnh,Phường,25567
Xã Bình Minh,Thành phố Tây Ninh,Tỉnh Tây Ninh,Tỉnh Tây Ninh,Phường Bình Minh,Phường,25480
Xã Thạnh Tân,Thành phố Tây Ninh,Tỉnh Tây Ninh,Tỉnh Tây Ninh,Phường Bình Minh,Phường,25480
Xã Tân Bình,Thành phố Tây Ninh,Tỉnh Tây Ninh,Tỉnh Tây Ninh,Phường Bình Minh,Phường,25480
Phường Hiệp Tân,Thị xã Hòa Thành,Tỉnh Tây Ninh,Tỉnh Tây Ninh,Phường Thanh Điền,Phường,25633
Phường Long Hoa,Thị xã Hòa Thành,Tỉnh Tây Ninh,Tỉnh Tây Ninh,Phường Long Hoa,Phường,25630
Phường Long Thành Bắc,Thị xã Hòa Thành,Tỉnh Tây Ninh,Tỉnh Tây Ninh,Phường Long Hoa,Phường,25630
Phường Long Thành Trung,Thị xã Hòa Thành,Tỉnh Tây Ninh,Tỉnh Tây Ninh,Phường Hòa Thành,Phường,25645
Xã Long Thành Nam,Thị xã Hòa Thành,Tỉnh Tây Ninh,Tỉnh Tây Ninh,Phường Hòa Thành,Phường,25645
Xã Trường Hòa,Thị xã Hòa Thành,Tỉnh Tây Ninh,Tỉnh Tây Ninh,Phường Long Hoa,Phường,25630
Xã Trường Tây,Thị xã Hòa Thành,Tỉnh Tây Ninh,Tỉnh Tây Ninh,Phường Long Hoa,Phường,25630
Xã Trường Đông,Thị xã Hòa Thành,Tỉnh Tây Ninh,Tỉnh Tây Ninh,Phường Long Hoa,Phường,25630
Phường An Hòa,Thị xã Trảng Bàng,Tỉnh Tây Ninh,Tỉnh Tây Ninh,Phường Trảng Bàng,Phường,25708
Phường An Tịnh,Thị xã Trảng Bàng,Tỉnh Tây Ninh,Tỉnh Tây Ninh,Phường An Tịnh,Phường,25732
Phường Gia Bình,Thị xã Trảng Bàng,Tỉnh Tây Ninh,Tỉnh Tây Ninh,Phường Gò Dầu,Phường,25654
Phường Gia Lộc,Thị xã Trảng Bàng,Tỉnh Tây Ninh,Tỉnh Tây Ninh,Phường Gia Lộc,Phường,25672
Phường Lộc Hưng,Thị xã Trảng Bàng,Tỉnh Tây Ninh,Tỉnh Tây Ninh,Phường An Tịnh,Phường,25732
Phường Trảng Bàng,Thị xã Trảng Bàng,Tỉnh Tây Ninh,Tỉnh Tây Ninh,Phường Trảng Bàng,Phường,25708
Xã Hưng Thuận,Thị xã Trảng Bàng,Tỉnh Tây Ninh,Tỉnh Tây Ninh,Xã Hưng Thuận,Xã,25711
Xã Phước Bình,Thị xã Trảng Bàng,Tỉnh Tây Ninh,Tỉnh Tây Ninh,Xã Phước Chỉ,Xã,25729
Xã Phước Chỉ,Thị xã Trảng Bàng,Tỉnh Tây Ninh,Tỉnh Tây Ninh,Xã Phước Chỉ,Xã,25729
Xã Đôn Thuận,Thị xã Trảng Bàng,Tỉnh Tây Ninh,Tỉnh Tây Ninh,Xã Hưng Thuận,Xã,25711
Thị trấn Ba Tri,Huyện Ba Tri,Tỉnh Bến Tre,Tỉnh Vĩnh Long,Xã Ba Tri,Xã,29110
Thị trấn Tiệm Tôm,Huyện Ba Tri,Tỉnh Bến Tre,Tỉnh Vĩnh Long,Xã Tân Thủy,Xã,29167
Xã An Bình Tây,Huyện Ba Tri,Tỉnh Bến Tre,Tỉnh Vĩnh Long,Xã Ba Tri,Xã,29110
Xã An Hiệp,Huyện Ba Tri,Tỉnh Bến Tre,Tỉnh Vĩnh Long,Xã An Hiệp,Xã,29158
Xã An Hòa Tây,Huyện Ba Tri,Tỉnh Bến Tre,Tỉnh Vĩnh Long,Xã Tân Thủy,Xã,29167
Xã An Ngãi Trung,Huyện Ba Tri,Tỉnh Bến Tre,Tỉnh Vĩnh Long,Xã An Ngãi Trung,Xã,29143
Xã An Ngãi Tây,Huyện Ba Tri,Tỉnh Bến Tre,Tỉnh Vĩnh Long,Xã An Hiệp,Xã,29158
Xã An Phú Trung,Huyện Ba Tri,Tỉnh Bến Tre,Tỉnh Vĩnh Long,Xã An Ngãi Trung,Xã,29143
Xã An Đức,Huyện Ba Tri,Tỉnh Bến Tre,Tỉnh Vĩnh Long,Xã Ba Tri,Xã,29110
Xã Bảo Thuận,Huyện Ba Tri,Tỉnh Bến Tre,Tỉnh Vĩnh Long,Xã Bảo Thạnh,Xã,29125
Xã Bảo Thạnh,Huyện Ba Tri,Tỉnh Bến Tre,Tỉnh Vĩnh Long,Xã Bảo Thạnh,Xã,29125
Xã Mỹ Chánh,Huyện Ba Tri,Tỉnh Bến Tre,Tỉnh Vĩnh Long,Xã Mỹ Chánh Hòa,Xã,29122
Xã Mỹ Hòa,Huyện Ba Tri,Tỉnh Bến Tre,Tỉnh Vĩnh Long,Xã Mỹ Chánh Hòa,Xã,29122
Xã Mỹ Nhơn,Huyện Ba Tri,Tỉnh Bến Tre,Tỉnh Vĩnh Long,Xã Mỹ Chánh Hòa,Xã,29122
Xã Mỹ Thạnh,Huyện Ba Tri,Tỉnh Bến Tre,Tỉnh Vĩnh Long,Xã An Ngãi Trung,Xã,29143
Xã Phú Lễ,Huyện Ba Tri,Tỉnh Bến Tre,Tỉnh Vĩnh Long,Xã Tân Xuân,Xã,29137
Xã Phước Ngãi,Huyện Ba Tri,Tỉnh Bến Tre,Tỉnh Vĩnh Long,Xã Tân Xuân,Xã,29137
Xã Tân Hưng,Huyện Ba Tri,Tỉnh Bến Tre,Tỉnh Vĩnh Long,Xã An Hiệp,Xã,29158
Xã Tân Thủy,Huyện Ba Tri,Tỉnh Bến Tre,Tỉnh Vĩnh Long,Xã Tân Thủy,Xã,29167
Xã Tân Xuân,Huyện Ba Tri,Tỉnh Bến Tre,Tỉnh Vĩnh Long,Xã Tân Xuân,Xã,29137
Xã Vĩnh An,Huyện Ba Tri,Tỉnh Bến Tre,Tỉnh Vĩnh Long,Xã Ba Tri,Xã,29110
Xã Vĩnh Hòa,Huyện Ba Tri,Tỉnh Bến Tre,Tỉnh Vĩnh Long,Xã Ba Tri,Xã,29110
Thị trấn Bình Đại,Huyện Bình Đại,Tỉnh Bến Tre,Tỉnh Vĩnh Long,Xã Bình Đại,Xã,29050
Xã Bình Thắng,Huyện Bình Đại,Tỉnh Bến Tre,Tỉnh Vĩnh Long,Xã Bình Đại,Xã,29050
Xã Bình Thới,Huyện Bình Đại,Tỉnh Bến Tre,Tỉnh Vĩnh Long,Xã Bình Đại,Xã,29050
Xã Châu Hưng,Huyện Bình Đại,Tỉnh Bến Tre,Tỉnh Vĩnh Long,Xã Châu Hưng,Xã,29083
Xã Long Hòa,Huyện Bình Đại,Tỉnh Bến Tre,Tỉnh Vĩnh Long,Xã Châu Hưng,Xã,29083
Xã Long Định,Huyện Bình Đại,Tỉnh Bến Tre,Tỉnh Vĩnh Long,Xã Phú Thuận,Xã,29062
Xã Lộc Thuận,Huyện Bình Đại,Tỉnh Bến Tre,Tỉnh Vĩnh Long,Xã Lộc Thuận,Xã,29077
Xã Phú Long,Huyện Bình Đại,Tỉnh Bến Tre,Tỉnh Vĩnh Long,Xã Thạnh Trị,Xã,29089
Xã Phú Thuận,Huyện Bình Đại,Tỉnh Bến Tre,Tỉnh Vĩnh Long,Xã Phú Thuận,Xã,29062
Xã Tam Hiệp,Huyện Bình Đại,Tỉnh Bến Tre,Tỉnh Vĩnh Long,Xã Phú Thuận,Xã,29062
Xã Thạnh Phước,Huyện Bình Đại,Tỉnh Bến Tre,Tỉnh Vĩnh Long,Xã Thạnh Phước,Xã,29104
Xã Thạnh Trị,Huyện Bình Đại,Tỉnh Bến Tre,Tỉnh Vĩnh Long,Xã Thạnh Trị,Xã,29089
Xã Thới Lai,Huyện Bình Đại,Tỉnh Bến Tre,Tỉnh Vĩnh Long,Xã Châu Hưng,Xã,29083
Xã Thới Thuận,Huyện Bình Đại,Tỉnh Bến Tre,Tỉnh Vĩnh Long,Xã Thới Thuận,Xã,29107
Xã Thừa Đức,Huyện Bình Đại,Tỉnh Bến Tre,Tỉnh Vĩnh Long,Xã Thới Thuận,Xã,29107
Xã Vang Quới Tây,Huyện Bình Đại,Tỉnh Bến Tre,Tỉnh Vĩnh Long,Xã Lộc Thuận,Xã,29077
Xã Vang Quới Đông,Huyện Bình Đại,Tỉnh Bến Tre,Tỉnh Vĩnh Long,Xã Lộc Thuận,Xã,29077
Xã Đại Hòa Lộc,Huyện Bình Đại,Tỉnh Bến Tre,Tỉnh Vĩnh Long,Xã Thạnh Phước,Xã,29104
Xã Định Trung,Huyện Bình Đại,Tỉnh Bến Tre,Tỉnh Vĩnh Long,Xã Thạnh Trị,Xã,29089
Thị trấn Châu Thành,Huyện Châu Thành,Tỉnh Bến Tre,Tỉnh Vĩnh Long,Xã Phú Túc,Xã,28810
Thị trấn Tiên Thủy,Huyện Châu Thành,Tỉnh Bến Tre,Tỉnh Vĩnh Long,Xã Tiên Thủy,Xã,28861
Xã An Phước,Huyện Châu Thành,Tỉnh Bến Tre,Tỉnh Vĩnh Long,Xã Giao Long,Xã,28807
Xã Giao Long,Huyện Châu Thành,Tỉnh Bến Tre,Tỉnh Vĩnh Long,Xã Giao Long,Xã,28807
Xã Hữu Định,Huyện Châu Thành,Tỉnh Bến Tre,Tỉnh Vĩnh Long,Phường Phú Tân,Phường,28858
Xã Phú Túc,Huyện Châu Thành,Tỉnh Bến Tre,Tỉnh Vĩnh Long,Xã Phú Túc,Xã,28810
Xã Phú Đức,Huyện Châu Thành,Tỉnh Bến Tre,Tỉnh Vĩnh Long,Xã Tân Phú,Xã,28840
Xã Phước Thạnh,Huyện Châu Thành,Tỉnh Bến Tre,Tỉnh Vĩnh Long,Phường Phú Tân,Phường,28858
Xã Quới Sơn,Huyện Châu Thành,Tỉnh Bến Tre,Tỉnh Vĩnh Long,Xã Giao Long,Xã,28807
Xã Quới Thành,Huyện Châu Thành,Tỉnh Bến Tre,Tỉnh Vĩnh Long,Xã Tiên Thủy,Xã,28861
Xã Tam Phước,Huyện Châu Thành,Tỉnh Bến Tre,Tỉnh Vĩnh Long,Phường Sơn Đông,Phường,28783
Xã Thành Triệu,Huyện Châu Thành,Tỉnh Bến Tre,Tỉnh Vĩnh Long,Xã Tiên Thủy,Xã,28861
Xã Tiên Long,Huyện Châu Thành,Tỉnh Bến Tre,Tỉnh Vĩnh Long,Xã Tân Phú,Xã,28840
Xã Tân Phú,Huyện Châu Thành,Tỉnh Bến Tre,Tỉnh Vĩnh Long,Xã Tân Phú,Xã,28840
Xã Tân Thạch,Huyện Châu Thành,Tỉnh Bến Tre,Tỉnh Vĩnh Long,Xã Phú Túc,Xã,28810
Xã Tường Đa,Huyện Châu Thành,Tỉnh Bến Tre,Tỉnh Vĩnh Long,Xã Phú Túc,Xã,28810
Thị trấn Chợ Lách,Huyện Chợ Lách,Tỉnh Bến Tre,Tỉnh Vĩnh Long,Xã Chợ Lách,Xã,28870
Xã Hòa Nghĩa,Huyện Chợ Lách,Tỉnh Bến Tre,Tỉnh Vĩnh Long,Xã Chợ Lách,Xã,28870
Xã Hưng Khánh Trung B,Huyện Chợ Lách,Tỉnh Bến Tre,Tỉnh Vĩnh Long,Xã Hưng Khánh Trung,Xã,28901
Xã Long Thới,Huyện Chợ Lách,Tỉnh Bến Tre,Tỉnh Vĩnh Long,Xã Chợ Lách,Xã,28870
Xã Phú Phụng,Huyện Chợ Lách,Tỉnh Bến Tre,Tỉnh Vĩnh Long,Xã Phú Phụng,Xã,28879
Xã Phú Sơn,Huyện Chợ Lách,Tỉnh Bến Tre,Tỉnh Vĩnh Long,Xã Vĩnh Thành,Xã,28894
Xã Sơn Định,Huyện Chợ Lách,Tỉnh Bến Tre,Tỉnh Vĩnh Long,Xã Phú Phụng,Xã,28879
Xã Tân Thiềng,Huyện Chợ Lách,Tỉnh Bến Tre,Tỉnh Vĩnh Long,Xã Vĩnh Thành,Xã,28894
Xã Vĩnh Bình,Huyện Chợ Lách,Tỉnh Bến Tre,Tỉnh Vĩnh Long,Xã Phú Phụng,Xã,28879
Xã Vĩnh Hòa,Huyện Chợ Lách,Tỉnh Bến Tre,Tỉnh Vĩnh Long,Xã Hưng Khánh Trung,Xã,28901
Xã Vĩnh Thành,Huyện Chợ Lách,Tỉnh Bến Tre,Tỉnh Vĩnh Long,Xã Vĩnh Thành,Xã,28894
Thị trấn Giồng Trôm,Huyện Giồng Trôm,Tỉnh Bến Tre,Tỉnh Vĩnh Long,Xã Giồng Trôm,Xã,28984
Xã Bình Hòa,Huyện Giồng Trôm,Tỉnh Bến Tre,Tỉnh Vĩnh Long,Xã Giồng Trôm,Xã,28984
Xã Bình Thành,Huyện Giồng Trôm,Tỉnh Bến Tre,Tỉnh Vĩnh Long,Xã Giồng Trôm,Xã,28984
Xã Châu Bình,Huyện Giồng Trôm,Tỉnh Bến Tre,Tỉnh Vĩnh Long,Xã Châu Hòa,Xã,28996
Xã Châu Hòa,Huyện Giồng Trôm,Tỉnh Bến Tre,Tỉnh Vĩnh Long,Xã Châu Hòa,Xã,28996
Xã Hưng Lễ,Huyện Giồng Trôm,Tỉnh Bến Tre,Tỉnh Vĩnh Long,Xã Hưng Nhượng,Xã,29044
Xã Hưng Nhượng,Huyện Giồng Trôm,Tỉnh Bến Tre,Tỉnh Vĩnh Long,Xã Hưng Nhượng,Xã,29044
Xã Hưng Phong,Huyện Giồng Trôm,Tỉnh Bến Tre,Tỉnh Vĩnh Long,Xã Phước Long,Xã,29020
Xã Long Mỹ,Huyện Giồng Trôm,Tỉnh Bến Tre,Tỉnh Vĩnh Long,Xã Phước Long,Xã,29020
Xã Lương Hòa,Huyện Giồng Trôm,Tỉnh Bến Tre,Tỉnh Vĩnh Long,Xã Lương Hòa,Xã,28987
Xã Lương Phú,Huyện Giồng Trôm,Tỉnh Bến Tre,Tỉnh Vĩnh Long,Xã Lương Phú,Xã,28993
Xã Lương Quới,Huyện Giồng Trôm,Tỉnh Bến Tre,Tỉnh Vĩnh Long,Xã Châu Hòa,Xã,28996
Xã Mỹ Thạnh,Huyện Giồng Trôm,Tỉnh Bến Tre,Tỉnh Vĩnh Long,Xã Lương Phú,Xã,28993
Xã Phong Nẫm,Huyện Giồng Trôm,Tỉnh Bến Tre,Tỉnh Vĩnh Long,Xã Lương Hòa,Xã,28987
Xã Phước Long,Huyện Giồng Trôm,Tỉnh Bến Tre,Tỉnh Vĩnh Long,Xã Phước Long,Xã,29020
Xã Sơn Phú,Huyện Giồng Trôm,Tỉnh Bến Tre,Tỉnh Vĩnh Long,Phường An Hội,Phường,28777
Xã Thuận Điền,Huyện Giồng Trôm,Tỉnh Bến Tre,Tỉnh Vĩnh Long,Xã Lương Phú,Xã,28993
Xã Thạnh Phú Đông,Huyện Giồng Trôm,Tỉnh Bến Tre,Tỉnh Vĩnh Long,Xã Tân Hào,Xã,29029
Xã Tân Hào,Huyện Giồng Trôm,Tỉnh Bến Tre,Tỉnh Vĩnh Long,Xã Tân Hào,Xã,29029
Xã Tân Lợi Thạnh,Huyện Giồng Trôm,Tỉnh Bến Tre,Tỉnh Vĩnh Long,Xã Tân Hào,Xã,29029
Xã Tân Thanh,Huyện Giồng Trôm,Tỉnh Bến Tre,Tỉnh Vĩnh Long,Xã Hưng Nhượng,Xã,29044
Thị trấn Phước Mỹ Trung,Huyện Mỏ Cày Bắc,Tỉnh Bến Tre,Tỉnh Vĩnh Long,Xã Phước Mỹ Trung,Xã,28915
Xã Hòa Lộc,Huyện Mỏ Cày Bắc,Tỉnh Bến Tre,Tỉnh Vĩnh Long,Xã Hòa Hiệp,Xã,29734
Xã Hòa Lộc,Huyện Mỏ Cày Bắc,Tỉnh Bến Tre,Tỉnh Vĩnh Long,Xã Tân Thành Bình,Xã,28921
Xã Hưng Khánh Trung A,Huyện Mỏ Cày Bắc,Tỉnh Bến Tre,Tỉnh Vĩnh Long,Xã Hưng Khánh Trung,Xã,28901
Xã Khánh Thạnh Tân,Huyện Mỏ Cày Bắc,Tỉnh Bến Tre,Tỉnh Vĩnh Long,Xã Nhuận Phú Tân,Xã,28948
Xã Nhuận Phú Tân,Huyện Mỏ Cày Bắc,Tỉnh Bến Tre,Tỉnh Vĩnh Long,Xã Nhuận Phú Tân,Xã,28948
Xã Phú Mỹ,Huyện Mỏ Cày Bắc,Tỉnh Bến Tre,Tỉnh Vĩnh Long,Xã Phước Mỹ Trung,Xã,28915
Xã Thanh Tân,Huyện Mỏ Cày Bắc,Tỉnh Bến Tre,Tỉnh Vĩnh Long,Phường Bến Tre,Phường,28789
Xã Thành An,Huyện Mỏ Cày Bắc,Tỉnh Bến Tre,Tỉnh Vĩnh Long,Xã Tân Thành Bình,Xã,28921
Xã Thạnh Ngãi,Huyện Mỏ Cày Bắc,Tỉnh Bến Tre,Tỉnh Vĩnh Long,Xã Phước Mỹ Trung,Xã,28915
Xã Tân Bình,Huyện Mỏ Cày Bắc,Tỉnh Bến Tre,Tỉnh Vĩnh Long,Xã Tân Thành Bình,Xã,28921
Xã Tân Phú Tây,Huyện Mỏ Cày Bắc,Tỉnh Bến Tre,Tỉnh Vĩnh Long,Xã Phước Mỹ Trung,Xã,28915
Xã Tân Thanh Tây,Huyện Mỏ Cày Bắc,Tỉnh Bến Tre,Tỉnh Vĩnh Long,Xã Nhuận Phú Tân,Xã,28948
Xã Tân Thành Bình,Huyện Mỏ Cày Bắc,Tỉnh Bến Tre,Tỉnh Vĩnh Long,Xã Tân Thành Bình,Xã,28921
Thị trấn Mỏ Cày,Huyện Mỏ Cày Nam,Tỉnh Bến Tre,Tỉnh Vĩnh Long,Xã Mỏ Cày,Xã,28903
Xã An Thạnh,Huyện Mỏ Cày Nam,Tỉnh Bến Tre,Tỉnh Vĩnh Long,Xã Mỏ Cày,Xã,28903
Xã An Thới,Huyện Mỏ Cày Nam,Tỉnh Bến Tre,Tỉnh Vĩnh Long,Xã Thành Thới,Xã,28969
Xã An Định,Huyện Mỏ Cày Nam,Tỉnh Bến Tre,Tỉnh Vĩnh Long,Xã An Định,Xã,28957
Xã Bình Khánh,Huyện Mỏ Cày Nam,Tỉnh Bến Tre,Tỉnh Vĩnh Long,Xã Đồng Khởi,Xã,28945
Xã Cẩm Sơn,Huyện Mỏ Cày Nam,Tỉnh Bến Tre,Tỉnh Vĩnh Long,Xã Hương Mỹ,Xã,28981
Xã Hương Mỹ,Huyện Mỏ Cày Nam,Tỉnh Bến Tre,Tỉnh Vĩnh Long,Xã Hương Mỹ,Xã,28981
Xã Minh Đức,Huyện Mỏ Cày Nam,Tỉnh Bến Tre,Tỉnh Vĩnh Long,Xã An Định,Xã,28957
Xã Ngãi Đăng,Huyện Mỏ Cày Nam,Tỉnh Bến Tre,Tỉnh Vĩnh Long,Xã Hương Mỹ,Xã,28981
Xã Phước Hiệp,Huyện Mỏ Cày Nam,Tỉnh Bến Tre,Tỉnh Vĩnh Long,Xã Đồng Khởi,Xã,28945
Xã Thành Thới A,Huyện Mỏ Cày Nam,Tỉnh Bến Tre,Tỉnh Vĩnh Long,Xã Thành Thới,Xã,28969
Xã Thành Thới B,Huyện Mỏ Cày Nam,Tỉnh Bến Tre,Tỉnh Vĩnh Long,Xã Thành Thới,Xã,28969
Xã Tân Hội,Huyện Mỏ Cày Nam,Tỉnh Bến Tre,Tỉnh Vĩnh Long,Xã Mỏ Cày,Xã,28903
Xã Tân Trung,Huyện Mỏ Cày Nam,Tỉnh Bến Tre,Tỉnh Vĩnh Long,Xã An Định,Xã,28957
Xã Đa Phước Hội,Huyện Mỏ Cày Nam,Tỉnh Bến Tre,Tỉnh Vĩnh Long,Xã Mỏ Cày,Xã,28903
Xã Định Thủy,Huyện Mỏ Cày Nam,Tỉnh Bến Tre,Tỉnh Vĩnh Long,Xã Đồng Khởi,Xã,28945
Thị trấn Thạnh Phú,Huyện Thạnh Phú,Tỉnh Bến Tre,Tỉnh Vĩnh Long,Xã Thạnh Phú,Xã,29182
Xã An Nhơn,Huyện Thạnh Phú,Tỉnh Bến Tre,Tỉnh Vĩnh Long,Xã An Qui,Xã,29224
Xã An Qui,Huyện Thạnh Phú,Tỉnh Bến Tre,Tỉnh Vĩnh Long,Xã An Qui,Xã,29224
Xã An Thuận,Huyện Thạnh Phú,Tỉnh Bến Tre,Tỉnh Vĩnh Long,Xã An Qui,Xã,29224
Xã An Thạnh,Huyện Thạnh Phú,Tỉnh Bến Tre,Tỉnh Vĩnh Long,Xã Thạnh Phú,Xã,29182
Xã An Điền,Huyện Thạnh Phú,Tỉnh Bến Tre,Tỉnh Vĩnh Long,Xã Thạnh Hải,Xã,29221
Xã Bình Thạnh,Huyện Thạnh Phú,Tỉnh Bến Tre,Tỉnh Vĩnh Long,Xã Thạnh Phú,Xã,29182
Xã Giao Thạnh,Huyện Thạnh Phú,Tỉnh Bến Tre,Tỉnh Vĩnh Long,Xã Thạnh Phong,Xã,29227
Xã Hòa Lợi,Huyện Thạnh Phú,Tỉnh Bến Tre,Tỉnh Vĩnh Long,Xã Quới Điền,Xã,29191
Xã Mỹ An,Huyện Thạnh Phú,Tỉnh Bến Tre,Tỉnh Vĩnh Long,Xã Thạnh Phú,Xã,29182
Xã Mỹ Hưng,Huyện Thạnh Phú,Tỉnh Bến Tre,Tỉnh Vĩnh Long,Xã Quới Điền,Xã,29191
Xã Phú Khánh,Huyện Thạnh Phú,Tỉnh Bến Tre,Tỉnh Vĩnh Long,Xã Đại Điền,Xã,29194
Xã Quới Điền,Huyện Thạnh Phú,Tỉnh Bến Tre,Tỉnh Vĩnh Long,Xã Quới Điền,Xã,29191
Xã Thạnh Hải,Huyện Thạnh Phú,Tỉnh Bến Tre,Tỉnh Vĩnh Long,Xã Thạnh Hải,Xã,29221
Xã Thạnh Phong,Huyện Thạnh Phú,Tỉnh Bến Tre,Tỉnh Vĩnh Long,Xã Thạnh Phong,Xã,29227
Xã Thới Thạnh,Huyện Thạnh Phú,Tỉnh Bến Tre,Tỉnh Vĩnh Long,Xã Đại Điền,Xã,29194
Xã Tân Phong,Huyện Thạnh Phú,Tỉnh Bến Tre,Tỉnh Vĩnh Long,Xã Đại Điền,Xã,29194
Xã Đại Điền,Huyện Thạnh Phú,Tỉnh Bến Tre,Tỉnh Vĩnh Long,Xã Đại Điền,Xã,29194
Phường 6,Thành phố Bến Tre,Tỉnh Bến Tre,Tỉnh Vĩnh Long,Phường Sơn Đông,Phường,28783
Phường 7,Thành phố Bến Tre,Tỉnh Bến Tre,Tỉnh Vĩnh Long,Phường Bến Tre,Phường,28789
Phường 8,Thành phố Bến Tre,Tỉnh Bến Tre,Tỉnh Vĩnh Long,Phường Phú Khương,Phường,28756
Phường An Hội,Thành phố Bến Tre,Tỉnh Bến Tre,Tỉnh Vĩnh Long,Phường An Hội,Phường,28777
Phường Phú Khương,Thành phố Bến Tre,Tỉnh Bến Tre,Tỉnh Vĩnh Long,Phường Phú Khương,Phường,28756
Phường Phú Tân,Thành phố Bến Tre,Tỉnh Bến Tre,Tỉnh Vĩnh Long,Phường Phú Tân,Phường,28858
Xã Bình Phú,Thành phố Bến Tre,Tỉnh Bến Tre,Tỉnh Vĩnh Long,Phường Bến Tre,Phường,28789
Xã Mỹ Thạnh An,Thành phố Bến Tre,Tỉnh Bến Tre,Tỉnh Vĩnh Long,Phường An Hội,Phường,28777
Xã Nhơn Thạnh,Thành phố Bến Tre,Tỉnh Bến Tre,Tỉnh Vĩnh Long,Phường Phú Khương,Phường,28756
Xã Phú Hưng,Thành phố Bến Tre,Tỉnh Bến Tre,Tỉnh Vĩnh Long,Phường Phú Khương,Phường,28756
Xã Phú Nhuận,Thành phố Bến Tre,Tỉnh Bến Tre,Tỉnh Vĩnh Long,Phường An Hội,Phường,28777
Xã Sơn Đông,Thành phố Bến Tre,Tỉnh Bến Tre,Tỉnh Vĩnh Long,Phường Sơn Đông,Phường,28783
Thị trấn Châu Thành,Huyện Châu Thành,Tỉnh Trà Vinh,Tỉnh Vĩnh Long,Xã Châu Thành,Xã,29374
Xã Hòa Lợi,Huyện Châu Thành,Tỉnh Trà Vinh,Tỉnh Vĩnh Long,Xã Hưng Mỹ,Xã,29407
Xã Hòa Minh,Huyện Châu Thành,Tỉnh Trà Vinh,Tỉnh Vĩnh Long,Xã Hòa Minh,Xã,29410
Xã Hòa Thuận,Huyện Châu Thành,Tỉnh Trà Vinh,Tỉnh Vĩnh Long,Phường Hòa Thuận,Phường,29398
Xã Hưng Mỹ,Huyện Châu Thành,Tỉnh Trà Vinh,Tỉnh Vĩnh Long,Xã Hưng Mỹ,Xã,29407
Xã Long Hòa,Huyện Châu Thành,Tỉnh Trà Vinh,Tỉnh Vĩnh Long,Xã Long Hòa,Xã,29413
Xã Lương Hòa,Huyện Châu Thành,Tỉnh Trà Vinh,Tỉnh Vĩnh Long,Xã Song Lộc,Xã,29386
Xã Lương Hòa A,Huyện Châu Thành,Tỉnh Trà Vinh,Tỉnh Vĩnh Long,Xã Song Lộc,Xã,29386
Xã Mỹ Chánh,Huyện Châu Thành,Tỉnh Trà Vinh,Tỉnh Vĩnh Long,Xã Châu Thành,Xã,29374
Xã Nguyệt Hóa,Huyện Châu Thành,Tỉnh Trà Vinh,Tỉnh Vĩnh Long,Phường Nguyệt Hóa,Phường,29254
Xã Phước Hảo,Huyện Châu Thành,Tỉnh Trà Vinh,Tỉnh Vĩnh Long,Xã Hưng Mỹ,Xã,29407
Xã Song Lộc,Huyện Châu Thành,Tỉnh Trà Vinh,Tỉnh Vĩnh Long,Xã Song Lộc,Xã,29386
Xã Thanh Mỹ,Huyện Châu Thành,Tỉnh Trà Vinh,Tỉnh Vĩnh Long,Xã Châu Thành,Xã,29374
Xã Đa Lộc,Huyện Châu Thành,Tỉnh Trà Vinh,Tỉnh Vĩnh Long,Xã Châu Thành,Xã,29374
Thị trấn Càng Long,Huyện Càng Long,Tỉnh Trà Vinh,Tỉnh Vĩnh Long,Xã Càng Long,Xã,29266
Xã An Trường,Huyện Càng Long,Tỉnh Trà Vinh,Tỉnh Vĩnh Long,Xã An Trường,Xã,29275
Xã An Trường A,Huyện Càng Long,Tỉnh Trà Vinh,Tỉnh Vĩnh Long,Xã An Trường,Xã,29275
Xã Bình Phú,Huyện Càng Long,Tỉnh Trà Vinh,Tỉnh Vĩnh Long,Xã Bình Phú,Xã,29287
Xã Huyền Hội,Huyện Càng Long,Tỉnh Trà Vinh,Tỉnh Vĩnh Long,Xã Tân An,Xã,29278
Xã Mỹ Cẩm,Huyện Càng Long,Tỉnh Trà Vinh,Tỉnh Vĩnh Long,Xã Càng Long,Xã,29266
Xã Nhị Long,Huyện Càng Long,Tỉnh Trà Vinh,Tỉnh Vĩnh Long,Xã Nhị Long,Xã,29302
Xã Nhị Long Phú,Huyện Càng Long,Tỉnh Trà Vinh,Tỉnh Vĩnh Long,Xã Càng Long,Xã,29266
Xã Phương Thạnh,Huyện Càng Long,Tỉnh Trà Vinh,Tỉnh Vĩnh Long,Xã Bình Phú,Xã,29287
Xã Tân An,Huyện Càng Long,Tỉnh Trà Vinh,Tỉnh Vĩnh Long,Xã Tân An,Xã,29278
Xã Tân Bình,Huyện Càng Long,Tỉnh Trà Vinh,Tỉnh Vĩnh Long,Xã An Trường,Xã,29275
Xã Đại Phúc,Huyện Càng Long,Tỉnh Trà Vinh,Tỉnh Vĩnh Long,Xã Bình Phú,Xã,29287
Xã Đại Phước,Huyện Càng Long,Tỉnh Trà Vinh,Tỉnh Vĩnh Long,Xã Nhị Long,Xã,29302
Xã Đức Mỹ,Huyện Càng Long,Tỉnh Trà Vinh,Tỉnh Vĩnh Long,Xã Nhị Long,Xã,29302
Thị trấn Cầu Kè,Huyện Cầu Kè,Tỉnh Trà Vinh,Tỉnh Vĩnh Long,Xã Cầu Kè,Xã,29308
Xã An Phú Tân,Huyện Cầu Kè,Tỉnh Trà Vinh,Tỉnh Vĩnh Long,Xã An Phú Tân,Xã,29317
Xã Châu Điền,Huyện Cầu Kè,Tỉnh Trà Vinh,Tỉnh Vĩnh Long,Xã Cầu Kè,Xã,29308
Xã Hòa Tân,Huyện Cầu Kè,Tỉnh Trà Vinh,Tỉnh Vĩnh Long,Xã An Phú Tân,Xã,29317
Xã Hòa Ân,Huyện Cầu Kè,Tỉnh Trà Vinh,Tỉnh Vĩnh Long,Xã Cầu Kè,Xã,29308
Xã Ninh Thới,Huyện Cầu Kè,Tỉnh Trà Vinh,Tỉnh Vĩnh Long,Xã Phong Thạnh,Xã,29329
Xã Phong Phú,Huyện Cầu Kè,Tỉnh Trà Vinh,Tỉnh Vĩnh Long,Xã Phong Thạnh,Xã,29329
Xã Phong Thạnh,Huyện Cầu Kè,Tỉnh Trà Vinh,Tỉnh Vĩnh Long,Xã Phong Thạnh,Xã,29329
Xã Tam Ngãi,Huyện Cầu Kè,Tỉnh Trà Vinh,Tỉnh Vĩnh Long,Xã Tam Ngãi,Xã,29335
Xã Thông Hòa,Huyện Cầu Kè,Tỉnh Trà Vinh,Tỉnh Vĩnh Long,Xã Tam Ngãi,Xã,29335
Xã Thạnh Phú,Huyện Cầu Kè,Tỉnh Trà Vinh,Tỉnh Vĩnh Long,Xã Tam Ngãi,Xã,29335
Thị trấn Cầu Ngang,Huyện Cầu Ngang,Tỉnh Trà Vinh,Tỉnh Vĩnh Long,Xã Cầu Ngang,Xã,29416
Thị trấn Mỹ Long,Huyện Cầu Ngang,Tỉnh Trà Vinh,Tỉnh Vĩnh Long,Xã Mỹ Long,Xã,29419
Xã Hiệp Hòa,Huyện Cầu Ngang,Tỉnh Trà Vinh,Tỉnh Vĩnh Long,Xã Nhị Trường,Xã,29446
Xã Hiệp Mỹ Tây,Huyện Cầu Ngang,Tỉnh Trà Vinh,Tỉnh Vĩnh Long,Xã Hiệp Mỹ,Xã,29455
Xã Hiệp Mỹ Đông,Huyện Cầu Ngang,Tỉnh Trà Vinh,Tỉnh Vĩnh Long,Xã Hiệp Mỹ,Xã,29455
Xã Kim Hòa,Huyện Cầu Ngang,Tỉnh Trà Vinh,Tỉnh Vĩnh Long,Xã Vinh Kim,Xã,29431
Xã Long Sơn,Huyện Cầu Ngang,Tỉnh Trà Vinh,Tỉnh Vĩnh Long,Xã Hiệp Mỹ,Xã,29455
Xã Mỹ Hòa,Huyện Cầu Ngang,Tỉnh Trà Vinh,Tỉnh Vĩnh Long,Xã Cầu Ngang,Xã,29416
Xã Mỹ Long Bắc,Huyện Cầu Ngang,Tỉnh Trà Vinh,Tỉnh Vĩnh Long,Xã Mỹ Long,Xã,29419
Xã Mỹ Long Nam,Huyện Cầu Ngang,Tỉnh Trà Vinh,Tỉnh Vĩnh Long,Xã Mỹ Long,Xã,29419
Xã Nhị Trường,Huyện Cầu Ngang,Tỉnh Trà Vinh,Tỉnh Vĩnh Long,Xã Nhị Trường,Xã,29446
Xã Thuận Hòa,Huyện Cầu Ngang,Tỉnh Trà Vinh,Tỉnh Vĩnh Long,Xã Cầu Ngang,Xã,29416
Xã Thạnh Hòa Sơn,Huyện Cầu Ngang,Tỉnh Trà Vinh,Tỉnh Vĩnh Long,Xã Ngũ Lạc,Xã,29530
Xã Trường Thọ,Huyện Cầu Ngang,Tỉnh Trà Vinh,Tỉnh Vĩnh Long,Xã Nhị Trường,Xã,29446
Xã Vinh Kim,Huyện Cầu Ngang,Tỉnh Trà Vinh,Tỉnh Vĩnh Long,Xã Vinh Kim,Xã,29431
Thị trấn Long Thành,Huyện Duyên Hải,Tỉnh Trà Vinh,Tỉnh Vĩnh Long,Xã Long Thành,Xã,29513
Xã Long Khánh,Huyện Duyên Hải,Tỉnh Trà Vinh,Tỉnh Vĩnh Long,Xã Long Thành,Xã,29513
Xã Long Vĩnh,Huyện Duyên Hải,Tỉnh Trà Vinh,Tỉnh Vĩnh Long,Xã Long Vĩnh,Xã,29533
Xã Ngũ Lạc,Huyện Duyên Hải,Tỉnh Trà Vinh,Tỉnh Vĩnh Long,Xã Ngũ Lạc,Xã,29530
Xã Đôn Châu,Huyện Duyên Hải,Tỉnh Trà Vinh,Tỉnh Vĩnh Long,Xã Đôn Châu,Xã,29497
Xã Đôn Xuân,Huyện Duyên Hải,Tỉnh Trà Vinh,Tỉnh Vĩnh Long,Xã Đôn Châu,Xã,29497
Xã Đông Hải,Huyện Duyên Hải,Tỉnh Trà Vinh,Tỉnh Vĩnh Long,Xã Đông Hải,Xã,29536
Thị trấn Cầu Quan,Huyện Tiểu Cần,Tỉnh Trà Vinh,Tỉnh Vĩnh Long,Xã Tân Hòa,Xã,29371
Thị trấn Tiểu Cần,Huyện Tiểu Cần,Tỉnh Trà Vinh,Tỉnh Vĩnh Long,Xã Tiểu Cần,Xã,29341
Xã Hiếu Trung,Huyện Tiểu Cần,Tỉnh Trà Vinh,Tỉnh Vĩnh Long,Xã Tiểu Cần,Xã,29341
Xã Hiếu Tử,Huyện Tiểu Cần,Tỉnh Trà Vinh,Tỉnh Vĩnh Long,Xã Tập Ngãi,Xã,29365
Xã Hùng Hòa,Huyện Tiểu Cần,Tỉnh Trà Vinh,Tỉnh Vĩnh Long,Xã Hùng Hòa,Xã,29362
Xã Long Thới,Huyện Tiểu Cần,Tỉnh Trà Vinh,Tỉnh Vĩnh Long,Xã Tân Hòa,Xã,29371
Xã Ngãi Hùng,Huyện Tiểu Cần,Tỉnh Trà Vinh,Tỉnh Vĩnh Long,Xã Hùng Hòa,Xã,29362
Xã Phú Cần,Huyện Tiểu Cần,Tỉnh Trà Vinh,Tỉnh Vĩnh Long,Xã Tiểu Cần,Xã,29341
Xã Tân Hòa,Huyện Tiểu Cần,Tỉnh Trà Vinh,Tỉnh Vĩnh Long,Xã Tân Hòa,Xã,29371
Xã Tân Hùng,Huyện Tiểu Cần,Tỉnh Trà Vinh,Tỉnh Vĩnh Long,Xã Hùng Hòa,Xã,29362
Xã Tập Ngãi,Huyện Tiểu Cần,Tỉnh Trà Vinh,Tỉnh Vĩnh Long,Xã Tập Ngãi,Xã,29365
Thị trấn Trà Cú,Huyện Trà Cú,Tỉnh Trà Vinh,Tỉnh Vĩnh Long,Xã Trà Cú,Xã,29461
Thị trấn Định An,Huyện Trà Cú,Tỉnh Trà Vinh,Tỉnh Vĩnh Long,Xã Đại An,Xã,29491
Xã An Quảng Hữu,Huyện Trà Cú,Tỉnh Trà Vinh,Tỉnh Vĩnh Long,Xã Lưu Nghiệp Anh,Xã,29476
Xã Hàm Giang,Huyện Trà Cú,Tỉnh Trà Vinh,Tỉnh Vĩnh Long,Xã Hàm Giang,Xã,29489
Xã Hàm Tân,Huyện Trà Cú,Tỉnh Trà Vinh,Tỉnh Vĩnh Long,Xã Hàm Giang,Xã,29489
Xã Kim Sơn,Huyện Trà Cú,Tỉnh Trà Vinh,Tỉnh Vĩnh Long,Xã Hàm Giang,Xã,29489
Xã Long Hiệp,Huyện Trà Cú,Tỉnh Trà Vinh,Tỉnh Vĩnh Long,Xã Long Hiệp,Xã,29506
Xã Lưu Nghiệp Anh,Huyện Trà Cú,Tỉnh Trà Vinh,Tỉnh Vĩnh Long,Xã Lưu Nghiệp Anh,Xã,29476
Xã Ngãi Xuyên,Huyện Trà Cú,Tỉnh Trà Vinh,Tỉnh Vĩnh Long,Xã Trà Cú,Xã,29461
Xã Ngọc Biên,Huyện Trà Cú,Tỉnh Trà Vinh,Tỉnh Vĩnh Long,Xã Long Hiệp,Xã,29506
Xã Phước Hưng,Huyện Trà Cú,Tỉnh Trà Vinh,Tỉnh Vĩnh Long,Xã Tập Sơn,Xã,29467
Xã Thanh Sơn,Huyện Trà Cú,Tỉnh Trà Vinh,Tỉnh Vĩnh Long,Xã Trà Cú,Xã,29461
Xã Tân Hiệp,Huyện Trà Cú,Tỉnh Trà Vinh,Tỉnh Vĩnh Long,Xã Long Hiệp,Xã,29506
Xã Tân Sơn,Huyện Trà Cú,Tỉnh Trà Vinh,Tỉnh Vĩnh Long,Xã Tập Sơn,Xã,29467
Xã Tập Sơn,Huyện Trà Cú,Tỉnh Trà Vinh,Tỉnh Vĩnh Long,Xã Tập Sơn,Xã,29467
Xã Đại An,Huyện Trà Cú,Tỉnh Trà Vinh,Tỉnh Vĩnh Long,Xã Đại An,Xã,29491
Xã Định An,Huyện Trà Cú,Tỉnh Trà Vinh,Tỉnh Vĩnh Long,Xã Đại An,Xã,29491
Phường 1,Thành phố Trà Vinh,Tỉnh Trà Vinh,Tỉnh Vĩnh Long,Phường Trà Vinh,Phường,29242
Phường 3,Thành phố Trà Vinh,Tỉnh Trà Vinh,Tỉnh Vĩnh Long,Phường Trà Vinh,Phường,29242
Phường 4,Thành phố Trà Vinh,Tỉnh Trà Vinh,Tỉnh Vĩnh Long,Phường Long Đức,Phường,29263
Phường 5,Thành phố Trà Vinh,Tỉnh Trà Vinh,Tỉnh Vĩnh Long,Phường Hòa Thuận,Phường,29398
Phường 7,Thành phố Trà Vinh,Tỉnh Trà Vinh,Tỉnh Vĩnh Long,Phường Nguyệt Hóa,Phường,29254
Phường 8,Thành phố Trà Vinh,Tỉnh Trà Vinh,Tỉnh Vĩnh Long,Phường Nguyệt Hóa,Phường,29254
Phường 9,Thành phố Trà Vinh,Tỉnh Trà Vinh,Tỉnh Vĩnh Long,Phường Trà Vinh,Phường,29242
Xã Long Đức,Thành phố Trà Vinh,Tỉnh Trà Vinh,Tỉnh Vĩnh Long,Phường Long Đức,Phường,29263
Phường 1,Thị xã Duyên Hải,Tỉnh Trà Vinh,Tỉnh Vĩnh Long,Phường Duyên Hải,Phường,29512
Phường 2,Thị xã Duyên Hải,Tỉnh Trà Vinh,Tỉnh Vĩnh Long,Phường Trường Long Hòa,Phường,29516
Xã Dân Thành,Thị xã Duyên Hải,Tỉnh Trà Vinh,Tỉnh Vĩnh Long,Phường Duyên Hải,Phường,29512
Xã Hiệp Thạnh,Thị xã Duyên Hải,Tỉnh Trà Vinh,Tỉnh Vĩnh Long,Xã Long Hữu,Xã,29518
Xã Long Hữu,Thị xã Duyên Hải,Tỉnh Trà Vinh,Tỉnh Vĩnh Long,Xã Long Hữu,Xã,29518
Xã Long Toàn,Thị xã Duyên Hải,Tỉnh Trà Vinh,Tỉnh Vĩnh Long,Phường Duyên Hải,Phường,29512
Xã Trường Long Hòa,Thị xã Duyên Hải,Tỉnh Trà Vinh,Tỉnh Vĩnh Long,Phường Trường Long Hòa,Phường,29516
Thị trấn Tân Quới,Huyện Bình Tân,Tỉnh Vĩnh Long,Tỉnh Vĩnh Long,Xã Tân Quới,Xã,29800
Xã Mỹ Thuận,Huyện Bình Tân,Tỉnh Vĩnh Long,Tỉnh Vĩnh Long,Xã Mỹ Thuận,Xã,29788
Xã Nguyễn Văn Thảnh,Huyện Bình Tân,Tỉnh Vĩnh Long,Tỉnh Vĩnh Long,Xã Mỹ Thuận,Xã,29788
Xã Thành Lợi,Huyện Bình Tân,Tỉnh Vĩnh Long,Tỉnh Vĩnh Long,Xã Tân Quới,Xã,29800
Xã Thành Trung,Huyện Bình Tân,Tỉnh Vĩnh Long,Tỉnh Vĩnh Long,Xã Mỹ Thuận,Xã,29788
Xã Tân An Thạnh,Huyện Bình Tân,Tỉnh Vĩnh Long,Tỉnh Vĩnh Long,Xã Tân Lược,Xã,29785
Xã Tân Bình,Huyện Bình Tân,Tỉnh Vĩnh Long,Tỉnh Vĩnh Long,Xã Tân Quới,Xã,29800
Xã Tân Lược,Huyện Bình Tân,Tỉnh Vĩnh Long,Tỉnh Vĩnh Long,Xã Tân Lược,Xã,29785
Xã Tân Thành,Huyện Bình Tân,Tỉnh Vĩnh Long,Tỉnh Vĩnh Long,Xã Tân Lược,Xã,29785
Thị trấn Long Hồ,Huyện Long Hồ,Tỉnh Vĩnh Long,Tỉnh Vĩnh Long,Xã Long Hồ,Xã,29602
Xã An Bình,Huyện Long Hồ,Tỉnh Vĩnh Long,Tỉnh Vĩnh Long,Xã An Bình,Xã,29584
Xã Bình Hòa Phước,Huyện Long Hồ,Tỉnh Vĩnh Long,Tỉnh Vĩnh Long,Xã An Bình,Xã,29584
Xã Hòa Ninh,Huyện Long Hồ,Tỉnh Vĩnh Long,Tỉnh Vĩnh Long,Xã An Bình,Xã,29584
Xã Hòa Phú,Huyện Long Hồ,Tỉnh Vĩnh Long,Tỉnh Vĩnh Long,Xã Phú Quới,Xã,29611
Xã Long An,Huyện Long Hồ,Tỉnh Vĩnh Long,Tỉnh Vĩnh Long,Xã Long Hồ,Xã,29602
Xã Long Phước,Huyện Long Hồ,Tỉnh Vĩnh Long,Tỉnh Vĩnh Long,Xã Long Hồ,Xã,29602
Xã Lộc Hòa,Huyện Long Hồ,Tỉnh Vĩnh Long,Tỉnh Vĩnh Long,Xã Phú Quới,Xã,29611
Xã Phú Quới,Huyện Long Hồ,Tỉnh Vĩnh Long,Tỉnh Vĩnh Long,Xã Phú Quới,Xã,29611
Xã Phước Hậu,Huyện Long Hồ,Tỉnh Vĩnh Long,Tỉnh Vĩnh Long,Phường Phước Hậu,Phường,29557
Xã Thanh Đức,Huyện Long Hồ,Tỉnh Vĩnh Long,Tỉnh Vĩnh Long,Phường Thanh Đức,Phường,29590
Xã Thạnh Quới,Huyện Long Hồ,Tỉnh Vĩnh Long,Tỉnh Vĩnh Long,Xã Phú Quới,Xã,29611
Xã Tân Hạnh,Huyện Long Hồ,Tỉnh Vĩnh Long,Tỉnh Vĩnh Long,Phường Tân Hạnh,Phường,29593
Xã Đồng Phú,Huyện Long Hồ,Tỉnh Vĩnh Long,Tỉnh Vĩnh Long,Xã An Bình,Xã,29584
Thị trấn Cái Nhum,Huyện Mang Thít,Tỉnh Vĩnh Long,Tỉnh Vĩnh Long,Xã Cái Nhum,Xã,29641
Xã An Phước,Huyện Mang Thít,Tỉnh Vĩnh Long,Tỉnh Vĩnh Long,Xã Cái Nhum,Xã,29641
Xã Bình Phước,Huyện Mang Thít,Tỉnh Vĩnh Long,Tỉnh Vĩnh Long,Xã Bình Phước,Xã,29638
Xã Chánh An,Huyện Mang Thít,Tỉnh Vĩnh Long,Tỉnh Vĩnh Long,Xã Cái Nhum,Xã,29641
Xã Hòa Tịnh,Huyện Mang Thít,Tỉnh Vĩnh Long,Tỉnh Vĩnh Long,Xã Bình Phước,Xã,29638
Xã Long Mỹ,Huyện Mang Thít,Tỉnh Vĩnh Long,Tỉnh Vĩnh Long,Xã Bình Phước,Xã,29638
Xã Mỹ An,Huyện Mang Thít,Tỉnh Vĩnh Long,Tỉnh Vĩnh Long,Xã Nhơn Phú,Xã,29623
Xã Mỹ An,Huyện Mang Thít,Tỉnh Vĩnh Long,Tỉnh Vĩnh Long,Xã Thạnh Phú,Xã,29182
Xã Mỹ Phước,Huyện Mang Thít,Tỉnh Vĩnh Long,Tỉnh Vĩnh Long,Xã Nhơn Phú,Xã,29623
Xã Nhơn Phú,Huyện Mang Thít,Tỉnh Vĩnh Long,Tỉnh Vĩnh Long,Xã Nhơn Phú,Xã,29623
Xã Tân An Hội,Huyện Mang Thít,Tỉnh Vĩnh Long,Tỉnh Vĩnh Long,Xã Tân Long Hội,Xã,29653
Xã Tân Long,Huyện Mang Thít,Tỉnh Vĩnh Long,Tỉnh Vĩnh Long,Xã Tân Long Hội,Xã,29653
Xã Tân Long Hội,Huyện Mang Thít,Tỉnh Vĩnh Long,Tỉnh Vĩnh Long,Xã Tân Long Hội,Xã,29653
Thị trấn Tam Bình,Huyện Tam Bình,Tỉnh Vĩnh Long,Tỉnh Vĩnh Long,Xã Tam Bình,Xã,29719
Thị trấn Tam Bình,Huyện Tam Bình,Tỉnh Vĩnh Long,Tỉnh Vĩnh Long,Xã Trà Côn,Xã,29836
Xã Bình Ninh,Huyện Tam Bình,Tỉnh Vĩnh Long,Tỉnh Vĩnh Long,Xã Ngãi Tứ,Xã,29767
Xã Hòa Hiệp,Huyện Tam Bình,Tỉnh Vĩnh Long,Tỉnh Vĩnh Long,Xã Hòa Hiệp,Xã,29734
Xã Hòa Lộc,Huyện Tam Bình,Tỉnh Vĩnh Long,Tỉnh Vĩnh Long,Xã Hòa Hiệp,Xã,29734
Xã Hòa Lộc,Huyện Tam Bình,Tỉnh Vĩnh Long,Tỉnh Vĩnh Long,Xã Tân Thành Bình,Xã,28921
Xã Hòa Thạnh,Huyện Tam Bình,Tỉnh Vĩnh Long,Tỉnh Vĩnh Long,Xã Hòa Hiệp,Xã,29734
Xã Hậu Lộc,Huyện Tam Bình,Tỉnh Vĩnh Long,Tỉnh Vĩnh Long,Xã Cái Ngang,Xã,29728
Xã Loan Mỹ,Huyện Tam Bình,Tỉnh Vĩnh Long,Tỉnh Vĩnh Long,Xã Ngãi Tứ,Xã,29767
Xã Long Phú,Huyện Tam Bình,Tỉnh Vĩnh Long,Tỉnh Vĩnh Long,Xã Song Phú,Xã,29740
Xã Mỹ Lộc,Huyện Tam Bình,Tỉnh Vĩnh Long,Tỉnh Vĩnh Long,Xã Cái Ngang,Xã,29728
Xã Mỹ Thạnh Trung,Huyện Tam Bình,Tỉnh Vĩnh Long,Tỉnh Vĩnh Long,Xã Tam Bình,Xã,29719
Xã Ngãi Tứ,Huyện Tam Bình,Tỉnh Vĩnh Long,Tỉnh Vĩnh Long,Phường Cái Vồn,Phường,29770
Xã Ngãi Tứ,Huyện Tam Bình,Tỉnh Vĩnh Long,Tỉnh Vĩnh Long,Xã Ngãi Tứ,Xã,29767
Xã Phú Lộc,Huyện Tam Bình,Tỉnh Vĩnh Long,Tỉnh Vĩnh Long,Xã Cái Ngang,Xã,29728
Xã Phú Thịnh,Huyện Tam Bình,Tỉnh Vĩnh Long,Tỉnh Vĩnh Long,Xã Song Phú,Xã,29740
Xã Song Phú,Huyện Tam Bình,Tỉnh Vĩnh Long,Tỉnh Vĩnh Long,Xã Song Phú,Xã,29740
Xã Tân Lộc,Huyện Tam Bình,Tỉnh Vĩnh Long,Tỉnh Vĩnh Long,Xã Cái Ngang,Xã,29728
Xã Tân Phú,Huyện Tam Bình,Tỉnh Vĩnh Long,Tỉnh Vĩnh Long,Xã Song Phú,Xã,29740
Thị trấn Trà Ôn,Huyện Trà Ôn,Tỉnh Vĩnh Long,Tỉnh Vĩnh Long,Xã Ngãi Tứ,Xã,29767
Thị trấn Trà Ôn,Huyện Trà Ôn,Tỉnh Vĩnh Long,Tỉnh Vĩnh Long,Xã Trà Ôn,Xã,29821
Xã Hòa Bình,Huyện Trà Ôn,Tỉnh Vĩnh Long,Tỉnh Vĩnh Long,Xã Hòa Bình,Xã,29830
Xã Hựu Thành,Huyện Trà Ôn,Tỉnh Vĩnh Long,Tỉnh Vĩnh Long,Xã Vĩnh Xuân,Xã,29845
Xã Lục Sĩ Thành,Huyện Trà Ôn,Tỉnh Vĩnh Long,Tỉnh Vĩnh Long,Xã Lục Sĩ Thành,Xã,29857
Xã Nhơn Bình,Huyện Trà Ôn,Tỉnh Vĩnh Long,Tỉnh Vĩnh Long,Xã Trà Côn,Xã,29836
Xã Phú Thành,Huyện Trà Ôn,Tỉnh Vĩnh Long,Tỉnh Vĩnh Long,Xã Lục Sĩ Thành,Xã,29857
Xã Thuận Thới,Huyện Trà Ôn,Tỉnh Vĩnh Long,Tỉnh Vĩnh Long,Xã Vĩnh Xuân,Xã,29845
Xã Thới Hòa,Huyện Trà Ôn,Tỉnh Vĩnh Long,Tỉnh Vĩnh Long,Xã Hòa Bình,Xã,29830
Xã Trà Côn,Huyện Trà Ôn,Tỉnh Vĩnh Long,Tỉnh Vĩnh Long,Xã Trà Côn,Xã,29836
Xã Tân Mỹ,Huyện Trà Ôn,Tỉnh Vĩnh Long,Tỉnh Vĩnh Long,Xã Trà Côn,Xã,29836
Xã Tích Thiện,Huyện Trà Ôn,Tỉnh Vĩnh Long,Tỉnh Vĩnh Long,Xã Trà Ôn,Xã,29821
Xã Vĩnh Xuân,Huyện Trà Ôn,Tỉnh Vĩnh Long,Tỉnh Vĩnh Long,Xã Vĩnh Xuân,Xã,29845
Xã Xuân Hiệp,Huyện Trà Ôn,Tỉnh Vĩnh Long,Tỉnh Vĩnh Long,Xã Hòa Bình,Xã,29830
Thị trấn Vũng Liêm,Huyện Vũng Liêm,Tỉnh Vĩnh Long,Tỉnh Vĩnh Long,Xã Trung Thành,Xã,29659
Xã Hiếu Nghĩa,Huyện Vũng Liêm,Tỉnh Vĩnh Long,Tỉnh Vĩnh Long,Xã Hiếu Thành,Xã,29713
Xã Hiếu Nhơn,Huyện Vũng Liêm,Tỉnh Vĩnh Long,Tỉnh Vĩnh Long,Xã Hiếu Thành,Xã,29713
Xã Hiếu Phụng,Huyện Vũng Liêm,Tỉnh Vĩnh Long,Tỉnh Vĩnh Long,Xã Hiếu Phụng,Xã,29701
Xã Hiếu Thuận,Huyện Vũng Liêm,Tỉnh Vĩnh Long,Tỉnh Vĩnh Long,Xã Hiếu Phụng,Xã,29701
Xã Hiếu Thành,Huyện Vũng Liêm,Tỉnh Vĩnh Long,Tỉnh Vĩnh Long,Xã Hiếu Thành,Xã,29713
Xã Quới An,Huyện Vũng Liêm,Tỉnh Vĩnh Long,Tỉnh Vĩnh Long,Xã Quới An,Xã,29668
Xã Quới Thiện,Huyện Vũng Liêm,Tỉnh Vĩnh Long,Tỉnh Vĩnh Long,Xã Quới Thiện,Xã,29677
Xã Thanh Bình,Huyện Vũng Liêm,Tỉnh Vĩnh Long,Tỉnh Vĩnh Long,Xã Quới Thiện,Xã,29677
Xã Trung An,Huyện Vũng Liêm,Tỉnh Vĩnh Long,Tỉnh Vĩnh Long,Xã Hiếu Phụng,Xã,29701
Xã Trung Chánh,Huyện Vũng Liêm,Tỉnh Vĩnh Long,Tỉnh Vĩnh Long,Xã Trung Hiệp,Xã,29683
Xã Trung Hiếu,Huyện Vũng Liêm,Tỉnh Vĩnh Long,Tỉnh Vĩnh Long,Xã Trung Thành,Xã,29659
Xã Trung Hiệp,Huyện Vũng Liêm,Tỉnh Vĩnh Long,Tỉnh Vĩnh Long,Xã Trung Hiệp,Xã,29683
Xã Trung Nghĩa,Huyện Vũng Liêm,Tỉnh Vĩnh Long,Tỉnh Vĩnh Long,Xã Trung Ngãi,Xã,29698
Xã Trung Ngãi,Huyện Vũng Liêm,Tỉnh Vĩnh Long,Tỉnh Vĩnh Long,Xã Trung Ngãi,Xã,29698
Xã Trung Thành,Huyện Vũng Liêm,Tỉnh Vĩnh Long,Tỉnh Vĩnh Long,Xã Trung Thành,Xã,29659
Xã Trung Thành Tây,Huyện Vũng Liêm,Tỉnh Vĩnh Long,Tỉnh Vĩnh Long,Xã Quới An,Xã,29668
Xã Trung Thành Đông,Huyện Vũng Liêm,Tỉnh Vĩnh Long,Tỉnh Vĩnh Long,Xã Trung Ngãi,Xã,29698
Xã Tân An Luông,Huyện Vũng Liêm,Tỉnh Vĩnh Long,Tỉnh Vĩnh Long,Xã Trung Hiệp,Xã,29683
Xã Tân Quới Trung,Huyện Vũng Liêm,Tỉnh Vĩnh Long,Tỉnh Vĩnh Long,Xã Quới An,Xã,29668
Phường 1,Thành phố Vĩnh Long,Tỉnh Vĩnh Long,Tỉnh Vĩnh Long,Phường Long Châu,Phường,29551
Phường 3,Thành phố Vĩnh Long,Tỉnh Vĩnh Long,Tỉnh Vĩnh Long,Phường Phước Hậu,Phường,29557
Phường 4,Thành phố Vĩnh Long,Tỉnh Vĩnh Long,Tỉnh Vĩnh Long,Phường Phước Hậu,Phường,29557
Phường 5,Thành phố Vĩnh Long,Tỉnh Vĩnh Long,Tỉnh Vĩnh Long,Phường Thanh Đức,Phường,29590
Phường 8,Thành phố Vĩnh Long,Tỉnh Vĩnh Long,Tỉnh Vĩnh Long,Phường Tân Hạnh,Phường,29593
Phường 9,Thành phố Vĩnh Long,Tỉnh Vĩnh Long,Tỉnh Vĩnh Long,Phường Long Châu,Phường,29551
Phường Trường An,Thành phố Vĩnh Long,Tỉnh Vĩnh Long,Tỉnh Vĩnh Long,Phường Long Châu,Phường,29551
Phường Tân Hòa,Thành phố Vĩnh Long,Tỉnh Vĩnh Long,Tỉnh Vĩnh Long,Phường Tân Ngãi,Phường,29566
Phường Tân Hội,Thành phố Vĩnh Long,Tỉnh Vĩnh Long,Tỉnh Vĩnh Long,Phường Tân Ngãi,Phường,29566
Phường Tân Ngãi,Thành phố Vĩnh Long,Tỉnh Vĩnh Long,Tỉnh Vĩnh Long,Phường Tân Ngãi,Phường,29566
Phường Cái Vồn,Thị xã Bình Minh,Tỉnh Vĩnh Long,Tỉnh Vĩnh Long,Phường Bình Minh,Phường,29771
Phường Cái Vồn,Thị xã Bình Minh,Tỉnh Vĩnh Long,Tỉnh Vĩnh Long,Phường Cái Vồn,Phường,29770
Phường Thành Phước,Thị xã Bình Minh,Tỉnh Vĩnh Long,Tỉnh Vĩnh Long,Phường Bình Minh,Phường,29771
Phường Thành Phước,Thị xã Bình Minh,Tỉnh Vĩnh Long,Tỉnh Vĩnh Long,Phường Cái Vồn,Phường,29770
Phường Đông Thuận,Thị xã Bình Minh,Tỉnh Vĩnh Long,Tỉnh Vĩnh Long,Phường Đông Thành,Phường,29812
Xã Mỹ Hòa,Thị xã Bình Minh,Tỉnh Vĩnh Long,Tỉnh Vĩnh Long,Phường Cái Vồn,Phường,29770
Xã Thuận An,Thị xã Bình Minh,Tỉnh Vĩnh Long,Tỉnh Vĩnh Long,Phường Bình Minh,Phường,29771
Xã Đông Bình,Thị xã Bình Minh,Tỉnh Vĩnh Long,Tỉnh Vĩnh Long,Phường Đông Thành,Phường,29812
Xã Đông Thành,Thị xã Bình Minh,Tỉnh Vĩnh Long,Tỉnh Vĩnh Long,Phường Đông Thành,Phường,29812
Xã Đông Thạnh,Thị xã Bình Minh,Tỉnh Vĩnh Long,Tỉnh Vĩnh Long,Phường Đông Thành,Phường,29812
Thị trấn Mường Chà,Huyện Mường Chà,Tỉnh Điện Biên,Tỉnh Điện Biên,Xã Na Sang,Xã,3172
Xã Huổi Lèng,Huyện Mường Chà,Tỉnh Điện Biên,Tỉnh Điện Biên,Xã Mường Tùng,Xã,3181
Xã Huổi Mí,Huyện Mường Chà,Tỉnh Điện Biên,Tỉnh Điện Biên,Xã Nậm Nèn,Xã,3194
Xã Hừa Ngài,Huyện Mường Chà,Tỉnh Điện Biên,Tỉnh Điện Biên,Xã Pa Ham,Xã,3193
Xã Ma Thì Hồ,Huyện Mường Chà,Tỉnh Điện Biên,Tỉnh Điện Biên,Xã Na Sang,Xã,3172
Xã Mường Mươn,Huyện Mường Chà,Tỉnh Điện Biên,Tỉnh Điện Biên,Xã Mường Pồn,Xã,3202
Xã Mường Tùng,Huyện Mường Chà,Tỉnh Điện Biên,Tỉnh Điện Biên,Xã Mường Tùng,Xã,3181
Xã Na Sang,Huyện Mường Chà,Tỉnh Điện Biên,Tỉnh Điện Biên,Xã Na Sang,Xã,3172
Xã Nậm Nèn,Huyện Mường Chà,Tỉnh Điện Biên,Tỉnh Điện Biên,Xã Nậm Nèn,Xã,3194
Xã Pa Ham,Huyện Mường Chà,Tỉnh Điện Biên,Tỉnh Điện Biên,Xã Pa Ham,Xã,3193
Xã Sa Lông,Huyện Mường Chà,Tỉnh Điện Biên,Tỉnh Điện Biên,Xã Na Sang,Xã,3172
Xã Sá Tổng,Huyện Mường Chà,Tỉnh Điện Biên,Tỉnh Điện Biên,Phường Mường Lay,Phường,3151
Xã Chung Chải,Huyện Mường Nhé,Tỉnh Điện Biên,Tỉnh Điện Biên,Xã Mường Nhé,Xã,3160
Xã Huổi Lếch,Huyện Mường Nhé,Tỉnh Điện Biên,Tỉnh Điện Biên,Xã Mường Toong,Xã,3163
Xã Leng Su Sìn,Huyện Mường Nhé,Tỉnh Điện Biên,Tỉnh Điện Biên,Xã Sín Thầu,Xã,3158
Xã Mường Nhé,Huyện Mường Nhé,Tỉnh Điện Biên,Tỉnh Điện Biên,Xã Mường Nhé,Xã,3160
Xã Mường Toong,Huyện Mường Nhé,Tỉnh Điện Biên,Tỉnh Điện Biên,Xã Mường Toong,Xã,3163
Xã Nậm Kè,Huyện Mường Nhé,Tỉnh Điện Biên,Tỉnh Điện Biên,Xã Nậm Kè,Xã,3162
Xã Nậm Vì,Huyện Mường Nhé,Tỉnh Điện Biên,Tỉnh Điện Biên,Xã Mường Nhé,Xã,3160
Xã Pá Mỳ,Huyện Mường Nhé,Tỉnh Điện Biên,Tỉnh Điện Biên,Xã Nậm Kè,Xã,3162
Xã Quảng Lâm,Huyện Mường Nhé,Tỉnh Điện Biên,Tỉnh Điện Biên,Xã Quảng Lâm,Xã,3164
Xã Sen Thượng,Huyện Mường Nhé,Tỉnh Điện Biên,Tỉnh Điện Biên,Xã Sín Thầu,Xã,3158
Xã Sín Thầu,Huyện Mường Nhé,Tỉnh Điện Biên,Tỉnh Điện Biên,Xã Sín Thầu,Xã,3158
Thị trấn Mường Ảng,Huyện Mường Ảng,Tỉnh Điện Biên,Tỉnh Điện Biên,Xã Mường Ảng,Xã,3256
Xã Búng Lao,Huyện Mường Ảng,Tỉnh Điện Biên,Tỉnh Điện Biên,Xã Búng Lao,Xã,3301
Xã Mường Lạn,Huyện Mường Ảng,Tỉnh Điện Biên,Tỉnh Điện Biên,Xã Mường Lạn,Xã,3313
Xã Mường Đăng,Huyện Mường Ảng,Tỉnh Điện Biên,Tỉnh Điện Biên,Xã Nà Tấu,Xã,3316
Xã Ngối Cáy,Huyện Mường Ảng,Tỉnh Điện Biên,Tỉnh Điện Biên,Xã Nà Tấu,Xã,3316
Xã Nặm Lịch,Huyện Mường Ảng,Tỉnh Điện Biên,Tỉnh Điện Biên,Xã Mường Lạn,Xã,3313
Xã Xuân Lao,Huyện Mường Ảng,Tỉnh Điện Biên,Tỉnh Điện Biên,Xã Mường Lạn,Xã,3313
Xã Ẳng Cang,Huyện Mường Ảng,Tỉnh Điện Biên,Tỉnh Điện Biên,Xã Mường Ảng,Xã,3256
Xã Ẳng Nưa,Huyện Mường Ảng,Tỉnh Điện Biên,Tỉnh Điện Biên,Xã Mường Ảng,Xã,3256
Xã Ẳng Tở,Huyện Mường Ảng,Tỉnh Điện Biên,Tỉnh Điện Biên,Xã Búng Lao,Xã,3301
Xã Chà Cang,Huyện Nậm Pồ,Tỉnh Điện Biên,Tỉnh Điện Biên,Xã Mường Chà,Xã,3166
Xã Chà Nưa,Huyện Nậm Pồ,Tỉnh Điện Biên,Tỉnh Điện Biên,Xã Mường Chà,Xã,3166
Xã Chà Tở,Huyện Nậm Pồ,Tỉnh Điện Biên,Tỉnh Điện Biên,Xã Chà Tở,Xã,3175
Xã Na Cô Sa,Huyện Nậm Pồ,Tỉnh Điện Biên,Tỉnh Điện Biên,Xã Quảng Lâm,Xã,3164
Xã Nà Bủng,Huyện Nậm Pồ,Tỉnh Điện Biên,Tỉnh Điện Biên,Xã Nà Bủng,Xã,3176
Xã Nà Hỳ,Huyện Nậm Pồ,Tỉnh Điện Biên,Tỉnh Điện Biên,Xã Nà Hỳ,Xã,3169
Xã Nà Khoa,Huyện Nậm Pồ,Tỉnh Điện Biên,Tỉnh Điện Biên,Xã Nà Hỳ,Xã,3169
Xã Nậm Chua,Huyện Nậm Pồ,Tỉnh Điện Biên,Tỉnh Điện Biên,Xã Nà Hỳ,Xã,3169
Xã Nậm Khăn,Huyện Nậm Pồ,Tỉnh Điện Biên,Tỉnh Điện Biên,Xã Chà Tở,Xã,3175
Xã Nậm Nhừ,Huyện Nậm Pồ,Tỉnh Điện Biên,Tỉnh Điện Biên,Xã Nà Hỳ,Xã,3169
Xã Nậm Tin,Huyện Nậm Pồ,Tỉnh Điện Biên,Tỉnh Điện Biên,Xã Mường Chà,Xã,3166
Xã Pa Tần,Huyện Nậm Pồ,Tỉnh Điện Biên,Tỉnh Điện Biên,Xã Mường Chà,Xã,3166
Xã Phìn Hồ,Huyện Nậm Pồ,Tỉnh Điện Biên,Tỉnh Điện Biên,Xã Si Pa Phìn,Xã,3199
Xã Si Pa Phìn,Huyện Nậm Pồ,Tỉnh Điện Biên,Tỉnh Điện Biên,Xã Si Pa Phìn,Xã,3199
Xã Vàng Đán,Huyện Nậm Pồ,Tỉnh Điện Biên,Tỉnh Điện Biên,Xã Nà Bủng,Xã,3176
Thị trấn Tuần Giáo,Huyện Tuần Giáo,Tỉnh Điện Biên,Tỉnh Điện Biên,Xã Tuần Giáo,Xã,3253
Xã Chiềng Sinh,Huyện Tuần Giáo,Tỉnh Điện Biên,Tỉnh Điện Biên,Xã Chiềng Sinh,Xã,3283
Xã Chiềng Đông,Huyện Tuần Giáo,Tỉnh Điện Biên,Tỉnh Điện Biên,Xã Búng Lao,Xã,3301
Xã Mùn Chung,Huyện Tuần Giáo,Tỉnh Điện Biên,Tỉnh Điện Biên,Xã Mường Mùn,Xã,3268
Xã Mường Khong,Huyện Tuần Giáo,Tỉnh Điện Biên,Tỉnh Điện Biên,Xã Chiềng Sinh,Xã,3283
Xã Mường Mùn,Huyện Tuần Giáo,Tỉnh Điện Biên,Tỉnh Điện Biên,Xã Mường Mùn,Xã,3268
Xã Mường Thín,Huyện Tuần Giáo,Tỉnh Điện Biên,Tỉnh Điện Biên,Xã Chiềng Sinh,Xã,3283
Xã Nà Sáy,Huyện Tuần Giáo,Tỉnh Điện Biên,Tỉnh Điện Biên,Xã Chiềng Sinh,Xã,3283
Xã Nà Tòng,Huyện Tuần Giáo,Tỉnh Điện Biên,Tỉnh Điện Biên,Xã Tủa Chùa,Xã,3217
Xã Phình Sáng,Huyện Tuần Giáo,Tỉnh Điện Biên,Tỉnh Điện Biên,Xã Sáng Nhè,Xã,3244
Xã Pú Nhung,Huyện Tuần Giáo,Tỉnh Điện Biên,Tỉnh Điện Biên,Xã Pú Nhung,Xã,3260
Xã Pú Xi,Huyện Tuần Giáo,Tỉnh Điện Biên,Tỉnh Điện Biên,Xã Mường Mùn,Xã,3268
Xã Quài Cang,Huyện Tuần Giáo,Tỉnh Điện Biên,Tỉnh Điện Biên,Xã Tuần Giáo,Xã,3253
Xã Quài Nưa,Huyện Tuần Giáo,Tỉnh Điện Biên,Tỉnh Điện Biên,Xã Tuần Giáo,Xã,3253
Xã Quài Tở,Huyện Tuần Giáo,Tỉnh Điện Biên,Tỉnh Điện Biên,Xã Quài Tở,Xã,3295
Xã Rạng Đông,Huyện Tuần Giáo,Tỉnh Điện Biên,Tỉnh Điện Biên,Xã Pú Nhung,Xã,3260
Xã Ta Ma,Huyện Tuần Giáo,Tỉnh Điện Biên,Tỉnh Điện Biên,Xã Pú Nhung,Xã,3260
Xã Tênh Phông,Huyện Tuần Giáo,Tỉnh Điện Biên,Tỉnh Điện Biên,Xã Quài Tở,Xã,3295
Xã Tỏa Tình,Huyện Tuần Giáo,Tỉnh Điện Biên,Tỉnh Điện Biên,Xã Quài Tở,Xã,3295
Thị trấn Tủa Chùa,Huyện Tủa Chùa,Tỉnh Điện Biên,Tỉnh Điện Biên,Xã Tủa Chùa,Xã,3217
Xã Huổi Só,Huyện Tủa Chùa,Tỉnh Điện Biên,Tỉnh Điện Biên,Xã Tủa Thàng,Xã,3220
Xã Lao Xả Phình,Huyện Tủa Chùa,Tỉnh Điện Biên,Tỉnh Điện Biên,Xã Sín Chải,Xã,3226
Xã Mường Báng,Huyện Tủa Chùa,Tỉnh Điện Biên,Tỉnh Điện Biên,Xã Tủa Chùa,Xã,3217
Xã Mường Đun,Huyện Tủa Chùa,Tỉnh Điện Biên,Tỉnh Điện Biên,Xã Sáng Nhè,Xã,3244
Xã Sín Chải,Huyện Tủa Chùa,Tỉnh Điện Biên,Tỉnh Điện Biên,Xã Sín Chải,Xã,3226
Xã Sính Phình,Huyện Tủa Chùa,Tỉnh Điện Biên,Tỉnh Điện Biên,Xã Sính Phình,Xã,3241
Xã Trung Thu,Huyện Tủa Chùa,Tỉnh Điện Biên,Tỉnh Điện Biên,Xã Sính Phình,Xã,3241
Xã Tả Phìn,Huyện Tủa Chùa,Tỉnh Điện Biên,Tỉnh Điện Biên,Xã Sính Phình,Xã,3241
Xã Tả Sìn Thàng,Huyện Tủa Chùa,Tỉnh Điện Biên,Tỉnh Điện Biên,Xã Sín Chải,Xã,3226
Xã Tủa Thàng,Huyện Tủa Chùa,Tỉnh Điện Biên,Tỉnh Điện Biên,Xã Tủa Thàng,Xã,3220
Xã Xá Nhè,Huyện Tủa Chùa,Tỉnh Điện Biên,Tỉnh Điện Biên,Xã Sáng Nhè,Xã,3244
Xã Hua Thanh,Huyện Điện Biên,Tỉnh Điện Biên,Tỉnh Điện Biên,Xã Thanh Nưa,Xã,3328
Xã Hẹ Muông,Huyện Điện Biên,Tỉnh Điện Biên,Tỉnh Điện Biên,Xã Núa Ngam,Xã,3358
Xã Mường Lói,Huyện Điện Biên,Tỉnh Điện Biên,Tỉnh Điện Biên,Xã Mường Nhà,Xã,3368
Xã Mường Nhà,Huyện Điện Biên,Tỉnh Điện Biên,Tỉnh Điện Biên,Xã Mường Nhà,Xã,3368
Xã Mường Pồn,Huyện Điện Biên,Tỉnh Điện Biên,Tỉnh Điện Biên,Xã Mường Pồn,Xã,3202
Xã Na Tông,Huyện Điện Biên,Tỉnh Điện Biên,Tỉnh Điện Biên,Xã Núa Ngam,Xã,3358
Xã Na Ư,Huyện Điện Biên,Tỉnh Điện Biên,Tỉnh Điện Biên,Xã Sam Mứn,Xã,3356
Xã Noong Hẹt,Huyện Điện Biên,Tỉnh Điện Biên,Tỉnh Điện Biên,Xã Thanh An,Xã,3352
Xã Noong Luống,Huyện Điện Biên,Tỉnh Điện Biên,Tỉnh Điện Biên,Xã Thanh Yên,Xã,3349
Xã Núa Ngam,Huyện Điện Biên,Tỉnh Điện Biên,Tỉnh Điện Biên,Xã Núa Ngam,Xã,3358
Xã Pa Thơm,Huyện Điện Biên,Tỉnh Điện Biên,Tỉnh Điện Biên,Xã Thanh Yên,Xã,3349
Xã Phu Luông,Huyện Điện Biên,Tỉnh Điện Biên,Tỉnh Điện Biên,Xã Mường Nhà,Xã,3368
Xã Pom Lót,Huyện Điện Biên,Tỉnh Điện Biên,Tỉnh Điện Biên,Xã Sam Mứn,Xã,3356
Xã Sam Mứn,Huyện Điện Biên,Tỉnh Điện Biên,Tỉnh Điện Biên,Xã Thanh An,Xã,3352
Xã Thanh An,Huyện Điện Biên,Tỉnh Điện Biên,Tỉnh Điện Biên,Xã Thanh An,Xã,3352
Xã Thanh Chăn,Huyện Điện Biên,Tỉnh Điện Biên,Tỉnh Điện Biên,Xã Thanh Nưa,Xã,3328
Xã Thanh Hưng,Huyện Điện Biên,Tỉnh Điện Biên,Tỉnh Điện Biên,Xã Thanh Nưa,Xã,3328
Xã Thanh Luông,Huyện Điện Biên,Tỉnh Điện Biên,Tỉnh Điện Biên,Xã Thanh Nưa,Xã,3328
Xã Thanh Nưa,Huyện Điện Biên,Tỉnh Điện Biên,Tỉnh Điện Biên,Xã Thanh Nưa,Xã,3328
Xã Thanh Xương,Huyện Điện Biên,Tỉnh Điện Biên,Tỉnh Điện Biên,Phường Mường Thanh,Phường,3334
Xã Thanh Yên,Huyện Điện Biên,Tỉnh Điện Biên,Tỉnh Điện Biên,Xã Thanh Yên,Xã,3349
Thị trấn Điện Biên Đông,Huyện Điện Biên Đông,Tỉnh Điện Biên,Tỉnh Điện Biên,Xã Na Son,Xã,3203
Xã Chiềng Sơ,Huyện Điện Biên Đông,Tỉnh Điện Biên,Tỉnh Điện Biên,Xã Mường Luân,Xã,3214
Xã Háng Lìa,Huyện Điện Biên Đông,Tỉnh Điện Biên,Tỉnh Điện Biên,Xã Tìa Dình,Xã,3385
Xã Keo Lôm,Huyện Điện Biên Đông,Tỉnh Điện Biên,Tỉnh Điện Biên,Xã Na Son,Xã,3203
Xã Luân Giói,Huyện Điện Biên Đông,Tỉnh Điện Biên,Tỉnh Điện Biên,Xã Mường Luân,Xã,3214
Xã Mường Luân,Huyện Điện Biên Đông,Tỉnh Điện Biên,Tỉnh Điện Biên,Xã Mường Luân,Xã,3214
Xã Na Son,Huyện Điện Biên Đông,Tỉnh Điện Biên,Tỉnh Điện Biên,Xã Na Son,Xã,3203
Xã Nong U,Huyện Điện Biên Đông,Tỉnh Điện Biên,Tỉnh Điện Biên,Xã Pu Nhi,Xã,3370
Xã Phì Nhừ,Huyện Điện Biên Đông,Tỉnh Điện Biên,Tỉnh Điện Biên,Xã Xa Dung,Xã,3208
Xã Phình Giàng,Huyện Điện Biên Đông,Tỉnh Điện Biên,Tỉnh Điện Biên,Xã Phình Giàng,Xã,3382
Xã Pu Nhi,Huyện Điện Biên Đông,Tỉnh Điện Biên,Tỉnh Điện Biên,Xã Pu Nhi,Xã,3370
Xã Pú Hồng,Huyện Điện Biên Đông,Tỉnh Điện Biên,Tỉnh Điện Biên,Xã Phình Giàng,Xã,3382
Xã Tìa Dình,Huyện Điện Biên Đông,Tỉnh Điện Biên,Tỉnh Điện Biên,Xã Tìa Dình,Xã,3385
Xã Xa Dung,Huyện Điện Biên Đông,Tỉnh Điện Biên,Tỉnh Điện Biên,Xã Xa Dung,Xã,3208
Phường Him Lam,Thành phố Điện Biên Phủ,Tỉnh Điện Biên,Tỉnh Điện Biên,Phường Điện Biên Phủ,Phường,3127
Phường Mường Thanh,Thành phố Điện Biên Phủ,Tỉnh Điện Biên,Tỉnh Điện Biên,Phường Điện Biên Phủ,Phường,3127
Phường Nam Thanh,Thành phố Điện Biên Phủ,Tỉnh Điện Biên,Tỉnh Điện Biên,Phường Mường Thanh,Phường,3334
Phường Noong Bua,Thành phố Điện Biên Phủ,Tỉnh Điện Biên,Tỉnh Điện Biên,Phường Mường Thanh,Phường,3334
Phường Thanh Bình,Thành phố Điện Biên Phủ,Tỉnh Điện Biên,Tỉnh Điện Biên,Phường Điện Biên Phủ,Phường,3127
Phường Thanh Trường,Thành phố Điện Biên Phủ,Tỉnh Điện Biên,Tỉnh Điện Biên,Phường Điện Biên Phủ,Phường,3127
Phường Tân Thanh,Thành phố Điện Biên Phủ,Tỉnh Điện Biên,Tỉnh Điện Biên,Phường Điện Biên Phủ,Phường,3127
Xã Mường Phăng,Thành phố Điện Biên Phủ,Tỉnh Điện Biên,Tỉnh Điện Biên,Xã Mường Phăng,Xã,3325
Xã Nà Nhạn,Thành phố Điện Biên Phủ,Tỉnh Điện Biên,Tỉnh Điện Biên,Xã Mường Phăng,Xã,3325
Xã Nà Tấu,Thành phố Điện Biên Phủ,Tỉnh Điện Biên,Tỉnh Điện Biên,Xã Nà Tấu,Xã,3316
Xã Pá Khoang,Thành phố Điện Biên Phủ,Tỉnh Điện Biên,Tỉnh Điện Biên,Xã Mường Phăng,Xã,3325
Xã Thanh Minh,Thành phố Điện Biên Phủ,Tỉnh Điện Biên,Tỉnh Điện Biên,Phường Điện Biên Phủ,Phường,3127
Phường Na Lay,Thị Xã Mường Lay,Tỉnh Điện Biên,Tỉnh Điện Biên,Phường Mường Lay,Phường,3151
Phường Sông Đà,Thị Xã Mường Lay,Tỉnh Điện Biên,Tỉnh Điện Biên,Phường Mường Lay,Phường,3151
Xã Lay Nưa,Thị Xã Mường Lay,Tỉnh Điện Biên,Tỉnh Điện Biên,Phường Mường Lay,Phường,3151
Thị Trấn Phú Hòa,Huyện Phú Hòa,Tỉnh Phú Yên,Tỉnh Đắk Lắk,Xã Phú Hòa 1,Xã,22319
Xã Hòa An,Huyện Phú Hòa,Tỉnh Phú Yên,Tỉnh Đắk Lắk,Phường Tuy Hòa,Phường,22015
Xã Hòa An,Huyện Phú Hòa,Tỉnh Phú Yên,Tỉnh Đắk Lắk,Xã Phú Hòa 1,Xã,22319
Xã Hòa Hội,Huyện Phú Hòa,Tỉnh Phú Yên,Tỉnh Đắk Lắk,Xã Phú Hòa 1,Xã,22319
Xã Hòa Quang Bắc,Huyện Phú Hòa,Tỉnh Phú Yên,Tỉnh Đắk Lắk,Xã Phú Hòa 2,Xã,22303
Xã Hòa Quang Nam,Huyện Phú Hòa,Tỉnh Phú Yên,Tỉnh Đắk Lắk,Xã Phú Hòa 2,Xã,22303
Xã Hòa Thắng,Huyện Phú Hòa,Tỉnh Phú Yên,Tỉnh Đắk Lắk,Xã Phú Hòa 1,Xã,22319
Xã Hòa Trị,Huyện Phú Hòa,Tỉnh Phú Yên,Tỉnh Đắk Lắk,Phường Tuy Hòa,Phường,22015
Xã Hòa Trị,Huyện Phú Hòa,Tỉnh Phú Yên,Tỉnh Đắk Lắk,Xã Phú Hòa 2,Xã,22303
Xã Hòa Định Tây,Huyện Phú Hòa,Tỉnh Phú Yên,Tỉnh Đắk Lắk,Xã Phú Hòa 1,Xã,22319
Xã Hòa Định Đông,Huyện Phú Hòa,Tỉnh Phú Yên,Tỉnh Đắk Lắk,Xã Phú Hòa 1,Xã,22319
Thị trấn Hai Riêng,Huyện Sông Hinh,Tỉnh Phú Yên,Tỉnh Đắk Lắk,Xã Sông Hinh,Xã,22207
Xã Ea Bar,Huyện Sông Hinh,Tỉnh Phú Yên,Tỉnh Đắk Lắk,Xã Ea Bá,Xã,22225
Xã Ea Bar,Huyện Sông Hinh,Tỉnh Phú Yên,Tỉnh Đắk Lắk,Xã Ea Ly,Xã,22237
Xã Ea Bia,Huyện Sông Hinh,Tỉnh Phú Yên,Tỉnh Đắk Lắk,Xã Đức Bình,Xã,22222
Xã Ea Bia,Huyện Sông Hinh,Tỉnh Phú Yên,Tỉnh Đắk Lắk,Xã Sông Hinh,Xã,22207
Xã Ea Bá,Huyện Sông Hinh,Tỉnh Phú Yên,Tỉnh Đắk Lắk,Xã Ea Bá,Xã,22225
Xã Ea Ly,Huyện Sông Hinh,Tỉnh Phú Yên,Tỉnh Đắk Lắk,Xã Ea Ly,Xã,22237
Xã Ea Lâm,Huyện Sông Hinh,Tỉnh Phú Yên,Tỉnh Đắk Lắk,Xã Ea Ly,Xã,22237
Xã Ea Trol,Huyện Sông Hinh,Tỉnh Phú Yên,Tỉnh Đắk Lắk,Xã Sông Hinh,Xã,22207
Xã Sông Hinh,Huyện Sông Hinh,Tỉnh Phú Yên,Tỉnh Đắk Lắk,Xã Sông Hinh,Xã,22207
Xã Sơn Giang,Huyện Sông Hinh,Tỉnh Phú Yên,Tỉnh Đắk Lắk,Xã Đức Bình,Xã,22222
Xã Đức Bình Tây,Huyện Sông Hinh,Tỉnh Phú Yên,Tỉnh Đắk Lắk,Xã Đức Bình,Xã,22222
Xã Đức Bình Đông,Huyện Sông Hinh,Tỉnh Phú Yên,Tỉnh Đắk Lắk,Xã Đức Bình,Xã,22222
Thị trấn Củng Sơn,Huyện Sơn Hòa,Tỉnh Phú Yên,Tỉnh Đắk Lắk,Xã Sơn Hòa,Xã,22165
Xã Cà Lúi,Huyện Sơn Hòa,Tỉnh Phú Yên,Tỉnh Đắk Lắk,Xã Tây Sơn,Xã,22171
Xã Ea Chà Rang,Huyện Sơn Hòa,Tỉnh Phú Yên,Tỉnh Đắk Lắk,Xã Suối Trai,Xã,22192
Xã Krông Pa,Huyện Sơn Hòa,Tỉnh Phú Yên,Tỉnh Đắk Lắk,Xã Suối Trai,Xã,22192
Xã Phước Tân,Huyện Sơn Hòa,Tỉnh Phú Yên,Tỉnh Đắk Lắk,Xã Tây Sơn,Xã,22171
Xã Suối Bạc,Huyện Sơn Hòa,Tỉnh Phú Yên,Tỉnh Đắk Lắk,Xã Sơn Hòa,Xã,22165
Xã Suối Trai,Huyện Sơn Hòa,Tỉnh Phú Yên,Tỉnh Đắk Lắk,Xã Suối Trai,Xã,22192
Xã Sơn Hà,Huyện Sơn Hòa,Tỉnh Phú Yên,Tỉnh Đắk Lắk,Xã Sơn Hòa,Xã,22165
Xã Sơn Hội,Huyện Sơn Hòa,Tỉnh Phú Yên,Tỉnh Đắk Lắk,Xã Tây Sơn,Xã,22171
Xã Sơn Long,Huyện Sơn Hòa,Tỉnh Phú Yên,Tỉnh Đắk Lắk,Xã Vân Hòa,Xã,22177
Xã Sơn Nguyên,Huyện Sơn Hòa,Tỉnh Phú Yên,Tỉnh Đắk Lắk,Xã Sơn Hòa,Xã,22165
Xã Sơn Phước,Huyện Sơn Hòa,Tỉnh Phú Yên,Tỉnh Đắk Lắk,Xã Sơn Hòa,Xã,22165
Xã Sơn Xuân,Huyện Sơn Hòa,Tỉnh Phú Yên,Tỉnh Đắk Lắk,Xã Vân Hòa,Xã,22177
Xã Sơn Định,Huyện Sơn Hòa,Tỉnh Phú Yên,Tỉnh Đắk Lắk,Xã Vân Hòa,Xã,22177
Thị trấn Chí Thạnh,Huyện Tuy An,Tỉnh Phú Yên,Tỉnh Đắk Lắk,Xã Tuy An Bắc,Xã,22114
Xã An Chấn,Huyện Tuy An,Tỉnh Phú Yên,Tỉnh Đắk Lắk,Xã Tuy An Nam,Xã,22153
Xã An Cư,Huyện Tuy An,Tỉnh Phú Yên,Tỉnh Đắk Lắk,Xã Ô Loan,Xã,22147
Xã An Dân,Huyện Tuy An,Tỉnh Phú Yên,Tỉnh Đắk Lắk,Xã Tuy An Bắc,Xã,22114
Xã An Hiệp,Huyện Tuy An,Tỉnh Phú Yên,Tỉnh Đắk Lắk,Xã Ô Loan,Xã,22147
Xã An Hòa Hải,Huyện Tuy An,Tỉnh Phú Yên,Tỉnh Đắk Lắk,Xã Ô Loan,Xã,22147
Xã An Lĩnh,Huyện Tuy An,Tỉnh Phú Yên,Tỉnh Đắk Lắk,Xã Tuy An Tây,Xã,22132
Xã An Mỹ,Huyện Tuy An,Tỉnh Phú Yên,Tỉnh Đắk Lắk,Xã Tuy An Nam,Xã,22153
Xã An Nghiệp,Huyện Tuy An,Tỉnh Phú Yên,Tỉnh Đắk Lắk,Xã Tuy An Tây,Xã,22132
Xã An Ninh Tây,Huyện Tuy An,Tỉnh Phú Yên,Tỉnh Đắk Lắk,Xã Tuy An Đông,Xã,22120
Xã An Ninh Đông,Huyện Tuy An,Tỉnh Phú Yên,Tỉnh Đắk Lắk,Xã Tuy An Đông,Xã,22120
Xã An Thạch,Huyện Tuy An,Tỉnh Phú Yên,Tỉnh Đắk Lắk,Xã Tuy An Đông,Xã,22120
Xã An Thọ,Huyện Tuy An,Tỉnh Phú Yên,Tỉnh Đắk Lắk,Xã Tuy An Nam,Xã,22153
Xã An Xuân,Huyện Tuy An,Tỉnh Phú Yên,Tỉnh Đắk Lắk,Xã Tuy An Tây,Xã,22132
Xã An Định,Huyện Tuy An,Tỉnh Phú Yên,Tỉnh Đắk Lắk,Xã Tuy An Bắc,Xã,22114
Thị trấn Phú Thứ,Huyện Tây Hòa,Tỉnh Phú Yên,Tỉnh Đắk Lắk,Xã Tây Hòa,Xã,22255
Xã Hòa Bình 1,Huyện Tây Hòa,Tỉnh Phú Yên,Tỉnh Đắk Lắk,Phường Phú Yên,Phường,22240
Xã Hòa Bình 1,Huyện Tây Hòa,Tỉnh Phú Yên,Tỉnh Đắk Lắk,Xã Tây Hòa,Xã,22255
Xã Hòa Mỹ Tây,Huyện Tây Hòa,Tỉnh Phú Yên,Tỉnh Đắk Lắk,Xã Hòa Mỹ,Xã,22285
Xã Hòa Mỹ Đông,Huyện Tây Hòa,Tỉnh Phú Yên,Tỉnh Đắk Lắk,Xã Hòa Mỹ,Xã,22285
Xã Hòa Phong,Huyện Tây Hòa,Tỉnh Phú Yên,Tỉnh Đắk Lắk,Xã Tây Hòa,Xã,22255
Xã Hòa Phú,Huyện Tây Hòa,Tỉnh Phú Yên,Tỉnh Đắk Lắk,Xã Sơn Thành,Xã,22250
Xã Hòa Thịnh,Huyện Tây Hòa,Tỉnh Phú Yên,Tỉnh Đắk Lắk,Xã Hòa Thịnh,Xã,22276
Xã Hòa Tân Tây,Huyện Tây Hòa,Tỉnh Phú Yên,Tỉnh Đắk Lắk,Xã Tây Hòa,Xã,22255
Xã Hòa Đồng,Huyện Tây Hòa,Tỉnh Phú Yên,Tỉnh Đắk Lắk,Xã Hòa Thịnh,Xã,22276
Xã Sơn Thành Tây,Huyện Tây Hòa,Tỉnh Phú Yên,Tỉnh Đắk Lắk,Xã Sơn Thành,Xã,22250
Xã Sơn Thành Đông,Huyện Tây Hòa,Tỉnh Phú Yên,Tỉnh Đắk Lắk,Xã Sơn Thành,Xã,22250
Thị trấn La Hai,Huyện Đồng Xuân,Tỉnh Phú Yên,Tỉnh Đắk Lắk,Xã Đồng Xuân,Xã,22081
Xã Phú Mỡ,Huyện Đồng Xuân,Tỉnh Phú Yên,Tỉnh Đắk Lắk,Xã Phú Mỡ,Xã,22096
Xã Xuân Long,Huyện Đồng Xuân,Tỉnh Phú Yên,Tỉnh Đắk Lắk,Xã Đồng Xuân,Xã,22081
Xã Xuân Lãnh,Huyện Đồng Xuân,Tỉnh Phú Yên,Tỉnh Đắk Lắk,Xã Xuân Lãnh,Xã,22090
Xã Xuân Phước,Huyện Đồng Xuân,Tỉnh Phú Yên,Tỉnh Đắk Lắk,Xã Xuân Phước,Xã,22111
Xã Xuân Quang 1,Huyện Đồng Xuân,Tỉnh Phú Yên,Tỉnh Đắk Lắk,Xã Phú Mỡ,Xã,22096
Xã Xuân Quang 2,Huyện Đồng Xuân,Tỉnh Phú Yên,Tỉnh Đắk Lắk,Xã Đồng Xuân,Xã,22081
Xã Xuân Quang 3,Huyện Đồng Xuân,Tỉnh Phú Yên,Tỉnh Đắk Lắk,Xã Xuân Phước,Xã,22111
Xã Xuân Sơn Bắc,Huyện Đồng Xuân,Tỉnh Phú Yên,Tỉnh Đắk Lắk,Xã Đồng Xuân,Xã,22081
Xã Xuân Sơn Nam,Huyện Đồng Xuân,Tỉnh Phú Yên,Tỉnh Đắk Lắk,Xã Đồng Xuân,Xã,22081
Xã Đa Lộc,Huyện Đồng Xuân,Tỉnh Phú Yên,Tỉnh Đắk Lắk,Xã Xuân Lãnh,Xã,22090
Phường 1,Thành phố Tuy Hòa,Tỉnh Phú Yên,Tỉnh Đắk Lắk,Phường Tuy Hòa,Phường,22015
Phường 2,Thành phố Tuy Hòa,Tỉnh Phú Yên,Tỉnh Đắk Lắk,Phường Tuy Hòa,Phường,22015
Phường 4,Thành phố Tuy Hòa,Tỉnh Phú Yên,Tỉnh Đắk Lắk,Phường Tuy Hòa,Phường,22015
Phường 5,Thành phố Tuy Hòa,Tỉnh Phú Yên,Tỉnh Đắk Lắk,Phường Tuy Hòa,Phường,22015
Phường 7,Thành phố Tuy Hòa,Tỉnh Phú Yên,Tỉnh Đắk Lắk,Phường Tuy Hòa,Phường,22015
Phường 9,Thành phố Tuy Hòa,Tỉnh Phú Yên,Tỉnh Đắk Lắk,Phường Bình Kiến,Phường,22045
Phường 9,Thành phố Tuy Hòa,Tỉnh Phú Yên,Tỉnh Đắk Lắk,Phường Tuy Hòa,Phường,22015
Phường Phú Lâm,Thành phố Tuy Hòa,Tỉnh Phú Yên,Tỉnh Đắk Lắk,Phường Phú Yên,Phường,22240
Phường Phú Thạnh,Thành phố Tuy Hòa,Tỉnh Phú Yên,Tỉnh Đắk Lắk,Phường Phú Yên,Phường,22240
Phường Phú Đông,Thành phố Tuy Hòa,Tỉnh Phú Yên,Tỉnh Đắk Lắk,Phường Phú Yên,Phường,22240
Xã An Phú,Thành phố Tuy Hòa,Tỉnh Phú Yên,Tỉnh Đắk Lắk,Phường Bình Kiến,Phường,22045
Xã Bình Kiến,Thành phố Tuy Hòa,Tỉnh Phú Yên,Tỉnh Đắk Lắk,Phường Bình Kiến,Phường,22045
Xã Hòa Kiến,Thành phố Tuy Hòa,Tỉnh Phú Yên,Tỉnh Đắk Lắk,Phường Bình Kiến,Phường,22045
Phường Xuân Phú,Thị xã Sông Cầu,Tỉnh Phú Yên,Tỉnh Đắk Lắk,Phường Sông Cầu,Phường,22051
Phường Xuân Thành,Thị xã Sông Cầu,Tỉnh Phú Yên,Tỉnh Đắk Lắk,Phường Xuân Đài,Phường,22076
Phường Xuân Yên,Thị xã Sông Cầu,Tỉnh Phú Yên,Tỉnh Đắk Lắk,Phường Sông Cầu,Phường,22051
Phường Xuân Đài,Thị xã Sông Cầu,Tỉnh Phú Yên,Tỉnh Đắk Lắk,Phường Xuân Đài,Phường,22076
Xã Xuân Bình,Thị xã Sông Cầu,Tỉnh Phú Yên,Tỉnh Đắk Lắk,Xã Xuân Cảnh,Xã,22060
Xã Xuân Cảnh,Thị xã Sông Cầu,Tỉnh Phú Yên,Tỉnh Đắk Lắk,Xã Xuân Cảnh,Xã,22060
Xã Xuân Hải,Thị xã Sông Cầu,Tỉnh Phú Yên,Tỉnh Đắk Lắk,Xã Xuân Lộc,Xã,22057
Xã Xuân Lâm,Thị xã Sông Cầu,Tỉnh Phú Yên,Tỉnh Đắk Lắk,Xã Xuân Thọ,Xã,22075
Xã Xuân Lộc,Thị xã Sông Cầu,Tỉnh Phú Yên,Tỉnh Đắk Lắk,Xã Xuân Lộc,Xã,22057
Xã Xuân Phương,Thị xã Sông Cầu,Tỉnh Phú Yên,Tỉnh Đắk Lắk,Phường Sông Cầu,Phường,22051
Xã Xuân Thịnh,Thị xã Sông Cầu,Tỉnh Phú Yên,Tỉnh Đắk Lắk,Phường Sông Cầu,Phường,22051
Xã Xuân Thọ 1,Thị xã Sông Cầu,Tỉnh Phú Yên,Tỉnh Đắk Lắk,Xã Xuân Thọ,Xã,22075
Xã Xuân Thọ 2,Thị xã Sông Cầu,Tỉnh Phú Yên,Tỉnh Đắk Lắk,Xã Xuân Thọ,Xã,22075
Phường Hòa Hiệp Bắc,Thị xã Đông Hòa,Tỉnh Phú Yên,Tỉnh Đắk Lắk,Phường Hòa Hiệp,Phường,22261
Phường Hòa Hiệp Bắc,Thị xã Đông Hòa,Tỉnh Phú Yên,Tỉnh Đắk Lắk,Phường Phú Yên,Phường,22240
Phường Hòa Hiệp Nam,Thị xã Đông Hòa,Tỉnh Phú Yên,Tỉnh Đắk Lắk,Phường Hòa Hiệp,Phường,22261
Phường Hòa Hiệp Trung,Thị xã Đông Hòa,Tỉnh Phú Yên,Tỉnh Đắk Lắk,Phường Hòa Hiệp,Phường,22261
Phường Hòa Vinh,Thị xã Đông Hòa,Tỉnh Phú Yên,Tỉnh Đắk Lắk,Phường Đông Hòa,Phường,22258
Phường Hòa Xuân Tây,Thị xã Đông Hòa,Tỉnh Phú Yên,Tỉnh Đắk Lắk,Phường Đông Hòa,Phường,22258
Xã Hòa Thành,Thị xã Đông Hòa,Tỉnh Phú Yên,Tỉnh Đắk Lắk,Phường Phú Yên,Phường,22240
Xã Hòa Tâm,Thị xã Đông Hòa,Tỉnh Phú Yên,Tỉnh Đắk Lắk,Xã Hòa Xuân,Xã,22291
Xã Hòa Tân Đông,Thị xã Đông Hòa,Tỉnh Phú Yên,Tỉnh Đắk Lắk,Phường Đông Hòa,Phường,22258
Xã Hòa Xuân Nam,Thị xã Đông Hòa,Tỉnh Phú Yên,Tỉnh Đắk Lắk,Xã Hòa Xuân,Xã,22291
Xã Hòa Xuân Đông,Thị xã Đông Hòa,Tỉnh Phú Yên,Tỉnh Đắk Lắk,Xã Hòa Xuân,Xã,22291
Xã Cuôr KNia,Huyện Buôn Đôn,Tỉnh Đắk Lắk,Tỉnh Đắk Lắk,Xã Ea Nuôl,Xã,24250
Xã Ea Bar,Huyện Buôn Đôn,Tỉnh Đắk Lắk,Tỉnh Đắk Lắk,Xã Ea Nuôl,Xã,24250
Xã Ea Huar,Huyện Buôn Đôn,Tỉnh Đắk Lắk,Tỉnh Đắk Lắk,Xã Ea Wer,Xã,24241
Xã Ea Nuôl,Huyện Buôn Đôn,Tỉnh Đắk Lắk,Tỉnh Đắk Lắk,Xã Ea Nuôl,Xã,24250
Xã Ea Wer,Huyện Buôn Đôn,Tỉnh Đắk Lắk,Tỉnh Đắk Lắk,Xã Ea Wer,Xã,24241
Xã Krông Na,Huyện Buôn Đôn,Tỉnh Đắk Lắk,Tỉnh Đắk Lắk,Xã Buôn Đôn,Xã,24235
Xã Tân Hòa,Huyện Buôn Đôn,Tỉnh Đắk Lắk,Tỉnh Đắk Lắk,Xã Ea Wer,Xã,24241
Xã Cư Êwi,Huyện Cư Kuin,Tỉnh Đắk Lắk,Tỉnh Đắk Lắk,Xã Ea Ning,Xã,24540
Xã Dray Bhăng,Huyện Cư Kuin,Tỉnh Đắk Lắk,Tỉnh Đắk Lắk,Xã Dray Bhăng,Xã,24561
Xã Ea BHốk,Huyện Cư Kuin,Tỉnh Đắk Lắk,Tỉnh Đắk Lắk,Xã Dray Bhăng,Xã,24561
Xã Ea BHốk,Huyện Cư Kuin,Tỉnh Đắk Lắk,Tỉnh Đắk Lắk,Xã Ea Ktur,Xã,24544
Xã Ea Hu,Huyện Cư Kuin,Tỉnh Đắk Lắk,Tỉnh Đắk Lắk,Xã Ea Ning,Xã,24540
Xã Ea Ktur,Huyện Cư Kuin,Tỉnh Đắk Lắk,Tỉnh Đắk Lắk,Xã Ea Ktur,Xã,24544
Xã Ea Ning,Huyện Cư Kuin,Tỉnh Đắk Lắk,Tỉnh Đắk Lắk,Xã Ea Ning,Xã,24540
Xã Ea Tiêu,Huyện Cư Kuin,Tỉnh Đắk Lắk,Tỉnh Đắk Lắk,Xã Ea Ktur,Xã,24544
Xã Hòa Hiệp,Huyện Cư Kuin,Tỉnh Đắk Lắk,Tỉnh Đắk Lắk,Xã Dray Bhăng,Xã,24561
Thị trấn Ea Pốk,Huyện Cư M'gar,Tỉnh Đắk Lắk,Tỉnh Đắk Lắk,Xã Quảng Phú,Xã,24259
Thị trấn Quảng Phú,Huyện Cư M'gar,Tỉnh Đắk Lắk,Tỉnh Đắk Lắk,Xã Quảng Phú,Xã,24259
Xã Cuôr Đăng,Huyện Cư M'gar,Tỉnh Đắk Lắk,Tỉnh Đắk Lắk,Xã Cuôr Đăng,Xã,24301
Xã Cư Dliê M'nông,Huyện Cư M'gar,Tỉnh Đắk Lắk,Tỉnh Đắk Lắk,Xã Ea Tul,Xã,24277
Xã Cư M'gar,Huyện Cư M'gar,Tỉnh Đắk Lắk,Tỉnh Đắk Lắk,Xã Cư M'gar,Xã,24280
Xã Cư Suê,Huyện Cư M'gar,Tỉnh Đắk Lắk,Tỉnh Đắk Lắk,Xã Quảng Phú,Xã,24259
Xã Ea Drơng,Huyện Cư M'gar,Tỉnh Đắk Lắk,Tỉnh Đắk Lắk,Xã Cuôr Đăng,Xã,24301
Xã Ea H'đing,Huyện Cư M'gar,Tỉnh Đắk Lắk,Tỉnh Đắk Lắk,Xã Cư M'gar,Xã,24280
Xã Ea KPam,Huyện Cư M'gar,Tỉnh Đắk Lắk,Tỉnh Đắk Lắk,Xã Cư M'gar,Xã,24280
Xã Ea Kiết,Huyện Cư M'gar,Tỉnh Đắk Lắk,Tỉnh Đắk Lắk,Xã Ea Kiết,Xã,24265
Xã Ea Kuêh,Huyện Cư M'gar,Tỉnh Đắk Lắk,Tỉnh Đắk Lắk,Xã Ea Kiết,Xã,24265
Xã Ea M'Droh,Huyện Cư M'gar,Tỉnh Đắk Lắk,Tỉnh Đắk Lắk,Xã Ea M'Droh,Xã,24286
Xã Ea M'nang,Huyện Cư M'gar,Tỉnh Đắk Lắk,Tỉnh Đắk Lắk,Xã Ea M'Droh,Xã,24286
Xã Ea Tar,Huyện Cư M'gar,Tỉnh Đắk Lắk,Tỉnh Đắk Lắk,Xã Ea Tul,Xã,24277
Xã Ea Tul,Huyện Cư M'gar,Tỉnh Đắk Lắk,Tỉnh Đắk Lắk,Xã Ea Tul,Xã,24277
Xã Quảng Hiệp,Huyện Cư M'gar,Tỉnh Đắk Lắk,Tỉnh Đắk Lắk,Xã Ea M'Droh,Xã,24286
Xã Quảng Tiến,Huyện Cư M'gar,Tỉnh Đắk Lắk,Tỉnh Đắk Lắk,Xã Quảng Phú,Xã,24259
Thị trấn Ea Drăng,Huyện Ea H'leo,Tỉnh Đắk Lắk,Tỉnh Đắk Lắk,Xã Ea Drăng,Xã,24181
Xã Cư A Mung,Huyện Ea H'leo,Tỉnh Đắk Lắk,Tỉnh Đắk Lắk,Xã Ea Wy,Xã,24193
Xã Cư Mốt,Huyện Ea H'leo,Tỉnh Đắk Lắk,Tỉnh Đắk Lắk,Xã Ea Wy,Xã,24193
Xã Dliê Yang,Huyện Ea H'leo,Tỉnh Đắk Lắk,Tỉnh Đắk Lắk,Xã Ea Drăng,Xã,24181
Xã Ea H'leo,Huyện Ea H'leo,Tỉnh Đắk Lắk,Tỉnh Đắk Lắk,Xã Ea H'Leo,Xã,24184
Xã Ea Hiao,Huyện Ea H'leo,Tỉnh Đắk Lắk,Tỉnh Đắk Lắk,Xã Ea Hiao,Xã,24187
Xã Ea Khal,Huyện Ea H'leo,Tỉnh Đắk Lắk,Tỉnh Đắk Lắk,Xã Ea Khăl,Xã,24208
Xã Ea Nam,Huyện Ea H'leo,Tỉnh Đắk Lắk,Tỉnh Đắk Lắk,Xã Ea Khăl,Xã,24208
Xã Ea Ral,Huyện Ea H'leo,Tỉnh Đắk Lắk,Tỉnh Đắk Lắk,Xã Ea Drăng,Xã,24181
Xã Ea Sol,Huyện Ea H'leo,Tỉnh Đắk Lắk,Tỉnh Đắk Lắk,Xã Ea Hiao,Xã,24187
Xã Ea Tir,Huyện Ea H'leo,Tỉnh Đắk Lắk,Tỉnh Đắk Lắk,Xã Ea Khăl,Xã,24208
Xã Ea Wy,Huyện Ea H'leo,Tỉnh Đắk Lắk,Tỉnh Đắk Lắk,Xã Ea Wy,Xã,24193
Thị trấn Ea Kar,Huyện Ea Kar,Tỉnh Đắk Lắk,Tỉnh Đắk Lắk,Xã Ea Kar,Xã,24373
Thị trấn Ea Knốp,Huyện Ea Kar,Tỉnh Đắk Lắk,Tỉnh Đắk Lắk,Xã Ea Knốp,Xã,24376
Xã Cư Bông,Huyện Ea Kar,Tỉnh Đắk Lắk,Tỉnh Đắk Lắk,Xã Cư Yang,Xã,24406
Xã Cư ELang,Huyện Ea Kar,Tỉnh Đắk Lắk,Tỉnh Đắk Lắk,Xã Ea Ô,Xã,24403
Xã Cư Huê,Huyện Ea Kar,Tỉnh Đắk Lắk,Tỉnh Đắk Lắk,Xã Ea Kar,Xã,24373
Xã Cư Ni,Huyện Ea Kar,Tỉnh Đắk Lắk,Tỉnh Đắk Lắk,Xã Ea Kar,Xã,24373
Xã Cư Prông,Huyện Ea Kar,Tỉnh Đắk Lắk,Tỉnh Đắk Lắk,Xã Ea Păl,Xã,24400
Xã Cư Yang,Huyện Ea Kar,Tỉnh Đắk Lắk,Tỉnh Đắk Lắk,Xã Cư Yang,Xã,24406
Xã Ea Kmút,Huyện Ea Kar,Tỉnh Đắk Lắk,Tỉnh Đắk Lắk,Xã Ea Kar,Xã,24373
Xã Ea Păl,Huyện Ea Kar,Tỉnh Đắk Lắk,Tỉnh Đắk Lắk,Xã Ea Păl,Xã,24400
Xã Ea Sar,Huyện Ea Kar,Tỉnh Đắk Lắk,Tỉnh Đắk Lắk,Xã Ea Knốp,Xã,24376
Xã Ea Sô,Huyện Ea Kar,Tỉnh Đắk Lắk,Tỉnh Đắk Lắk,Xã Ea Knốp,Xã,24376
Xã Ea Tih,Huyện Ea Kar,Tỉnh Đắk Lắk,Tỉnh Đắk Lắk,Xã Ea Knốp,Xã,24376
Xã Ea Ô,Huyện Ea Kar,Tỉnh Đắk Lắk,Tỉnh Đắk Lắk,Xã Ea Ô,Xã,24403
Xã Ea Đar,Huyện Ea Kar,Tỉnh Đắk Lắk,Tỉnh Đắk Lắk,Xã Ea Kar,Xã,24373
Xã Xuân Phú,Huyện Ea Kar,Tỉnh Đắk Lắk,Tỉnh Đắk Lắk,Xã Ea Kar,Xã,24373
Thị trấn Ea Súp,Huyện Ea Súp,Tỉnh Đắk Lắk,Tỉnh Đắk Lắk,Xã Ea Súp,Xã,24211
Xã Cư KBang,Huyện Ea Súp,Tỉnh Đắk Lắk,Tỉnh Đắk Lắk,Xã Ea Rốk,Xã,24217
Xã Cư M'Lan,Huyện Ea Súp,Tỉnh Đắk Lắk,Tỉnh Đắk Lắk,Xã Ea Súp,Xã,24211
Xã Ea Bung,Huyện Ea Súp,Tỉnh Đắk Lắk,Tỉnh Đắk Lắk,Xã Ea Bung,Xã,24229
Xã Ea Lê,Huyện Ea Súp,Tỉnh Đắk Lắk,Tỉnh Đắk Lắk,Xã Ea Súp,Xã,24211
Xã Ea Rốk,Huyện Ea Súp,Tỉnh Đắk Lắk,Tỉnh Đắk Lắk,Xã Ea Rốk,Xã,24217
Xã Ia JLơi,Huyện Ea Súp,Tỉnh Đắk Lắk,Tỉnh Đắk Lắk,Xã Ea Rốk,Xã,24217
Xã Ia Lốp,Huyện Ea Súp,Tỉnh Đắk Lắk,Tỉnh Đắk Lắk,Xã Ia Lốp,Xã,24214
Xã Ia RVê,Huyện Ea Súp,Tỉnh Đắk Lắk,Tỉnh Đắk Lắk,Xã Ia Rvê,Xã,24221
Xã Ya Tờ Mốt,Huyện Ea Súp,Tỉnh Đắk Lắk,Tỉnh Đắk Lắk,Xã Ea Bung,Xã,24229
Thị trấn Buôn Trấp,Huyện Krông A Na,Tỉnh Đắk Lắk,Tỉnh Đắk Lắk,Xã Krông Ana,Xã,24538
Xã Bình Hòa,Huyện Krông A Na,Tỉnh Đắk Lắk,Tỉnh Đắk Lắk,Xã Krông Ana,Xã,24538
Xã Băng A Drênh,Huyện Krông A Na,Tỉnh Đắk Lắk,Tỉnh Đắk Lắk,Xã Dur Kmăl,Xã,24568
Xã Dray Sáp,Huyện Krông A Na,Tỉnh Đắk Lắk,Tỉnh Đắk Lắk,Xã Ea Na,Xã,24559
Xã Dur KMăl,Huyện Krông A Na,Tỉnh Đắk Lắk,Tỉnh Đắk Lắk,Xã Dur Kmăl,Xã,24568
Xã Ea Bông,Huyện Krông A Na,Tỉnh Đắk Lắk,Tỉnh Đắk Lắk,Xã Ea Na,Xã,24559
Xã Ea Na,Huyện Krông A Na,Tỉnh Đắk Lắk,Tỉnh Đắk Lắk,Xã Ea Na,Xã,24559
Xã Quảng Điền,Huyện Krông A Na,Tỉnh Đắk Lắk,Tỉnh Đắk Lắk,Xã Krông Ana,Xã,24538
Thị trấn Krông Kmar,Huyện Krông Bông,Tỉnh Đắk Lắk,Tỉnh Đắk Lắk,Xã Krông Bông,Xã,24448
Xã Cư Drăm,Huyện Krông Bông,Tỉnh Đắk Lắk,Tỉnh Đắk Lắk,Xã Yang Mao,Xã,24484
Xã Cư KTy,Huyện Krông Bông,Tỉnh Đắk Lắk,Tỉnh Đắk Lắk,Xã Dang Kang,Xã,24454
Xã Cư Pui,Huyện Krông Bông,Tỉnh Đắk Lắk,Tỉnh Đắk Lắk,Xã Cư Pui,Xã,24478
Xã Dang Kang,Huyện Krông Bông,Tỉnh Đắk Lắk,Tỉnh Đắk Lắk,Xã Dang Kang,Xã,24454
Xã Ea Trul,Huyện Krông Bông,Tỉnh Đắk Lắk,Tỉnh Đắk Lắk,Xã Hòa Sơn,Xã,24472
Xã Hòa Lễ,Huyện Krông Bông,Tỉnh Đắk Lắk,Tỉnh Đắk Lắk,Xã Krông Bông,Xã,24448
Xã Hòa Phong,Huyện Krông Bông,Tỉnh Đắk Lắk,Tỉnh Đắk Lắk,Xã Cư Pui,Xã,24478
Xã Hòa Sơn,Huyện Krông Bông,Tỉnh Đắk Lắk,Tỉnh Đắk Lắk,Xã Hòa Sơn,Xã,24472
Xã Hòa Thành,Huyện Krông Bông,Tỉnh Đắk Lắk,Tỉnh Đắk Lắk,Xã Dang Kang,Xã,24454
Xã Khuê Ngọc Điền,Huyện Krông Bông,Tỉnh Đắk Lắk,Tỉnh Đắk Lắk,Xã Krông Bông,Xã,24448
Xã Yang Mao,Huyện Krông Bông,Tỉnh Đắk Lắk,Tỉnh Đắk Lắk,Xã Yang Mao,Xã,24484
Xã Yang Reh,Huyện Krông Bông,Tỉnh Đắk Lắk,Tỉnh Đắk Lắk,Xã Hòa Sơn,Xã,24472
Thị trấn Pơng Drang,Huyện Krông Búk,Tỉnh Đắk Lắk,Tỉnh Đắk Lắk,Xã Pơng Drang,Xã,24316
Xã Chứ Kbô,Huyện Krông Búk,Tỉnh Đắk Lắk,Tỉnh Đắk Lắk,Xã Krông Búk,Xã,24310
Xã Cư Né,Huyện Krông Búk,Tỉnh Đắk Lắk,Tỉnh Đắk Lắk,Xã Krông Búk,Xã,24310
Xã Cư Pơng,Huyện Krông Búk,Tỉnh Đắk Lắk,Tỉnh Đắk Lắk,Xã Cư Pơng,Xã,24313
Xã Ea Ngai,Huyện Krông Búk,Tỉnh Đắk Lắk,Tỉnh Đắk Lắk,Xã Pơng Drang,Xã,24316
Xã Ea Sin,Huyện Krông Búk,Tỉnh Đắk Lắk,Tỉnh Đắk Lắk,Xã Cư Pơng,Xã,24313
Xã Tân Lập,Huyện Krông Búk,Tỉnh Đắk Lắk,Tỉnh Đắk Lắk,Xã Pơng Drang,Xã,24316
Thị trấn Krông Năng,Huyện Krông Năng,Tỉnh Đắk Lắk,Tỉnh Đắk Lắk,Xã Krông Năng,Xã,24343
Xã Cư Klông,Huyện Krông Năng,Tỉnh Đắk Lắk,Tỉnh Đắk Lắk,Xã Tam Giang,Xã,24352
Xã Dliê Ya,Huyện Krông Năng,Tỉnh Đắk Lắk,Tỉnh Đắk Lắk,Xã Dliê Ya,Xã,24346
Xã Ea Dăh,Huyện Krông Năng,Tỉnh Đắk Lắk,Tỉnh Đắk Lắk,Xã Phú Xuân,Xã,24364
Xã Ea Hồ,Huyện Krông Năng,Tỉnh Đắk Lắk,Tỉnh Đắk Lắk,Xã Krông Năng,Xã,24343
Xã Ea Púk,Huyện Krông Năng,Tỉnh Đắk Lắk,Tỉnh Đắk Lắk,Xã Phú Xuân,Xã,24364
Xã Ea Tam,Huyện Krông Năng,Tỉnh Đắk Lắk,Tỉnh Đắk Lắk,Xã Tam Giang,Xã,24352
Xã Ea Tân,Huyện Krông Năng,Tỉnh Đắk Lắk,Tỉnh Đắk Lắk,Xã Dliê Ya,Xã,24346
Xã Ea Tóh,Huyện Krông Năng,Tỉnh Đắk Lắk,Tỉnh Đắk Lắk,Xã Dliê Ya,Xã,24346
Xã Phú Lộc,Huyện Krông Năng,Tỉnh Đắk Lắk,Tỉnh Đắk Lắk,Xã Krông Năng,Xã,24343
Xã Phú Xuân,Huyện Krông Năng,Tỉnh Đắk Lắk,Tỉnh Đắk Lắk,Xã Phú Xuân,Xã,24364
Xã Tam Giang,Huyện Krông Năng,Tỉnh Đắk Lắk,Tỉnh Đắk Lắk,Xã Tam Giang,Xã,24352
Thị trấn Phước An,Huyện Krông Pắc,Tỉnh Đắk Lắk,Tỉnh Đắk Lắk,Xã Krông Pắc,Xã,24490
Xã Ea Hiu,Huyện Krông Pắc,Tỉnh Đắk Lắk,Tỉnh Đắk Lắk,Xã Ea Phê,Xã,24502
Xã Ea Kly,Huyện Krông Pắc,Tỉnh Đắk Lắk,Tỉnh Đắk Lắk,Xã Ea Kly,Xã,24496
Xã Ea Knuếc,Huyện Krông Pắc,Tỉnh Đắk Lắk,Tỉnh Đắk Lắk,Xã Ea Knuếc,Xã,24505
Xã Ea Kuăng,Huyện Krông Pắc,Tỉnh Đắk Lắk,Tỉnh Đắk Lắk,Xã Ea Phê,Xã,24502
Xã Ea Kênh,Huyện Krông Pắc,Tỉnh Đắk Lắk,Tỉnh Đắk Lắk,Xã Ea Knuếc,Xã,24505
Xã Ea Phê,Huyện Krông Pắc,Tỉnh Đắk Lắk,Tỉnh Đắk Lắk,Xã Ea Phê,Xã,24502
Xã Ea Uy,Huyện Krông Pắc,Tỉnh Đắk Lắk,Tỉnh Đắk Lắk,Xã Tân Tiến,Xã,24526
Xã Ea Yiêng,Huyện Krông Pắc,Tỉnh Đắk Lắk,Tỉnh Đắk Lắk,Xã Tân Tiến,Xã,24526
Xã Ea Yông,Huyện Krông Pắc,Tỉnh Đắk Lắk,Tỉnh Đắk Lắk,Xã Krông Pắc,Xã,24490
Xã Hòa An,Huyện Krông Pắc,Tỉnh Đắk Lắk,Tỉnh Đắk Lắk,Xã Krông Pắc,Xã,24490
Xã Hòa Tiến,Huyện Krông Pắc,Tỉnh Đắk Lắk,Tỉnh Đắk Lắk,Xã Krông Pắc,Xã,24490
Xã Hòa Đông,Huyện Krông Pắc,Tỉnh Đắk Lắk,Tỉnh Đắk Lắk,Xã Ea Knuếc,Xã,24505
Xã KRông Búk,Huyện Krông Pắc,Tỉnh Đắk Lắk,Tỉnh Đắk Lắk,Xã Ea Kly,Xã,24496
Xã Tân Tiến,Huyện Krông Pắc,Tỉnh Đắk Lắk,Tỉnh Đắk Lắk,Xã Tân Tiến,Xã,24526
Xã Vụ Bổn,Huyện Krông Pắc,Tỉnh Đắk Lắk,Tỉnh Đắk Lắk,Xã Vụ Bổn,Xã,24529
Thị trấn Liên Sơn,Huyện Lắk,Tỉnh Đắk Lắk,Tỉnh Đắk Lắk,Xã Liên Sơn Lắk,Xã,24580
Xã Buôn Triết,Huyện Lắk,Tỉnh Đắk Lắk,Tỉnh Đắk Lắk,Xã Đắk Liêng,Xã,24595
Xã Buôn Tría,Huyện Lắk,Tỉnh Đắk Lắk,Tỉnh Đắk Lắk,Xã Đắk Liêng,Xã,24595
Xã Bông Krang,Huyện Lắk,Tỉnh Đắk Lắk,Tỉnh Đắk Lắk,Xã Liên Sơn Lắk,Xã,24580
Xã Ea Rbin,Huyện Lắk,Tỉnh Đắk Lắk,Tỉnh Đắk Lắk,Xã Nam Ka,Xã,24607
Xã Krông Nô,Huyện Lắk,Tỉnh Đắk Lắk,Tỉnh Đắk Lắk,Xã Krông Nô,Xã,24604
Xã Nam Ka,Huyện Lắk,Tỉnh Đắk Lắk,Tỉnh Đắk Lắk,Xã Nam Ka,Xã,24607
Xã Yang Tao,Huyện Lắk,Tỉnh Đắk Lắk,Tỉnh Đắk Lắk,Xã Liên Sơn Lắk,Xã,24580
Xã Đắk Liêng,Huyện Lắk,Tỉnh Đắk Lắk,Tỉnh Đắk Lắk,Xã Đắk Liêng,Xã,24595
Xã Đắk Nuê,Huyện Lắk,Tỉnh Đắk Lắk,Tỉnh Đắk Lắk,Xã Đắk Phơi,Xã,24598
Xã Đắk Phơi,Huyện Lắk,Tỉnh Đắk Lắk,Tỉnh Đắk Lắk,Xã Đắk Phơi,Xã,24598
Thị trấn M'Drắk,Huyện M'Đrắk,Tỉnh Đắk Lắk,Tỉnh Đắk Lắk,Xã M'Drắk,Xã,24412
Xã Cư Króa,Huyện M'Đrắk,Tỉnh Đắk Lắk,Tỉnh Đắk Lắk,Xã Cư M'ta,Xã,24436
Xã Cư M'ta,Huyện M'Đrắk,Tỉnh Đắk Lắk,Tỉnh Đắk Lắk,Xã Cư M'ta,Xã,24436
Xã Cư Prao,Huyện M'Đrắk,Tỉnh Đắk Lắk,Tỉnh Đắk Lắk,Xã Cư Prao,Xã,24415
Xã Cư San,Huyện M'Đrắk,Tỉnh Đắk Lắk,Tỉnh Đắk Lắk,Xã Krông Á,Xã,24444
Xã Ea H'MLay,Huyện M'Đrắk,Tỉnh Đắk Lắk,Tỉnh Đắk Lắk,Xã Ea Riêng,Xã,24433
Xã Ea Lai,Huyện M'Đrắk,Tỉnh Đắk Lắk,Tỉnh Đắk Lắk,Xã M'Drắk,Xã,24412
Xã Ea M'Doal,Huyện M'Đrắk,Tỉnh Đắk Lắk,Tỉnh Đắk Lắk,Xã Ea Riêng,Xã,24433
Xã Ea Pil,Huyện M'Đrắk,Tỉnh Đắk Lắk,Tỉnh Đắk Lắk,Xã Cư Prao,Xã,24415
Xã Ea Riêng,Huyện M'Đrắk,Tỉnh Đắk Lắk,Tỉnh Đắk Lắk,Xã Ea Riêng,Xã,24433
Xã Ea Trang,Huyện M'Đrắk,Tỉnh Đắk Lắk,Tỉnh Đắk Lắk,Xã Ea Trang,Xã,24445
Xã Krông Jing,Huyện M'Đrắk,Tỉnh Đắk Lắk,Tỉnh Đắk Lắk,Xã M'Drắk,Xã,24412
Xã Krông Á,Huyện M'Đrắk,Tỉnh Đắk Lắk,Tỉnh Đắk Lắk,Xã Krông Á,Xã,24444
Phường Ea Tam,Thành phố Buôn Ma Thuột,Tỉnh Đắk Lắk,Tỉnh Đắk Lắk,Phường Ea Kao,Phường,24169
Phường Khánh Xuân,Thành phố Buôn Ma Thuột,Tỉnh Đắk Lắk,Tỉnh Đắk Lắk,Phường Thành Nhất,Phường,24154
Phường Thành Công,Thành phố Buôn Ma Thuột,Tỉnh Đắk Lắk,Tỉnh Đắk Lắk,Phường Buôn Ma Thuột,Phường,24133
Phường Thành Nhất,Thành phố Buôn Ma Thuột,Tỉnh Đắk Lắk,Tỉnh Đắk Lắk,Phường Thành Nhất,Phường,24154
Phường Tân An,Thành phố Buôn Ma Thuột,Tỉnh Đắk Lắk,Tỉnh Đắk Lắk,Phường Tân An,Phường,24163
Phường Tân Hòa,Thành phố Buôn Ma Thuột,Tỉnh Đắk Lắk,Tỉnh Đắk Lắk,Phường Tân Lập,Phường,24121
Phường Tân Lập,Thành phố Buôn Ma Thuột,Tỉnh Đắk Lắk,Tỉnh Đắk Lắk,Phường Tân Lập,Phường,24121
Phường Tân Lợi,Thành phố Buôn Ma Thuột,Tỉnh Đắk Lắk,Tỉnh Đắk Lắk,Phường Buôn Ma Thuột,Phường,24133
Phường Tân Thành,Thành phố Buôn Ma Thuột,Tỉnh Đắk Lắk,Tỉnh Đắk Lắk,Phường Buôn Ma Thuột,Phường,24133
Phường Tân Tiến,Thành phố Buôn Ma Thuột,Tỉnh Đắk Lắk,Tỉnh Đắk Lắk,Phường Buôn Ma Thuột,Phường,24133
Phường Tự An,Thành phố Buôn Ma Thuột,Tỉnh Đắk Lắk,Tỉnh Đắk Lắk,Phường Buôn Ma Thuột,Phường,24133
Xã Cư ÊBur,Thành phố Buôn Ma Thuột,Tỉnh Đắk Lắk,Tỉnh Đắk Lắk,Phường Buôn Ma Thuột,Phường,24133
Xã Ea Kao,Thành phố Buôn Ma Thuột,Tỉnh Đắk Lắk,Tỉnh Đắk Lắk,Phường Ea Kao,Phường,24169
Xã Ea Tu,Thành phố Buôn Ma Thuột,Tỉnh Đắk Lắk,Tỉnh Đắk Lắk,Phường Tân An,Phường,24163
Xã Hòa Khánh,Thành phố Buôn Ma Thuột,Tỉnh Đắk Lắk,Tỉnh Đắk Lắk,Xã Hòa Phú,Xã,24175
Xã Hòa Phú,Thành phố Buôn Ma Thuột,Tỉnh Đắk Lắk,Tỉnh Đắk Lắk,Xã Hòa Phú,Xã,24175
Xã Hòa Thuận,Thành phố Buôn Ma Thuột,Tỉnh Đắk Lắk,Tỉnh Đắk Lắk,Phường Tân An,Phường,24163
Xã Hòa Thắng,Thành phố Buôn Ma Thuột,Tỉnh Đắk Lắk,Tỉnh Đắk Lắk,Phường Tân Lập,Phường,24121
Xã Hòa Xuân,Thành phố Buôn Ma Thuột,Tỉnh Đắk Lắk,Tỉnh Đắk Lắk,Xã Hòa Phú,Xã,24175
Phường An Bình,Thị Xã Buôn Hồ,Tỉnh Đắk Lắk,Tỉnh Đắk Lắk,Phường Buôn Hồ,Phường,24305
Phường An Lạc,Thị Xã Buôn Hồ,Tỉnh Đắk Lắk,Tỉnh Đắk Lắk,Phường Buôn Hồ,Phường,24305
Phường Bình Tân,Thị Xã Buôn Hồ,Tỉnh Đắk Lắk,Tỉnh Đắk Lắk,Phường Cư Bao,Phường,24340
Phường Thiện An,Thị Xã Buôn Hồ,Tỉnh Đắk Lắk,Tỉnh Đắk Lắk,Phường Buôn Hồ,Phường,24305
Phường Thống Nhất,Thị Xã Buôn Hồ,Tỉnh Đắk Lắk,Tỉnh Đắk Lắk,Phường Buôn Hồ,Phường,24305
Phường Đoàn Kết,Thị Xã Buôn Hồ,Tỉnh Đắk Lắk,Tỉnh Đắk Lắk,Phường Buôn Hồ,Phường,24305
Phường Đạt Hiếu,Thị Xã Buôn Hồ,Tỉnh Đắk Lắk,Tỉnh Đắk Lắk,Phường Buôn Hồ,Phường,24305
Xã Bình Thuận,Thị Xã Buôn Hồ,Tỉnh Đắk Lắk,Tỉnh Đắk Lắk,Phường Cư Bao,Phường,24340
Xã Cư Bao,Thị Xã Buôn Hồ,Tỉnh Đắk Lắk,Tỉnh Đắk Lắk,Phường Cư Bao,Phường,24340
Xã Ea Drông,Thị Xã Buôn Hồ,Tỉnh Đắk Lắk,Tỉnh Đắk Lắk,Xã Ea Drông,Xã,24328
Xã Ea Siên,Thị Xã Buôn Hồ,Tỉnh Đắk Lắk,Tỉnh Đắk Lắk,Xã Ea Drông,Xã,24328
Xã Bình Thắng,Huyện Bù Gia Mập,Tỉnh Bình Phước,Tỉnh Đồng Nai,Xã Đa Kia,Xã,25231
Xã Bù Gia Mập,Huyện Bù Gia Mập,Tỉnh Bình Phước,Tỉnh Đồng Nai,Xã Bù Gia Mập,Xã,25222
Xã Phú Nghĩa,Huyện Bù Gia Mập,Tỉnh Bình Phước,Tỉnh Đồng Nai,Xã Phú Nghĩa,Xã,25267
Xã Phú Văn,Huyện Bù Gia Mập,Tỉnh Bình Phước,Tỉnh Đồng Nai,Xã Phú Nghĩa,Xã,25267
Xã Phước Minh,Huyện Bù Gia Mập,Tỉnh Bình Phước,Tỉnh Đồng Nai,Xã Đa Kia,Xã,25231
Xã Đa Kia,Huyện Bù Gia Mập,Tỉnh Bình Phước,Tỉnh Đồng Nai,Xã Đa Kia,Xã,25231
Xã Đak Ơ,Huyện Bù Gia Mập,Tỉnh Bình Phước,Tỉnh Đồng Nai,Xã Đăk Ơ,Xã,25225
Xã Đức Hạnh,Huyện Bù Gia Mập,Tỉnh Bình Phước,Tỉnh Đồng Nai,Xã Phú Nghĩa,Xã,25267
Thị trấn Đức Phong,Huyện Bù Đăng,Tỉnh Bình Phước,Tỉnh Đồng Nai,Xã Bù Đăng,Xã,25396
Xã Bom Bo,Huyện Bù Đăng,Tỉnh Bình Phước,Tỉnh Đồng Nai,Xã Bom Bo,Xã,25405
Xã Bình Minh,Huyện Bù Đăng,Tỉnh Bình Phước,Tỉnh Đồng Nai,Xã Bom Bo,Xã,25405
Xã Minh Hưng,Huyện Bù Đăng,Tỉnh Bình Phước,Tỉnh Đồng Nai,Xã Bù Đăng,Xã,25396
Xã Nghĩa Bình,Huyện Bù Đăng,Tỉnh Bình Phước,Tỉnh Đồng Nai,Xã Nghĩa Trung,Xã,25417
Xã Nghĩa Trung,Huyện Bù Đăng,Tỉnh Bình Phước,Tỉnh Đồng Nai,Xã Nghĩa Trung,Xã,25417
Xã Phú Sơn,Huyện Bù Đăng,Tỉnh Bình Phước,Tỉnh Đồng Nai,Xã Thọ Sơn,Xã,25402
Xã Phước Sơn,Huyện Bù Đăng,Tỉnh Bình Phước,Tỉnh Đồng Nai,Xã Phước Sơn,Xã,25420
Xã Thọ Sơn,Huyện Bù Đăng,Tỉnh Bình Phước,Tỉnh Đồng Nai,Xã Thọ Sơn,Xã,25402
Xã Thống Nhất,Huyện Bù Đăng,Tỉnh Bình Phước,Tỉnh Đồng Nai,Xã Phước Sơn,Xã,25420
Xã Đak Nhau,Huyện Bù Đăng,Tỉnh Bình Phước,Tỉnh Đồng Nai,Xã Đak Nhau,Xã,25399
Xã Đoàn Kết,Huyện Bù Đăng,Tỉnh Bình Phước,Tỉnh Đồng Nai,Xã Bù Đăng,Xã,25396
Xã Đăng Hà,Huyện Bù Đăng,Tỉnh Bình Phước,Tỉnh Đồng Nai,Xã Phước Sơn,Xã,25420
Xã Đường 10,Huyện Bù Đăng,Tỉnh Bình Phước,Tỉnh Đồng Nai,Xã Đak Nhau,Xã,25399
Xã Đồng Nai,Huyện Bù Đăng,Tỉnh Bình Phước,Tỉnh Đồng Nai,Xã Thọ Sơn,Xã,25402
Xã Đức Liễu,Huyện Bù Đăng,Tỉnh Bình Phước,Tỉnh Đồng Nai,Xã Nghĩa Trung,Xã,25417
Thị trấn Thanh Bình,Huyện Bù Đốp,Tỉnh Bình Phước,Tỉnh Đồng Nai,Xã Thiện Hưng,Xã,25308
Xã Hưng Phước,Huyện Bù Đốp,Tỉnh Bình Phước,Tỉnh Đồng Nai,Xã Hưng Phước,Xã,25309
Xã Phước Thiện,Huyện Bù Đốp,Tỉnh Bình Phước,Tỉnh Đồng Nai,Xã Hưng Phước,Xã,25309
Xã Thanh Hòa,Huyện Bù Đốp,Tỉnh Bình Phước,Tỉnh Đồng Nai,Xã Thiện Hưng,Xã,25308
Xã Thiện Hưng,Huyện Bù Đốp,Tỉnh Bình Phước,Tỉnh Đồng Nai,Xã Thiện Hưng,Xã,25308
Xã Tân Thành,Huyện Bù Đốp,Tỉnh Bình Phước,Tỉnh Đồng Nai,Xã Tân Tiến,Xã,25318
Xã Tân Tiến,Huyện Bù Đốp,Tỉnh Bình Phước,Tỉnh Đồng Nai,Xã Tân Tiến,Xã,25318
Thị trấn Tân Khai,Huyện Hớn Quản,Tỉnh Bình Phước,Tỉnh Đồng Nai,Xã Tân Khai,Xã,25357
Xã An Khương,Huyện Hớn Quản,Tỉnh Bình Phước,Tỉnh Đồng Nai,Xã Tân Hưng,Xã,25345
Xã An Phú,Huyện Hớn Quản,Tỉnh Bình Phước,Tỉnh Đồng Nai,Xã Minh Đức,Xã,25349
Xã Minh Tâm,Huyện Hớn Quản,Tỉnh Bình Phước,Tỉnh Đồng Nai,Xã Minh Đức,Xã,25349
Xã Minh Đức,Huyện Hớn Quản,Tỉnh Bình Phước,Tỉnh Đồng Nai,Xã Minh Đức,Xã,25349
Xã Phước An,Huyện Hớn Quản,Tỉnh Bình Phước,Tỉnh Đồng Nai,Xã Tân Quan,Xã,25351
Xã Thanh An,Huyện Hớn Quản,Tỉnh Bình Phước,Tỉnh Đồng Nai,Xã Tân Hưng,Xã,25345
Xã Thanh Bình,Huyện Hớn Quản,Tỉnh Bình Phước,Tỉnh Đồng Nai,Phường Bình Long,Phường,25326
Xã Tân Hiệp,Huyện Hớn Quản,Tỉnh Bình Phước,Tỉnh Đồng Nai,Xã Tân Khai,Xã,25357
Xã Tân Hưng,Huyện Hớn Quản,Tỉnh Bình Phước,Tỉnh Đồng Nai,Xã Tân Hưng,Xã,25345
Xã Tân Lợi,Huyện Hớn Quản,Tỉnh Bình Phước,Tỉnh Đồng Nai,Xã Tân Quan,Xã,25351
Xã Tân Quan,Huyện Hớn Quản,Tỉnh Bình Phước,Tỉnh Đồng Nai,Xã Tân Quan,Xã,25351
Xã Đồng Nơ,Huyện Hớn Quản,Tỉnh Bình Phước,Tỉnh Đồng Nai,Xã Tân Khai,Xã,25357
Thị trấn Lộc Ninh,Huyện Lộc Ninh,Tỉnh Bình Phước,Tỉnh Đồng Nai,Xã Lộc Ninh,Xã,25270
Xã Lộc An,Huyện Lộc Ninh,Tỉnh Bình Phước,Tỉnh Đồng Nai,Xã Tân Tiến,Xã,25318
Xã Lộc Hiệp,Huyện Lộc Ninh,Tỉnh Bình Phước,Tỉnh Đồng Nai,Xã Lộc Quang,Xã,25292
Xã Lộc Hòa,Huyện Lộc Ninh,Tỉnh Bình Phước,Tỉnh Đồng Nai,Xã Lộc Thạnh,Xã,25280
Xã Lộc Hưng,Huyện Lộc Ninh,Tỉnh Bình Phước,Tỉnh Đồng Nai,Xã Lộc Hưng,Xã,25303
Xã Lộc Khánh,Huyện Lộc Ninh,Tỉnh Bình Phước,Tỉnh Đồng Nai,Xã Lộc Hưng,Xã,25303
Xã Lộc Phú,Huyện Lộc Ninh,Tỉnh Bình Phước,Tỉnh Đồng Nai,Xã Lộc Quang,Xã,25292
Xã Lộc Quang,Huyện Lộc Ninh,Tỉnh Bình Phước,Tỉnh Đồng Nai,Xã Lộc Quang,Xã,25292
Xã Lộc Thiện,Huyện Lộc Ninh,Tỉnh Bình Phước,Tỉnh Đồng Nai,Xã Lộc Tấn,Xã,25279
Xã Lộc Thuận,Huyện Lộc Ninh,Tỉnh Bình Phước,Tỉnh Đồng Nai,Xã Lộc Ninh,Xã,25270
Xã Lộc Thành,Huyện Lộc Ninh,Tỉnh Bình Phước,Tỉnh Đồng Nai,Xã Lộc Thành,Xã,25294
Xã Lộc Thái,Huyện Lộc Ninh,Tỉnh Bình Phước,Tỉnh Đồng Nai,Xã Lộc Ninh,Xã,25270
Xã Lộc Thạnh,Huyện Lộc Ninh,Tỉnh Bình Phước,Tỉnh Đồng Nai,Xã Lộc Thạnh,Xã,25280
Xã Lộc Thịnh,Huyện Lộc Ninh,Tỉnh Bình Phước,Tỉnh Đồng Nai,Xã Lộc Thành,Xã,25294
Xã Lộc Tấn,Huyện Lộc Ninh,Tỉnh Bình Phước,Tỉnh Đồng Nai,Xã Lộc Tấn,Xã,25279
Xã Lộc Điền,Huyện Lộc Ninh,Tỉnh Bình Phước,Tỉnh Đồng Nai,Xã Lộc Hưng,Xã,25303
Xã Bình Sơn,Huyện Phú Riềng,Tỉnh Bình Phước,Tỉnh Đồng Nai,Phường Phước Bình,Phường,25220
Xã Bình Tân,Huyện Phú Riềng,Tỉnh Bình Phước,Tỉnh Đồng Nai,Xã Bình Tân,Xã,25246
Xã Bù Nho,Huyện Phú Riềng,Tỉnh Bình Phước,Tỉnh Đồng Nai,Xã Phú Riềng,Xã,25252
Xã Long Bình,Huyện Phú Riềng,Tỉnh Bình Phước,Tỉnh Đồng Nai,Xã Bình Tân,Xã,25246
Xã Long Hà,Huyện Phú Riềng,Tỉnh Bình Phước,Tỉnh Đồng Nai,Xã Long Hà,Xã,25255
Xã Long Hưng,Huyện Phú Riềng,Tỉnh Bình Phước,Tỉnh Đồng Nai,Xã Bình Tân,Xã,25246
Xã Long Tân,Huyện Phú Riềng,Tỉnh Bình Phước,Tỉnh Đồng Nai,Xã Long Hà,Xã,25255
Xã Phú Riềng,Huyện Phú Riềng,Tỉnh Bình Phước,Tỉnh Đồng Nai,Xã Phú Riềng,Xã,25252
Xã Phú Trung,Huyện Phú Riềng,Tỉnh Bình Phước,Tỉnh Đồng Nai,Xã Phú Trung,Xã,25261
Xã Phước Tân,Huyện Phú Riềng,Tỉnh Bình Phước,Tỉnh Đồng Nai,Xã Phú Trung,Xã,25261
Thị trấn Tân Phú,Huyện Đồng Phú,Tỉnh Bình Phước,Tỉnh Đồng Nai,Xã Đồng Phú,Xã,25363
Xã Thuận Lợi,Huyện Đồng Phú,Tỉnh Bình Phước,Tỉnh Đồng Nai,Xã Thuận Lợi,Xã,25387
Xã Thuận Phú,Huyện Đồng Phú,Tỉnh Bình Phước,Tỉnh Đồng Nai,Xã Thuận Lợi,Xã,25387
Xã Tân Hòa,Huyện Đồng Phú,Tỉnh Bình Phước,Tỉnh Đồng Nai,Xã Tân Lợi,Xã,25378
Xã Tân Hưng,Huyện Đồng Phú,Tỉnh Bình Phước,Tỉnh Đồng Nai,Xã Tân Lợi,Xã,25378
Xã Tân Lập,Huyện Đồng Phú,Tỉnh Bình Phước,Tỉnh Đồng Nai,Xã Đồng Phú,Xã,25363
Xã Tân Lợi,Huyện Đồng Phú,Tỉnh Bình Phước,Tỉnh Đồng Nai,Xã Tân Lợi,Xã,25378
Xã Tân Phước,Huyện Đồng Phú,Tỉnh Bình Phước,Tỉnh Đồng Nai,Xã Đồng Tâm,Xã,25390
Xã Tân Tiến,Huyện Đồng Phú,Tỉnh Bình Phước,Tỉnh Đồng Nai,Xã Đồng Phú,Xã,25363
Xã Đồng Tiến,Huyện Đồng Phú,Tỉnh Bình Phước,Tỉnh Đồng Nai,Xã Đồng Tâm,Xã,25390
Xã Đồng Tâm,Huyện Đồng Phú,Tỉnh Bình Phước,Tỉnh Đồng Nai,Xã Đồng Tâm,Xã,25390
Phường Tiến Thành,Thành phố Đồng Xoài,Tỉnh Bình Phước,Tỉnh Đồng Nai,Phường Đồng Xoài,Phường,25210
Phường Tân Bình,Thành phố Đồng Xoài,Tỉnh Bình Phước,Tỉnh Đồng Nai,Phường Bình Phước,Phường,25195
Phường Tân Phú,Thành phố Đồng Xoài,Tỉnh Bình Phước,Tỉnh Đồng Nai,Phường Bình Phước,Phường,25195
Phường Tân Thiện,Thành phố Đồng Xoài,Tỉnh Bình Phước,Tỉnh Đồng Nai,Phường Bình Phước,Phường,25195
Phường Tân Xuân,Thành phố Đồng Xoài,Tỉnh Bình Phước,Tỉnh Đồng Nai,Phường Bình Phước,Phường,25195
Phường Tân Đồng,Thành phố Đồng Xoài,Tỉnh Bình Phước,Tỉnh Đồng Nai,Phường Bình Phước,Phường,25195
Xã Tiến Hưng,Thành phố Đồng Xoài,Tỉnh Bình Phước,Tỉnh Đồng Nai,Phường Bình Phước,Phường,25195
Xã Tân Thành,Thành phố Đồng Xoài,Tỉnh Bình Phước,Tỉnh Đồng Nai,Phường Đồng Xoài,Phường,25210
Phường An Lộc,Thị xã Bình Long,Tỉnh Bình Phước,Tỉnh Đồng Nai,Phường Bình Long,Phường,25326
Phường Hưng Chiến,Thị xã Bình Long,Tỉnh Bình Phước,Tỉnh Đồng Nai,Phường Bình Long,Phường,25326
Phường Phú Thịnh,Thị xã Bình Long,Tỉnh Bình Phước,Tỉnh Đồng Nai,Phường An Lộc,Phường,25333
Phường Phú Đức,Thị xã Bình Long,Tỉnh Bình Phước,Tỉnh Đồng Nai,Phường Bình Long,Phường,25326
Xã Thanh Lương,Thị xã Bình Long,Tỉnh Bình Phước,Tỉnh Đồng Nai,Phường An Lộc,Phường,25333
Xã Thanh Phú,Thị xã Bình Long,Tỉnh Bình Phước,Tỉnh Đồng Nai,Phường An Lộc,Phường,25333
Phường Hưng Long,Thị xã Chơn Thành,Tỉnh Bình Phước,Tỉnh Đồng Nai,Phường Chơn Thành,Phường,25432
Phường Minh Hưng,Thị xã Chơn Thành,Tỉnh Bình Phước,Tỉnh Đồng Nai,Phường Minh Hưng,Phường,25441
Phường Minh Long,Thị xã Chơn Thành,Tỉnh Bình Phước,Tỉnh Đồng Nai,Phường Minh Hưng,Phường,25441
Phường Minh Thành,Thị xã Chơn Thành,Tỉnh Bình Phước,Tỉnh Đồng Nai,Phường Chơn Thành,Phường,25432
Phường Thành Tâm,Thị xã Chơn Thành,Tỉnh Bình Phước,Tỉnh Đồng Nai,Phường Chơn Thành,Phường,25432
Xã Minh Lập,Thị xã Chơn Thành,Tỉnh Bình Phước,Tỉnh Đồng Nai,Xã Nha Bích,Xã,25450
Xã Minh Thắng,Thị xã Chơn Thành,Tỉnh Bình Phước,Tỉnh Đồng Nai,Xã Nha Bích,Xã,25450
Xã Nha Bích,Thị xã Chơn Thành,Tỉnh Bình Phước,Tỉnh Đồng Nai,Xã Nha Bích,Xã,25450
Xã Quang Minh,Thị xã Chơn Thành,Tỉnh Bình Phước,Tỉnh Đồng Nai,Xã Tân Quan,Xã,25351
Phường Long Phước,Thị xã Phước Long,Tỉnh Bình Phước,Tỉnh Đồng Nai,Phường Phước Bình,Phường,25220
Phường Long Thủy,Thị xã Phước Long,Tỉnh Bình Phước,Tỉnh Đồng Nai,Phường Phước Long,Phường,25217
Phường Phước Bình,Thị xã Phước Long,Tỉnh Bình Phước,Tỉnh Đồng Nai,Phường Phước Bình,Phường,25220
Phường Sơn Giang,Thị xã Phước Long,Tỉnh Bình Phước,Tỉnh Đồng Nai,Phường Phước Long,Phường,25217
Phường Thác Mơ,Thị xã Phước Long,Tỉnh Bình Phước,Tỉnh Đồng Nai,Phường Phước Long,Phường,25217
Xã Long Giang,Thị xã Phước Long,Tỉnh Bình Phước,Tỉnh Đồng Nai,Phường Phước Bình,Phường,25220
Xã Phước Tín,Thị xã Phước Long,Tỉnh Bình Phước,Tỉnh Đồng Nai,Phường Phước Long,Phường,25217
Thị trấn Long Giao,Huyện Cẩm Mỹ,Tỉnh Đồng Nai,Tỉnh Đồng Nai,Xã Cẩm Mỹ,Xã,26341
Xã Bảo Bình,Huyện Cẩm Mỹ,Tỉnh Đồng Nai,Tỉnh Đồng Nai,Xã Cẩm Mỹ,Xã,26341
Xã Lâm San,Huyện Cẩm Mỹ,Tỉnh Đồng Nai,Tỉnh Đồng Nai,Xã Sông Ray,Xã,26362
Xã Nhân Nghĩa,Huyện Cẩm Mỹ,Tỉnh Đồng Nai,Tỉnh Đồng Nai,Xã Cẩm Mỹ,Xã,26341
Xã Sông Nhạn,Huyện Cẩm Mỹ,Tỉnh Đồng Nai,Tỉnh Đồng Nai,Xã Xuân Quế,Xã,26332
Xã Sông Ray,Huyện Cẩm Mỹ,Tỉnh Đồng Nai,Tỉnh Đồng Nai,Xã Sông Ray,Xã,26362
Xã Thừa Đức,Huyện Cẩm Mỹ,Tỉnh Đồng Nai,Tỉnh Đồng Nai,Xã Xuân Đường,Xã,26347
Xã Xuân Bảo,Huyện Cẩm Mỹ,Tỉnh Đồng Nai,Tỉnh Đồng Nai,Xã Xuân Định,Xã,26461
Xã Xuân Mỹ,Huyện Cẩm Mỹ,Tỉnh Đồng Nai,Tỉnh Đồng Nai,Xã Cẩm Mỹ,Xã,26341
Xã Xuân Quế,Huyện Cẩm Mỹ,Tỉnh Đồng Nai,Tỉnh Đồng Nai,Xã Xuân Quế,Xã,26332
Xã Xuân Tây,Huyện Cẩm Mỹ,Tỉnh Đồng Nai,Tỉnh Đồng Nai,Xã Xuân Đông,Xã,26359
Xã Xuân Đông,Huyện Cẩm Mỹ,Tỉnh Đồng Nai,Tỉnh Đồng Nai,Xã Xuân Đông,Xã,26359
Xã Xuân Đường,Huyện Cẩm Mỹ,Tỉnh Đồng Nai,Tỉnh Đồng Nai,Xã Xuân Đường,Xã,26347
Thị trấn Long Thành,Huyện Long Thành,Tỉnh Đồng Nai,Tỉnh Đồng Nai,Xã Long Thành,Xã,26368
Xã An Phước,Huyện Long Thành,Tỉnh Đồng Nai,Tỉnh Đồng Nai,Xã An Phước,Xã,26383
Xã Bàu Cạn,Huyện Long Thành,Tỉnh Đồng Nai,Tỉnh Đồng Nai,Xã Long Phước,Xã,26413
Xã Bình An,Huyện Long Thành,Tỉnh Đồng Nai,Tỉnh Đồng Nai,Xã Bình An,Xã,26389
Xã Bình Sơn,Huyện Long Thành,Tỉnh Đồng Nai,Tỉnh Đồng Nai,Xã Long Thành,Xã,26368
Xã Cẩm Đường,Huyện Long Thành,Tỉnh Đồng Nai,Tỉnh Đồng Nai,Xã Xuân Đường,Xã,26347
Xã Long An,Huyện Long Thành,Tỉnh Đồng Nai,Tỉnh Đồng Nai,Xã Long Thành,Xã,26368
Xã Long Phước,Huyện Long Thành,Tỉnh Đồng Nai,Tỉnh Đồng Nai,Xã Long Phước,Xã,26413
Xã Long Đức,Huyện Long Thành,Tỉnh Đồng Nai,Tỉnh Đồng Nai,Xã Bình An,Xã,26389
Xã Lộc An,Huyện Long Thành,Tỉnh Đồng Nai,Tỉnh Đồng Nai,Xã Long Thành,Xã,26368
Xã Phước Bình,Huyện Long Thành,Tỉnh Đồng Nai,Tỉnh Đồng Nai,Xã Phước Thái,Xã,26422
Xã Phước Thái,Huyện Long Thành,Tỉnh Đồng Nai,Tỉnh Đồng Nai,Xã Phước Thái,Xã,26422
Xã Tam An,Huyện Long Thành,Tỉnh Đồng Nai,Tỉnh Đồng Nai,Xã An Phước,Xã,26383
Xã Tân Hiệp,Huyện Long Thành,Tỉnh Đồng Nai,Tỉnh Đồng Nai,Xã Phước Thái,Xã,26422
Thị trấn Hiệp Phước,Huyện Nhơn Trạch,Tỉnh Đồng Nai,Tỉnh Đồng Nai,Xã Nhơn Trạch,Xã,26485
Xã Long Thọ,Huyện Nhơn Trạch,Tỉnh Đồng Nai,Tỉnh Đồng Nai,Xã Phước An,Xã,26503
Xã Long Tân,Huyện Nhơn Trạch,Tỉnh Đồng Nai,Tỉnh Đồng Nai,Xã Nhơn Trạch,Xã,26485
Xã Phú Hội,Huyện Nhơn Trạch,Tỉnh Đồng Nai,Tỉnh Đồng Nai,Xã Nhơn Trạch,Xã,26485
Xã Phú Hữu,Huyện Nhơn Trạch,Tỉnh Đồng Nai,Tỉnh Đồng Nai,Xã Đại Phước,Xã,26491
Xã Phú Thạnh,Huyện Nhơn Trạch,Tỉnh Đồng Nai,Tỉnh Đồng Nai,Xã Nhơn Trạch,Xã,26485
Xã Phú Đông,Huyện Nhơn Trạch,Tỉnh Đồng Nai,Tỉnh Đồng Nai,Xã Đại Phước,Xã,26491
Xã Phước An,Huyện Nhơn Trạch,Tỉnh Đồng Nai,Tỉnh Đồng Nai,Xã Phước An,Xã,26503
Xã Phước Khánh,Huyện Nhơn Trạch,Tỉnh Đồng Nai,Tỉnh Đồng Nai,Xã Đại Phước,Xã,26491
Xã Phước Thiền,Huyện Nhơn Trạch,Tỉnh Đồng Nai,Tỉnh Đồng Nai,Xã Nhơn Trạch,Xã,26485
Xã Vĩnh Thanh,Huyện Nhơn Trạch,Tỉnh Đồng Nai,Tỉnh Đồng Nai,Xã Phước An,Xã,26503
Xã Đại Phước,Huyện Nhơn Trạch,Tỉnh Đồng Nai,Tỉnh Đồng Nai,Xã Đại Phước,Xã,26491
Thị trấn Dầu Giây,Huyện Thống Nhất,Tỉnh Đồng Nai,Tỉnh Đồng Nai,Xã Dầu Giây,Xã,26326
Xã Bàu Hàm 2,Huyện Thống Nhất,Tỉnh Đồng Nai,Tỉnh Đồng Nai,Xã Dầu Giây,Xã,26326
Xã Gia Kiệm,Huyện Thống Nhất,Tỉnh Đồng Nai,Tỉnh Đồng Nai,Xã Gia Kiệm,Xã,26311
Xã Gia Tân 1,Huyện Thống Nhất,Tỉnh Đồng Nai,Tỉnh Đồng Nai,Xã Thống Nhất,Xã,26299
Xã Gia Tân 2,Huyện Thống Nhất,Tỉnh Đồng Nai,Tỉnh Đồng Nai,Xã Thống Nhất,Xã,26299
Xã Gia Tân 3,Huyện Thống Nhất,Tỉnh Đồng Nai,Tỉnh Đồng Nai,Xã Gia Kiệm,Xã,26311
Xã Hưng Lộc,Huyện Thống Nhất,Tỉnh Đồng Nai,Tỉnh Đồng Nai,Xã Dầu Giây,Xã,26326
Xã Lộ 25,Huyện Thống Nhất,Tỉnh Đồng Nai,Tỉnh Đồng Nai,Xã Dầu Giây,Xã,26326
Xã Quang Trung,Huyện Thống Nhất,Tỉnh Đồng Nai,Tỉnh Đồng Nai,Xã Gia Kiệm,Xã,26311
Xã Xuân Thiện,Huyện Thống Nhất,Tỉnh Đồng Nai,Tỉnh Đồng Nai,Phường Bình Lộc,Phường,26089
Thị trấn Trảng Bom,Huyện Trảng Bom,Tỉnh Đồng Nai,Tỉnh Đồng Nai,Xã Trảng Bom,Xã,26248
Xã An Viễn,Huyện Trảng Bom,Tỉnh Đồng Nai,Tỉnh Đồng Nai,Xã An Viễn,Xã,26296
Xã Bàu Hàm,Huyện Trảng Bom,Tỉnh Đồng Nai,Tỉnh Đồng Nai,Xã Bàu Hàm,Xã,26254
Xã Bình Minh,Huyện Trảng Bom,Tỉnh Đồng Nai,Tỉnh Đồng Nai,Xã Bình Minh,Xã,26278
Xã Bắc Sơn,Huyện Trảng Bom,Tỉnh Đồng Nai,Tỉnh Đồng Nai,Xã Bình Minh,Xã,26278
Xã Cây Gáo,Huyện Trảng Bom,Tỉnh Đồng Nai,Tỉnh Đồng Nai,Xã Bàu Hàm,Xã,26254
Xã Giang Điền,Huyện Trảng Bom,Tỉnh Đồng Nai,Tỉnh Đồng Nai,Xã Trảng Bom,Xã,26248
Xã Hưng Thịnh,Huyện Trảng Bom,Tỉnh Đồng Nai,Tỉnh Đồng Nai,Xã Hưng Thịnh,Xã,26281
Xã Hố Nai 3,Huyện Trảng Bom,Tỉnh Đồng Nai,Tỉnh Đồng Nai,Phường Hố Nai,Phường,26005
Xã Quảng Tiến,Huyện Trảng Bom,Tỉnh Đồng Nai,Tỉnh Đồng Nai,Xã Trảng Bom,Xã,26248
Xã Sông Thao,Huyện Trảng Bom,Tỉnh Đồng Nai,Tỉnh Đồng Nai,Xã Bàu Hàm,Xã,26254
Xã Sông Trầu,Huyện Trảng Bom,Tỉnh Đồng Nai,Tỉnh Đồng Nai,Xã Trảng Bom,Xã,26248
Xã Thanh Bình,Huyện Trảng Bom,Tỉnh Đồng Nai,Tỉnh Đồng Nai,Xã Bàu Hàm,Xã,26254
Xã Trung Hòa,Huyện Trảng Bom,Tỉnh Đồng Nai,Tỉnh Đồng Nai,Xã Hưng Thịnh,Xã,26281
Xã Tây Hòa,Huyện Trảng Bom,Tỉnh Đồng Nai,Tỉnh Đồng Nai,Xã Hưng Thịnh,Xã,26281
Xã Đông Hòa,Huyện Trảng Bom,Tỉnh Đồng Nai,Tỉnh Đồng Nai,Xã Hưng Thịnh,Xã,26281
Xã Đồi 61,Huyện Trảng Bom,Tỉnh Đồng Nai,Tỉnh Đồng Nai,Xã An Viễn,Xã,26296
Thị trấn Tân Phú,Huyện Tân Phú,Tỉnh Đồng Nai,Tỉnh Đồng Nai,Xã Tân Phú,Xã,26116
Xã Nam Cát Tiên,Huyện Tân Phú,Tỉnh Đồng Nai,Tỉnh Đồng Nai,Xã Nam Cát Tiên,Xã,26122
Xã Phú An,Huyện Tân Phú,Tỉnh Đồng Nai,Tỉnh Đồng Nai,Xã Nam Cát Tiên,Xã,26122
Xã Phú Bình,Huyện Tân Phú,Tỉnh Đồng Nai,Tỉnh Đồng Nai,Xã Phú Lâm,Xã,26158
Xã Phú Lâm,Huyện Tân Phú,Tỉnh Đồng Nai,Tỉnh Đồng Nai,Xã Phú Lâm,Xã,26158
Xã Phú Lập,Huyện Tân Phú,Tỉnh Đồng Nai,Tỉnh Đồng Nai,Xã Tà Lài,Xã,26134
Xã Phú Lộc,Huyện Tân Phú,Tỉnh Đồng Nai,Tỉnh Đồng Nai,Xã Tân Phú,Xã,26116
Xã Phú Sơn,Huyện Tân Phú,Tỉnh Đồng Nai,Tỉnh Đồng Nai,Xã Phú Lâm,Xã,26158
Xã Phú Thanh,Huyện Tân Phú,Tỉnh Đồng Nai,Tỉnh Đồng Nai,Xã Tân Phú,Xã,26116
Xã Phú Thịnh,Huyện Tân Phú,Tỉnh Đồng Nai,Tỉnh Đồng Nai,Xã Tà Lài,Xã,26134
Xã Phú Xuân,Huyện Tân Phú,Tỉnh Đồng Nai,Tỉnh Đồng Nai,Xã Tân Phú,Xã,26116
Xã Phú Điền,Huyện Tân Phú,Tỉnh Đồng Nai,Tỉnh Đồng Nai,Xã Phú Hòa,Xã,26221
Xã Thanh Sơn,Huyện Tân Phú,Tỉnh Đồng Nai,Tỉnh Đồng Nai,Xã Phú Lâm,Xã,26158
Xã Trà Cổ,Huyện Tân Phú,Tỉnh Đồng Nai,Tỉnh Đồng Nai,Xã Tân Phú,Xã,26116
Xã Tà Lài,Huyện Tân Phú,Tỉnh Đồng Nai,Tỉnh Đồng Nai,Xã Tà Lài,Xã,26134
Xã Đắc Lua,Huyện Tân Phú,Tỉnh Đồng Nai,Tỉnh Đồng Nai,Xã Đak Lua,Xã,26119
Thị trấn Vĩnh An,Huyện Vĩnh Cửu,Tỉnh Đồng Nai,Tỉnh Đồng Nai,Xã Trị An,Xã,26170
Xã Bình Lợi,Huyện Vĩnh Cửu,Tỉnh Đồng Nai,Tỉnh Đồng Nai,Phường Tân Triều,Phường,26188
Xã Mã Đà,Huyện Vĩnh Cửu,Tỉnh Đồng Nai,Tỉnh Đồng Nai,Xã Trị An,Xã,26170
Xã Phú Lý,Huyện Vĩnh Cửu,Tỉnh Đồng Nai,Tỉnh Đồng Nai,Xã Phú Lý,Xã,26173
Xã Thiện Tân,Huyện Vĩnh Cửu,Tỉnh Đồng Nai,Tỉnh Đồng Nai,Phường Trảng Dài,Phường,25993
Xã Thạnh Phú,Huyện Vĩnh Cửu,Tỉnh Đồng Nai,Tỉnh Đồng Nai,Phường Tân Triều,Phường,26188
Xã Trị An,Huyện Vĩnh Cửu,Tỉnh Đồng Nai,Tỉnh Đồng Nai,Xã Trị An,Xã,26170
Xã Tân An,Huyện Vĩnh Cửu,Tỉnh Đồng Nai,Tỉnh Đồng Nai,Xã Tân An,Xã,26179
Xã Tân Bình,Huyện Vĩnh Cửu,Tỉnh Đồng Nai,Tỉnh Đồng Nai,Phường Tân Triều,Phường,26188
Xã Vĩnh Tân,Huyện Vĩnh Cửu,Tỉnh Đồng Nai,Tỉnh Đồng Nai,Xã Tân An,Xã,26179
Thị trấn Gia Ray,Huyện Xuân Lộc,Tỉnh Đồng Nai,Tỉnh Đồng Nai,Xã Xuân Lộc,Xã,26425
Xã Bảo Hòa,Huyện Xuân Lộc,Tỉnh Đồng Nai,Tỉnh Đồng Nai,Xã Xuân Định,Xã,26461
Xã Lang Minh,Huyện Xuân Lộc,Tỉnh Đồng Nai,Tỉnh Đồng Nai,Xã Xuân Phú,Xã,26458
Xã Suối Cao,Huyện Xuân Lộc,Tỉnh Đồng Nai,Tỉnh Đồng Nai,Xã Xuân Thành,Xã,26434
Xã Suối Cát,Huyện Xuân Lộc,Tỉnh Đồng Nai,Tỉnh Đồng Nai,Xã Xuân Lộc,Xã,26425
Xã Xuân Bắc,Huyện Xuân Lộc,Tỉnh Đồng Nai,Tỉnh Đồng Nai,Xã Xuân Bắc,Xã,26428
Xã Xuân Hiệp,Huyện Xuân Lộc,Tỉnh Đồng Nai,Tỉnh Đồng Nai,Xã Xuân Lộc,Xã,26425
Xã Xuân Hòa,Huyện Xuân Lộc,Tỉnh Đồng Nai,Tỉnh Đồng Nai,Xã Xuân Hòa,Xã,26446
Xã Xuân Hưng,Huyện Xuân Lộc,Tỉnh Đồng Nai,Tỉnh Đồng Nai,Xã Xuân Hòa,Xã,26446
Xã Xuân Phú,Huyện Xuân Lộc,Tỉnh Đồng Nai,Tỉnh Đồng Nai,Xã Xuân Phú,Xã,26458
Xã Xuân Thành,Huyện Xuân Lộc,Tỉnh Đồng Nai,Tỉnh Đồng Nai,Xã Xuân Thành,Xã,26434
Xã Xuân Thọ,Huyện Xuân Lộc,Tỉnh Đồng Nai,Tỉnh Đồng Nai,Xã Xuân Lộc,Xã,26425
Xã Xuân Trường,Huyện Xuân Lộc,Tỉnh Đồng Nai,Tỉnh Đồng Nai,Xã Xuân Lộc,Xã,26425
Xã Xuân Tâm,Huyện Xuân Lộc,Tỉnh Đồng Nai,Tỉnh Đồng Nai,Xã Xuân Đông,Xã,26359
Xã Xuân Tâm,Huyện Xuân Lộc,Tỉnh Đồng Nai,Tỉnh Đồng Nai,Xã Xuân Hòa,Xã,26446
Xã Xuân Định,Huyện Xuân Lộc,Tỉnh Đồng Nai,Tỉnh Đồng Nai,Xã Xuân Định,Xã,26461
Thị trấn Định Quán,Huyện Định Quán,Tỉnh Đồng Nai,Tỉnh Đồng Nai,Xã Định Quán,Xã,26206
Xã Gia Canh,Huyện Định Quán,Tỉnh Đồng Nai,Tỉnh Đồng Nai,Xã Định Quán,Xã,26206
Xã La Ngà,Huyện Định Quán,Tỉnh Đồng Nai,Tỉnh Đồng Nai,Xã La Ngà,Xã,26227
Xã Ngọc Định,Huyện Định Quán,Tỉnh Đồng Nai,Tỉnh Đồng Nai,Xã Định Quán,Xã,26206
Xã Phú Cường,Huyện Định Quán,Tỉnh Đồng Nai,Tỉnh Đồng Nai,Xã Thống Nhất,Xã,26299
Xã Phú Hòa,Huyện Định Quán,Tỉnh Đồng Nai,Tỉnh Đồng Nai,Xã Phú Hòa,Xã,26221
Xã Phú Lợi,Huyện Định Quán,Tỉnh Đồng Nai,Tỉnh Đồng Nai,Xã Phú Hòa,Xã,26221
Xã Phú Ngọc,Huyện Định Quán,Tỉnh Đồng Nai,Tỉnh Đồng Nai,Xã Định Quán,Xã,26206
Xã Phú Tân,Huyện Định Quán,Tỉnh Đồng Nai,Tỉnh Đồng Nai,Xã Phú Vinh,Xã,26215
Xã Phú Túc,Huyện Định Quán,Tỉnh Đồng Nai,Tỉnh Đồng Nai,Xã Thống Nhất,Xã,26299
Xã Phú Vinh,Huyện Định Quán,Tỉnh Đồng Nai,Tỉnh Đồng Nai,Xã Phú Vinh,Xã,26215
Xã Suối Nho,Huyện Định Quán,Tỉnh Đồng Nai,Tỉnh Đồng Nai,Xã Xuân Bắc,Xã,26428
Xã Thanh Sơn,Huyện Định Quán,Tỉnh Đồng Nai,Tỉnh Đồng Nai,Xã Thanh Sơn,Xã,26209
Xã Túc Trưng,Huyện Định Quán,Tỉnh Đồng Nai,Tỉnh Đồng Nai,Xã La Ngà,Xã,26227
Phường An Bình,Thành phố Biên Hòa,Tỉnh Đồng Nai,Tỉnh Đồng Nai,Phường Trấn Biên,Phường,26041
Phường An Hòa,Thành phố Biên Hòa,Tỉnh Đồng Nai,Tỉnh Đồng Nai,Phường Long Hưng,Phường,26380
Phường Bình Đa,Thành phố Biên Hòa,Tỉnh Đồng Nai,Tỉnh Đồng Nai,Phường Tam Hiệp,Phường,26017
Phường Bửu Hòa,Thành phố Biên Hòa,Tỉnh Đồng Nai,Tỉnh Đồng Nai,Phường Biên Hòa,Phường,26068
Phường Bửu Long,Thành phố Biên Hòa,Tỉnh Đồng Nai,Tỉnh Đồng Nai,Phường Trấn Biên,Phường,26041
Phường Hiệp Hòa,Thành phố Biên Hòa,Tỉnh Đồng Nai,Tỉnh Đồng Nai,Phường Trấn Biên,Phường,26041
Phường Hóa An,Thành phố Biên Hòa,Tỉnh Đồng Nai,Tỉnh Đồng Nai,Phường Biên Hòa,Phường,26068
Phường Hố Nai,Thành phố Biên Hòa,Tỉnh Đồng Nai,Tỉnh Đồng Nai,Phường Long Bình,Phường,26020
Phường Long Bình,Thành phố Biên Hòa,Tỉnh Đồng Nai,Tỉnh Đồng Nai,Phường Long Bình,Phường,26020
Phường Long Bình Tân,Thành phố Biên Hòa,Tỉnh Đồng Nai,Tỉnh Đồng Nai,Phường Long Hưng,Phường,26380
Phường Phước Tân,Thành phố Biên Hòa,Tỉnh Đồng Nai,Tỉnh Đồng Nai,Phường Phước Tân,Phường,26377
Phường Quang Vinh,Thành phố Biên Hòa,Tỉnh Đồng Nai,Tỉnh Đồng Nai,Phường Trấn Biên,Phường,26041
Phường Tam Hiệp,Thành phố Biên Hòa,Tỉnh Đồng Nai,Tỉnh Đồng Nai,Phường Tam Hiệp,Phường,26017
Phường Tam Phước,Thành phố Biên Hòa,Tỉnh Đồng Nai,Tỉnh Đồng Nai,Phường Tam Phước,Phường,26374
Phường Thống Nhất,Thành phố Biên Hòa,Tỉnh Đồng Nai,Tỉnh Đồng Nai,Phường Trấn Biên,Phường,26041
Phường Trung Dũng,Thành phố Biên Hòa,Tỉnh Đồng Nai,Tỉnh Đồng Nai,Phường Trấn Biên,Phường,26041
Phường Trảng Dài,Thành phố Biên Hòa,Tỉnh Đồng Nai,Tỉnh Đồng Nai,Phường Trảng Dài,Phường,25993
Phường Tân Biên,Thành phố Biên Hòa,Tỉnh Đồng Nai,Tỉnh Đồng Nai,Phường Long Bình,Phường,26020
Phường Tân Hiệp,Thành phố Biên Hòa,Tỉnh Đồng Nai,Tỉnh Đồng Nai,Phường Tam Hiệp,Phường,26017
Phường Tân Hòa,Thành phố Biên Hòa,Tỉnh Đồng Nai,Tỉnh Đồng Nai,Phường Hố Nai,Phường,26005
Phường Tân Hạnh,Thành phố Biên Hòa,Tỉnh Đồng Nai,Tỉnh Đồng Nai,Phường Biên Hòa,Phường,26068
Phường Tân Mai,Thành phố Biên Hòa,Tỉnh Đồng Nai,Tỉnh Đồng Nai,Phường Tam Hiệp,Phường,26017
Phường Tân Phong,Thành phố Biên Hòa,Tỉnh Đồng Nai,Tỉnh Đồng Nai,Phường Tân Triều,Phường,26188
Phường Tân Vạn,Thành phố Biên Hòa,Tỉnh Đồng Nai,Tỉnh Đồng Nai,Phường Biên Hòa,Phường,26068
Xã Long Hưng,Thành phố Biên Hòa,Tỉnh Đồng Nai,Tỉnh Đồng Nai,Phường Long Hưng,Phường,26380
Phường Bàu Sen,Thành phố Long Khánh,Tỉnh Đồng Nai,Tỉnh Đồng Nai,Phường Xuân Lập,Phường,26104
Phường Bảo Vinh,Thành phố Long Khánh,Tỉnh Đồng Nai,Tỉnh Đồng Nai,Phường Bảo Vinh,Phường,26098
Phường Phú Bình,Thành phố Long Khánh,Tỉnh Đồng Nai,Tỉnh Đồng Nai,Phường Long Khánh,Phường,26080
Phường Suối Tre,Thành phố Long Khánh,Tỉnh Đồng Nai,Tỉnh Đồng Nai,Phường Bình Lộc,Phường,26089
Phường Xuân An,Thành phố Long Khánh,Tỉnh Đồng Nai,Tỉnh Đồng Nai,Phường Long Khánh,Phường,26080
Phường Xuân Bình,Thành phố Long Khánh,Tỉnh Đồng Nai,Tỉnh Đồng Nai,Phường Long Khánh,Phường,26080
Phường Xuân Hòa,Thành phố Long Khánh,Tỉnh Đồng Nai,Tỉnh Đồng Nai,Phường Long Khánh,Phường,26080
Phường Xuân Lập,Thành phố Long Khánh,Tỉnh Đồng Nai,Tỉnh Đồng Nai,Phường Xuân Lập,Phường,26104
Phường Xuân Tân,Thành phố Long Khánh,Tỉnh Đồng Nai,Tỉnh Đồng Nai,Phường Hàng Gòn,Phường,26113
Xã Bàu Trâm,Thành phố Long Khánh,Tỉnh Đồng Nai,Tỉnh Đồng Nai,Phường Long Khánh,Phường,26080
Xã Bình Lộc,Thành phố Long Khánh,Tỉnh Đồng Nai,Tỉnh Đồng Nai,Phường Bình Lộc,Phường,26089
Xã Bảo Quang,Thành phố Long Khánh,Tỉnh Đồng Nai,Tỉnh Đồng Nai,Phường Bảo Vinh,Phường,26098
Xã Hàng Gòn,Thành phố Long Khánh,Tỉnh Đồng Nai,Tỉnh Đồng Nai,Phường Hàng Gòn,Phường,26113
Thị trấn Bình Phú,Huyện Cai Lậy,Tỉnh Tiền Giang,Tỉnh Đồng Tháp,Xã Bình Phú,Xã,28471
Xã Cẩm Sơn,Huyện Cai Lậy,Tỉnh Tiền Giang,Tỉnh Đồng Tháp,Xã Bình Phú,Xã,28471
Xã Hiệp Đức,Huyện Cai Lậy,Tỉnh Tiền Giang,Tỉnh Đồng Tháp,Xã Hiệp Đức,Xã,28501
Xã Hội Xuân,Huyện Cai Lậy,Tỉnh Tiền Giang,Tỉnh Đồng Tháp,Xã Hiệp Đức,Xã,28501
Xã Long Tiên,Huyện Cai Lậy,Tỉnh Tiền Giang,Tỉnh Đồng Tháp,Xã Long Tiên,Xã,28504
Xã Long Trung,Huyện Cai Lậy,Tỉnh Tiền Giang,Tỉnh Đồng Tháp,Xã Long Tiên,Xã,28504
Xã Mỹ Long,Huyện Cai Lậy,Tỉnh Tiền Giang,Tỉnh Đồng Tháp,Xã Long Tiên,Xã,28504
Xã Mỹ Thành Bắc,Huyện Cai Lậy,Tỉnh Tiền Giang,Tỉnh Đồng Tháp,Xã Mỹ Thành,Xã,28456
Xã Mỹ Thành Nam,Huyện Cai Lậy,Tỉnh Tiền Giang,Tỉnh Đồng Tháp,Xã Mỹ Thành,Xã,28456
Xã Ngũ Hiệp,Huyện Cai Lậy,Tỉnh Tiền Giang,Tỉnh Đồng Tháp,Xã Ngũ Hiệp,Xã,28516
Xã Phú An,Huyện Cai Lậy,Tỉnh Tiền Giang,Tỉnh Đồng Tháp,Xã Bình Phú,Xã,28471
Xã Phú Cường,Huyện Cai Lậy,Tỉnh Tiền Giang,Tỉnh Đồng Tháp,Xã Thạnh Phú,Xã,28444
Xã Phú Nhuận,Huyện Cai Lậy,Tỉnh Tiền Giang,Tỉnh Đồng Tháp,Xã Mỹ Thành,Xã,28456
Xã Tam Bình,Huyện Cai Lậy,Tỉnh Tiền Giang,Tỉnh Đồng Tháp,Xã Ngũ Hiệp,Xã,28516
Xã Thạnh Lộc,Huyện Cai Lậy,Tỉnh Tiền Giang,Tỉnh Đồng Tháp,Xã Thạnh Phú,Xã,28444
Xã Tân Phong,Huyện Cai Lậy,Tỉnh Tiền Giang,Tỉnh Đồng Tháp,Xã Hiệp Đức,Xã,28501
Thị trấn Tân Hiệp,Huyện Châu Thành,Tỉnh Tiền Giang,Tỉnh Đồng Tháp,Xã Châu Thành,Xã,28519
Xã Bàn Long,Huyện Châu Thành,Tỉnh Tiền Giang,Tỉnh Đồng Tháp,Xã Vĩnh Kim,Xã,28576
Xã Bình Trưng,Huyện Châu Thành,Tỉnh Tiền Giang,Tỉnh Đồng Tháp,Xã Bình Trưng,Xã,28564
Xã Bình Đức,Huyện Châu Thành,Tỉnh Tiền Giang,Tỉnh Đồng Tháp,Xã Kim Sơn,Xã,28582
Xã Kim Sơn,Huyện Châu Thành,Tỉnh Tiền Giang,Tỉnh Đồng Tháp,Xã Kim Sơn,Xã,28582
Xã Long An,Huyện Châu Thành,Tỉnh Tiền Giang,Tỉnh Đồng Tháp,Xã Châu Thành,Xã,28519
Xã Long Hưng,Huyện Châu Thành,Tỉnh Tiền Giang,Tỉnh Đồng Tháp,Xã Long Hưng,Xã,28537
Xã Long Định,Huyện Châu Thành,Tỉnh Tiền Giang,Tỉnh Đồng Tháp,Xã Long Định,Xã,28543
Xã Nhị Bình,Huyện Châu Thành,Tỉnh Tiền Giang,Tỉnh Đồng Tháp,Xã Long Định,Xã,28543
Xã Phú Phong,Huyện Châu Thành,Tỉnh Tiền Giang,Tỉnh Đồng Tháp,Xã Vĩnh Kim,Xã,28576
Xã Song Thuận,Huyện Châu Thành,Tỉnh Tiền Giang,Tỉnh Đồng Tháp,Xã Kim Sơn,Xã,28582
Xã Tam Hiệp,Huyện Châu Thành,Tỉnh Tiền Giang,Tỉnh Đồng Tháp,Xã Long Hưng,Xã,28537
Xã Thân Cửu Nghĩa,Huyện Châu Thành,Tỉnh Tiền Giang,Tỉnh Đồng Tháp,Xã Châu Thành,Xã,28519
Xã Thạnh Phú,Huyện Châu Thành,Tỉnh Tiền Giang,Tỉnh Đồng Tháp,Xã Long Hưng,Xã,28537
Xã Tân Hương,Huyện Châu Thành,Tỉnh Tiền Giang,Tỉnh Đồng Tháp,Xã Tân Hương,Xã,28525
Xã Tân Hội Đông,Huyện Châu Thành,Tỉnh Tiền Giang,Tỉnh Đồng Tháp,Xã Tân Hương,Xã,28525
Xã Tân Lý Đông,Huyện Châu Thành,Tỉnh Tiền Giang,Tỉnh Đồng Tháp,Xã Tân Hương,Xã,28525
Xã Vĩnh Kim,Huyện Châu Thành,Tỉnh Tiền Giang,Tỉnh Đồng Tháp,Xã Vĩnh Kim,Xã,28576
Xã Điềm Hy,Huyện Châu Thành,Tỉnh Tiền Giang,Tỉnh Đồng Tháp,Xã Bình Trưng,Xã,28564
Xã Đông Hòa,Huyện Châu Thành,Tỉnh Tiền Giang,Tỉnh Đồng Tháp,Xã Long Định,Xã,28543
Thị trấn Chợ Gạo,Huyện Chợ Gạo,Tỉnh Tiền Giang,Tỉnh Đồng Tháp,Xã Chợ Gạo,Xã,28594
Xã An Thạnh Thủy,Huyện Chợ Gạo,Tỉnh Tiền Giang,Tỉnh Đồng Tháp,Xã An Thạnh Thủy,Xã,28633
Xã Bình Ninh,Huyện Chợ Gạo,Tỉnh Tiền Giang,Tỉnh Đồng Tháp,Xã Bình Ninh,Xã,28648
Xã Bình Phan,Huyện Chợ Gạo,Tỉnh Tiền Giang,Tỉnh Đồng Tháp,Xã An Thạnh Thủy,Xã,28633
Xã Bình Phục Nhứt,Huyện Chợ Gạo,Tỉnh Tiền Giang,Tỉnh Đồng Tháp,Xã An Thạnh Thủy,Xã,28633
Xã Hòa Tịnh,Huyện Chợ Gạo,Tỉnh Tiền Giang,Tỉnh Đồng Tháp,Xã Mỹ Tịnh An,Xã,28603
Xã Hòa Định,Huyện Chợ Gạo,Tỉnh Tiền Giang,Tỉnh Đồng Tháp,Xã Bình Ninh,Xã,28648
Xã Long Bình Điền,Huyện Chợ Gạo,Tỉnh Tiền Giang,Tỉnh Đồng Tháp,Xã Chợ Gạo,Xã,28594
Xã Lương Hòa Lạc,Huyện Chợ Gạo,Tỉnh Tiền Giang,Tỉnh Đồng Tháp,Xã Lương Hòa Lạc,Xã,28615
Xã Mỹ Tịnh An,Huyện Chợ Gạo,Tỉnh Tiền Giang,Tỉnh Đồng Tháp,Xã Mỹ Tịnh An,Xã,28603
Xã Phú Kiết,Huyện Chợ Gạo,Tỉnh Tiền Giang,Tỉnh Đồng Tháp,Xã Lương Hòa Lạc,Xã,28615
Xã Quơn Long,Huyện Chợ Gạo,Tỉnh Tiền Giang,Tỉnh Đồng Tháp,Xã Tân Thuận Bình,Xã,28627
Xã Song Bình,Huyện Chợ Gạo,Tỉnh Tiền Giang,Tỉnh Đồng Tháp,Xã Chợ Gạo,Xã,28594
Xã Thanh Bình,Huyện Chợ Gạo,Tỉnh Tiền Giang,Tỉnh Đồng Tháp,Xã Lương Hòa Lạc,Xã,28615
Xã Trung Hòa,Huyện Chợ Gạo,Tỉnh Tiền Giang,Tỉnh Đồng Tháp,Xã Mỹ Tịnh An,Xã,28603
Xã Tân Bình Thạnh,Huyện Chợ Gạo,Tỉnh Tiền Giang,Tỉnh Đồng Tháp,Xã Mỹ Tịnh An,Xã,28603
Xã Tân Thuận Bình,Huyện Chợ Gạo,Tỉnh Tiền Giang,Tỉnh Đồng Tháp,Xã Tân Thuận Bình,Xã,28627
Xã Xuân Đông,Huyện Chợ Gạo,Tỉnh Tiền Giang,Tỉnh Đồng Tháp,Xã Bình Ninh,Xã,28648
Xã Đăng Hưng Phước,Huyện Chợ Gạo,Tỉnh Tiền Giang,Tỉnh Đồng Tháp,Xã Tân Thuận Bình,Xã,28627
Thị trấn Cái Bè,Huyện Cái Bè,Tỉnh Tiền Giang,Tỉnh Đồng Tháp,Xã Cái Bè,Xã,28360
Xã An Cư,Huyện Cái Bè,Tỉnh Tiền Giang,Tỉnh Đồng Tháp,Xã Hội Cư,Xã,28393
Xã An Hữu,Huyện Cái Bè,Tỉnh Tiền Giang,Tỉnh Đồng Tháp,Xã An Hữu,Xã,28429
Xã An Thái Trung,Huyện Cái Bè,Tỉnh Tiền Giang,Tỉnh Đồng Tháp,Xã Thanh Hưng,Xã,28426
Xã An Thái Đông,Huyện Cái Bè,Tỉnh Tiền Giang,Tỉnh Đồng Tháp,Xã Mỹ Lợi,Xã,28414
Xã Hòa Hưng,Huyện Cái Bè,Tỉnh Tiền Giang,Tỉnh Đồng Tháp,Xã An Hữu,Xã,28429
Xã Hòa Khánh,Huyện Cái Bè,Tỉnh Tiền Giang,Tỉnh Đồng Tháp,Xã Cái Bè,Xã,28360
Xã Hậu Mỹ Bắc A,Huyện Cái Bè,Tỉnh Tiền Giang,Tỉnh Đồng Tháp,Xã Hậu Mỹ,Xã,28366
Xã Hậu Mỹ Bắc B,Huyện Cái Bè,Tỉnh Tiền Giang,Tỉnh Đồng Tháp,Xã Hậu Mỹ,Xã,28366
Xã Hậu Mỹ Phú,Huyện Cái Bè,Tỉnh Tiền Giang,Tỉnh Đồng Tháp,Xã Hội Cư,Xã,28393
Xã Hậu Mỹ Trinh,Huyện Cái Bè,Tỉnh Tiền Giang,Tỉnh Đồng Tháp,Xã Hậu Mỹ,Xã,28366
Xã Hậu Thành,Huyện Cái Bè,Tỉnh Tiền Giang,Tỉnh Đồng Tháp,Xã Hội Cư,Xã,28393
Xã Mỹ Hội,Huyện Cái Bè,Tỉnh Tiền Giang,Tỉnh Đồng Tháp,Xã Hội Cư,Xã,28393
Xã Mỹ Lương,Huyện Cái Bè,Tỉnh Tiền Giang,Tỉnh Đồng Tháp,Xã An Hữu,Xã,28429
Xã Mỹ Lợi A,Huyện Cái Bè,Tỉnh Tiền Giang,Tỉnh Đồng Tháp,Xã Mỹ Lợi,Xã,28414
Xã Mỹ Lợi B,Huyện Cái Bè,Tỉnh Tiền Giang,Tỉnh Đồng Tháp,Xã Mỹ Lợi,Xã,28414
Xã Mỹ Trung,Huyện Cái Bè,Tỉnh Tiền Giang,Tỉnh Đồng Tháp,Xã Mỹ Thiện,Xã,28378
Xã Mỹ Tân,Huyện Cái Bè,Tỉnh Tiền Giang,Tỉnh Đồng Tháp,Xã Mỹ Thiện,Xã,28378
Xã Mỹ Đức Tây,Huyện Cái Bè,Tỉnh Tiền Giang,Tỉnh Đồng Tháp,Xã Mỹ Đức Tây,Xã,28405
Xã Mỹ Đức Đông,Huyện Cái Bè,Tỉnh Tiền Giang,Tỉnh Đồng Tháp,Xã Mỹ Đức Tây,Xã,28405
Xã Thiện Trung,Huyện Cái Bè,Tỉnh Tiền Giang,Tỉnh Đồng Tháp,Xã Mỹ Thiện,Xã,28378
Xã Thiện Trí,Huyện Cái Bè,Tỉnh Tiền Giang,Tỉnh Đồng Tháp,Xã Mỹ Đức Tây,Xã,28405
Xã Tân Hưng,Huyện Cái Bè,Tỉnh Tiền Giang,Tỉnh Đồng Tháp,Xã Thanh Hưng,Xã,28426
Xã Tân Thanh,Huyện Cái Bè,Tỉnh Tiền Giang,Tỉnh Đồng Tháp,Xã Thanh Hưng,Xã,28426
Xã Đông Hòa Hiệp,Huyện Cái Bè,Tỉnh Tiền Giang,Tỉnh Đồng Tháp,Xã Cái Bè,Xã,28360
Thị trấn Vĩnh Bình,Huyện Gò Công Tây,Tỉnh Tiền Giang,Tỉnh Đồng Tháp,Xã Vĩnh Bình,Xã,28651
Xã Bình Nhì,Huyện Gò Công Tây,Tỉnh Tiền Giang,Tỉnh Đồng Tháp,Xã Đồng Sơn,Xã,28660
Xã Bình Phú,Huyện Gò Công Tây,Tỉnh Tiền Giang,Tỉnh Đồng Tháp,Xã Phú Thành,Xã,28663
Xã Bình Tân,Huyện Gò Công Tây,Tỉnh Tiền Giang,Tỉnh Đồng Tháp,Xã Long Bình,Xã,28687
Xã Long Bình,Huyện Gò Công Tây,Tỉnh Tiền Giang,Tỉnh Đồng Tháp,Xã Long Bình,Xã,28687
Xã Long Vĩnh,Huyện Gò Công Tây,Tỉnh Tiền Giang,Tỉnh Đồng Tháp,Xã Vĩnh Hựu,Xã,28678
Xã Thành Công,Huyện Gò Công Tây,Tỉnh Tiền Giang,Tỉnh Đồng Tháp,Xã Phú Thành,Xã,28663
Xã Thạnh Nhựt,Huyện Gò Công Tây,Tỉnh Tiền Giang,Tỉnh Đồng Tháp,Xã Vĩnh Bình,Xã,28651
Xã Thạnh Trị,Huyện Gò Công Tây,Tỉnh Tiền Giang,Tỉnh Đồng Tháp,Xã Vĩnh Bình,Xã,28651
Xã Vĩnh Hựu,Huyện Gò Công Tây,Tỉnh Tiền Giang,Tỉnh Đồng Tháp,Xã Vĩnh Hựu,Xã,28678
Xã Yên Luông,Huyện Gò Công Tây,Tỉnh Tiền Giang,Tỉnh Đồng Tháp,Xã Phú Thành,Xã,28663
Xã Đồng Sơn,Huyện Gò Công Tây,Tỉnh Tiền Giang,Tỉnh Đồng Tháp,Xã Đồng Sơn,Xã,28660
Xã Đồng Thạnh,Huyện Gò Công Tây,Tỉnh Tiền Giang,Tỉnh Đồng Tháp,Xã Đồng Sơn,Xã,28660
Thị trấn Tân Hòa,Huyện Gò Công Đông,Tỉnh Tiền Giang,Tỉnh Đồng Tháp,Xã Tân Hòa,Xã,28702
Thị trấn Vàm Láng,Huyện Gò Công Đông,Tỉnh Tiền Giang,Tỉnh Đồng Tháp,Xã Gia Thuận,Xã,28720
Xã Bình Nghị,Huyện Gò Công Đông,Tỉnh Tiền Giang,Tỉnh Đồng Tháp,Xã Tân Hòa,Xã,28702
Xã Bình Ân,Huyện Gò Công Đông,Tỉnh Tiền Giang,Tỉnh Đồng Tháp,Xã Tân Điền,Xã,28738
Xã Gia Thuận,Huyện Gò Công Đông,Tỉnh Tiền Giang,Tỉnh Đồng Tháp,Xã Gia Thuận,Xã,28720
Xã Kiểng Phước,Huyện Gò Công Đông,Tỉnh Tiền Giang,Tỉnh Đồng Tháp,Xã Gia Thuận,Xã,28720
Xã Phước Trung,Huyện Gò Công Đông,Tỉnh Tiền Giang,Tỉnh Đồng Tháp,Xã Tân Hòa,Xã,28702
Xã Tân Phước,Huyện Gò Công Đông,Tỉnh Tiền Giang,Tỉnh Đồng Tháp,Xã Tân Đông,Xã,28723
Xã Tân Thành,Huyện Gò Công Đông,Tỉnh Tiền Giang,Tỉnh Đồng Tháp,Xã Gò Công Đông,Xã,28747
Xã Tân Tây,Huyện Gò Công Đông,Tỉnh Tiền Giang,Tỉnh Đồng Tháp,Xã Tân Đông,Xã,28723
Xã Tân Điền,Huyện Gò Công Đông,Tỉnh Tiền Giang,Tỉnh Đồng Tháp,Xã Tân Điền,Xã,28738
Xã Tân Đông,Huyện Gò Công Đông,Tỉnh Tiền Giang,Tỉnh Đồng Tháp,Xã Tân Đông,Xã,28723
Xã Tăng Hòa,Huyện Gò Công Đông,Tỉnh Tiền Giang,Tỉnh Đồng Tháp,Xã Gò Công Đông,Xã,28747
Xã Phú Thạnh,Huyện Tân Phú Đông,Tỉnh Tiền Giang,Tỉnh Đồng Tháp,Xã Tân Phú Đông,Xã,28696
Xã Phú Tân,Huyện Tân Phú Đông,Tỉnh Tiền Giang,Tỉnh Đồng Tháp,Xã Tân Phú Đông,Xã,28696
Xã Phú Đông,Huyện Tân Phú Đông,Tỉnh Tiền Giang,Tỉnh Đồng Tháp,Xã Tân Phú Đông,Xã,28696
Xã Tân Phú,Huyện Tân Phú Đông,Tỉnh Tiền Giang,Tỉnh Đồng Tháp,Xã Tân Thới,Xã,28693
Xã Tân Thạnh,Huyện Tân Phú Đông,Tỉnh Tiền Giang,Tỉnh Đồng Tháp,Xã Tân Thới,Xã,28693
Xã Tân Thới,Huyện Tân Phú Đông,Tỉnh Tiền Giang,Tỉnh Đồng Tháp,Xã Tân Thới,Xã,28693
Thị trấn Mỹ Phước,Huyện Tân Phước,Tỉnh Tiền Giang,Tỉnh Đồng Tháp,Xã Tân Phước 1,Xã,28321
Xã Hưng Thạnh,Huyện Tân Phước,Tỉnh Tiền Giang,Tỉnh Đồng Tháp,Xã Hưng Thạnh,Xã,28336
Xã Phú Mỹ,Huyện Tân Phước,Tỉnh Tiền Giang,Tỉnh Đồng Tháp,Xã Hưng Thạnh,Xã,28336
Xã Phước Lập,Huyện Tân Phước,Tỉnh Tiền Giang,Tỉnh Đồng Tháp,Xã Tân Phước 3,Xã,28345
Xã Thạnh Hòa,Huyện Tân Phước,Tỉnh Tiền Giang,Tỉnh Đồng Tháp,Xã Tân Phước 2,Xã,28327
Xã Thạnh Mỹ,Huyện Tân Phước,Tỉnh Tiền Giang,Tỉnh Đồng Tháp,Xã Tân Phước 1,Xã,28321
Xã Thạnh Tân,Huyện Tân Phước,Tỉnh Tiền Giang,Tỉnh Đồng Tháp,Xã Tân Phước 2,Xã,28327
Xã Tân Hòa Thành,Huyện Tân Phước,Tỉnh Tiền Giang,Tỉnh Đồng Tháp,Xã Hưng Thạnh,Xã,28336
Xã Tân Hòa Tây,Huyện Tân Phước,Tỉnh Tiền Giang,Tỉnh Đồng Tháp,Xã Tân Phước 2,Xã,28327
Xã Tân Hòa Đông,Huyện Tân Phước,Tỉnh Tiền Giang,Tỉnh Đồng Tháp,Xã Tân Phước 1,Xã,28321
Xã Tân Lập 1,Huyện Tân Phước,Tỉnh Tiền Giang,Tỉnh Đồng Tháp,Xã Tân Phước 3,Xã,28345
Xã Tân Lập 2,Huyện Tân Phước,Tỉnh Tiền Giang,Tỉnh Đồng Tháp,Xã Tân Phước 3,Xã,28345
Phường 1,Thành phố Gò Công,Tỉnh Tiền Giang,Tỉnh Đồng Tháp,Phường Gò Công,Phường,28306
Phường 2,Thành phố Gò Công,Tỉnh Tiền Giang,Tỉnh Đồng Tháp,Phường Long Thuận,Phường,28297
Phường 5,Thành phố Gò Công,Tỉnh Tiền Giang,Tỉnh Đồng Tháp,Phường Gò Công,Phường,28306
Phường Long Chánh,Thành phố Gò Công,Tỉnh Tiền Giang,Tỉnh Đồng Tháp,Phường Bình Xuân,Phường,28315
Phường Long Hòa,Thành phố Gò Công,Tỉnh Tiền Giang,Tỉnh Đồng Tháp,Phường Gò Công,Phường,28306
Phường Long Hưng,Thành phố Gò Công,Tỉnh Tiền Giang,Tỉnh Đồng Tháp,Phường Sơn Qui,Phường,28729
Phường Long Thuận,Thành phố Gò Công,Tỉnh Tiền Giang,Tỉnh Đồng Tháp,Phường Long Thuận,Phường,28297
Xã Bình Xuân,Thành phố Gò Công,Tỉnh Tiền Giang,Tỉnh Đồng Tháp,Phường Bình Xuân,Phường,28315
Xã Bình Đông,Thành phố Gò Công,Tỉnh Tiền Giang,Tỉnh Đồng Tháp,Phường Sơn Qui,Phường,28729
Xã Tân Trung,Thành phố Gò Công,Tỉnh Tiền Giang,Tỉnh Đồng Tháp,Phường Sơn Qui,Phường,28729
Phường 1,Thành phố Mỹ Tho,Tỉnh Tiền Giang,Tỉnh Đồng Tháp,Phường Mỹ Tho,Phường,28261
Phường 10,Thành phố Mỹ Tho,Tỉnh Tiền Giang,Tỉnh Đồng Tháp,Phường Trung An,Phường,28285
Phường 2,Thành phố Mỹ Tho,Tỉnh Tiền Giang,Tỉnh Đồng Tháp,Phường Mỹ Tho,Phường,28261
Phường 4,Thành phố Mỹ Tho,Tỉnh Tiền Giang,Tỉnh Đồng Tháp,Phường Cao Lãnh,Phường,29869
Phường 4,Thành phố Mỹ Tho,Tỉnh Tiền Giang,Tỉnh Đồng Tháp,Phường Đạo Thạnh,Phường,28249
Phường 5,Thành phố Mỹ Tho,Tỉnh Tiền Giang,Tỉnh Đồng Tháp,Phường Đạo Thạnh,Phường,28249
Phường 6,Thành phố Mỹ Tho,Tỉnh Tiền Giang,Tỉnh Đồng Tháp,Phường Cao Lãnh,Phường,29869
Phường 6,Thành phố Mỹ Tho,Tỉnh Tiền Giang,Tỉnh Đồng Tháp,Phường Thới Sơn,Phường,28270
Phường 9,Thành phố Mỹ Tho,Tỉnh Tiền Giang,Tỉnh Đồng Tháp,Phường Mỹ Phong,Phường,28273
Phường Tân Long,Thành phố Mỹ Tho,Tỉnh Tiền Giang,Tỉnh Đồng Tháp,Phường Mỹ Tho,Phường,28261
Xã Mỹ Phong,Thành phố Mỹ Tho,Tỉnh Tiền Giang,Tỉnh Đồng Tháp,Phường Mỹ Phong,Phường,28273
Xã Phước Thạnh,Thành phố Mỹ Tho,Tỉnh Tiền Giang,Tỉnh Đồng Tháp,Phường Trung An,Phường,28285
Xã Thới Sơn,Thành phố Mỹ Tho,Tỉnh Tiền Giang,Tỉnh Đồng Tháp,Phường Thới Sơn,Phường,28270
Xã Trung An,Thành phố Mỹ Tho,Tỉnh Tiền Giang,Tỉnh Đồng Tháp,Phường Trung An,Phường,28285
Xã Tân Mỹ Chánh,Thành phố Mỹ Tho,Tỉnh Tiền Giang,Tỉnh Đồng Tháp,Phường Mỹ Phong,Phường,28273
Xã Đạo Thạnh,Thành phố Mỹ Tho,Tỉnh Tiền Giang,Tỉnh Đồng Tháp,Phường Đạo Thạnh,Phường,28249
Phường 1,Thị xã Cai Lậy,Tỉnh Tiền Giang,Tỉnh Đồng Tháp,Phường Mỹ Phước Tây,Phường,28435
Phường 2,Thị xã Cai Lậy,Tỉnh Tiền Giang,Tỉnh Đồng Tháp,Phường Thanh Hòa,Phường,28436
Phường 3,Thị xã Cai Lậy,Tỉnh Tiền Giang,Tỉnh Đồng Tháp,Phường Cao Lãnh,Phường,29869
Phường 3,Thị xã Cai Lậy,Tỉnh Tiền Giang,Tỉnh Đồng Tháp,Phường Mỹ Phước Tây,Phường,28435
Phường 4,Thị xã Cai Lậy,Tỉnh Tiền Giang,Tỉnh Đồng Tháp,Phường Cai Lậy,Phường,28439
Phường 4,Thị xã Cai Lậy,Tỉnh Tiền Giang,Tỉnh Đồng Tháp,Phường Cao Lãnh,Phường,29869
Phường 5,Thị xã Cai Lậy,Tỉnh Tiền Giang,Tỉnh Đồng Tháp,Phường Cai Lậy,Phường,28439
Phường Nhị Mỹ,Thị xã Cai Lậy,Tỉnh Tiền Giang,Tỉnh Đồng Tháp,Phường Nhị Quý,Phường,28477
Xã Long Khánh,Thị xã Cai Lậy,Tỉnh Tiền Giang,Tỉnh Đồng Tháp,Phường Cai Lậy,Phường,28439
Xã Mỹ Hạnh Trung,Thị xã Cai Lậy,Tỉnh Tiền Giang,Tỉnh Đồng Tháp,Phường Mỹ Phước Tây,Phường,28435
Xã Mỹ Hạnh Đông,Thị xã Cai Lậy,Tỉnh Tiền Giang,Tỉnh Đồng Tháp,Xã Tân Phú,Xã,28468
Xã Mỹ Phước Tây,Thị xã Cai Lậy,Tỉnh Tiền Giang,Tỉnh Đồng Tháp,Phường Mỹ Phước Tây,Phường,28435
Xã Nhị Quý,Thị xã Cai Lậy,Tỉnh Tiền Giang,Tỉnh Đồng Tháp,Phường Nhị Quý,Phường,28477
Xã Phú Quý,Thị xã Cai Lậy,Tỉnh Tiền Giang,Tỉnh Đồng Tháp,Phường Nhị Quý,Phường,28477
Xã Thanh Hòa,Thị xã Cai Lậy,Tỉnh Tiền Giang,Tỉnh Đồng Tháp,Phường Thanh Hòa,Phường,28436
Xã Tân Bình,Thị xã Cai Lậy,Tỉnh Tiền Giang,Tỉnh Đồng Tháp,Phường Thanh Hòa,Phường,28436
Xã Tân Hội,Thị xã Cai Lậy,Tỉnh Tiền Giang,Tỉnh Đồng Tháp,Xã Tân Phú,Xã,28468
Xã Tân Phú,Thị xã Cai Lậy,Tỉnh Tiền Giang,Tỉnh Đồng Tháp,Xã Tân Phú,Xã,28468
Thị trấn Mỹ Thọ,Huyện Cao Lãnh,Tỉnh Đồng Tháp,Tỉnh Đồng Tháp,Xã Mỹ Thọ,Xã,30076
Xã An Bình,Huyện Cao Lãnh,Tỉnh Đồng Tháp,Tỉnh Đồng Tháp,Phường Mỹ Trà,Phường,29888
Xã Ba Sao,Huyện Cao Lãnh,Tỉnh Đồng Tháp,Tỉnh Đồng Tháp,Xã Ba Sao,Xã,30085
Xã Bình Hàng Trung,Huyện Cao Lãnh,Tỉnh Đồng Tháp,Tỉnh Đồng Tháp,Xã Bình Hàng Trung,Xã,30118
Xã Bình Hàng Tây,Huyện Cao Lãnh,Tỉnh Đồng Tháp,Tỉnh Đồng Tháp,Xã Bình Hàng Trung,Xã,30118
Xã Bình Thạnh,Huyện Cao Lãnh,Tỉnh Đồng Tháp,Tỉnh Đồng Tháp,Xã Mỹ Hiệp,Xã,30112
Xã Gáo Giồng,Huyện Cao Lãnh,Tỉnh Đồng Tháp,Tỉnh Đồng Tháp,Xã Phong Mỹ,Xã,30088
Xã Gáo Giồng,Huyện Cao Lãnh,Tỉnh Đồng Tháp,Tỉnh Đồng Tháp,Xã Phú Cường,Xã,30025
Xã Mỹ Hiệp,Huyện Cao Lãnh,Tỉnh Đồng Tháp,Tỉnh Đồng Tháp,Xã Mỹ Hiệp,Xã,30112
Xã Mỹ Hội,Huyện Cao Lãnh,Tỉnh Đồng Tháp,Tỉnh Đồng Tháp,Xã Mỹ Thọ,Xã,30076
Xã Mỹ Long,Huyện Cao Lãnh,Tỉnh Đồng Tháp,Tỉnh Đồng Tháp,Xã Mỹ Hiệp,Xã,30112
Xã Mỹ Thọ,Huyện Cao Lãnh,Tỉnh Đồng Tháp,Tỉnh Đồng Tháp,Xã Mỹ Thọ,Xã,30076
Xã Mỹ Xương,Huyện Cao Lãnh,Tỉnh Đồng Tháp,Tỉnh Đồng Tháp,Xã Mỹ Thọ,Xã,30076
Xã Nhị Mỹ,Huyện Cao Lãnh,Tỉnh Đồng Tháp,Tỉnh Đồng Tháp,Phường Mỹ Trà,Phường,29888
Xã Phong Mỹ,Huyện Cao Lãnh,Tỉnh Đồng Tháp,Tỉnh Đồng Tháp,Xã Phong Mỹ,Xã,30088
Xã Phương Thịnh,Huyện Cao Lãnh,Tỉnh Đồng Tháp,Tỉnh Đồng Tháp,Xã Phương Thịnh,Xã,30043
Xã Phương Trà,Huyện Cao Lãnh,Tỉnh Đồng Tháp,Tỉnh Đồng Tháp,Xã Ba Sao,Xã,30085
Xã Tân Hội Trung,Huyện Cao Lãnh,Tỉnh Đồng Tháp,Tỉnh Đồng Tháp,Xã Bình Hàng Trung,Xã,30118
Xã Tân Nghĩa,Huyện Cao Lãnh,Tỉnh Đồng Tháp,Tỉnh Đồng Tháp,Phường Mỹ Ngãi,Phường,29884
Thị trấn Cái Tàu Hạ,Huyện Châu Thành,Tỉnh Đồng Tháp,Tỉnh Đồng Tháp,Xã Phú Hựu,Xã,30244
Xã An Hiệp,Huyện Châu Thành,Tỉnh Đồng Tháp,Tỉnh Đồng Tháp,Xã Phú Hựu,Xã,30244
Xã An Khánh,Huyện Châu Thành,Tỉnh Đồng Tháp,Tỉnh Đồng Tháp,Xã Tân Nhuận Đông,Xã,30253
Xã An Nhơn,Huyện Châu Thành,Tỉnh Đồng Tháp,Tỉnh Đồng Tháp,Xã Phú Hựu,Xã,30244
Xã An Phú Thuận,Huyện Châu Thành,Tỉnh Đồng Tháp,Tỉnh Đồng Tháp,Xã Phú Hựu,Xã,30244
Xã Hòa Tân,Huyện Châu Thành,Tỉnh Đồng Tháp,Tỉnh Đồng Tháp,Xã Tân Nhuận Đông,Xã,30253
Xã Phú Hựu,Huyện Châu Thành,Tỉnh Đồng Tháp,Tỉnh Đồng Tháp,Xã Phú Hựu,Xã,30244
Xã Phú Long,Huyện Châu Thành,Tỉnh Đồng Tháp,Tỉnh Đồng Tháp,Xã Tân Phú Trung,Xã,30259
Xã Tân Bình,Huyện Châu Thành,Tỉnh Đồng Tháp,Tỉnh Đồng Tháp,Xã Tân Phú Trung,Xã,30259
Xã Tân Nhuận Đông,Huyện Châu Thành,Tỉnh Đồng Tháp,Tỉnh Đồng Tháp,Xã Tân Nhuận Đông,Xã,30253
Xã Tân Phú,Huyện Châu Thành,Tỉnh Đồng Tháp,Tỉnh Đồng Tháp,Xã Tân Phú Trung,Xã,30259
Xã Tân Phú Trung,Huyện Châu Thành,Tỉnh Đồng Tháp,Tỉnh Đồng Tháp,Xã Tân Phú Trung,Xã,30259
Thị trấn Thường Thới Tiền,Huyện Hồng Ngự,Tỉnh Đồng Tháp,Tỉnh Đồng Tháp,Xã Thường Phước,Xã,29971
Xã Long Khánh A,Huyện Hồng Ngự,Tỉnh Đồng Tháp,Tỉnh Đồng Tháp,Xã Long Khánh,Xã,29983
Xã Long Khánh B,Huyện Hồng Ngự,Tỉnh Đồng Tháp,Tỉnh Đồng Tháp,Xã Long Khánh,Xã,29983
Xã Long Thuận,Huyện Hồng Ngự,Tỉnh Đồng Tháp,Tỉnh Đồng Tháp,Xã Long Phú Thuận,Xã,29992
Xã Phú Thuận A,Huyện Hồng Ngự,Tỉnh Đồng Tháp,Tỉnh Đồng Tháp,Xã Long Phú Thuận,Xã,29992
Xã Phú Thuận B,Huyện Hồng Ngự,Tỉnh Đồng Tháp,Tỉnh Đồng Tháp,Xã Long Phú Thuận,Xã,29992
Xã Phú Thuận B,Huyện Hồng Ngự,Tỉnh Đồng Tháp,Tỉnh Đồng Tháp,Xã Tân Long,Xã,30154
Xã Thường Lạc,Huyện Hồng Ngự,Tỉnh Đồng Tháp,Tỉnh Đồng Tháp,Phường Thường Lạc,Phường,29978
Xã Thường Phước 1,Huyện Hồng Ngự,Tỉnh Đồng Tháp,Tỉnh Đồng Tháp,Xã Thường Phước,Xã,29971
Xã Thường Phước 2,Huyện Hồng Ngự,Tỉnh Đồng Tháp,Tỉnh Đồng Tháp,Xã Thường Phước,Xã,29971
Xã Thường Thới Hậu A,Huyện Hồng Ngự,Tỉnh Đồng Tháp,Tỉnh Đồng Tháp,Phường Thường Lạc,Phường,29978
Thị trấn Lai Vung,Huyện Lai Vung,Tỉnh Đồng Tháp,Tỉnh Đồng Tháp,Xã Hòa Long,Xã,30208
Xã Hòa Long,Huyện Lai Vung,Tỉnh Đồng Tháp,Tỉnh Đồng Tháp,Xã Hòa Long,Xã,30208
Xã Hòa Thành,Huyện Lai Vung,Tỉnh Đồng Tháp,Tỉnh Đồng Tháp,Xã Tân Dương,Xã,30214
Xã Long Hậu,Huyện Lai Vung,Tỉnh Đồng Tháp,Tỉnh Đồng Tháp,Xã Hòa Long,Xã,30208
Xã Long Thắng,Huyện Lai Vung,Tỉnh Đồng Tháp,Tỉnh Đồng Tháp,Xã Hòa Long,Xã,30208
Xã Phong Hòa,Huyện Lai Vung,Tỉnh Đồng Tháp,Tỉnh Đồng Tháp,Xã Phong Hòa,Xã,30235
Xã Tân Dương,Huyện Lai Vung,Tỉnh Đồng Tháp,Tỉnh Đồng Tháp,Xã Tân Dương,Xã,30214
Xã Tân Hòa,Huyện Lai Vung,Tỉnh Đồng Tháp,Tỉnh Đồng Tháp,Xã Phong Hòa,Xã,30235
Xã Tân Phước,Huyện Lai Vung,Tỉnh Đồng Tháp,Tỉnh Đồng Tháp,Xã Lai Vung,Xã,30226
Xã Tân Thành,Huyện Lai Vung,Tỉnh Đồng Tháp,Tỉnh Đồng Tháp,Xã Lai Vung,Xã,30226
Xã Vĩnh Thới,Huyện Lai Vung,Tỉnh Đồng Tháp,Tỉnh Đồng Tháp,Xã Phong Hòa,Xã,30235
Xã Định Hòa,Huyện Lai Vung,Tỉnh Đồng Tháp,Tỉnh Đồng Tháp,Xã Phong Hòa,Xã,30235
Thị trấn Lấp Vò,Huyện Lấp Vò,Tỉnh Đồng Tháp,Tỉnh Đồng Tháp,Xã Lấp Vò,Xã,30169
Xã Bình Thành,Huyện Lấp Vò,Tỉnh Đồng Tháp,Tỉnh Đồng Tháp,Xã Lấp Vò,Xã,30169
Xã Bình Thạnh Trung,Huyện Lấp Vò,Tỉnh Đồng Tháp,Tỉnh Đồng Tháp,Xã Lấp Vò,Xã,30169
Xã Hội An Đông,Huyện Lấp Vò,Tỉnh Đồng Tháp,Tỉnh Đồng Tháp,Xã Mỹ An Hưng,Xã,30178
Xã Long Hưng A,Huyện Lấp Vò,Tỉnh Đồng Tháp,Tỉnh Đồng Tháp,Xã Tân Khánh Trung,Xã,30184
Xã Long Hưng B,Huyện Lấp Vò,Tỉnh Đồng Tháp,Tỉnh Đồng Tháp,Xã Tân Khánh Trung,Xã,30184
Xã Mỹ An Hưng A,Huyện Lấp Vò,Tỉnh Đồng Tháp,Tỉnh Đồng Tháp,Xã Mỹ An Hưng,Xã,30178
Xã Mỹ An Hưng B,Huyện Lấp Vò,Tỉnh Đồng Tháp,Tỉnh Đồng Tháp,Xã Mỹ An Hưng,Xã,30178
Xã Tân Khánh Trung,Huyện Lấp Vò,Tỉnh Đồng Tháp,Tỉnh Đồng Tháp,Xã Tân Khánh Trung,Xã,30184
Xã Tân Mỹ,Huyện Lấp Vò,Tỉnh Đồng Tháp,Tỉnh Đồng Tháp,Xã Mỹ An Hưng,Xã,30178
Xã Vĩnh Thạnh,Huyện Lấp Vò,Tỉnh Đồng Tháp,Tỉnh Đồng Tháp,Xã Lấp Vò,Xã,30169
Xã Định An,Huyện Lấp Vò,Tỉnh Đồng Tháp,Tỉnh Đồng Tháp,Xã Lai Vung,Xã,30226
Xã Định Yên,Huyện Lấp Vò,Tỉnh Đồng Tháp,Tỉnh Đồng Tháp,Xã Lai Vung,Xã,30226
Thị trấn Tràm Chim,Huyện Tam Nông,Tỉnh Đồng Tháp,Tỉnh Đồng Tháp,Xã Tràm Chim,Xã,30001
Xã An Hòa,Huyện Tam Nông,Tỉnh Đồng Tháp,Tỉnh Đồng Tháp,Xã An Hòa,Xã,30019
Xã An Long,Huyện Tam Nông,Tỉnh Đồng Tháp,Tỉnh Đồng Tháp,Xã An Long,Xã,30028
Xã Hòa Bình,Huyện Tam Nông,Tỉnh Đồng Tháp,Tỉnh Đồng Tháp,Xã Phú Cường,Xã,30025
Xã Phú Cường,Huyện Tam Nông,Tỉnh Đồng Tháp,Tỉnh Đồng Tháp,Xã Phú Cường,Xã,30025
Xã Phú Hiệp,Huyện Tam Nông,Tỉnh Đồng Tháp,Tỉnh Đồng Tháp,Xã Tam Nông,Xã,30010
Xã Phú Ninh,Huyện Tam Nông,Tỉnh Đồng Tháp,Tỉnh Đồng Tháp,Xã An Long,Xã,30028
Xã Phú Thành A,Huyện Tam Nông,Tỉnh Đồng Tháp,Tỉnh Đồng Tháp,Xã Phú Thọ,Xã,30034
Xã Phú Thành B,Huyện Tam Nông,Tỉnh Đồng Tháp,Tỉnh Đồng Tháp,Xã An Hòa,Xã,30019
Xã Phú Thọ,Huyện Tam Nông,Tỉnh Đồng Tháp,Tỉnh Đồng Tháp,Xã Phú Thọ,Xã,30034
Xã Phú Đức,Huyện Tam Nông,Tỉnh Đồng Tháp,Tỉnh Đồng Tháp,Xã Tam Nông,Xã,30010
Xã Tân Công Sính,Huyện Tam Nông,Tỉnh Đồng Tháp,Tỉnh Đồng Tháp,Xã Tràm Chim,Xã,30001
Thị trấn Thanh Bình,Huyện Thanh Bình,Tỉnh Đồng Tháp,Tỉnh Đồng Tháp,Xã Thanh Bình,Xã,30130
Xã An Phong,Huyện Thanh Bình,Tỉnh Đồng Tháp,Tỉnh Đồng Tháp,Xã An Long,Xã,30028
Xã Bình Thành,Huyện Thanh Bình,Tỉnh Đồng Tháp,Tỉnh Đồng Tháp,Xã Bình Thành,Xã,30163
Xã Bình Tấn,Huyện Thanh Bình,Tỉnh Đồng Tháp,Tỉnh Đồng Tháp,Xã Bình Thành,Xã,30163
Xã Phú Lợi,Huyện Thanh Bình,Tỉnh Đồng Tháp,Tỉnh Đồng Tháp,Xã Tân Thạnh,Xã,30157
Xã Tân Bình,Huyện Thanh Bình,Tỉnh Đồng Tháp,Tỉnh Đồng Tháp,Xã Tân Long,Xã,30154
Xã Tân Huề,Huyện Thanh Bình,Tỉnh Đồng Tháp,Tỉnh Đồng Tháp,Xã Tân Long,Xã,30154
Xã Tân Hòa,Huyện Thanh Bình,Tỉnh Đồng Tháp,Tỉnh Đồng Tháp,Xã Tân Long,Xã,30154
Xã Tân Long,Huyện Thanh Bình,Tỉnh Đồng Tháp,Tỉnh Đồng Tháp,Xã Tân Long,Xã,30154
Xã Tân Mỹ,Huyện Thanh Bình,Tỉnh Đồng Tháp,Tỉnh Đồng Tháp,Xã Thanh Bình,Xã,30130
Xã Tân Phú,Huyện Thanh Bình,Tỉnh Đồng Tháp,Tỉnh Đồng Tháp,Xã Thanh Bình,Xã,30130
Xã Tân Quới,Huyện Thanh Bình,Tỉnh Đồng Tháp,Tỉnh Đồng Tháp,Xã Tân Long,Xã,30154
Xã Tân Thạnh,Huyện Thanh Bình,Tỉnh Đồng Tháp,Tỉnh Đồng Tháp,Xã Thanh Bình,Xã,30130
Xã Tân Thạnh,Huyện Thanh Bình,Tỉnh Đồng Tháp,Tỉnh Đồng Tháp,Xã Tân Thạnh,Xã,30157
Thị trấn Mỹ An,Huyện Tháp Mười,Tỉnh Đồng Tháp,Tỉnh Đồng Tháp,Xã Tháp Mười,Xã,30037
Xã Hưng Thạnh,Huyện Tháp Mười,Tỉnh Đồng Tháp,Tỉnh Đồng Tháp,Xã Phương Thịnh,Xã,30043
Xã Láng Biển,Huyện Tháp Mười,Tỉnh Đồng Tháp,Tỉnh Đồng Tháp,Xã Mỹ Quí,Xã,30055
Xã Mỹ An,Huyện Tháp Mười,Tỉnh Đồng Tháp,Tỉnh Đồng Tháp,Xã Tháp Mười,Xã,30037
Xã Mỹ Hòa,Huyện Tháp Mười,Tỉnh Đồng Tháp,Tỉnh Đồng Tháp,Xã Tháp Mười,Xã,30037
Xã Mỹ Quý,Huyện Tháp Mười,Tỉnh Đồng Tháp,Tỉnh Đồng Tháp,Xã Mỹ Quí,Xã,30055
Xã Mỹ Đông,Huyện Tháp Mười,Tỉnh Đồng Tháp,Tỉnh Đồng Tháp,Xã Mỹ Quí,Xã,30055
Xã Phú Điền,Huyện Tháp Mười,Tỉnh Đồng Tháp,Tỉnh Đồng Tháp,Xã Thanh Mỹ,Xã,30073
Xã Thanh Mỹ,Huyện Tháp Mười,Tỉnh Đồng Tháp,Tỉnh Đồng Tháp,Xã Thanh Mỹ,Xã,30073
Xã Thạnh Lợi,Huyện Tháp Mười,Tỉnh Đồng Tháp,Tỉnh Đồng Tháp,Xã Trường Xuân,Xã,30046
Xã Trường Xuân,Huyện Tháp Mười,Tỉnh Đồng Tháp,Tỉnh Đồng Tháp,Xã Trường Xuân,Xã,30046
Xã Tân Kiều,Huyện Tháp Mười,Tỉnh Đồng Tháp,Tỉnh Đồng Tháp,Xã Đốc Binh Kiều,Xã,30061
Xã Đốc Binh Kiều,Huyện Tháp Mười,Tỉnh Đồng Tháp,Tỉnh Đồng Tháp,Xã Đốc Binh Kiều,Xã,30061
Thị trấn Sa Rài,Huyện Tân Hồng,Tỉnh Đồng Tháp,Tỉnh Đồng Tháp,Xã Tân Hồng,Xã,29926
Xã An Phước,Huyện Tân Hồng,Tỉnh Đồng Tháp,Tỉnh Đồng Tháp,Xã An Phước,Xã,29944
Xã Bình Phú,Huyện Tân Hồng,Tỉnh Đồng Tháp,Tỉnh Đồng Tháp,Xã Tân Hồng,Xã,29926
Xã Thông Bình,Huyện Tân Hồng,Tỉnh Đồng Tháp,Tỉnh Đồng Tháp,Xã Tân Thành,Xã,29938
Xã Tân Công Chí,Huyện Tân Hồng,Tỉnh Đồng Tháp,Tỉnh Đồng Tháp,Xã Tân Hồng,Xã,29926
Xã Tân Hộ Cơ,Huyện Tân Hồng,Tỉnh Đồng Tháp,Tỉnh Đồng Tháp,Xã Tân Hộ Cơ,Xã,29929
Xã Tân Phước,Huyện Tân Hồng,Tỉnh Đồng Tháp,Tỉnh Đồng Tháp,Xã An Phước,Xã,29944
Xã Tân Thành A,Huyện Tân Hồng,Tỉnh Đồng Tháp,Tỉnh Đồng Tháp,Xã Tân Thành,Xã,29938
Xã Tân Thành B,Huyện Tân Hồng,Tỉnh Đồng Tháp,Tỉnh Đồng Tháp,Xã Tân Hộ Cơ,Xã,29929
Phường 1,Thành phố Cao Lãnh,Tỉnh Đồng Tháp,Tỉnh Đồng Tháp,Phường Cao Lãnh,Phường,29869
Phường 3,Thành phố Cao Lãnh,Tỉnh Đồng Tháp,Tỉnh Đồng Tháp,Phường Cao Lãnh,Phường,29869
Phường 4,Thành phố Cao Lãnh,Tỉnh Đồng Tháp,Tỉnh Đồng Tháp,Phường Cao Lãnh,Phường,29869
Phường 6,Thành phố Cao Lãnh,Tỉnh Đồng Tháp,Tỉnh Đồng Tháp,Phường Cao Lãnh,Phường,29869
Phường Hòa Thuận,Thành phố Cao Lãnh,Tỉnh Đồng Tháp,Tỉnh Đồng Tháp,Phường Cao Lãnh,Phường,29869
Phường Mỹ Ngãi,Thành phố Cao Lãnh,Tỉnh Đồng Tháp,Tỉnh Đồng Tháp,Phường Mỹ Ngãi,Phường,29884
Phường Mỹ Phú,Thành phố Cao Lãnh,Tỉnh Đồng Tháp,Tỉnh Đồng Tháp,Phường Mỹ Trà,Phường,29888
Xã Hòa An,Thành phố Cao Lãnh,Tỉnh Đồng Tháp,Tỉnh Đồng Tháp,Phường Cao Lãnh,Phường,29869
Xã Mỹ Trà,Thành phố Cao Lãnh,Tỉnh Đồng Tháp,Tỉnh Đồng Tháp,Phường Mỹ Trà,Phường,29888
Xã Mỹ Tân,Thành phố Cao Lãnh,Tỉnh Đồng Tháp,Tỉnh Đồng Tháp,Phường Mỹ Ngãi,Phường,29884
Xã Tân Thuận Tây,Thành phố Cao Lãnh,Tỉnh Đồng Tháp,Tỉnh Đồng Tháp,Phường Cao Lãnh,Phường,29869
Xã Tân Thuận Đông,Thành phố Cao Lãnh,Tỉnh Đồng Tháp,Tỉnh Đồng Tháp,Phường Cao Lãnh,Phường,29869
Xã Tịnh Thới,Thành phố Cao Lãnh,Tỉnh Đồng Tháp,Tỉnh Đồng Tháp,Phường Cao Lãnh,Phường,29869
Phường An Bình A,Thành phố Hồng Ngự,Tỉnh Đồng Tháp,Tỉnh Đồng Tháp,Phường An Bình,Phường,29954
Phường An Bình B,Thành phố Hồng Ngự,Tỉnh Đồng Tháp,Tỉnh Đồng Tháp,Phường An Bình,Phường,29954
Phường An Lạc,Thành phố Hồng Ngự,Tỉnh Đồng Tháp,Tỉnh Đồng Tháp,Phường Thường Lạc,Phường,29978
Phường An Lộc,Thành phố Hồng Ngự,Tỉnh Đồng Tháp,Tỉnh Đồng Tháp,Phường An Bình,Phường,29954
Phường An Thạnh,Thành phố Hồng Ngự,Tỉnh Đồng Tháp,Tỉnh Đồng Tháp,Phường Hồng Ngự,Phường,29955
Xã Bình Thạnh,Thành phố Hồng Ngự,Tỉnh Đồng Tháp,Tỉnh Đồng Tháp,Phường Hồng Ngự,Phường,29955
Xã Tân Hội,Thành phố Hồng Ngự,Tỉnh Đồng Tháp,Tỉnh Đồng Tháp,Phường Hồng Ngự,Phường,29955
Phường 1,Thành phố Sa Đéc,Tỉnh Đồng Tháp,Tỉnh Đồng Tháp,Phường Sa Đéc,Phường,29905
Phường 2,Thành phố Sa Đéc,Tỉnh Đồng Tháp,Tỉnh Đồng Tháp,Phường Sa Đéc,Phường,29905
Phường 3,Thành phố Sa Đéc,Tỉnh Đồng Tháp,Tỉnh Đồng Tháp,Phường Cao Lãnh,Phường,29869
Phường 3,Thành phố Sa Đéc,Tỉnh Đồng Tháp,Tỉnh Đồng Tháp,Phường Sa Đéc,Phường,29905
Phường 4,Thành phố Sa Đéc,Tỉnh Đồng Tháp,Tỉnh Đồng Tháp,Phường Cao Lãnh,Phường,29869
Phường 4,Thành phố Sa Đéc,Tỉnh Đồng Tháp,Tỉnh Đồng Tháp,Phường Sa Đéc,Phường,29905
Phường An Hòa,Thành phố Sa Đéc,Tỉnh Đồng Tháp,Tỉnh Đồng Tháp,Phường Sa Đéc,Phường,29905
Phường Tân Quy Đông,Thành phố Sa Đéc,Tỉnh Đồng Tháp,Tỉnh Đồng Tháp,Phường Sa Đéc,Phường,29905
Xã Tân Khánh Đông,Thành phố Sa Đéc,Tỉnh Đồng Tháp,Tỉnh Đồng Tháp,Phường Sa Đéc,Phường,29905
Xã Tân Phú Đông,Thành phố Sa Đéc,Tỉnh Đồng Tháp,Tỉnh Đồng Tháp,Xã Tân Dương,Xã,30214
Xã Tân Quy Tây,Thành phố Sa Đéc,Tỉnh Đồng Tháp,Tỉnh Đồng Tháp,Phường Sa Đéc,Phường,29905
